cluster	block	chrom	pos	si	au	bp	se.si	se.au	se.bp	v	c	pchi	meandist	lowdist
122	1:149500000	1	149500000	1	1	1	0	0	0	0	0	0	0.244717935620064	TRUE
122	1:160500000	1	160500000	1	1	1	0	0	0	0	0	0	0.244717935620064	TRUE
122	1:1.49e+08	1	1.49e+08	1	1	1	0	0	0	0	0	0	0.244717935620064	TRUE
122	1:150500000	1	150500000	1	1	1	0	0	0	0	0	0	0.244717935620064	TRUE
122	1:1.5e+08	1	1.5e+08	1	1	1	0	0	0	0	0	0	0.244717935620064	TRUE
126	1:1.67e+08	1	1.67e+08	0.946392581760225	0.98013109457236	0.918662604710488	0.0111982498718367	0.00510914949336945	0.00305585214123048	-1.72629794153902	0.33016607930403	0.0866989530978264	0.268359796978913	TRUE
126	1:1.75e+08	1	1.75e+08	0.946392581760225	0.98013109457236	0.918662604710488	0.0111982498718367	0.00510914949336945	0.00305585214123048	-1.72629794153902	0.33016607930403	0.0866989530978264	0.268359796978913	TRUE
126	1:1.68e+08	1	1.68e+08	0.946392581760225	0.98013109457236	0.918662604710488	0.0111982498718367	0.00510914949336945	0.00305585214123048	-1.72629794153902	0.33016607930403	0.0866989530978264	0.268359796978913	TRUE
126	1:1.72e+08	1	1.72e+08	0.946392581760225	0.98013109457236	0.918662604710488	0.0111982498718367	0.00510914949336945	0.00305585214123048	-1.72629794153902	0.33016607930403	0.0866989530978264	0.268359796978913	TRUE
126	1:1.74e+08	1	1.74e+08	0.946392581760225	0.98013109457236	0.918662604710488	0.0111982498718367	0.00510914949336945	0.00305585214123048	-1.72629794153902	0.33016607930403	0.0866989530978264	0.268359796978913	TRUE
126	1:166500000	1	166500000	0.946392581760225	0.98013109457236	0.918662604710488	0.0111982498718367	0.00510914949336945	0.00305585214123048	-1.72629794153902	0.33016607930403	0.0866989530978264	0.268359796978913	TRUE
126	1:1.69e+08	1	1.69e+08	0.946392581760225	0.98013109457236	0.918662604710488	0.0111982498718367	0.00510914949336945	0.00305585214123048	-1.72629794153902	0.33016607930403	0.0866989530978264	0.268359796978913	TRUE
126	1:1.71e+08	1	1.71e+08	0.946392581760225	0.98013109457236	0.918662604710488	0.0111982498718367	0.00510914949336945	0.00305585214123048	-1.72629794153902	0.33016607930403	0.0866989530978264	0.268359796978913	TRUE
126	1:170500000	1	170500000	0.946392581760225	0.98013109457236	0.918662604710488	0.0111982498718367	0.00510914949336945	0.00305585214123048	-1.72629794153902	0.33016607930403	0.0866989530978264	0.268359796978913	TRUE
126	1:171500000	1	171500000	0.946392581760225	0.98013109457236	0.918662604710488	0.0111982498718367	0.00510914949336945	0.00305585214123048	-1.72629794153902	0.33016607930403	0.0866989530978264	0.268359796978913	TRUE
126	1:172500000	1	172500000	0.946392581760225	0.98013109457236	0.918662604710488	0.0111982498718367	0.00510914949336945	0.00305585214123048	-1.72629794153902	0.33016607930403	0.0866989530978264	0.268359796978913	TRUE
126	1:174500000	1	174500000	0.946392581760225	0.98013109457236	0.918662604710488	0.0111982498718367	0.00510914949336945	0.00305585214123048	-1.72629794153902	0.33016607930403	0.0866989530978264	0.268359796978913	TRUE
15	1:2.05e+08	1	2.05e+08	0.982559168927025	0.992223817580976	0.98410343645545	0.00763438411117628	0.00394038584167282	0.00155082648526015	-2.28312810340141	0.136126162394516	0.369673405590791	0.132232900132325	TRUE
15	1:2.03e+08	1	2.03e+08	0.982559168927025	0.992223817580976	0.98410343645545	0.00763438411117628	0.00394038584167282	0.00155082648526015	-2.28312810340141	0.136126162394516	0.369673405590791	0.132232900132325	TRUE
15	1:205500000	1	205500000	0.982559168927025	0.992223817580976	0.98410343645545	0.00763438411117628	0.00394038584167282	0.00155082648526015	-2.28312810340141	0.136126162394516	0.369673405590791	0.132232900132325	TRUE
15	1:203500000	1	203500000	0.982559168927025	0.992223817580976	0.98410343645545	0.00763438411117628	0.00394038584167282	0.00155082648526015	-2.28312810340141	0.136126162394516	0.369673405590791	0.132232900132325	TRUE
15	1:2.04e+08	1	2.04e+08	0.982559168927025	0.992223817580976	0.98410343645545	0.00763438411117628	0.00394038584167282	0.00155082648526015	-2.28312810340141	0.136126162394516	0.369673405590791	0.132232900132325	TRUE
166	1:124500000	1	124500000	0.974314131507039	0.987891952584308	0.982576340909333	0.00993820486952717	0.00543890270536756	0.00156266969357564	-2.18190576157679	0.0717775998825019	0.0670466629582284	0.310150241674045	TRUE
166	1:1.21e+08	1	1.21e+08	0.974314131507039	0.987891952584308	0.982576340909333	0.00993820486952717	0.00543890270536756	0.00156266969357564	-2.18190576157679	0.0717775998825019	0.0670466629582284	0.310150241674045	TRUE
166	1:122500000	1	122500000	0.974314131507039	0.987891952584308	0.982576340909333	0.00993820486952717	0.00543890270536756	0.00156266969357564	-2.18190576157679	0.0717775998825019	0.0670466629582284	0.310150241674045	TRUE
166	1:1.23e+08	1	1.23e+08	0.974314131507039	0.987891952584308	0.982576340909333	0.00993820486952717	0.00543890270536756	0.00156266969357564	-2.18190576157679	0.0717775998825019	0.0670466629582284	0.310150241674045	TRUE
166	1:121500000	1	121500000	0.974314131507039	0.987891952584308	0.982576340909333	0.00993820486952717	0.00543890270536756	0.00156266969357564	-2.18190576157679	0.0717775998825019	0.0670466629582284	0.310150241674045	TRUE
173	1:1.09e+08	1	1.09e+08	0.846779200980854	0.961391053820265	0.666595971955217	0.0192766780069381	0.00667280622364744	0.00499824776457466	-1.09879729900696	0.668264421591749	0.698462313038289	0.384790320767046	TRUE
173	1:9e+07	1	9e+07	0.846779200980854	0.961391053820265	0.666595971955217	0.0192766780069381	0.00667280622364744	0.00499824776457466	-1.09879729900696	0.668264421591749	0.698462313038289	0.384790320767046	TRUE
173	1:109500000	1	109500000	0.846779200980854	0.961391053820265	0.666595971955217	0.0192766780069381	0.00667280622364744	0.00499824776457466	-1.09879729900696	0.668264421591749	0.698462313038289	0.384790320767046	TRUE
173	1:1.05e+08	1	1.05e+08	0.846779200980854	0.961391053820265	0.666595971955217	0.0192766780069381	0.00667280622364744	0.00499824776457466	-1.09879729900696	0.668264421591749	0.698462313038289	0.384790320767046	TRUE
173	1:8.8e+07	1	8.8e+07	0.846779200980854	0.961391053820265	0.666595971955217	0.0192766780069381	0.00667280622364744	0.00499824776457466	-1.09879729900696	0.668264421591749	0.698462313038289	0.384790320767046	TRUE
173	1:90500000	1	90500000	0.846779200980854	0.961391053820265	0.666595971955217	0.0192766780069381	0.00667280622364744	0.00499824776457466	-1.09879729900696	0.668264421591749	0.698462313038289	0.384790320767046	TRUE
173	1:1.1e+08	1	1.1e+08	0.846779200980854	0.961391053820265	0.666595971955217	0.0192766780069381	0.00667280622364744	0.00499824776457466	-1.09879729900696	0.668264421591749	0.698462313038289	0.384790320767046	TRUE
173	1:108500000	1	108500000	0.846779200980854	0.961391053820265	0.666595971955217	0.0192766780069381	0.00667280622364744	0.00499824776457466	-1.09879729900696	0.668264421591749	0.698462313038289	0.384790320767046	TRUE
173	1:107500000	1	107500000	0.846779200980854	0.961391053820265	0.666595971955217	0.0192766780069381	0.00667280622364744	0.00499824776457466	-1.09879729900696	0.668264421591749	0.698462313038289	0.384790320767046	TRUE
173	1:1.04e+08	1	1.04e+08	0.846779200980854	0.961391053820265	0.666595971955217	0.0192766780069381	0.00667280622364744	0.00499824776457466	-1.09879729900696	0.668264421591749	0.698462313038289	0.384790320767046	TRUE
173	1:105500000	1	105500000	0.846779200980854	0.961391053820265	0.666595971955217	0.0192766780069381	0.00667280622364744	0.00499824776457466	-1.09879729900696	0.668264421591749	0.698462313038289	0.384790320767046	TRUE
177	1:175500000	1	175500000	0.9421385250511	0.987385509096003	0.751756707715684	0.00948178205065236	0.0027215938170415	0.00467395251348315	-1.45895334824195	0.778925115597328	0.786277704414915	0.351484247161729	TRUE
177	1:1.8e+08	1	1.8e+08	0.9421385250511	0.987385509096003	0.751756707715684	0.00948178205065236	0.0027215938170415	0.00467395251348315	-1.45895334824195	0.778925115597328	0.786277704414915	0.351484247161729	TRUE
177	1:1.84e+08	1	1.84e+08	0.9421385250511	0.987385509096003	0.751756707715684	0.00948178205065236	0.0027215938170415	0.00467395251348315	-1.45895334824195	0.778925115597328	0.786277704414915	0.351484247161729	TRUE
177	1:181500000	1	181500000	0.9421385250511	0.987385509096003	0.751756707715684	0.00948178205065236	0.0027215938170415	0.00467395251348315	-1.45895334824195	0.778925115597328	0.786277704414915	0.351484247161729	TRUE
177	1:1.89e+08	1	1.89e+08	0.9421385250511	0.987385509096003	0.751756707715684	0.00948178205065236	0.0027215938170415	0.00467395251348315	-1.45895334824195	0.778925115597328	0.786277704414915	0.351484247161729	TRUE
177	1:1.79e+08	1	1.79e+08	0.9421385250511	0.987385509096003	0.751756707715684	0.00948178205065236	0.0027215938170415	0.00467395251348315	-1.45895334824195	0.778925115597328	0.786277704414915	0.351484247161729	TRUE
177	1:1.76e+08	1	1.76e+08	0.9421385250511	0.987385509096003	0.751756707715684	0.00948178205065236	0.0027215938170415	0.00467395251348315	-1.45895334824195	0.778925115597328	0.786277704414915	0.351484247161729	TRUE
177	1:188500000	1	188500000	0.9421385250511	0.987385509096003	0.751756707715684	0.00948178205065236	0.0027215938170415	0.00467395251348315	-1.45895334824195	0.778925115597328	0.786277704414915	0.351484247161729	TRUE
177	1:191500000	1	191500000	0.9421385250511	0.987385509096003	0.751756707715684	0.00948178205065236	0.0027215938170415	0.00467395251348315	-1.45895334824195	0.778925115597328	0.786277704414915	0.351484247161729	TRUE
177	1:179500000	1	179500000	0.9421385250511	0.987385509096003	0.751756707715684	0.00948178205065236	0.0027215938170415	0.00467395251348315	-1.45895334824195	0.778925115597328	0.786277704414915	0.351484247161729	TRUE
192	1:91500000	1	91500000	0.997748060510813	0.998919474764496	0.99849123193872	0.00497862270121884	0.00263109540035575	0.00096253535781904	-3.01655161394938	0.0506057621004091	0.161308677838198	0.37620672932447	TRUE
192	1:1e+08	1	1e+08	0.997748060510813	0.998919474764496	0.99849123193872	0.00497862270121884	0.00263109540035575	0.00096253535781904	-3.01655161394938	0.0506057621004091	0.161308677838198	0.37620672932447	TRUE
192	1:9.2e+07	1	9.2e+07	0.997748060510813	0.998919474764496	0.99849123193872	0.00497862270121884	0.00263109540035575	0.00096253535781904	-3.01655161394938	0.0506057621004091	0.161308677838198	0.37620672932447	TRUE
192	1:92500000	1	92500000	0.997748060510813	0.998919474764496	0.99849123193872	0.00497862270121884	0.00263109540035575	0.00096253535781904	-3.01655161394938	0.0506057621004091	0.161308677838198	0.37620672932447	TRUE
192	1:100500000	1	100500000	0.997748060510813	0.998919474764496	0.99849123193872	0.00497862270121884	0.00263109540035575	0.00096253535781904	-3.01655161394938	0.0506057621004091	0.161308677838198	0.37620672932447	TRUE
195	1:194500000	1	194500000	0.846824900654304	0.960721905609269	0.673759985032638	0.0193579004446655	0.00680269773814712	0.00498359042135133	-1.10472255206881	0.654402982055046	0.256560037014189	0.330391178456614	TRUE
195	1:1.94e+08	1	1.94e+08	0.846824900654304	0.960721905609269	0.673759985032638	0.0193579004446655	0.00680269773814712	0.00498359042135133	-1.10472255206881	0.654402982055046	0.256560037014189	0.330391178456614	TRUE
195	1:202500000	1	202500000	0.846824900654304	0.960721905609269	0.673759985032638	0.0193579004446655	0.00680269773814712	0.00498359042135133	-1.10472255206881	0.654402982055046	0.256560037014189	0.330391178456614	TRUE
195	1:193500000	1	193500000	0.846824900654304	0.960721905609269	0.673759985032638	0.0193579004446655	0.00680269773814712	0.00498359042135133	-1.10472255206881	0.654402982055046	0.256560037014189	0.330391178456614	TRUE
195	1:198500000	1	198500000	0.846824900654304	0.960721905609269	0.673759985032638	0.0193579004446655	0.00680269773814712	0.00498359042135133	-1.10472255206881	0.654402982055046	0.256560037014189	0.330391178456614	TRUE
211	1:2.17e+08	1	2.17e+08	0.923710161603111	0.985255859259251	0.671854752323071	0.0115178632824003	0.00301155771230605	0.00502052538672459	-1.31096855507354	0.865928067614862	0.625865921967374	0.487549247809855	TRUE
211	1:2.18e+08	1	2.18e+08	0.923710161603111	0.985255859259251	0.671854752323071	0.0115178632824003	0.00301155771230605	0.00502052538672459	-1.31096855507354	0.865928067614862	0.625865921967374	0.487549247809855	TRUE
211	1:2.2e+08	1	2.2e+08	0.923710161603111	0.985255859259251	0.671854752323071	0.0115178632824003	0.00301155771230605	0.00502052538672459	-1.31096855507354	0.865928067614862	0.625865921967374	0.487549247809855	TRUE
211	1:2.33e+08	1	2.33e+08	0.923710161603111	0.985255859259251	0.671854752323071	0.0115178632824003	0.00301155771230605	0.00502052538672459	-1.31096855507354	0.865928067614862	0.625865921967374	0.487549247809855	TRUE
211	1:2.23e+08	1	2.23e+08	0.923710161603111	0.985255859259251	0.671854752323071	0.0115178632824003	0.00301155771230605	0.00502052538672459	-1.31096855507354	0.865928067614862	0.625865921967374	0.487549247809855	TRUE
211	1:218500000	1	218500000	0.923710161603111	0.985255859259251	0.671854752323071	0.0115178632824003	0.00301155771230605	0.00502052538672459	-1.31096855507354	0.865928067614862	0.625865921967374	0.487549247809855	TRUE
211	1:224500000	1	224500000	0.923710161603111	0.985255859259251	0.671854752323071	0.0115178632824003	0.00301155771230605	0.00502052538672459	-1.31096855507354	0.865928067614862	0.625865921967374	0.487549247809855	TRUE
211	1:222500000	1	222500000	0.923710161603111	0.985255859259251	0.671854752323071	0.0115178632824003	0.00301155771230605	0.00502052538672459	-1.31096855507354	0.865928067614862	0.625865921967374	0.487549247809855	TRUE
211	1:219500000	1	219500000	0.923710161603111	0.985255859259251	0.671854752323071	0.0115178632824003	0.00301155771230605	0.00502052538672459	-1.31096855507354	0.865928067614862	0.625865921967374	0.487549247809855	TRUE
211	1:2.16e+08	1	2.16e+08	0.923710161603111	0.985255859259251	0.671854752323071	0.0115178632824003	0.00301155771230605	0.00502052538672459	-1.31096855507354	0.865928067614862	0.625865921967374	0.487549247809855	TRUE
211	1:221500000	1	221500000	0.923710161603111	0.985255859259251	0.671854752323071	0.0115178632824003	0.00301155771230605	0.00502052538672459	-1.31096855507354	0.865928067614862	0.625865921967374	0.487549247809855	TRUE
211	1:223500000	1	223500000	0.923710161603111	0.985255859259251	0.671854752323071	0.0115178632824003	0.00301155771230605	0.00502052538672459	-1.31096855507354	0.865928067614862	0.625865921967374	0.487549247809855	TRUE
211	1:225500000	1	225500000	0.923710161603111	0.985255859259251	0.671854752323071	0.0115178632824003	0.00301155771230605	0.00502052538672459	-1.31096855507354	0.865928067614862	0.625865921967374	0.487549247809855	TRUE
211	1:2.25e+08	1	2.25e+08	0.923710161603111	0.985255859259251	0.671854752323071	0.0115178632824003	0.00301155771230605	0.00502052538672459	-1.31096855507354	0.865928067614862	0.625865921967374	0.487549247809855	TRUE
211	1:220500000	1	220500000	0.923710161603111	0.985255859259251	0.671854752323071	0.0115178632824003	0.00301155771230605	0.00502052538672459	-1.31096855507354	0.865928067614862	0.625865921967374	0.487549247809855	TRUE
211	1:2.19e+08	1	2.19e+08	0.923710161603111	0.985255859259251	0.671854752323071	0.0115178632824003	0.00301155771230605	0.00502052538672459	-1.31096855507354	0.865928067614862	0.625865921967374	0.487549247809855	TRUE
211	1:217500000	1	217500000	0.923710161603111	0.985255859259251	0.671854752323071	0.0115178632824003	0.00301155771230605	0.00502052538672459	-1.31096855507354	0.865928067614862	0.625865921967374	0.487549247809855	TRUE
211	1:2.22e+08	1	2.22e+08	0.923710161603111	0.985255859259251	0.671854752323071	0.0115178632824003	0.00301155771230605	0.00502052538672459	-1.31096855507354	0.865928067614862	0.625865921967374	0.487549247809855	TRUE
211	1:216500000	1	216500000	0.923710161603111	0.985255859259251	0.671854752323071	0.0115178632824003	0.00301155771230605	0.00502052538672459	-1.31096855507354	0.865928067614862	0.625865921967374	0.487549247809855	TRUE
211	1:2.21e+08	1	2.21e+08	0.923710161603111	0.985255859259251	0.671854752323071	0.0115178632824003	0.00301155771230605	0.00502052538672459	-1.31096855507354	0.865928067614862	0.625865921967374	0.487549247809855	TRUE
211	1:2.24e+08	1	2.24e+08	0.923710161603111	0.985255859259251	0.671854752323071	0.0115178632824003	0.00301155771230605	0.00502052538672459	-1.31096855507354	0.865928067614862	0.625865921967374	0.487549247809855	TRUE
211	1:2.26e+08	1	2.26e+08	0.923710161603111	0.985255859259251	0.671854752323071	0.0115178632824003	0.00301155771230605	0.00502052538672459	-1.31096855507354	0.865928067614862	0.625865921967374	0.487549247809855	TRUE
22	1:2.05e+08	1	2.05e+08	1	1	1	0	0	0	0	0	0	0.159198561085596	TRUE
22	1:203500000	1	203500000	1	1	1	0	0	0	0	0	0	0.159198561085596	TRUE
22	1:205500000	1	205500000	1	1	1	0	0	0	0	0	0	0.159198561085596	TRUE
22	1:2.03e+08	1	2.03e+08	1	1	1	0	0	0	0	0	0	0.159198561085596	TRUE
22	1:2.04e+08	1	2.04e+08	1	1	1	0	0	0	0	0	0	0.159198561085596	TRUE
22	1:2.07e+08	1	2.07e+08	1	1	1	0	0	0	0	0	0	0.159198561085596	TRUE
22	1:204500000	1	204500000	1	1	1	0	0	0	0	0	0	0.159198561085596	TRUE
24	1:1.74e+08	1	1.74e+08	0.938030849333695	0.971466674522518	0.955825305701988	0.0152131212231568	0.00840290554689696	0.00233771679536921	-1.80348483451606	0.099315136945365	0.809247304088705	0.156398892798328	TRUE
24	1:172500000	1	172500000	0.938030849333695	0.971466674522518	0.955825305701988	0.0152131212231568	0.00840290554689696	0.00233771679536921	-1.80348483451606	0.099315136945365	0.809247304088705	0.156398892798328	TRUE
24	1:1.72e+08	1	1.72e+08	0.938030849333695	0.971466674522518	0.955825305701988	0.0152131212231568	0.00840290554689696	0.00233771679536921	-1.80348483451606	0.099315136945365	0.809247304088705	0.156398892798328	TRUE
24	1:1.67e+08	1	1.67e+08	0.938030849333695	0.971466674522518	0.955825305701988	0.0152131212231568	0.00840290554689696	0.00233771679536921	-1.80348483451606	0.099315136945365	0.809247304088705	0.156398892798328	TRUE
24	1:166500000	1	166500000	0.938030849333695	0.971466674522518	0.955825305701988	0.0152131212231568	0.00840290554689696	0.00233771679536921	-1.80348483451606	0.099315136945365	0.809247304088705	0.156398892798328	TRUE
247	1:2.62e+08	1	2.62e+08	0.909233424516596	0.982589513696126	0.643558580958273	0.0131429992706042	0.00344754879865249	0.00510252939697513	-1.2392106638157	0.871223543736676	0.498037147169055	0.511997589059952	TRUE
247	1:262500000	1	262500000	0.909233424516596	0.982589513696126	0.643558580958273	0.0131429992706042	0.00344754879865249	0.00510252939697513	-1.2392106638157	0.871223543736676	0.498037147169055	0.511997589059952	TRUE
247	1:263500000	1	263500000	0.909233424516596	0.982589513696126	0.643558580958273	0.0131429992706042	0.00344754879865249	0.00510252939697513	-1.2392106638157	0.871223543736676	0.498037147169055	0.511997589059952	TRUE
247	1:260500000	1	260500000	0.909233424516596	0.982589513696126	0.643558580958273	0.0131429992706042	0.00344754879865249	0.00510252939697513	-1.2392106638157	0.871223543736676	0.498037147169055	0.511997589059952	TRUE
247	1:261500000	1	261500000	0.909233424516596	0.982589513696126	0.643558580958273	0.0131429992706042	0.00344754879865249	0.00510252939697513	-1.2392106638157	0.871223543736676	0.498037147169055	0.511997589059952	TRUE
247	1:2.63e+08	1	2.63e+08	0.909233424516596	0.982589513696126	0.643558580958273	0.0131429992706042	0.00344754879865249	0.00510252939697513	-1.2392106638157	0.871223543736676	0.498037147169055	0.511997589059952	TRUE
247	1:2.64e+08	1	2.64e+08	0.909233424516596	0.982589513696126	0.643558580958273	0.0131429992706042	0.00344754879865249	0.00510252939697513	-1.2392106638157	0.871223543736676	0.498037147169055	0.511997589059952	TRUE
269	1:2.27e+08	1	2.27e+08	0.804715567932965	0.972014125985337	0.412977943507735	0.024719383620565	0.00527186741509562	0.00514878263890391	-0.845682174118949	1.06557337791949	0.639673048097994	0.456386913869037	TRUE
269	1:233500000	1	233500000	0.804715567932965	0.972014125985337	0.412977943507735	0.024719383620565	0.00527186741509562	0.00514878263890391	-0.845682174118949	1.06557337791949	0.639673048097994	0.456386913869037	TRUE
269	1:2.28e+08	1	2.28e+08	0.804715567932965	0.972014125985337	0.412977943507735	0.024719383620565	0.00527186741509562	0.00514878263890391	-0.845682174118949	1.06557337791949	0.639673048097994	0.456386913869037	TRUE
269	1:228500000	1	228500000	0.804715567932965	0.972014125985337	0.412977943507735	0.024719383620565	0.00527186741509562	0.00514878263890391	-0.845682174118949	1.06557337791949	0.639673048097994	0.456386913869037	TRUE
269	1:2.29e+08	1	2.29e+08	0.804715567932965	0.972014125985337	0.412977943507735	0.024719383620565	0.00527186741509562	0.00514878263890391	-0.845682174118949	1.06557337791949	0.639673048097994	0.456386913869037	TRUE
269	1:230500000	1	230500000	0.804715567932965	0.972014125985337	0.412977943507735	0.024719383620565	0.00527186741509562	0.00514878263890391	-0.845682174118949	1.06557337791949	0.639673048097994	0.456386913869037	TRUE
276	1:148500000	1	148500000	0.73082940902871	0.969644192054175	0.291773892442063	0.0345964635369383	0.00611711876038511	0.00472789485421524	-0.663689994215527	1.21189989457462	0.989072030232888	0.565191622120567	TRUE
276	1:1.44e+08	1	1.44e+08	0.73082940902871	0.969644192054175	0.291773892442063	0.0345964635369383	0.00611711876038511	0.00472789485421524	-0.663689994215527	1.21189989457462	0.989072030232888	0.565191622120567	TRUE
276	1:146500000	1	146500000	0.73082940902871	0.969644192054175	0.291773892442063	0.0345964635369383	0.00611711876038511	0.00472789485421524	-0.663689994215527	1.21189989457462	0.989072030232888	0.565191622120567	TRUE
276	1:173500000	1	173500000	0.73082940902871	0.969644192054175	0.291773892442063	0.0345964635369383	0.00611711876038511	0.00472789485421524	-0.663689994215527	1.21189989457462	0.989072030232888	0.565191622120567	TRUE
276	1:143500000	1	143500000	0.73082940902871	0.969644192054175	0.291773892442063	0.0345964635369383	0.00611711876038511	0.00472789485421524	-0.663689994215527	1.21189989457462	0.989072030232888	0.565191622120567	TRUE
276	1:1.38e+08	1	1.38e+08	0.73082940902871	0.969644192054175	0.291773892442063	0.0345964635369383	0.00611711876038511	0.00472789485421524	-0.663689994215527	1.21189989457462	0.989072030232888	0.565191622120567	TRUE
276	1:1.28e+08	1	1.28e+08	0.73082940902871	0.969644192054175	0.291773892442063	0.0345964635369383	0.00611711876038511	0.00472789485421524	-0.663689994215527	1.21189989457462	0.989072030232888	0.565191622120567	TRUE
276	1:1.31e+08	1	1.31e+08	0.73082940902871	0.969644192054175	0.291773892442063	0.0345964635369383	0.00611711876038511	0.00472789485421524	-0.663689994215527	1.21189989457462	0.989072030232888	0.565191622120567	TRUE
276	1:1.46e+08	1	1.46e+08	0.73082940902871	0.969644192054175	0.291773892442063	0.0345964635369383	0.00611711876038511	0.00472789485421524	-0.663689994215527	1.21189989457462	0.989072030232888	0.565191622120567	TRUE
276	1:139500000	1	139500000	0.73082940902871	0.969644192054175	0.291773892442063	0.0345964635369383	0.00611711876038511	0.00472789485421524	-0.663689994215527	1.21189989457462	0.989072030232888	0.565191622120567	TRUE
276	1:1.41e+08	1	1.41e+08	0.73082940902871	0.969644192054175	0.291773892442063	0.0345964635369383	0.00611711876038511	0.00472789485421524	-0.663689994215527	1.21189989457462	0.989072030232888	0.565191622120567	TRUE
276	1:132500000	1	132500000	0.73082940902871	0.969644192054175	0.291773892442063	0.0345964635369383	0.00611711876038511	0.00472789485421524	-0.663689994215527	1.21189989457462	0.989072030232888	0.565191622120567	TRUE
276	1:138500000	1	138500000	0.73082940902871	0.969644192054175	0.291773892442063	0.0345964635369383	0.00611711876038511	0.00472789485421524	-0.663689994215527	1.21189989457462	0.989072030232888	0.565191622120567	TRUE
276	1:141500000	1	141500000	0.73082940902871	0.969644192054175	0.291773892442063	0.0345964635369383	0.00611711876038511	0.00472789485421524	-0.663689994215527	1.21189989457462	0.989072030232888	0.565191622120567	TRUE
276	1:135500000	1	135500000	0.73082940902871	0.969644192054175	0.291773892442063	0.0345964635369383	0.00611711876038511	0.00472789485421524	-0.663689994215527	1.21189989457462	0.989072030232888	0.565191622120567	TRUE
276	1:168500000	1	168500000	0.73082940902871	0.969644192054175	0.291773892442063	0.0345964635369383	0.00611711876038511	0.00472789485421524	-0.663689994215527	1.21189989457462	0.989072030232888	0.565191622120567	TRUE
276	1:134500000	1	134500000	0.73082940902871	0.969644192054175	0.291773892442063	0.0345964635369383	0.00611711876038511	0.00472789485421524	-0.663689994215527	1.21189989457462	0.989072030232888	0.565191622120567	TRUE
276	1:1.36e+08	1	1.36e+08	0.73082940902871	0.969644192054175	0.291773892442063	0.0345964635369383	0.00611711876038511	0.00472789485421524	-0.663689994215527	1.21189989457462	0.989072030232888	0.565191622120567	TRUE
276	1:126500000	1	126500000	0.73082940902871	0.969644192054175	0.291773892442063	0.0345964635369383	0.00611711876038511	0.00472789485421524	-0.663689994215527	1.21189989457462	0.989072030232888	0.565191622120567	TRUE
276	1:144500000	1	144500000	0.73082940902871	0.969644192054175	0.291773892442063	0.0345964635369383	0.00611711876038511	0.00472789485421524	-0.663689994215527	1.21189989457462	0.989072030232888	0.565191622120567	TRUE
276	1:127500000	1	127500000	0.73082940902871	0.969644192054175	0.291773892442063	0.0345964635369383	0.00611711876038511	0.00472789485421524	-0.663689994215527	1.21189989457462	0.989072030232888	0.565191622120567	TRUE
276	1:129500000	1	129500000	0.73082940902871	0.969644192054175	0.291773892442063	0.0345964635369383	0.00611711876038511	0.00472789485421524	-0.663689994215527	1.21189989457462	0.989072030232888	0.565191622120567	TRUE
276	1:1.39e+08	1	1.39e+08	0.73082940902871	0.969644192054175	0.291773892442063	0.0345964635369383	0.00611711876038511	0.00472789485421524	-0.663689994215527	1.21189989457462	0.989072030232888	0.565191622120567	TRUE
276	1:142500000	1	142500000	0.73082940902871	0.969644192054175	0.291773892442063	0.0345964635369383	0.00611711876038511	0.00472789485421524	-0.663689994215527	1.21189989457462	0.989072030232888	0.565191622120567	TRUE
276	1:128500000	1	128500000	0.73082940902871	0.969644192054175	0.291773892442063	0.0345964635369383	0.00611711876038511	0.00472789485421524	-0.663689994215527	1.21189989457462	0.989072030232888	0.565191622120567	TRUE
276	1:1.47e+08	1	1.47e+08	0.73082940902871	0.969644192054175	0.291773892442063	0.0345964635369383	0.00611711876038511	0.00472789485421524	-0.663689994215527	1.21189989457462	0.989072030232888	0.565191622120567	TRUE
276	1:1.4e+08	1	1.4e+08	0.73082940902871	0.969644192054175	0.291773892442063	0.0345964635369383	0.00611711876038511	0.00472789485421524	-0.663689994215527	1.21189989457462	0.989072030232888	0.565191622120567	TRUE
276	1:1.29e+08	1	1.29e+08	0.73082940902871	0.969644192054175	0.291773892442063	0.0345964635369383	0.00611711876038511	0.00472789485421524	-0.663689994215527	1.21189989457462	0.989072030232888	0.565191622120567	TRUE
276	1:145500000	1	145500000	0.73082940902871	0.969644192054175	0.291773892442063	0.0345964635369383	0.00611711876038511	0.00472789485421524	-0.663689994215527	1.21189989457462	0.989072030232888	0.565191622120567	TRUE
276	1:1.45e+08	1	1.45e+08	0.73082940902871	0.969644192054175	0.291773892442063	0.0345964635369383	0.00611711876038511	0.00472789485421524	-0.663689994215527	1.21189989457462	0.989072030232888	0.565191622120567	TRUE
276	1:1.27e+08	1	1.27e+08	0.73082940902871	0.969644192054175	0.291773892442063	0.0345964635369383	0.00611711876038511	0.00472789485421524	-0.663689994215527	1.21189989457462	0.989072030232888	0.565191622120567	TRUE
276	1:1.43e+08	1	1.43e+08	0.73082940902871	0.969644192054175	0.291773892442063	0.0345964635369383	0.00611711876038511	0.00472789485421524	-0.663689994215527	1.21189989457462	0.989072030232888	0.565191622120567	TRUE
276	1:1.42e+08	1	1.42e+08	0.73082940902871	0.969644192054175	0.291773892442063	0.0345964635369383	0.00611711876038511	0.00472789485421524	-0.663689994215527	1.21189989457462	0.989072030232888	0.565191622120567	TRUE
276	1:1.35e+08	1	1.35e+08	0.73082940902871	0.969644192054175	0.291773892442063	0.0345964635369383	0.00611711876038511	0.00472789485421524	-0.663689994215527	1.21189989457462	0.989072030232888	0.565191622120567	TRUE
286	1:2.01e+08	1	2.01e+08	0.988488402781473	0.994358904142135	0.993501964889997	0.00688711412885974	0.00382760072714547	0.000972723927013618	-2.50885586448566	0.0249789020464572	0.864162443722303	0.407693104640035	TRUE
286	1:1.94e+08	1	1.94e+08	0.988488402781473	0.994358904142135	0.993501964889997	0.00688711412885974	0.00382760072714547	0.000972723927013618	-2.50885586448566	0.0249789020464572	0.864162443722303	0.407693104640035	TRUE
286	1:1.96e+08	1	1.96e+08	0.988488402781473	0.994358904142135	0.993501964889997	0.00688711412885974	0.00382760072714547	0.000972723927013618	-2.50885586448566	0.0249789020464572	0.864162443722303	0.407693104640035	TRUE
286	1:199500000	1	199500000	0.988488402781473	0.994358904142135	0.993501964889997	0.00688711412885974	0.00382760072714547	0.000972723927013618	-2.50885586448566	0.0249789020464572	0.864162443722303	0.407693104640035	TRUE
286	1:192500000	1	192500000	0.988488402781473	0.994358904142135	0.993501964889997	0.00688711412885974	0.00382760072714547	0.000972723927013618	-2.50885586448566	0.0249789020464572	0.864162443722303	0.407693104640035	TRUE
286	1:1.93e+08	1	1.93e+08	0.988488402781473	0.994358904142135	0.993501964889997	0.00688711412885974	0.00382760072714547	0.000972723927013618	-2.50885586448566	0.0249789020464572	0.864162443722303	0.407693104640035	TRUE
286	1:193500000	1	193500000	0.988488402781473	0.994358904142135	0.993501964889997	0.00688711412885974	0.00382760072714547	0.000972723927013618	-2.50885586448566	0.0249789020464572	0.864162443722303	0.407693104640035	TRUE
286	1:202500000	1	202500000	0.988488402781473	0.994358904142135	0.993501964889997	0.00688711412885974	0.00382760072714547	0.000972723927013618	-2.50885586448566	0.0249789020464572	0.864162443722303	0.407693104640035	TRUE
286	1:198500000	1	198500000	0.988488402781473	0.994358904142135	0.993501964889997	0.00688711412885974	0.00382760072714547	0.000972723927013618	-2.50885586448566	0.0249789020464572	0.864162443722303	0.407693104640035	TRUE
286	1:194500000	1	194500000	0.988488402781473	0.994358904142135	0.993501964889997	0.00688711412885974	0.00382760072714547	0.000972723927013618	-2.50885586448566	0.0249789020464572	0.864162443722303	0.407693104640035	TRUE
306	1:8.7e+07	1	8.7e+07	0.940212320607927	0.987710611011813	0.727092905464196	0.00962035305653352	0.00262480897613621	0.00479369176117469	-1.42600185796102	0.821957556755114	0.73641557743773	0.431507346928646	TRUE
306	1:87500000	1	87500000	0.940212320607927	0.987710611011813	0.727092905464196	0.00962035305653352	0.00262480897613621	0.00479369176117469	-1.42600185796102	0.821957556755114	0.73641557743773	0.431507346928646	TRUE
306	1:84500000	1	84500000	0.940212320607927	0.987710611011813	0.727092905464196	0.00962035305653352	0.00262480897613621	0.00479369176117469	-1.42600185796102	0.821957556755114	0.73641557743773	0.431507346928646	TRUE
306	1:8.6e+07	1	8.6e+07	0.940212320607927	0.987710611011813	0.727092905464196	0.00962035305653352	0.00262480897613621	0.00479369176117469	-1.42600185796102	0.821957556755114	0.73641557743773	0.431507346928646	TRUE
306	1:1.01e+08	1	1.01e+08	0.940212320607927	0.987710611011813	0.727092905464196	0.00962035305653352	0.00262480897613621	0.00479369176117469	-1.42600185796102	0.821957556755114	0.73641557743773	0.431507346928646	TRUE
306	1:85500000	1	85500000	0.940212320607927	0.987710611011813	0.727092905464196	0.00962035305653352	0.00262480897613621	0.00479369176117469	-1.42600185796102	0.821957556755114	0.73641557743773	0.431507346928646	TRUE
306	1:101500000	1	101500000	0.940212320607927	0.987710611011813	0.727092905464196	0.00962035305653352	0.00262480897613621	0.00479369176117469	-1.42600185796102	0.821957556755114	0.73641557743773	0.431507346928646	TRUE
306	1:86500000	1	86500000	0.940212320607927	0.987710611011813	0.727092905464196	0.00962035305653352	0.00262480897613621	0.00479369176117469	-1.42600185796102	0.821957556755114	0.73641557743773	0.431507346928646	TRUE
308	1:2.11e+08	1	2.11e+08	0.860348306320222	0.954170874702651	0.787203590615238	0.0188826798316213	0.00816823041901621	0.00439102980827871	-1.24173522510919	0.444979337242487	0.745774335312084	0.543590078101202	TRUE
308	1:209500000	1	209500000	0.860348306320222	0.954170874702651	0.787203590615238	0.0188826798316213	0.00816823041901621	0.00439102980827871	-1.24173522510919	0.444979337242487	0.745774335312084	0.543590078101202	TRUE
308	1:2.13e+08	1	2.13e+08	0.860348306320222	0.954170874702651	0.787203590615238	0.0188826798316213	0.00816823041901621	0.00439102980827871	-1.24173522510919	0.444979337242487	0.745774335312084	0.543590078101202	TRUE
308	1:2.09e+08	1	2.09e+08	0.860348306320222	0.954170874702651	0.787203590615238	0.0188826798316213	0.00816823041901621	0.00439102980827871	-1.24173522510919	0.444979337242487	0.745774335312084	0.543590078101202	TRUE
308	1:208500000	1	208500000	0.860348306320222	0.954170874702651	0.787203590615238	0.0188826798316213	0.00816823041901621	0.00439102980827871	-1.24173522510919	0.444979337242487	0.745774335312084	0.543590078101202	TRUE
308	1:2.14e+08	1	2.14e+08	0.860348306320222	0.954170874702651	0.787203590615238	0.0188826798316213	0.00816823041901621	0.00439102980827871	-1.24173522510919	0.444979337242487	0.745774335312084	0.543590078101202	TRUE
308	1:2.15e+08	1	2.15e+08	0.860348306320222	0.954170874702651	0.787203590615238	0.0188826798316213	0.00816823041901621	0.00439102980827871	-1.24173522510919	0.444979337242487	0.745774335312084	0.543590078101202	TRUE
308	1:210500000	1	210500000	0.860348306320222	0.954170874702651	0.787203590615238	0.0188826798316213	0.00816823041901621	0.00439102980827871	-1.24173522510919	0.444979337242487	0.745774335312084	0.543590078101202	TRUE
308	1:214500000	1	214500000	0.860348306320222	0.954170874702651	0.787203590615238	0.0188826798316213	0.00816823041901621	0.00439102980827871	-1.24173522510919	0.444979337242487	0.745774335312084	0.543590078101202	TRUE
308	1:2.1e+08	1	2.1e+08	0.860348306320222	0.954170874702651	0.787203590615238	0.0188826798316213	0.00816823041901621	0.00439102980827871	-1.24173522510919	0.444979337242487	0.745774335312084	0.543590078101202	TRUE
310	1:235500000	1	235500000	0.971241165634985	0.989883399434836	0.940728969168775	0.0074313352720832	0.00316460430418342	0.00272416126335323	-1.94145873406315	0.380536335194895	0.153725488749737	0.586327234276012	TRUE
310	1:2.35e+08	1	2.35e+08	0.971241165634985	0.989883399434836	0.940728969168775	0.0074313352720832	0.00316460430418342	0.00272416126335323	-1.94145873406315	0.380536335194895	0.153725488749737	0.586327234276012	TRUE
310	1:2.37e+08	1	2.37e+08	0.971241165634985	0.989883399434836	0.940728969168775	0.0074313352720832	0.00316460430418342	0.00272416126335323	-1.94145873406315	0.380536335194895	0.153725488749737	0.586327234276012	TRUE
310	1:2.36e+08	1	2.36e+08	0.971241165634985	0.989883399434836	0.940728969168775	0.0074313352720832	0.00316460430418342	0.00272416126335323	-1.94145873406315	0.380536335194895	0.153725488749737	0.586327234276012	TRUE
310	1:2.34e+08	1	2.34e+08	0.971241165634985	0.989883399434836	0.940728969168775	0.0074313352720832	0.00316460430418342	0.00272416126335323	-1.94145873406315	0.380536335194895	0.153725488749737	0.586327234276012	TRUE
310	1:234500000	1	234500000	0.971241165634985	0.989883399434836	0.940728969168775	0.0074313352720832	0.00316460430418342	0.00272416126335323	-1.94145873406315	0.380536335194895	0.153725488749737	0.586327234276012	TRUE
310	1:2.38e+08	1	2.38e+08	0.971241165634985	0.989883399434836	0.940728969168775	0.0074313352720832	0.00316460430418342	0.00272416126335323	-1.94145873406315	0.380536335194895	0.153725488749737	0.586327234276012	TRUE
310	1:236500000	1	236500000	0.971241165634985	0.989883399434836	0.940728969168775	0.0074313352720832	0.00316460430418342	0.00272416126335323	-1.94145873406315	0.380536335194895	0.153725488749737	0.586327234276012	TRUE
310	1:237500000	1	237500000	0.971241165634985	0.989883399434836	0.940728969168775	0.0074313352720832	0.00316460430418342	0.00272416126335323	-1.94145873406315	0.380536335194895	0.153725488749737	0.586327234276012	TRUE
319	1:1.58e+08	1	1.58e+08	0.957603564388629	0.984727075811603	0.926094751161184	0.00941104807316531	0.00415057584669651	0.00293237122188216	-1.80512397598134	0.357815326438017	0.286118817537834	0.454373061317898	TRUE
319	1:161500000	1	161500000	0.957603564388629	0.984727075811603	0.926094751161184	0.00941104807316531	0.00415057584669651	0.00293237122188216	-1.80512397598134	0.357815326438017	0.286118817537834	0.454373061317898	TRUE
319	1:158500000	1	158500000	0.957603564388629	0.984727075811603	0.926094751161184	0.00941104807316531	0.00415057584669651	0.00293237122188216	-1.80512397598134	0.357815326438017	0.286118817537834	0.454373061317898	TRUE
319	1:159500000	1	159500000	0.957603564388629	0.984727075811603	0.926094751161184	0.00941104807316531	0.00415057584669651	0.00293237122188216	-1.80512397598134	0.357815326438017	0.286118817537834	0.454373061317898	TRUE
319	1:140500000	1	140500000	0.957603564388629	0.984727075811603	0.926094751161184	0.00941104807316531	0.00415057584669651	0.00293237122188216	-1.80512397598134	0.357815326438017	0.286118817537834	0.454373061317898	TRUE
32	1:1.72e+08	1	1.72e+08	0.966805137480773	0.984459763817039	0.977044354128323	0.0110080705301402	0.00603389582729984	0.00174056330437881	-2.07612442361916	0.0799164669125558	0.771826860694995	0.176354116211806	TRUE
32	1:1.67e+08	1	1.67e+08	0.966805137480773	0.984459763817039	0.977044354128323	0.0110080705301402	0.00603389582729984	0.00174056330437881	-2.07612442361916	0.0799164669125558	0.771826860694995	0.176354116211806	TRUE
32	1:1.71e+08	1	1.71e+08	0.966805137480773	0.984459763817039	0.977044354128323	0.0110080705301402	0.00603389582729984	0.00174056330437881	-2.07612442361916	0.0799164669125558	0.771826860694995	0.176354116211806	TRUE
32	1:1.74e+08	1	1.74e+08	0.966805137480773	0.984459763817039	0.977044354128323	0.0110080705301402	0.00603389582729984	0.00174056330437881	-2.07612442361916	0.0799164669125558	0.771826860694995	0.176354116211806	TRUE
32	1:166500000	1	166500000	0.966805137480773	0.984459763817039	0.977044354128323	0.0110080705301402	0.00603389582729984	0.00174056330437881	-2.07612442361916	0.0799164669125558	0.771826860694995	0.176354116211806	TRUE
32	1:172500000	1	172500000	0.966805137480773	0.984459763817039	0.977044354128323	0.0110080705301402	0.00603389582729984	0.00174056330437881	-2.07612442361916	0.0799164669125558	0.771826860694995	0.176354116211806	TRUE
320	1:1.38e+08	1	1.38e+08	0.711788593266315	0.95776377662384	0.352930632290621	0.0335813156928965	0.00759257911244058	0.00497398987862977	-0.673942544522208	1.05136286964499	0.614754791755712	0.57936365554552	TRUE
320	1:148500000	1	148500000	0.711788593266315	0.95776377662384	0.352930632290621	0.0335813156928965	0.00759257911244058	0.00497398987862977	-0.673942544522208	1.05136286964499	0.614754791755712	0.57936365554552	TRUE
320	1:134500000	1	134500000	0.711788593266315	0.95776377662384	0.352930632290621	0.0335813156928965	0.00759257911244058	0.00497398987862977	-0.673942544522208	1.05136286964499	0.614754791755712	0.57936365554552	TRUE
320	1:132500000	1	132500000	0.711788593266315	0.95776377662384	0.352930632290621	0.0335813156928965	0.00759257911244058	0.00497398987862977	-0.673942544522208	1.05136286964499	0.614754791755712	0.57936365554552	TRUE
320	1:139500000	1	139500000	0.711788593266315	0.95776377662384	0.352930632290621	0.0335813156928965	0.00759257911244058	0.00497398987862977	-0.673942544522208	1.05136286964499	0.614754791755712	0.57936365554552	TRUE
320	1:135500000	1	135500000	0.711788593266315	0.95776377662384	0.352930632290621	0.0335813156928965	0.00759257911244058	0.00497398987862977	-0.673942544522208	1.05136286964499	0.614754791755712	0.57936365554552	TRUE
320	1:1.31e+08	1	1.31e+08	0.711788593266315	0.95776377662384	0.352930632290621	0.0335813156928965	0.00759257911244058	0.00497398987862977	-0.673942544522208	1.05136286964499	0.614754791755712	0.57936365554552	TRUE
320	1:141500000	1	141500000	0.711788593266315	0.95776377662384	0.352930632290621	0.0335813156928965	0.00759257911244058	0.00497398987862977	-0.673942544522208	1.05136286964499	0.614754791755712	0.57936365554552	TRUE
320	1:126500000	1	126500000	0.711788593266315	0.95776377662384	0.352930632290621	0.0335813156928965	0.00759257911244058	0.00497398987862977	-0.673942544522208	1.05136286964499	0.614754791755712	0.57936365554552	TRUE
320	1:127500000	1	127500000	0.711788593266315	0.95776377662384	0.352930632290621	0.0335813156928965	0.00759257911244058	0.00497398987862977	-0.673942544522208	1.05136286964499	0.614754791755712	0.57936365554552	TRUE
320	1:1.43e+08	1	1.43e+08	0.711788593266315	0.95776377662384	0.352930632290621	0.0335813156928965	0.00759257911244058	0.00497398987862977	-0.673942544522208	1.05136286964499	0.614754791755712	0.57936365554552	TRUE
320	1:1.28e+08	1	1.28e+08	0.711788593266315	0.95776377662384	0.352930632290621	0.0335813156928965	0.00759257911244058	0.00497398987862977	-0.673942544522208	1.05136286964499	0.614754791755712	0.57936365554552	TRUE
320	1:147500000	1	147500000	0.711788593266315	0.95776377662384	0.352930632290621	0.0335813156928965	0.00759257911244058	0.00497398987862977	-0.673942544522208	1.05136286964499	0.614754791755712	0.57936365554552	TRUE
320	1:143500000	1	143500000	0.711788593266315	0.95776377662384	0.352930632290621	0.0335813156928965	0.00759257911244058	0.00497398987862977	-0.673942544522208	1.05136286964499	0.614754791755712	0.57936365554552	TRUE
320	1:1.35e+08	1	1.35e+08	0.711788593266315	0.95776377662384	0.352930632290621	0.0335813156928965	0.00759257911244058	0.00497398987862977	-0.673942544522208	1.05136286964499	0.614754791755712	0.57936365554552	TRUE
320	1:1.39e+08	1	1.39e+08	0.711788593266315	0.95776377662384	0.352930632290621	0.0335813156928965	0.00759257911244058	0.00497398987862977	-0.673942544522208	1.05136286964499	0.614754791755712	0.57936365554552	TRUE
320	1:129500000	1	129500000	0.711788593266315	0.95776377662384	0.352930632290621	0.0335813156928965	0.00759257911244058	0.00497398987862977	-0.673942544522208	1.05136286964499	0.614754791755712	0.57936365554552	TRUE
320	1:1.27e+08	1	1.27e+08	0.711788593266315	0.95776377662384	0.352930632290621	0.0335813156928965	0.00759257911244058	0.00497398987862977	-0.673942544522208	1.05136286964499	0.614754791755712	0.57936365554552	TRUE
320	1:146500000	1	146500000	0.711788593266315	0.95776377662384	0.352930632290621	0.0335813156928965	0.00759257911244058	0.00497398987862977	-0.673942544522208	1.05136286964499	0.614754791755712	0.57936365554552	TRUE
320	1:1.44e+08	1	1.44e+08	0.711788593266315	0.95776377662384	0.352930632290621	0.0335813156928965	0.00759257911244058	0.00497398987862977	-0.673942544522208	1.05136286964499	0.614754791755712	0.57936365554552	TRUE
320	1:1.45e+08	1	1.45e+08	0.711788593266315	0.95776377662384	0.352930632290621	0.0335813156928965	0.00759257911244058	0.00497398987862977	-0.673942544522208	1.05136286964499	0.614754791755712	0.57936365554552	TRUE
320	1:145500000	1	145500000	0.711788593266315	0.95776377662384	0.352930632290621	0.0335813156928965	0.00759257911244058	0.00497398987862977	-0.673942544522208	1.05136286964499	0.614754791755712	0.57936365554552	TRUE
320	1:1.42e+08	1	1.42e+08	0.711788593266315	0.95776377662384	0.352930632290621	0.0335813156928965	0.00759257911244058	0.00497398987862977	-0.673942544522208	1.05136286964499	0.614754791755712	0.57936365554552	TRUE
320	1:168500000	1	168500000	0.711788593266315	0.95776377662384	0.352930632290621	0.0335813156928965	0.00759257911244058	0.00497398987862977	-0.673942544522208	1.05136286964499	0.614754791755712	0.57936365554552	TRUE
320	1:1.29e+08	1	1.29e+08	0.711788593266315	0.95776377662384	0.352930632290621	0.0335813156928965	0.00759257911244058	0.00497398987862977	-0.673942544522208	1.05136286964499	0.614754791755712	0.57936365554552	TRUE
320	1:1.46e+08	1	1.46e+08	0.711788593266315	0.95776377662384	0.352930632290621	0.0335813156928965	0.00759257911244058	0.00497398987862977	-0.673942544522208	1.05136286964499	0.614754791755712	0.57936365554552	TRUE
320	1:1.36e+08	1	1.36e+08	0.711788593266315	0.95776377662384	0.352930632290621	0.0335813156928965	0.00759257911244058	0.00497398987862977	-0.673942544522208	1.05136286964499	0.614754791755712	0.57936365554552	TRUE
320	1:1.4e+08	1	1.4e+08	0.711788593266315	0.95776377662384	0.352930632290621	0.0335813156928965	0.00759257911244058	0.00497398987862977	-0.673942544522208	1.05136286964499	0.614754791755712	0.57936365554552	TRUE
320	1:1.41e+08	1	1.41e+08	0.711788593266315	0.95776377662384	0.352930632290621	0.0335813156928965	0.00759257911244058	0.00497398987862977	-0.673942544522208	1.05136286964499	0.614754791755712	0.57936365554552	TRUE
320	1:173500000	1	173500000	0.711788593266315	0.95776377662384	0.352930632290621	0.0335813156928965	0.00759257911244058	0.00497398987862977	-0.673942544522208	1.05136286964499	0.614754791755712	0.57936365554552	TRUE
320	1:1.47e+08	1	1.47e+08	0.711788593266315	0.95776377662384	0.352930632290621	0.0335813156928965	0.00759257911244058	0.00497398987862977	-0.673942544522208	1.05136286964499	0.614754791755712	0.57936365554552	TRUE
320	1:142500000	1	142500000	0.711788593266315	0.95776377662384	0.352930632290621	0.0335813156928965	0.00759257911244058	0.00497398987862977	-0.673942544522208	1.05136286964499	0.614754791755712	0.57936365554552	TRUE
320	1:128500000	1	128500000	0.711788593266315	0.95776377662384	0.352930632290621	0.0335813156928965	0.00759257911244058	0.00497398987862977	-0.673942544522208	1.05136286964499	0.614754791755712	0.57936365554552	TRUE
320	1:1.48e+08	1	1.48e+08	0.711788593266315	0.95776377662384	0.352930632290621	0.0335813156928965	0.00759257911244058	0.00497398987862977	-0.673942544522208	1.05136286964499	0.614754791755712	0.57936365554552	TRUE
320	1:138500000	1	138500000	0.711788593266315	0.95776377662384	0.352930632290621	0.0335813156928965	0.00759257911244058	0.00497398987862977	-0.673942544522208	1.05136286964499	0.614754791755712	0.57936365554552	TRUE
320	1:144500000	1	144500000	0.711788593266315	0.95776377662384	0.352930632290621	0.0335813156928965	0.00759257911244058	0.00497398987862977	-0.673942544522208	1.05136286964499	0.614754791755712	0.57936365554552	TRUE
327	1:61500000	1	61500000	0.646861804884615	0.959399962354605	0.255503833949144	0.0426823561868788	0.00791100484367242	0.00452934905539877	-0.543247770043699	1.20051723321741	0.632367444942739	0.556347170707824	TRUE
327	1:63500000	1	63500000	0.646861804884615	0.959399962354605	0.255503833949144	0.0426823561868788	0.00791100484367242	0.00452934905539877	-0.543247770043699	1.20051723321741	0.632367444942739	0.556347170707824	TRUE
327	1:72500000	1	72500000	0.646861804884615	0.959399962354605	0.255503833949144	0.0426823561868788	0.00791100484367242	0.00452934905539877	-0.543247770043699	1.20051723321741	0.632367444942739	0.556347170707824	TRUE
327	1:73500000	1	73500000	0.646861804884615	0.959399962354605	0.255503833949144	0.0426823561868788	0.00791100484367242	0.00452934905539877	-0.543247770043699	1.20051723321741	0.632367444942739	0.556347170707824	TRUE
327	1:64500000	1	64500000	0.646861804884615	0.959399962354605	0.255503833949144	0.0426823561868788	0.00791100484367242	0.00452934905539877	-0.543247770043699	1.20051723321741	0.632367444942739	0.556347170707824	TRUE
332	1:30500000	1	30500000	0.756292277525066	0.976096598804161	0.272247007294641	0.0328946804699591	0.00506391566453614	0.00463712783372756	-0.686525261508367	1.29255649268181	0.0419147708610172	0.566103774083416	TRUE
332	1:3.3e+07	1	3.3e+07	0.756292277525066	0.976096598804161	0.272247007294641	0.0328946804699591	0.00506391566453614	0.00463712783372756	-0.686525261508367	1.29255649268181	0.0419147708610172	0.566103774083416	TRUE
332	1:32500000	1	32500000	0.756292277525066	0.976096598804161	0.272247007294641	0.0328946804699591	0.00506391566453614	0.00463712783372756	-0.686525261508367	1.29255649268181	0.0419147708610172	0.566103774083416	TRUE
332	1:33500000	1	33500000	0.756292277525066	0.976096598804161	0.272247007294641	0.0328946804699591	0.00506391566453614	0.00463712783372756	-0.686525261508367	1.29255649268181	0.0419147708610172	0.566103774083416	TRUE
332	1:35500000	1	35500000	0.756292277525066	0.976096598804161	0.272247007294641	0.0328946804699591	0.00506391566453614	0.00463712783372756	-0.686525261508367	1.29255649268181	0.0419147708610172	0.566103774083416	TRUE
332	1:3.5e+07	1	3.5e+07	0.756292277525066	0.976096598804161	0.272247007294641	0.0328946804699591	0.00506391566453614	0.00463712783372756	-0.686525261508367	1.29255649268181	0.0419147708610172	0.566103774083416	TRUE
332	1:3.1e+07	1	3.1e+07	0.756292277525066	0.976096598804161	0.272247007294641	0.0328946804699591	0.00506391566453614	0.00463712783372756	-0.686525261508367	1.29255649268181	0.0419147708610172	0.566103774083416	TRUE
332	1:2.8e+07	1	2.8e+07	0.756292277525066	0.976096598804161	0.272247007294641	0.0328946804699591	0.00506391566453614	0.00463712783372756	-0.686525261508367	1.29255649268181	0.0419147708610172	0.566103774083416	TRUE
343	1:134500000	1	134500000	0.89776863820179	0.9898316778145	0.401623458847383	0.0157799864829021	0.00229967814235719	0.00514518052642457	-1.0354655264952	1.2846127294781	0.956250788852697	0.579302415588671	TRUE
343	1:1.38e+08	1	1.38e+08	0.89776863820179	0.9898316778145	0.401623458847383	0.0157799864829021	0.00229967814235719	0.00514518052642457	-1.0354655264952	1.2846127294781	0.956250788852697	0.579302415588671	TRUE
343	1:1.44e+08	1	1.44e+08	0.89776863820179	0.9898316778145	0.401623458847383	0.0157799864829021	0.00229967814235719	0.00514518052642457	-1.0354655264952	1.2846127294781	0.956250788852697	0.579302415588671	TRUE
343	1:147500000	1	147500000	0.89776863820179	0.9898316778145	0.401623458847383	0.0157799864829021	0.00229967814235719	0.00514518052642457	-1.0354655264952	1.2846127294781	0.956250788852697	0.579302415588671	TRUE
343	1:132500000	1	132500000	0.89776863820179	0.9898316778145	0.401623458847383	0.0157799864829021	0.00229967814235719	0.00514518052642457	-1.0354655264952	1.2846127294781	0.956250788852697	0.579302415588671	TRUE
343	1:146500000	1	146500000	0.89776863820179	0.9898316778145	0.401623458847383	0.0157799864829021	0.00229967814235719	0.00514518052642457	-1.0354655264952	1.2846127294781	0.956250788852697	0.579302415588671	TRUE
343	1:141500000	1	141500000	0.89776863820179	0.9898316778145	0.401623458847383	0.0157799864829021	0.00229967814235719	0.00514518052642457	-1.0354655264952	1.2846127294781	0.956250788852697	0.579302415588671	TRUE
343	1:1.39e+08	1	1.39e+08	0.89776863820179	0.9898316778145	0.401623458847383	0.0157799864829021	0.00229967814235719	0.00514518052642457	-1.0354655264952	1.2846127294781	0.956250788852697	0.579302415588671	TRUE
343	1:1.4e+08	1	1.4e+08	0.89776863820179	0.9898316778145	0.401623458847383	0.0157799864829021	0.00229967814235719	0.00514518052642457	-1.0354655264952	1.2846127294781	0.956250788852697	0.579302415588671	TRUE
343	1:1.43e+08	1	1.43e+08	0.89776863820179	0.9898316778145	0.401623458847383	0.0157799864829021	0.00229967814235719	0.00514518052642457	-1.0354655264952	1.2846127294781	0.956250788852697	0.579302415588671	TRUE
343	1:139500000	1	139500000	0.89776863820179	0.9898316778145	0.401623458847383	0.0157799864829021	0.00229967814235719	0.00514518052642457	-1.0354655264952	1.2846127294781	0.956250788852697	0.579302415588671	TRUE
343	1:128500000	1	128500000	0.89776863820179	0.9898316778145	0.401623458847383	0.0157799864829021	0.00229967814235719	0.00514518052642457	-1.0354655264952	1.2846127294781	0.956250788852697	0.579302415588671	TRUE
343	1:143500000	1	143500000	0.89776863820179	0.9898316778145	0.401623458847383	0.0157799864829021	0.00229967814235719	0.00514518052642457	-1.0354655264952	1.2846127294781	0.956250788852697	0.579302415588671	TRUE
343	1:1.42e+08	1	1.42e+08	0.89776863820179	0.9898316778145	0.401623458847383	0.0157799864829021	0.00229967814235719	0.00514518052642457	-1.0354655264952	1.2846127294781	0.956250788852697	0.579302415588671	TRUE
343	1:1.31e+08	1	1.31e+08	0.89776863820179	0.9898316778145	0.401623458847383	0.0157799864829021	0.00229967814235719	0.00514518052642457	-1.0354655264952	1.2846127294781	0.956250788852697	0.579302415588671	TRUE
343	1:1.41e+08	1	1.41e+08	0.89776863820179	0.9898316778145	0.401623458847383	0.0157799864829021	0.00229967814235719	0.00514518052642457	-1.0354655264952	1.2846127294781	0.956250788852697	0.579302415588671	TRUE
343	1:144500000	1	144500000	0.89776863820179	0.9898316778145	0.401623458847383	0.0157799864829021	0.00229967814235719	0.00514518052642457	-1.0354655264952	1.2846127294781	0.956250788852697	0.579302415588671	TRUE
343	1:1.28e+08	1	1.28e+08	0.89776863820179	0.9898316778145	0.401623458847383	0.0157799864829021	0.00229967814235719	0.00514518052642457	-1.0354655264952	1.2846127294781	0.956250788852697	0.579302415588671	TRUE
343	1:1.45e+08	1	1.45e+08	0.89776863820179	0.9898316778145	0.401623458847383	0.0157799864829021	0.00229967814235719	0.00514518052642457	-1.0354655264952	1.2846127294781	0.956250788852697	0.579302415588671	TRUE
343	1:145500000	1	145500000	0.89776863820179	0.9898316778145	0.401623458847383	0.0157799864829021	0.00229967814235719	0.00514518052642457	-1.0354655264952	1.2846127294781	0.956250788852697	0.579302415588671	TRUE
343	1:1.26e+08	1	1.26e+08	0.89776863820179	0.9898316778145	0.401623458847383	0.0157799864829021	0.00229967814235719	0.00514518052642457	-1.0354655264952	1.2846127294781	0.956250788852697	0.579302415588671	TRUE
343	1:1.27e+08	1	1.27e+08	0.89776863820179	0.9898316778145	0.401623458847383	0.0157799864829021	0.00229967814235719	0.00514518052642457	-1.0354655264952	1.2846127294781	0.956250788852697	0.579302415588671	TRUE
343	1:129500000	1	129500000	0.89776863820179	0.9898316778145	0.401623458847383	0.0157799864829021	0.00229967814235719	0.00514518052642457	-1.0354655264952	1.2846127294781	0.956250788852697	0.579302415588671	TRUE
343	1:1.29e+08	1	1.29e+08	0.89776863820179	0.9898316778145	0.401623458847383	0.0157799864829021	0.00229967814235719	0.00514518052642457	-1.0354655264952	1.2846127294781	0.956250788852697	0.579302415588671	TRUE
343	1:142500000	1	142500000	0.89776863820179	0.9898316778145	0.401623458847383	0.0157799864829021	0.00229967814235719	0.00514518052642457	-1.0354655264952	1.2846127294781	0.956250788852697	0.579302415588671	TRUE
343	1:127500000	1	127500000	0.89776863820179	0.9898316778145	0.401623458847383	0.0157799864829021	0.00229967814235719	0.00514518052642457	-1.0354655264952	1.2846127294781	0.956250788852697	0.579302415588671	TRUE
343	1:1.46e+08	1	1.46e+08	0.89776863820179	0.9898316778145	0.401623458847383	0.0157799864829021	0.00229967814235719	0.00514518052642457	-1.0354655264952	1.2846127294781	0.956250788852697	0.579302415588671	TRUE
343	1:1.47e+08	1	1.47e+08	0.89776863820179	0.9898316778145	0.401623458847383	0.0157799864829021	0.00229967814235719	0.00514518052642457	-1.0354655264952	1.2846127294781	0.956250788852697	0.579302415588671	TRUE
343	1:168500000	1	168500000	0.89776863820179	0.9898316778145	0.401623458847383	0.0157799864829021	0.00229967814235719	0.00514518052642457	-1.0354655264952	1.2846127294781	0.956250788852697	0.579302415588671	TRUE
343	1:1.35e+08	1	1.35e+08	0.89776863820179	0.9898316778145	0.401623458847383	0.0157799864829021	0.00229967814235719	0.00514518052642457	-1.0354655264952	1.2846127294781	0.956250788852697	0.579302415588671	TRUE
343	1:1.48e+08	1	1.48e+08	0.89776863820179	0.9898316778145	0.401623458847383	0.0157799864829021	0.00229967814235719	0.00514518052642457	-1.0354655264952	1.2846127294781	0.956250788852697	0.579302415588671	TRUE
343	1:148500000	1	148500000	0.89776863820179	0.9898316778145	0.401623458847383	0.0157799864829021	0.00229967814235719	0.00514518052642457	-1.0354655264952	1.2846127294781	0.956250788852697	0.579302415588671	TRUE
343	1:135500000	1	135500000	0.89776863820179	0.9898316778145	0.401623458847383	0.0157799864829021	0.00229967814235719	0.00514518052642457	-1.0354655264952	1.2846127294781	0.956250788852697	0.579302415588671	TRUE
343	1:138500000	1	138500000	0.89776863820179	0.9898316778145	0.401623458847383	0.0157799864829021	0.00229967814235719	0.00514518052642457	-1.0354655264952	1.2846127294781	0.956250788852697	0.579302415588671	TRUE
343	1:1.36e+08	1	1.36e+08	0.89776863820179	0.9898316778145	0.401623458847383	0.0157799864829021	0.00229967814235719	0.00514518052642457	-1.0354655264952	1.2846127294781	0.956250788852697	0.579302415588671	TRUE
343	1:173500000	1	173500000	0.89776863820179	0.9898316778145	0.401623458847383	0.0157799864829021	0.00229967814235719	0.00514518052642457	-1.0354655264952	1.2846127294781	0.956250788852697	0.579302415588671	TRUE
343	1:126500000	1	126500000	0.89776863820179	0.9898316778145	0.401623458847383	0.0157799864829021	0.00229967814235719	0.00514518052642457	-1.0354655264952	1.2846127294781	0.956250788852697	0.579302415588671	TRUE
352	1:8.9e+07	1	8.9e+07	0.794906163107036	0.976327008135909	0.33974817434781	0.0273693516035028	0.00481723297947422	0.00493833246319814	-0.785020763064678	1.19817126769888	0.679689172132461	0.553923375337754	TRUE
352	1:89500000	1	89500000	0.794906163107036	0.976327008135909	0.33974817434781	0.0273693516035028	0.00481723297947422	0.00493833246319814	-0.785020763064678	1.19817126769888	0.679689172132461	0.553923375337754	TRUE
352	1:1.04e+08	1	1.04e+08	0.794906163107036	0.976327008135909	0.33974817434781	0.0273693516035028	0.00481723297947422	0.00493833246319814	-0.785020763064678	1.19817126769888	0.679689172132461	0.553923375337754	TRUE
352	1:1.06e+08	1	1.06e+08	0.794906163107036	0.976327008135909	0.33974817434781	0.0273693516035028	0.00481723297947422	0.00493833246319814	-0.785020763064678	1.19817126769888	0.679689172132461	0.553923375337754	TRUE
352	1:9.5e+07	1	9.5e+07	0.794906163107036	0.976327008135909	0.33974817434781	0.0273693516035028	0.00481723297947422	0.00493833246319814	-0.785020763064678	1.19817126769888	0.679689172132461	0.553923375337754	TRUE
352	1:88500000	1	88500000	0.794906163107036	0.976327008135909	0.33974817434781	0.0273693516035028	0.00481723297947422	0.00493833246319814	-0.785020763064678	1.19817126769888	0.679689172132461	0.553923375337754	TRUE
352	1:9.6e+07	1	9.6e+07	0.794906163107036	0.976327008135909	0.33974817434781	0.0273693516035028	0.00481723297947422	0.00493833246319814	-0.785020763064678	1.19817126769888	0.679689172132461	0.553923375337754	TRUE
352	1:103500000	1	103500000	0.794906163107036	0.976327008135909	0.33974817434781	0.0273693516035028	0.00481723297947422	0.00493833246319814	-0.785020763064678	1.19817126769888	0.679689172132461	0.553923375337754	TRUE
352	1:9e+07	1	9e+07	0.794906163107036	0.976327008135909	0.33974817434781	0.0273693516035028	0.00481723297947422	0.00493833246319814	-0.785020763064678	1.19817126769888	0.679689172132461	0.553923375337754	TRUE
352	1:9.8e+07	1	9.8e+07	0.794906163107036	0.976327008135909	0.33974817434781	0.0273693516035028	0.00481723297947422	0.00493833246319814	-0.785020763064678	1.19817126769888	0.679689172132461	0.553923375337754	TRUE
352	1:95500000	1	95500000	0.794906163107036	0.976327008135909	0.33974817434781	0.0273693516035028	0.00481723297947422	0.00493833246319814	-0.785020763064678	1.19817126769888	0.679689172132461	0.553923375337754	TRUE
352	1:105500000	1	105500000	0.794906163107036	0.976327008135909	0.33974817434781	0.0273693516035028	0.00481723297947422	0.00493833246319814	-0.785020763064678	1.19817126769888	0.679689172132461	0.553923375337754	TRUE
352	1:1.05e+08	1	1.05e+08	0.794906163107036	0.976327008135909	0.33974817434781	0.0273693516035028	0.00481723297947422	0.00493833246319814	-0.785020763064678	1.19817126769888	0.679689172132461	0.553923375337754	TRUE
352	1:9.1e+07	1	9.1e+07	0.794906163107036	0.976327008135909	0.33974817434781	0.0273693516035028	0.00481723297947422	0.00493833246319814	-0.785020763064678	1.19817126769888	0.679689172132461	0.553923375337754	TRUE
352	1:1.1e+08	1	1.1e+08	0.794906163107036	0.976327008135909	0.33974817434781	0.0273693516035028	0.00481723297947422	0.00493833246319814	-0.785020763064678	1.19817126769888	0.679689172132461	0.553923375337754	TRUE
352	1:1.08e+08	1	1.08e+08	0.794906163107036	0.976327008135909	0.33974817434781	0.0273693516035028	0.00481723297947422	0.00493833246319814	-0.785020763064678	1.19817126769888	0.679689172132461	0.553923375337754	TRUE
352	1:109500000	1	109500000	0.794906163107036	0.976327008135909	0.33974817434781	0.0273693516035028	0.00481723297947422	0.00493833246319814	-0.785020763064678	1.19817126769888	0.679689172132461	0.553923375337754	TRUE
352	1:8.8e+07	1	8.8e+07	0.794906163107036	0.976327008135909	0.33974817434781	0.0273693516035028	0.00481723297947422	0.00493833246319814	-0.785020763064678	1.19817126769888	0.679689172132461	0.553923375337754	TRUE
352	1:93500000	1	93500000	0.794906163107036	0.976327008135909	0.33974817434781	0.0273693516035028	0.00481723297947422	0.00493833246319814	-0.785020763064678	1.19817126769888	0.679689172132461	0.553923375337754	TRUE
352	1:1.03e+08	1	1.03e+08	0.794906163107036	0.976327008135909	0.33974817434781	0.0273693516035028	0.00481723297947422	0.00493833246319814	-0.785020763064678	1.19817126769888	0.679689172132461	0.553923375337754	TRUE
352	1:94500000	1	94500000	0.794906163107036	0.976327008135909	0.33974817434781	0.0273693516035028	0.00481723297947422	0.00493833246319814	-0.785020763064678	1.19817126769888	0.679689172132461	0.553923375337754	TRUE
352	1:97500000	1	97500000	0.794906163107036	0.976327008135909	0.33974817434781	0.0273693516035028	0.00481723297947422	0.00493833246319814	-0.785020763064678	1.19817126769888	0.679689172132461	0.553923375337754	TRUE
352	1:90500000	1	90500000	0.794906163107036	0.976327008135909	0.33974817434781	0.0273693516035028	0.00481723297947422	0.00493833246319814	-0.785020763064678	1.19817126769888	0.679689172132461	0.553923375337754	TRUE
352	1:9.7e+07	1	9.7e+07	0.794906163107036	0.976327008135909	0.33974817434781	0.0273693516035028	0.00481723297947422	0.00493833246319814	-0.785020763064678	1.19817126769888	0.679689172132461	0.553923375337754	TRUE
352	1:108500000	1	108500000	0.794906163107036	0.976327008135909	0.33974817434781	0.0273693516035028	0.00481723297947422	0.00493833246319814	-0.785020763064678	1.19817126769888	0.679689172132461	0.553923375337754	TRUE
352	1:9.4e+07	1	9.4e+07	0.794906163107036	0.976327008135909	0.33974817434781	0.0273693516035028	0.00481723297947422	0.00493833246319814	-0.785020763064678	1.19817126769888	0.679689172132461	0.553923375337754	TRUE
352	1:9.3e+07	1	9.3e+07	0.794906163107036	0.976327008135909	0.33974817434781	0.0273693516035028	0.00481723297947422	0.00493833246319814	-0.785020763064678	1.19817126769888	0.679689172132461	0.553923375337754	TRUE
352	1:96500000	1	96500000	0.794906163107036	0.976327008135909	0.33974817434781	0.0273693516035028	0.00481723297947422	0.00493833246319814	-0.785020763064678	1.19817126769888	0.679689172132461	0.553923375337754	TRUE
352	1:1.09e+08	1	1.09e+08	0.794906163107036	0.976327008135909	0.33974817434781	0.0273693516035028	0.00481723297947422	0.00493833246319814	-0.785020763064678	1.19817126769888	0.679689172132461	0.553923375337754	TRUE
352	1:107500000	1	107500000	0.794906163107036	0.976327008135909	0.33974817434781	0.0273693516035028	0.00481723297947422	0.00493833246319814	-0.785020763064678	1.19817126769888	0.679689172132461	0.553923375337754	TRUE
352	1:104500000	1	104500000	0.794906163107036	0.976327008135909	0.33974817434781	0.0273693516035028	0.00481723297947422	0.00493833246319814	-0.785020763064678	1.19817126769888	0.679689172132461	0.553923375337754	TRUE
357	1:1.74e+08	1	1.74e+08	0.649593440553124	0.961119012502534	0.248550212948113	0.0430593502175684	0.00772007248374866	0.00448730375033558	-0.542381390504611	1.22144047485729	0.573186857014686	0.493724517687568	TRUE
357	1:1.63e+08	1	1.63e+08	0.649593440553124	0.961119012502534	0.248550212948113	0.0430593502175684	0.00772007248374866	0.00448730375033558	-0.542381390504611	1.22144047485729	0.573186857014686	0.493724517687568	TRUE
357	1:174500000	1	174500000	0.649593440553124	0.961119012502534	0.248550212948113	0.0430593502175684	0.00772007248374866	0.00448730375033558	-0.542381390504611	1.22144047485729	0.573186857014686	0.493724517687568	TRUE
357	1:1.62e+08	1	1.62e+08	0.649593440553124	0.961119012502534	0.248550212948113	0.0430593502175684	0.00772007248374866	0.00448730375033558	-0.542381390504611	1.22144047485729	0.573186857014686	0.493724517687568	TRUE
357	1:1.54e+08	1	1.54e+08	0.649593440553124	0.961119012502534	0.248550212948113	0.0430593502175684	0.00772007248374866	0.00448730375033558	-0.542381390504611	1.22144047485729	0.573186857014686	0.493724517687568	TRUE
357	1:1.7e+08	1	1.7e+08	0.649593440553124	0.961119012502534	0.248550212948113	0.0430593502175684	0.00772007248374866	0.00448730375033558	-0.542381390504611	1.22144047485729	0.573186857014686	0.493724517687568	TRUE
357	1:1.65e+08	1	1.65e+08	0.649593440553124	0.961119012502534	0.248550212948113	0.0430593502175684	0.00772007248374866	0.00448730375033558	-0.542381390504611	1.22144047485729	0.573186857014686	0.493724517687568	TRUE
357	1:1.75e+08	1	1.75e+08	0.649593440553124	0.961119012502534	0.248550212948113	0.0430593502175684	0.00772007248374866	0.00448730375033558	-0.542381390504611	1.22144047485729	0.573186857014686	0.493724517687568	TRUE
357	1:189500000	1	189500000	0.649593440553124	0.961119012502534	0.248550212948113	0.0430593502175684	0.00772007248374866	0.00448730375033558	-0.542381390504611	1.22144047485729	0.573186857014686	0.493724517687568	TRUE
357	1:170500000	1	170500000	0.649593440553124	0.961119012502534	0.248550212948113	0.0430593502175684	0.00772007248374866	0.00448730375033558	-0.542381390504611	1.22144047485729	0.573186857014686	0.493724517687568	TRUE
357	1:167500000	1	167500000	0.649593440553124	0.961119012502534	0.248550212948113	0.0430593502175684	0.00772007248374866	0.00448730375033558	-0.542381390504611	1.22144047485729	0.573186857014686	0.493724517687568	TRUE
357	1:155500000	1	155500000	0.649593440553124	0.961119012502534	0.248550212948113	0.0430593502175684	0.00772007248374866	0.00448730375033558	-0.542381390504611	1.22144047485729	0.573186857014686	0.493724517687568	TRUE
357	1:152500000	1	152500000	0.649593440553124	0.961119012502534	0.248550212948113	0.0430593502175684	0.00772007248374866	0.00448730375033558	-0.542381390504611	1.22144047485729	0.573186857014686	0.493724517687568	TRUE
357	1:1.9e+08	1	1.9e+08	0.649593440553124	0.961119012502534	0.248550212948113	0.0430593502175684	0.00772007248374866	0.00448730375033558	-0.542381390504611	1.22144047485729	0.573186857014686	0.493724517687568	TRUE
357	1:1.67e+08	1	1.67e+08	0.649593440553124	0.961119012502534	0.248550212948113	0.0430593502175684	0.00772007248374866	0.00448730375033558	-0.542381390504611	1.22144047485729	0.573186857014686	0.493724517687568	TRUE
357	1:1.57e+08	1	1.57e+08	0.649593440553124	0.961119012502534	0.248550212948113	0.0430593502175684	0.00772007248374866	0.00448730375033558	-0.542381390504611	1.22144047485729	0.573186857014686	0.493724517687568	TRUE
357	1:172500000	1	172500000	0.649593440553124	0.961119012502534	0.248550212948113	0.0430593502175684	0.00772007248374866	0.00448730375033558	-0.542381390504611	1.22144047485729	0.573186857014686	0.493724517687568	TRUE
357	1:157500000	1	157500000	0.649593440553124	0.961119012502534	0.248550212948113	0.0430593502175684	0.00772007248374866	0.00448730375033558	-0.542381390504611	1.22144047485729	0.573186857014686	0.493724517687568	TRUE
357	1:151500000	1	151500000	0.649593440553124	0.961119012502534	0.248550212948113	0.0430593502175684	0.00772007248374866	0.00448730375033558	-0.542381390504611	1.22144047485729	0.573186857014686	0.493724517687568	TRUE
357	1:1.55e+08	1	1.55e+08	0.649593440553124	0.961119012502534	0.248550212948113	0.0430593502175684	0.00772007248374866	0.00448730375033558	-0.542381390504611	1.22144047485729	0.573186857014686	0.493724517687568	TRUE
357	1:165500000	1	165500000	0.649593440553124	0.961119012502534	0.248550212948113	0.0430593502175684	0.00772007248374866	0.00448730375033558	-0.542381390504611	1.22144047485729	0.573186857014686	0.493724517687568	TRUE
357	1:1.59e+08	1	1.59e+08	0.649593440553124	0.961119012502534	0.248550212948113	0.0430593502175684	0.00772007248374866	0.00448730375033558	-0.542381390504611	1.22144047485729	0.573186857014686	0.493724517687568	TRUE
357	1:1.61e+08	1	1.61e+08	0.649593440553124	0.961119012502534	0.248550212948113	0.0430593502175684	0.00772007248374866	0.00448730375033558	-0.542381390504611	1.22144047485729	0.573186857014686	0.493724517687568	TRUE
357	1:1.73e+08	1	1.73e+08	0.649593440553124	0.961119012502534	0.248550212948113	0.0430593502175684	0.00772007248374866	0.00448730375033558	-0.542381390504611	1.22144047485729	0.573186857014686	0.493724517687568	TRUE
357	1:162500000	1	162500000	0.649593440553124	0.961119012502534	0.248550212948113	0.0430593502175684	0.00772007248374866	0.00448730375033558	-0.542381390504611	1.22144047485729	0.573186857014686	0.493724517687568	TRUE
357	1:166500000	1	166500000	0.649593440553124	0.961119012502534	0.248550212948113	0.0430593502175684	0.00772007248374866	0.00448730375033558	-0.542381390504611	1.22144047485729	0.573186857014686	0.493724517687568	TRUE
357	1:154500000	1	154500000	0.649593440553124	0.961119012502534	0.248550212948113	0.0430593502175684	0.00772007248374866	0.00448730375033558	-0.542381390504611	1.22144047485729	0.573186857014686	0.493724517687568	TRUE
357	1:1.68e+08	1	1.68e+08	0.649593440553124	0.961119012502534	0.248550212948113	0.0430593502175684	0.00772007248374866	0.00448730375033558	-0.542381390504611	1.22144047485729	0.573186857014686	0.493724517687568	TRUE
357	1:169500000	1	169500000	0.649593440553124	0.961119012502534	0.248550212948113	0.0430593502175684	0.00772007248374866	0.00448730375033558	-0.542381390504611	1.22144047485729	0.573186857014686	0.493724517687568	TRUE
357	1:1.56e+08	1	1.56e+08	0.649593440553124	0.961119012502534	0.248550212948113	0.0430593502175684	0.00772007248374866	0.00448730375033558	-0.542381390504611	1.22144047485729	0.573186857014686	0.493724517687568	TRUE
357	1:1.53e+08	1	1.53e+08	0.649593440553124	0.961119012502534	0.248550212948113	0.0430593502175684	0.00772007248374866	0.00448730375033558	-0.542381390504611	1.22144047485729	0.573186857014686	0.493724517687568	TRUE
357	1:1.51e+08	1	1.51e+08	0.649593440553124	0.961119012502534	0.248550212948113	0.0430593502175684	0.00772007248374866	0.00448730375033558	-0.542381390504611	1.22144047485729	0.573186857014686	0.493724517687568	TRUE
357	1:163500000	1	163500000	0.649593440553124	0.961119012502534	0.248550212948113	0.0430593502175684	0.00772007248374866	0.00448730375033558	-0.542381390504611	1.22144047485729	0.573186857014686	0.493724517687568	TRUE
357	1:1.71e+08	1	1.71e+08	0.649593440553124	0.961119012502534	0.248550212948113	0.0430593502175684	0.00772007248374866	0.00448730375033558	-0.542381390504611	1.22144047485729	0.573186857014686	0.493724517687568	TRUE
357	1:1.6e+08	1	1.6e+08	0.649593440553124	0.961119012502534	0.248550212948113	0.0430593502175684	0.00772007248374866	0.00448730375033558	-0.542381390504611	1.22144047485729	0.573186857014686	0.493724517687568	TRUE
357	1:156500000	1	156500000	0.649593440553124	0.961119012502534	0.248550212948113	0.0430593502175684	0.00772007248374866	0.00448730375033558	-0.542381390504611	1.22144047485729	0.573186857014686	0.493724517687568	TRUE
357	1:171500000	1	171500000	0.649593440553124	0.961119012502534	0.248550212948113	0.0430593502175684	0.00772007248374866	0.00448730375033558	-0.542381390504611	1.22144047485729	0.573186857014686	0.493724517687568	TRUE
357	1:1.87e+08	1	1.87e+08	0.649593440553124	0.961119012502534	0.248550212948113	0.0430593502175684	0.00772007248374866	0.00448730375033558	-0.542381390504611	1.22144047485729	0.573186857014686	0.493724517687568	TRUE
357	1:164500000	1	164500000	0.649593440553124	0.961119012502534	0.248550212948113	0.0430593502175684	0.00772007248374866	0.00448730375033558	-0.542381390504611	1.22144047485729	0.573186857014686	0.493724517687568	TRUE
357	1:1.66e+08	1	1.66e+08	0.649593440553124	0.961119012502534	0.248550212948113	0.0430593502175684	0.00772007248374866	0.00448730375033558	-0.542381390504611	1.22144047485729	0.573186857014686	0.493724517687568	TRUE
357	1:182500000	1	182500000	0.649593440553124	0.961119012502534	0.248550212948113	0.0430593502175684	0.00772007248374866	0.00448730375033558	-0.542381390504611	1.22144047485729	0.573186857014686	0.493724517687568	TRUE
357	1:1.52e+08	1	1.52e+08	0.649593440553124	0.961119012502534	0.248550212948113	0.0430593502175684	0.00772007248374866	0.00448730375033558	-0.542381390504611	1.22144047485729	0.573186857014686	0.493724517687568	TRUE
357	1:1.72e+08	1	1.72e+08	0.649593440553124	0.961119012502534	0.248550212948113	0.0430593502175684	0.00772007248374866	0.00448730375033558	-0.542381390504611	1.22144047485729	0.573186857014686	0.493724517687568	TRUE
357	1:1.64e+08	1	1.64e+08	0.649593440553124	0.961119012502534	0.248550212948113	0.0430593502175684	0.00772007248374866	0.00448730375033558	-0.542381390504611	1.22144047485729	0.573186857014686	0.493724517687568	TRUE
357	1:1.69e+08	1	1.69e+08	0.649593440553124	0.961119012502534	0.248550212948113	0.0430593502175684	0.00772007248374866	0.00448730375033558	-0.542381390504611	1.22144047485729	0.573186857014686	0.493724517687568	TRUE
357	1:1.92e+08	1	1.92e+08	0.649593440553124	0.961119012502534	0.248550212948113	0.0430593502175684	0.00772007248374866	0.00448730375033558	-0.542381390504611	1.22144047485729	0.573186857014686	0.493724517687568	TRUE
373	1:218500000	1	218500000	0.779637721176278	0.975362113022226	0.319978690836238	0.0293352508615398	0.00504778113182886	0.0048593029311744	-0.749219674036949	1.21697806154141	0.844032625395205	0.589750233781089	TRUE
373	1:2.32e+08	1	2.32e+08	0.779637721176278	0.975362113022226	0.319978690836238	0.0293352508615398	0.00504778113182886	0.0048593029311744	-0.749219674036949	1.21697806154141	0.844032625395205	0.589750233781089	TRUE
373	1:217500000	1	217500000	0.779637721176278	0.975362113022226	0.319978690836238	0.0293352508615398	0.00504778113182886	0.0048593029311744	-0.749219674036949	1.21697806154141	0.844032625395205	0.589750233781089	TRUE
373	1:2.33e+08	1	2.33e+08	0.779637721176278	0.975362113022226	0.319978690836238	0.0293352508615398	0.00504778113182886	0.0048593029311744	-0.749219674036949	1.21697806154141	0.844032625395205	0.589750233781089	TRUE
373	1:219500000	1	219500000	0.779637721176278	0.975362113022226	0.319978690836238	0.0293352508615398	0.00504778113182886	0.0048593029311744	-0.749219674036949	1.21697806154141	0.844032625395205	0.589750233781089	TRUE
373	1:2.28e+08	1	2.28e+08	0.779637721176278	0.975362113022226	0.319978690836238	0.0293352508615398	0.00504778113182886	0.0048593029311744	-0.749219674036949	1.21697806154141	0.844032625395205	0.589750233781089	TRUE
373	1:2.3e+08	1	2.3e+08	0.779637721176278	0.975362113022226	0.319978690836238	0.0293352508615398	0.00504778113182886	0.0048593029311744	-0.749219674036949	1.21697806154141	0.844032625395205	0.589750233781089	TRUE
373	1:2.29e+08	1	2.29e+08	0.779637721176278	0.975362113022226	0.319978690836238	0.0293352508615398	0.00504778113182886	0.0048593029311744	-0.749219674036949	1.21697806154141	0.844032625395205	0.589750233781089	TRUE
373	1:2.2e+08	1	2.2e+08	0.779637721176278	0.975362113022226	0.319978690836238	0.0293352508615398	0.00504778113182886	0.0048593029311744	-0.749219674036949	1.21697806154141	0.844032625395205	0.589750233781089	TRUE
373	1:2.41e+08	1	2.41e+08	0.779637721176278	0.975362113022226	0.319978690836238	0.0293352508615398	0.00504778113182886	0.0048593029311744	-0.749219674036949	1.21697806154141	0.844032625395205	0.589750233781089	TRUE
373	1:224500000	1	224500000	0.779637721176278	0.975362113022226	0.319978690836238	0.0293352508615398	0.00504778113182886	0.0048593029311744	-0.749219674036949	1.21697806154141	0.844032625395205	0.589750233781089	TRUE
373	1:2.18e+08	1	2.18e+08	0.779637721176278	0.975362113022226	0.319978690836238	0.0293352508615398	0.00504778113182886	0.0048593029311744	-0.749219674036949	1.21697806154141	0.844032625395205	0.589750233781089	TRUE
373	1:2.19e+08	1	2.19e+08	0.779637721176278	0.975362113022226	0.319978690836238	0.0293352508615398	0.00504778113182886	0.0048593029311744	-0.749219674036949	1.21697806154141	0.844032625395205	0.589750233781089	TRUE
373	1:225500000	1	225500000	0.779637721176278	0.975362113022226	0.319978690836238	0.0293352508615398	0.00504778113182886	0.0048593029311744	-0.749219674036949	1.21697806154141	0.844032625395205	0.589750233781089	TRUE
373	1:221500000	1	221500000	0.779637721176278	0.975362113022226	0.319978690836238	0.0293352508615398	0.00504778113182886	0.0048593029311744	-0.749219674036949	1.21697806154141	0.844032625395205	0.589750233781089	TRUE
373	1:215500000	1	215500000	0.779637721176278	0.975362113022226	0.319978690836238	0.0293352508615398	0.00504778113182886	0.0048593029311744	-0.749219674036949	1.21697806154141	0.844032625395205	0.589750233781089	TRUE
373	1:2.17e+08	1	2.17e+08	0.779637721176278	0.975362113022226	0.319978690836238	0.0293352508615398	0.00504778113182886	0.0048593029311744	-0.749219674036949	1.21697806154141	0.844032625395205	0.589750233781089	TRUE
373	1:222500000	1	222500000	0.779637721176278	0.975362113022226	0.319978690836238	0.0293352508615398	0.00504778113182886	0.0048593029311744	-0.749219674036949	1.21697806154141	0.844032625395205	0.589750233781089	TRUE
373	1:2.23e+08	1	2.23e+08	0.779637721176278	0.975362113022226	0.319978690836238	0.0293352508615398	0.00504778113182886	0.0048593029311744	-0.749219674036949	1.21697806154141	0.844032625395205	0.589750233781089	TRUE
373	1:2.31e+08	1	2.31e+08	0.779637721176278	0.975362113022226	0.319978690836238	0.0293352508615398	0.00504778113182886	0.0048593029311744	-0.749219674036949	1.21697806154141	0.844032625395205	0.589750233781089	TRUE
373	1:2.24e+08	1	2.24e+08	0.779637721176278	0.975362113022226	0.319978690836238	0.0293352508615398	0.00504778113182886	0.0048593029311744	-0.749219674036949	1.21697806154141	0.844032625395205	0.589750233781089	TRUE
373	1:233500000	1	233500000	0.779637721176278	0.975362113022226	0.319978690836238	0.0293352508615398	0.00504778113182886	0.0048593029311744	-0.749219674036949	1.21697806154141	0.844032625395205	0.589750233781089	TRUE
373	1:2.25e+08	1	2.25e+08	0.779637721176278	0.975362113022226	0.319978690836238	0.0293352508615398	0.00504778113182886	0.0048593029311744	-0.749219674036949	1.21697806154141	0.844032625395205	0.589750233781089	TRUE
373	1:220500000	1	220500000	0.779637721176278	0.975362113022226	0.319978690836238	0.0293352508615398	0.00504778113182886	0.0048593029311744	-0.749219674036949	1.21697806154141	0.844032625395205	0.589750233781089	TRUE
373	1:226500000	1	226500000	0.779637721176278	0.975362113022226	0.319978690836238	0.0293352508615398	0.00504778113182886	0.0048593029311744	-0.749219674036949	1.21697806154141	0.844032625395205	0.589750233781089	TRUE
373	1:2.22e+08	1	2.22e+08	0.779637721176278	0.975362113022226	0.319978690836238	0.0293352508615398	0.00504778113182886	0.0048593029311744	-0.749219674036949	1.21697806154141	0.844032625395205	0.589750233781089	TRUE
373	1:216500000	1	216500000	0.779637721176278	0.975362113022226	0.319978690836238	0.0293352508615398	0.00504778113182886	0.0048593029311744	-0.749219674036949	1.21697806154141	0.844032625395205	0.589750233781089	TRUE
373	1:2.21e+08	1	2.21e+08	0.779637721176278	0.975362113022226	0.319978690836238	0.0293352508615398	0.00504778113182886	0.0048593029311744	-0.749219674036949	1.21697806154141	0.844032625395205	0.589750233781089	TRUE
373	1:2.16e+08	1	2.16e+08	0.779637721176278	0.975362113022226	0.319978690836238	0.0293352508615398	0.00504778113182886	0.0048593029311744	-0.749219674036949	1.21697806154141	0.844032625395205	0.589750233781089	TRUE
373	1:232500000	1	232500000	0.779637721176278	0.975362113022226	0.319978690836238	0.0293352508615398	0.00504778113182886	0.0048593029311744	-0.749219674036949	1.21697806154141	0.844032625395205	0.589750233781089	TRUE
373	1:230500000	1	230500000	0.779637721176278	0.975362113022226	0.319978690836238	0.0293352508615398	0.00504778113182886	0.0048593029311744	-0.749219674036949	1.21697806154141	0.844032625395205	0.589750233781089	TRUE
373	1:2.27e+08	1	2.27e+08	0.779637721176278	0.975362113022226	0.319978690836238	0.0293352508615398	0.00504778113182886	0.0048593029311744	-0.749219674036949	1.21697806154141	0.844032625395205	0.589750233781089	TRUE
373	1:223500000	1	223500000	0.779637721176278	0.975362113022226	0.319978690836238	0.0293352508615398	0.00504778113182886	0.0048593029311744	-0.749219674036949	1.21697806154141	0.844032625395205	0.589750233781089	TRUE
373	1:2.26e+08	1	2.26e+08	0.779637721176278	0.975362113022226	0.319978690836238	0.0293352508615398	0.00504778113182886	0.0048593029311744	-0.749219674036949	1.21697806154141	0.844032625395205	0.589750233781089	TRUE
373	1:229500000	1	229500000	0.779637721176278	0.975362113022226	0.319978690836238	0.0293352508615398	0.00504778113182886	0.0048593029311744	-0.749219674036949	1.21697806154141	0.844032625395205	0.589750233781089	TRUE
373	1:227500000	1	227500000	0.779637721176278	0.975362113022226	0.319978690836238	0.0293352508615398	0.00504778113182886	0.0048593029311744	-0.749219674036949	1.21697806154141	0.844032625395205	0.589750233781089	TRUE
373	1:228500000	1	228500000	0.779637721176278	0.975362113022226	0.319978690836238	0.0293352508615398	0.00504778113182886	0.0048593029311744	-0.749219674036949	1.21697806154141	0.844032625395205	0.589750233781089	TRUE
373	1:231500000	1	231500000	0.779637721176278	0.975362113022226	0.319978690836238	0.0293352508615398	0.00504778113182886	0.0048593029311744	-0.749219674036949	1.21697806154141	0.844032625395205	0.589750233781089	TRUE
375	1:77500000	1	77500000	0	0.962471706927808	0.018281708580578	0	0.0201700036125115	0.00144441788445327	0.15524369089027	1.93536208952766	0.753817807712017	0.704809459164826	TRUE
375	1:4.4e+07	1	4.4e+07	0	0.962471706927808	0.018281708580578	0	0.0201700036125115	0.00144441788445327	0.15524369089027	1.93536208952766	0.753817807712017	0.704809459164826	TRUE
375	1:43500000	1	43500000	0	0.962471706927808	0.018281708580578	0	0.0201700036125115	0.00144441788445327	0.15524369089027	1.93536208952766	0.753817807712017	0.704809459164826	TRUE
375	1:7.5e+07	1	7.5e+07	0	0.962471706927808	0.018281708580578	0	0.0201700036125115	0.00144441788445327	0.15524369089027	1.93536208952766	0.753817807712017	0.704809459164826	TRUE
375	1:74500000	1	74500000	0	0.962471706927808	0.018281708580578	0	0.0201700036125115	0.00144441788445327	0.15524369089027	1.93536208952766	0.753817807712017	0.704809459164826	TRUE
375	1:7.6e+07	1	7.6e+07	0	0.962471706927808	0.018281708580578	0	0.0201700036125115	0.00144441788445327	0.15524369089027	1.93536208952766	0.753817807712017	0.704809459164826	TRUE
375	1:49500000	1	49500000	0	0.962471706927808	0.018281708580578	0	0.0201700036125115	0.00144441788445327	0.15524369089027	1.93536208952766	0.753817807712017	0.704809459164826	TRUE
375	1:38500000	1	38500000	0	0.962471706927808	0.018281708580578	0	0.0201700036125115	0.00144441788445327	0.15524369089027	1.93536208952766	0.753817807712017	0.704809459164826	TRUE
375	1:44500000	1	44500000	0	0.962471706927808	0.018281708580578	0	0.0201700036125115	0.00144441788445327	0.15524369089027	1.93536208952766	0.753817807712017	0.704809459164826	TRUE
375	1:7.8e+07	1	7.8e+07	0	0.962471706927808	0.018281708580578	0	0.0201700036125115	0.00144441788445327	0.15524369089027	1.93536208952766	0.753817807712017	0.704809459164826	TRUE
375	1:5e+07	1	5e+07	0	0.962471706927808	0.018281708580578	0	0.0201700036125115	0.00144441788445327	0.15524369089027	1.93536208952766	0.753817807712017	0.704809459164826	TRUE
375	1:75500000	1	75500000	0	0.962471706927808	0.018281708580578	0	0.0201700036125115	0.00144441788445327	0.15524369089027	1.93536208952766	0.753817807712017	0.704809459164826	TRUE
377	1:43500000	1	43500000	0	0.970162900474919	0.0099030653751867	0	0.0214909113609581	0.00113732019179259	0.223403625150052	2.10659676022023	0.159577278048667	0.711103759205645	TRUE
377	1:77500000	1	77500000	0	0.970162900474919	0.0099030653751867	0	0.0214909113609581	0.00113732019179259	0.223403625150052	2.10659676022023	0.159577278048667	0.711103759205645	TRUE
377	1:38500000	1	38500000	0	0.970162900474919	0.0099030653751867	0	0.0214909113609581	0.00113732019179259	0.223403625150052	2.10659676022023	0.159577278048667	0.711103759205645	TRUE
377	1:44500000	1	44500000	0	0.970162900474919	0.0099030653751867	0	0.0214909113609581	0.00113732019179259	0.223403625150052	2.10659676022023	0.159577278048667	0.711103759205645	TRUE
377	1:5e+07	1	5e+07	0	0.970162900474919	0.0099030653751867	0	0.0214909113609581	0.00113732019179259	0.223403625150052	2.10659676022023	0.159577278048667	0.711103759205645	TRUE
377	1:74500000	1	74500000	0	0.970162900474919	0.0099030653751867	0	0.0214909113609581	0.00113732019179259	0.223403625150052	2.10659676022023	0.159577278048667	0.711103759205645	TRUE
377	1:4.4e+07	1	4.4e+07	0	0.970162900474919	0.0099030653751867	0	0.0214909113609581	0.00113732019179259	0.223403625150052	2.10659676022023	0.159577278048667	0.711103759205645	TRUE
377	1:75500000	1	75500000	0	0.970162900474919	0.0099030653751867	0	0.0214909113609581	0.00113732019179259	0.223403625150052	2.10659676022023	0.159577278048667	0.711103759205645	TRUE
377	1:7.8e+07	1	7.8e+07	0	0.970162900474919	0.0099030653751867	0	0.0214909113609581	0.00113732019179259	0.223403625150052	2.10659676022023	0.159577278048667	0.711103759205645	TRUE
377	1:7.5e+07	1	7.5e+07	0	0.970162900474919	0.0099030653751867	0	0.0214909113609581	0.00113732019179259	0.223403625150052	2.10659676022023	0.159577278048667	0.711103759205645	TRUE
377	1:53500000	1	53500000	0	0.970162900474919	0.0099030653751867	0	0.0214909113609581	0.00113732019179259	0.223403625150052	2.10659676022023	0.159577278048667	0.711103759205645	TRUE
377	1:7.6e+07	1	7.6e+07	0	0.970162900474919	0.0099030653751867	0	0.0214909113609581	0.00113732019179259	0.223403625150052	2.10659676022023	0.159577278048667	0.711103759205645	TRUE
377	1:49500000	1	49500000	0	0.970162900474919	0.0099030653751867	0	0.0214909113609581	0.00113732019179259	0.223403625150052	2.10659676022023	0.159577278048667	0.711103759205645	TRUE
377	1:4.3e+07	1	4.3e+07	0	0.970162900474919	0.0099030653751867	0	0.0214909113609581	0.00113732019179259	0.223403625150052	2.10659676022023	0.159577278048667	0.711103759205645	TRUE
387	1:1.18e+08	1	1.18e+08	0.89180712285817	0.971080097832713	0.743736575024918	0.0152562702307833	0.00542993010398552	0.004679760880621	-1.27590915767123	0.621000941414139	0.013876422601599	0.462451637283607	TRUE
387	1:1.23e+08	1	1.23e+08	0.89180712285817	0.971080097832713	0.743736575024918	0.0152562702307833	0.00542993010398552	0.004679760880621	-1.27590915767123	0.621000941414139	0.013876422601599	0.462451637283607	TRUE
387	1:121500000	1	121500000	0.89180712285817	0.971080097832713	0.743736575024918	0.0152562702307833	0.00542993010398552	0.004679760880621	-1.27590915767123	0.621000941414139	0.013876422601599	0.462451637283607	TRUE
387	1:122500000	1	122500000	0.89180712285817	0.971080097832713	0.743736575024918	0.0152562702307833	0.00542993010398552	0.004679760880621	-1.27590915767123	0.621000941414139	0.013876422601599	0.462451637283607	TRUE
387	1:1.24e+08	1	1.24e+08	0.89180712285817	0.971080097832713	0.743736575024918	0.0152562702307833	0.00542993010398552	0.004679760880621	-1.27590915767123	0.621000941414139	0.013876422601599	0.462451637283607	TRUE
387	1:124500000	1	124500000	0.89180712285817	0.971080097832713	0.743736575024918	0.0152562702307833	0.00542993010398552	0.004679760880621	-1.27590915767123	0.621000941414139	0.013876422601599	0.462451637283607	TRUE
387	1:1.19e+08	1	1.19e+08	0.89180712285817	0.971080097832713	0.743736575024918	0.0152562702307833	0.00542993010398552	0.004679760880621	-1.27590915767123	0.621000941414139	0.013876422601599	0.462451637283607	TRUE
387	1:118500000	1	118500000	0.89180712285817	0.971080097832713	0.743736575024918	0.0152562702307833	0.00542993010398552	0.004679760880621	-1.27590915767123	0.621000941414139	0.013876422601599	0.462451637283607	TRUE
387	1:1.21e+08	1	1.21e+08	0.89180712285817	0.971080097832713	0.743736575024918	0.0152562702307833	0.00542993010398552	0.004679760880621	-1.27590915767123	0.621000941414139	0.013876422601599	0.462451637283607	TRUE
387	1:123500000	1	123500000	0.89180712285817	0.971080097832713	0.743736575024918	0.0152562702307833	0.00542993010398552	0.004679760880621	-1.27590915767123	0.621000941414139	0.013876422601599	0.462451637283607	TRUE
387	1:1.22e+08	1	1.22e+08	0.89180712285817	0.971080097832713	0.743736575024918	0.0152562702307833	0.00542993010398552	0.004679760880621	-1.27590915767123	0.621000941414139	0.013876422601599	0.462451637283607	TRUE
396	1:1.84e+08	1	1.84e+08	0.446777652868132	0.969549772394914	0.0931804133767993	0.0882849186408577	0.00873950290675311	0.00303796349591194	-0.276397940595317	1.5978195437371	0.0727176080963666	0.576406407912911	TRUE
396	1:1.6e+08	1	1.6e+08	0.446777652868132	0.969549772394914	0.0931804133767993	0.0882849186408577	0.00873950290675311	0.00303796349591194	-0.276397940595317	1.5978195437371	0.0727176080963666	0.576406407912911	TRUE
396	1:1.59e+08	1	1.59e+08	0.446777652868132	0.969549772394914	0.0931804133767993	0.0882849186408577	0.00873950290675311	0.00303796349591194	-0.276397940595317	1.5978195437371	0.0727176080963666	0.576406407912911	TRUE
396	1:152500000	1	152500000	0.446777652868132	0.969549772394914	0.0931804133767993	0.0882849186408577	0.00873950290675311	0.00303796349591194	-0.276397940595317	1.5978195437371	0.0727176080963666	0.576406407912911	TRUE
396	1:1.63e+08	1	1.63e+08	0.446777652868132	0.969549772394914	0.0931804133767993	0.0882849186408577	0.00873950290675311	0.00303796349591194	-0.276397940595317	1.5978195437371	0.0727176080963666	0.576406407912911	TRUE
396	1:171500000	1	171500000	0.446777652868132	0.969549772394914	0.0931804133767993	0.0882849186408577	0.00873950290675311	0.00303796349591194	-0.276397940595317	1.5978195437371	0.0727176080963666	0.576406407912911	TRUE
396	1:164500000	1	164500000	0.446777652868132	0.969549772394914	0.0931804133767993	0.0882849186408577	0.00873950290675311	0.00303796349591194	-0.276397940595317	1.5978195437371	0.0727176080963666	0.576406407912911	TRUE
396	1:1.54e+08	1	1.54e+08	0.446777652868132	0.969549772394914	0.0931804133767993	0.0882849186408577	0.00873950290675311	0.00303796349591194	-0.276397940595317	1.5978195437371	0.0727176080963666	0.576406407912911	TRUE
396	1:179500000	1	179500000	0.446777652868132	0.969549772394914	0.0931804133767993	0.0882849186408577	0.00873950290675311	0.00303796349591194	-0.276397940595317	1.5978195437371	0.0727176080963666	0.576406407912911	TRUE
396	1:177500000	1	177500000	0.446777652868132	0.969549772394914	0.0931804133767993	0.0882849186408577	0.00873950290675311	0.00303796349591194	-0.276397940595317	1.5978195437371	0.0727176080963666	0.576406407912911	TRUE
396	1:184500000	1	184500000	0.446777652868132	0.969549772394914	0.0931804133767993	0.0882849186408577	0.00873950290675311	0.00303796349591194	-0.276397940595317	1.5978195437371	0.0727176080963666	0.576406407912911	TRUE
396	1:1.66e+08	1	1.66e+08	0.446777652868132	0.969549772394914	0.0931804133767993	0.0882849186408577	0.00873950290675311	0.00303796349591194	-0.276397940595317	1.5978195437371	0.0727176080963666	0.576406407912911	TRUE
396	1:1.56e+08	1	1.56e+08	0.446777652868132	0.969549772394914	0.0931804133767993	0.0882849186408577	0.00873950290675311	0.00303796349591194	-0.276397940595317	1.5978195437371	0.0727176080963666	0.576406407912911	TRUE
396	1:162500000	1	162500000	0.446777652868132	0.969549772394914	0.0931804133767993	0.0882849186408577	0.00873950290675311	0.00303796349591194	-0.276397940595317	1.5978195437371	0.0727176080963666	0.576406407912911	TRUE
396	1:1.67e+08	1	1.67e+08	0.446777652868132	0.969549772394914	0.0931804133767993	0.0882849186408577	0.00873950290675311	0.00303796349591194	-0.276397940595317	1.5978195437371	0.0727176080963666	0.576406407912911	TRUE
396	1:157500000	1	157500000	0.446777652868132	0.969549772394914	0.0931804133767993	0.0882849186408577	0.00873950290675311	0.00303796349591194	-0.276397940595317	1.5978195437371	0.0727176080963666	0.576406407912911	TRUE
396	1:187500000	1	187500000	0.446777652868132	0.969549772394914	0.0931804133767993	0.0882849186408577	0.00873950290675311	0.00303796349591194	-0.276397940595317	1.5978195437371	0.0727176080963666	0.576406407912911	TRUE
396	1:1.69e+08	1	1.69e+08	0.446777652868132	0.969549772394914	0.0931804133767993	0.0882849186408577	0.00873950290675311	0.00303796349591194	-0.276397940595317	1.5978195437371	0.0727176080963666	0.576406407912911	TRUE
396	1:166500000	1	166500000	0.446777652868132	0.969549772394914	0.0931804133767993	0.0882849186408577	0.00873950290675311	0.00303796349591194	-0.276397940595317	1.5978195437371	0.0727176080963666	0.576406407912911	TRUE
396	1:181500000	1	181500000	0.446777652868132	0.969549772394914	0.0931804133767993	0.0882849186408577	0.00873950290675311	0.00303796349591194	-0.276397940595317	1.5978195437371	0.0727176080963666	0.576406407912911	TRUE
396	1:1.92e+08	1	1.92e+08	0.446777652868132	0.969549772394914	0.0931804133767993	0.0882849186408577	0.00873950290675311	0.00303796349591194	-0.276397940595317	1.5978195437371	0.0727176080963666	0.576406407912911	TRUE
396	1:1.86e+08	1	1.86e+08	0.446777652868132	0.969549772394914	0.0931804133767993	0.0882849186408577	0.00873950290675311	0.00303796349591194	-0.276397940595317	1.5978195437371	0.0727176080963666	0.576406407912911	TRUE
396	1:1.88e+08	1	1.88e+08	0.446777652868132	0.969549772394914	0.0931804133767993	0.0882849186408577	0.00873950290675311	0.00303796349591194	-0.276397940595317	1.5978195437371	0.0727176080963666	0.576406407912911	TRUE
396	1:155500000	1	155500000	0.446777652868132	0.969549772394914	0.0931804133767993	0.0882849186408577	0.00873950290675311	0.00303796349591194	-0.276397940595317	1.5978195437371	0.0727176080963666	0.576406407912911	TRUE
396	1:1.8e+08	1	1.8e+08	0.446777652868132	0.969549772394914	0.0931804133767993	0.0882849186408577	0.00873950290675311	0.00303796349591194	-0.276397940595317	1.5978195437371	0.0727176080963666	0.576406407912911	TRUE
396	1:1.57e+08	1	1.57e+08	0.446777652868132	0.969549772394914	0.0931804133767993	0.0882849186408577	0.00873950290675311	0.00303796349591194	-0.276397940595317	1.5978195437371	0.0727176080963666	0.576406407912911	TRUE
396	1:1.89e+08	1	1.89e+08	0.446777652868132	0.969549772394914	0.0931804133767993	0.0882849186408577	0.00873950290675311	0.00303796349591194	-0.276397940595317	1.5978195437371	0.0727176080963666	0.576406407912911	TRUE
396	1:1.75e+08	1	1.75e+08	0.446777652868132	0.969549772394914	0.0931804133767993	0.0882849186408577	0.00873950290675311	0.00303796349591194	-0.276397940595317	1.5978195437371	0.0727176080963666	0.576406407912911	TRUE
396	1:189500000	1	189500000	0.446777652868132	0.969549772394914	0.0931804133767993	0.0882849186408577	0.00873950290675311	0.00303796349591194	-0.276397940595317	1.5978195437371	0.0727176080963666	0.576406407912911	TRUE
396	1:185500000	1	185500000	0.446777652868132	0.969549772394914	0.0931804133767993	0.0882849186408577	0.00873950290675311	0.00303796349591194	-0.276397940595317	1.5978195437371	0.0727176080963666	0.576406407912911	TRUE
396	1:1.85e+08	1	1.85e+08	0.446777652868132	0.969549772394914	0.0931804133767993	0.0882849186408577	0.00873950290675311	0.00303796349591194	-0.276397940595317	1.5978195437371	0.0727176080963666	0.576406407912911	TRUE
396	1:1.91e+08	1	1.91e+08	0.446777652868132	0.969549772394914	0.0931804133767993	0.0882849186408577	0.00873950290675311	0.00303796349591194	-0.276397940595317	1.5978195437371	0.0727176080963666	0.576406407912911	TRUE
396	1:154500000	1	154500000	0.446777652868132	0.969549772394914	0.0931804133767993	0.0882849186408577	0.00873950290675311	0.00303796349591194	-0.276397940595317	1.5978195437371	0.0727176080963666	0.576406407912911	TRUE
396	1:1.65e+08	1	1.65e+08	0.446777652868132	0.969549772394914	0.0931804133767993	0.0882849186408577	0.00873950290675311	0.00303796349591194	-0.276397940595317	1.5978195437371	0.0727176080963666	0.576406407912911	TRUE
396	1:1.79e+08	1	1.79e+08	0.446777652868132	0.969549772394914	0.0931804133767993	0.0882849186408577	0.00873950290675311	0.00303796349591194	-0.276397940595317	1.5978195437371	0.0727176080963666	0.576406407912911	TRUE
396	1:1.62e+08	1	1.62e+08	0.446777652868132	0.969549772394914	0.0931804133767993	0.0882849186408577	0.00873950290675311	0.00303796349591194	-0.276397940595317	1.5978195437371	0.0727176080963666	0.576406407912911	TRUE
396	1:1.74e+08	1	1.74e+08	0.446777652868132	0.969549772394914	0.0931804133767993	0.0882849186408577	0.00873950290675311	0.00303796349591194	-0.276397940595317	1.5978195437371	0.0727176080963666	0.576406407912911	TRUE
396	1:174500000	1	174500000	0.446777652868132	0.969549772394914	0.0931804133767993	0.0882849186408577	0.00873950290675311	0.00303796349591194	-0.276397940595317	1.5978195437371	0.0727176080963666	0.576406407912911	TRUE
396	1:1.52e+08	1	1.52e+08	0.446777652868132	0.969549772394914	0.0931804133767993	0.0882849186408577	0.00873950290675311	0.00303796349591194	-0.276397940595317	1.5978195437371	0.0727176080963666	0.576406407912911	TRUE
396	1:1.68e+08	1	1.68e+08	0.446777652868132	0.969549772394914	0.0931804133767993	0.0882849186408577	0.00873950290675311	0.00303796349591194	-0.276397940595317	1.5978195437371	0.0727176080963666	0.576406407912911	TRUE
396	1:1.61e+08	1	1.61e+08	0.446777652868132	0.969549772394914	0.0931804133767993	0.0882849186408577	0.00873950290675311	0.00303796349591194	-0.276397940595317	1.5978195437371	0.0727176080963666	0.576406407912911	TRUE
396	1:167500000	1	167500000	0.446777652868132	0.969549772394914	0.0931804133767993	0.0882849186408577	0.00873950290675311	0.00303796349591194	-0.276397940595317	1.5978195437371	0.0727176080963666	0.576406407912911	TRUE
396	1:172500000	1	172500000	0.446777652868132	0.969549772394914	0.0931804133767993	0.0882849186408577	0.00873950290675311	0.00303796349591194	-0.276397940595317	1.5978195437371	0.0727176080963666	0.576406407912911	TRUE
396	1:191500000	1	191500000	0.446777652868132	0.969549772394914	0.0931804133767993	0.0882849186408577	0.00873950290675311	0.00303796349591194	-0.276397940595317	1.5978195437371	0.0727176080963666	0.576406407912911	TRUE
396	1:1.51e+08	1	1.51e+08	0.446777652868132	0.969549772394914	0.0931804133767993	0.0882849186408577	0.00873950290675311	0.00303796349591194	-0.276397940595317	1.5978195437371	0.0727176080963666	0.576406407912911	TRUE
396	1:111500000	1	111500000	0.446777652868132	0.969549772394914	0.0931804133767993	0.0882849186408577	0.00873950290675311	0.00303796349591194	-0.276397940595317	1.5978195437371	0.0727176080963666	0.576406407912911	TRUE
396	1:1.77e+08	1	1.77e+08	0.446777652868132	0.969549772394914	0.0931804133767993	0.0882849186408577	0.00873950290675311	0.00303796349591194	-0.276397940595317	1.5978195437371	0.0727176080963666	0.576406407912911	TRUE
396	1:178500000	1	178500000	0.446777652868132	0.969549772394914	0.0931804133767993	0.0882849186408577	0.00873950290675311	0.00303796349591194	-0.276397940595317	1.5978195437371	0.0727176080963666	0.576406407912911	TRUE
396	1:188500000	1	188500000	0.446777652868132	0.969549772394914	0.0931804133767993	0.0882849186408577	0.00873950290675311	0.00303796349591194	-0.276397940595317	1.5978195437371	0.0727176080963666	0.576406407912911	TRUE
396	1:1.9e+08	1	1.9e+08	0.446777652868132	0.969549772394914	0.0931804133767993	0.0882849186408577	0.00873950290675311	0.00303796349591194	-0.276397940595317	1.5978195437371	0.0727176080963666	0.576406407912911	TRUE
396	1:1.87e+08	1	1.87e+08	0.446777652868132	0.969549772394914	0.0931804133767993	0.0882849186408577	0.00873950290675311	0.00303796349591194	-0.276397940595317	1.5978195437371	0.0727176080963666	0.576406407912911	TRUE
396	1:156500000	1	156500000	0.446777652868132	0.969549772394914	0.0931804133767993	0.0882849186408577	0.00873950290675311	0.00303796349591194	-0.276397940595317	1.5978195437371	0.0727176080963666	0.576406407912911	TRUE
396	1:169500000	1	169500000	0.446777652868132	0.969549772394914	0.0931804133767993	0.0882849186408577	0.00873950290675311	0.00303796349591194	-0.276397940595317	1.5978195437371	0.0727176080963666	0.576406407912911	TRUE
396	1:1.76e+08	1	1.76e+08	0.446777652868132	0.969549772394914	0.0931804133767993	0.0882849186408577	0.00873950290675311	0.00303796349591194	-0.276397940595317	1.5978195437371	0.0727176080963666	0.576406407912911	TRUE
396	1:163500000	1	163500000	0.446777652868132	0.969549772394914	0.0931804133767993	0.0882849186408577	0.00873950290675311	0.00303796349591194	-0.276397940595317	1.5978195437371	0.0727176080963666	0.576406407912911	TRUE
396	1:1.64e+08	1	1.64e+08	0.446777652868132	0.969549772394914	0.0931804133767993	0.0882849186408577	0.00873950290675311	0.00303796349591194	-0.276397940595317	1.5978195437371	0.0727176080963666	0.576406407912911	TRUE
396	1:1.71e+08	1	1.71e+08	0.446777652868132	0.969549772394914	0.0931804133767993	0.0882849186408577	0.00873950290675311	0.00303796349591194	-0.276397940595317	1.5978195437371	0.0727176080963666	0.576406407912911	TRUE
396	1:151500000	1	151500000	0.446777652868132	0.969549772394914	0.0931804133767993	0.0882849186408577	0.00873950290675311	0.00303796349591194	-0.276397940595317	1.5978195437371	0.0727176080963666	0.576406407912911	TRUE
396	1:1.7e+08	1	1.7e+08	0.446777652868132	0.969549772394914	0.0931804133767993	0.0882849186408577	0.00873950290675311	0.00303796349591194	-0.276397940595317	1.5978195437371	0.0727176080963666	0.576406407912911	TRUE
396	1:176500000	1	176500000	0.446777652868132	0.969549772394914	0.0931804133767993	0.0882849186408577	0.00873950290675311	0.00303796349591194	-0.276397940595317	1.5978195437371	0.0727176080963666	0.576406407912911	TRUE
396	1:170500000	1	170500000	0.446777652868132	0.969549772394914	0.0931804133767993	0.0882849186408577	0.00873950290675311	0.00303796349591194	-0.276397940595317	1.5978195437371	0.0727176080963666	0.576406407912911	TRUE
396	1:175500000	1	175500000	0.446777652868132	0.969549772394914	0.0931804133767993	0.0882849186408577	0.00873950290675311	0.00303796349591194	-0.276397940595317	1.5978195437371	0.0727176080963666	0.576406407912911	TRUE
396	1:165500000	1	165500000	0.446777652868132	0.969549772394914	0.0931804133767993	0.0882849186408577	0.00873950290675311	0.00303796349591194	-0.276397940595317	1.5978195437371	0.0727176080963666	0.576406407912911	TRUE
396	1:1.78e+08	1	1.78e+08	0.446777652868132	0.969549772394914	0.0931804133767993	0.0882849186408577	0.00873950290675311	0.00303796349591194	-0.276397940595317	1.5978195437371	0.0727176080963666	0.576406407912911	TRUE
396	1:1.53e+08	1	1.53e+08	0.446777652868132	0.969549772394914	0.0931804133767993	0.0882849186408577	0.00873950290675311	0.00303796349591194	-0.276397940595317	1.5978195437371	0.0727176080963666	0.576406407912911	TRUE
396	1:1.55e+08	1	1.55e+08	0.446777652868132	0.969549772394914	0.0931804133767993	0.0882849186408577	0.00873950290675311	0.00303796349591194	-0.276397940595317	1.5978195437371	0.0727176080963666	0.576406407912911	TRUE
396	1:182500000	1	182500000	0.446777652868132	0.969549772394914	0.0931804133767993	0.0882849186408577	0.00873950290675311	0.00303796349591194	-0.276397940595317	1.5978195437371	0.0727176080963666	0.576406407912911	TRUE
396	1:1.72e+08	1	1.72e+08	0.446777652868132	0.969549772394914	0.0931804133767993	0.0882849186408577	0.00873950290675311	0.00303796349591194	-0.276397940595317	1.5978195437371	0.0727176080963666	0.576406407912911	TRUE
396	1:1.73e+08	1	1.73e+08	0.446777652868132	0.969549772394914	0.0931804133767993	0.0882849186408577	0.00873950290675311	0.00303796349591194	-0.276397940595317	1.5978195437371	0.0727176080963666	0.576406407912911	TRUE
400	1:66500000	1	66500000	0	0.955950542959828	0.0203781560226333	0	0.020750358653449	0.00152084407957025	0.170244131361342	1.87575646454274	0.225057991625403	0.701226515934963	TRUE
400	1:63500000	1	63500000	0	0.955950542959828	0.0203781560226333	0	0.020750358653449	0.00152084407957025	0.170244131361342	1.87575646454274	0.225057991625403	0.701226515934963	TRUE
400	1:73500000	1	73500000	0	0.955950542959828	0.0203781560226333	0	0.020750358653449	0.00152084407957025	0.170244131361342	1.87575646454274	0.225057991625403	0.701226515934963	TRUE
400	1:68500000	1	68500000	0	0.955950542959828	0.0203781560226333	0	0.020750358653449	0.00152084407957025	0.170244131361342	1.87575646454274	0.225057991625403	0.701226515934963	TRUE
400	1:72500000	1	72500000	0	0.955950542959828	0.0203781560226333	0	0.020750358653449	0.00152084407957025	0.170244131361342	1.87575646454274	0.225057991625403	0.701226515934963	TRUE
400	1:64500000	1	64500000	0	0.955950542959828	0.0203781560226333	0	0.020750358653449	0.00152084407957025	0.170244131361342	1.87575646454274	0.225057991625403	0.701226515934963	TRUE
400	1:62500000	1	62500000	0	0.955950542959828	0.0203781560226333	0	0.020750358653449	0.00152084407957025	0.170244131361342	1.87575646454274	0.225057991625403	0.701226515934963	TRUE
400	1:7.1e+07	1	7.1e+07	0	0.955950542959828	0.0203781560226333	0	0.020750358653449	0.00152084407957025	0.170244131361342	1.87575646454274	0.225057991625403	0.701226515934963	TRUE
400	1:6.9e+07	1	6.9e+07	0	0.955950542959828	0.0203781560226333	0	0.020750358653449	0.00152084407957025	0.170244131361342	1.87575646454274	0.225057991625403	0.701226515934963	TRUE
400	1:69500000	1	69500000	0	0.955950542959828	0.0203781560226333	0	0.020750358653449	0.00152084407957025	0.170244131361342	1.87575646454274	0.225057991625403	0.701226515934963	TRUE
400	1:6.8e+07	1	6.8e+07	0	0.955950542959828	0.0203781560226333	0	0.020750358653449	0.00152084407957025	0.170244131361342	1.87575646454274	0.225057991625403	0.701226515934963	TRUE
400	1:61500000	1	61500000	0	0.955950542959828	0.0203781560226333	0	0.020750358653449	0.00152084407957025	0.170244131361342	1.87575646454274	0.225057991625403	0.701226515934963	TRUE
400	1:60500000	1	60500000	0	0.955950542959828	0.0203781560226333	0	0.020750358653449	0.00152084407957025	0.170244131361342	1.87575646454274	0.225057991625403	0.701226515934963	TRUE
400	1:71500000	1	71500000	0	0.955950542959828	0.0203781560226333	0	0.020750358653449	0.00152084407957025	0.170244131361342	1.87575646454274	0.225057991625403	0.701226515934963	TRUE
400	1:70500000	1	70500000	0	0.955950542959828	0.0203781560226333	0	0.020750358653449	0.00152084407957025	0.170244131361342	1.87575646454274	0.225057991625403	0.701226515934963	TRUE
401	1:8e+07	1	8e+07	0	0.995194241479482	0.00461597966574015	0	0.00912925373625586	0.00101145682485848	0.00692094922944446	2.59642185347916	0.503640256571298	0.713941092084548	TRUE
401	1:77500000	1	77500000	0	0.995194241479482	0.00461597966574015	0	0.00912925373625586	0.00101145682485848	0.00692094922944446	2.59642185347916	0.503640256571298	0.713941092084548	TRUE
401	1:5e+07	1	5e+07	0	0.995194241479482	0.00461597966574015	0	0.00912925373625586	0.00101145682485848	0.00692094922944446	2.59642185347916	0.503640256571298	0.713941092084548	TRUE
401	1:44500000	1	44500000	0	0.995194241479482	0.00461597966574015	0	0.00912925373625586	0.00101145682485848	0.00692094922944446	2.59642185347916	0.503640256571298	0.713941092084548	TRUE
401	1:7.6e+07	1	7.6e+07	0	0.995194241479482	0.00461597966574015	0	0.00912925373625586	0.00101145682485848	0.00692094922944446	2.59642185347916	0.503640256571298	0.713941092084548	TRUE
401	1:4.4e+07	1	4.4e+07	0	0.995194241479482	0.00461597966574015	0	0.00912925373625586	0.00101145682485848	0.00692094922944446	2.59642185347916	0.503640256571298	0.713941092084548	TRUE
401	1:7.8e+07	1	7.8e+07	0	0.995194241479482	0.00461597966574015	0	0.00912925373625586	0.00101145682485848	0.00692094922944446	2.59642185347916	0.503640256571298	0.713941092084548	TRUE
401	1:53500000	1	53500000	0	0.995194241479482	0.00461597966574015	0	0.00912925373625586	0.00101145682485848	0.00692094922944446	2.59642185347916	0.503640256571298	0.713941092084548	TRUE
401	1:75500000	1	75500000	0	0.995194241479482	0.00461597966574015	0	0.00912925373625586	0.00101145682485848	0.00692094922944446	2.59642185347916	0.503640256571298	0.713941092084548	TRUE
401	1:43500000	1	43500000	0	0.995194241479482	0.00461597966574015	0	0.00912925373625586	0.00101145682485848	0.00692094922944446	2.59642185347916	0.503640256571298	0.713941092084548	TRUE
401	1:7.5e+07	1	7.5e+07	0	0.995194241479482	0.00461597966574015	0	0.00912925373625586	0.00101145682485848	0.00692094922944446	2.59642185347916	0.503640256571298	0.713941092084548	TRUE
401	1:38500000	1	38500000	0	0.995194241479482	0.00461597966574015	0	0.00912925373625586	0.00101145682485848	0.00692094922944446	2.59642185347916	0.503640256571298	0.713941092084548	TRUE
401	1:4.3e+07	1	4.3e+07	0	0.995194241479482	0.00461597966574015	0	0.00912925373625586	0.00101145682485848	0.00692094922944446	2.59642185347916	0.503640256571298	0.713941092084548	TRUE
401	1:74500000	1	74500000	0	0.995194241479482	0.00461597966574015	0	0.00912925373625586	0.00101145682485848	0.00692094922944446	2.59642185347916	0.503640256571298	0.713941092084548	TRUE
401	1:49500000	1	49500000	0	0.995194241479482	0.00461597966574015	0	0.00912925373625586	0.00101145682485848	0.00692094922944446	2.59642185347916	0.503640256571298	0.713941092084548	TRUE
408	1:1.54e+08	1	1.54e+08	0.210651652511338	0.962863005255173	0.0589749048939416	0.132180977983066	0.011897707022688	0.00247567805957559	-0.110742367975798	1.67417950961309	0.0375805220953325	0.582108571536675	TRUE
408	1:1.84e+08	1	1.84e+08	0.210651652511338	0.962863005255173	0.0589749048939416	0.132180977983066	0.011897707022688	0.00247567805957559	-0.110742367975798	1.67417950961309	0.0375805220953325	0.582108571536675	TRUE
408	1:152500000	1	152500000	0.210651652511338	0.962863005255173	0.0589749048939416	0.132180977983066	0.011897707022688	0.00247567805957559	-0.110742367975798	1.67417950961309	0.0375805220953325	0.582108571536675	TRUE
408	1:1.79e+08	1	1.79e+08	0.210651652511338	0.962863005255173	0.0589749048939416	0.132180977983066	0.011897707022688	0.00247567805957559	-0.110742367975798	1.67417950961309	0.0375805220953325	0.582108571536675	TRUE
408	1:172500000	1	172500000	0.210651652511338	0.962863005255173	0.0589749048939416	0.132180977983066	0.011897707022688	0.00247567805957559	-0.110742367975798	1.67417950961309	0.0375805220953325	0.582108571536675	TRUE
408	1:1.9e+08	1	1.9e+08	0.210651652511338	0.962863005255173	0.0589749048939416	0.132180977983066	0.011897707022688	0.00247567805957559	-0.110742367975798	1.67417950961309	0.0375805220953325	0.582108571536675	TRUE
408	1:170500000	1	170500000	0.210651652511338	0.962863005255173	0.0589749048939416	0.132180977983066	0.011897707022688	0.00247567805957559	-0.110742367975798	1.67417950961309	0.0375805220953325	0.582108571536675	TRUE
408	1:1.89e+08	1	1.89e+08	0.210651652511338	0.962863005255173	0.0589749048939416	0.132180977983066	0.011897707022688	0.00247567805957559	-0.110742367975798	1.67417950961309	0.0375805220953325	0.582108571536675	TRUE
408	1:1.52e+08	1	1.52e+08	0.210651652511338	0.962863005255173	0.0589749048939416	0.132180977983066	0.011897707022688	0.00247567805957559	-0.110742367975798	1.67417950961309	0.0375805220953325	0.582108571536675	TRUE
408	1:1.53e+08	1	1.53e+08	0.210651652511338	0.962863005255173	0.0589749048939416	0.132180977983066	0.011897707022688	0.00247567805957559	-0.110742367975798	1.67417950961309	0.0375805220953325	0.582108571536675	TRUE
408	1:1.62e+08	1	1.62e+08	0.210651652511338	0.962863005255173	0.0589749048939416	0.132180977983066	0.011897707022688	0.00247567805957559	-0.110742367975798	1.67417950961309	0.0375805220953325	0.582108571536675	TRUE
408	1:174500000	1	174500000	0.210651652511338	0.962863005255173	0.0589749048939416	0.132180977983066	0.011897707022688	0.00247567805957559	-0.110742367975798	1.67417950961309	0.0375805220953325	0.582108571536675	TRUE
408	1:1.87e+08	1	1.87e+08	0.210651652511338	0.962863005255173	0.0589749048939416	0.132180977983066	0.011897707022688	0.00247567805957559	-0.110742367975798	1.67417950961309	0.0375805220953325	0.582108571536675	TRUE
408	1:1.74e+08	1	1.74e+08	0.210651652511338	0.962863005255173	0.0589749048939416	0.132180977983066	0.011897707022688	0.00247567805957559	-0.110742367975798	1.67417950961309	0.0375805220953325	0.582108571536675	TRUE
408	1:171500000	1	171500000	0.210651652511338	0.962863005255173	0.0589749048939416	0.132180977983066	0.011897707022688	0.00247567805957559	-0.110742367975798	1.67417950961309	0.0375805220953325	0.582108571536675	TRUE
408	1:1.75e+08	1	1.75e+08	0.210651652511338	0.962863005255173	0.0589749048939416	0.132180977983066	0.011897707022688	0.00247567805957559	-0.110742367975798	1.67417950961309	0.0375805220953325	0.582108571536675	TRUE
408	1:177500000	1	177500000	0.210651652511338	0.962863005255173	0.0589749048939416	0.132180977983066	0.011897707022688	0.00247567805957559	-0.110742367975798	1.67417950961309	0.0375805220953325	0.582108571536675	TRUE
408	1:182500000	1	182500000	0.210651652511338	0.962863005255173	0.0589749048939416	0.132180977983066	0.011897707022688	0.00247567805957559	-0.110742367975798	1.67417950961309	0.0375805220953325	0.582108571536675	TRUE
408	1:184500000	1	184500000	0.210651652511338	0.962863005255173	0.0589749048939416	0.132180977983066	0.011897707022688	0.00247567805957559	-0.110742367975798	1.67417950961309	0.0375805220953325	0.582108571536675	TRUE
408	1:1.71e+08	1	1.71e+08	0.210651652511338	0.962863005255173	0.0589749048939416	0.132180977983066	0.011897707022688	0.00247567805957559	-0.110742367975798	1.67417950961309	0.0375805220953325	0.582108571536675	TRUE
408	1:1.64e+08	1	1.64e+08	0.210651652511338	0.962863005255173	0.0589749048939416	0.132180977983066	0.011897707022688	0.00247567805957559	-0.110742367975798	1.67417950961309	0.0375805220953325	0.582108571536675	TRUE
408	1:1.7e+08	1	1.7e+08	0.210651652511338	0.962863005255173	0.0589749048939416	0.132180977983066	0.011897707022688	0.00247567805957559	-0.110742367975798	1.67417950961309	0.0375805220953325	0.582108571536675	TRUE
408	1:1.59e+08	1	1.59e+08	0.210651652511338	0.962863005255173	0.0589749048939416	0.132180977983066	0.011897707022688	0.00247567805957559	-0.110742367975798	1.67417950961309	0.0375805220953325	0.582108571536675	TRUE
408	1:175500000	1	175500000	0.210651652511338	0.962863005255173	0.0589749048939416	0.132180977983066	0.011897707022688	0.00247567805957559	-0.110742367975798	1.67417950961309	0.0375805220953325	0.582108571536675	TRUE
408	1:187500000	1	187500000	0.210651652511338	0.962863005255173	0.0589749048939416	0.132180977983066	0.011897707022688	0.00247567805957559	-0.110742367975798	1.67417950961309	0.0375805220953325	0.582108571536675	TRUE
408	1:156500000	1	156500000	0.210651652511338	0.962863005255173	0.0589749048939416	0.132180977983066	0.011897707022688	0.00247567805957559	-0.110742367975798	1.67417950961309	0.0375805220953325	0.582108571536675	TRUE
408	1:1.66e+08	1	1.66e+08	0.210651652511338	0.962863005255173	0.0589749048939416	0.132180977983066	0.011897707022688	0.00247567805957559	-0.110742367975798	1.67417950961309	0.0375805220953325	0.582108571536675	TRUE
408	1:1.56e+08	1	1.56e+08	0.210651652511338	0.962863005255173	0.0589749048939416	0.132180977983066	0.011897707022688	0.00247567805957559	-0.110742367975798	1.67417950961309	0.0375805220953325	0.582108571536675	TRUE
408	1:1.63e+08	1	1.63e+08	0.210651652511338	0.962863005255173	0.0589749048939416	0.132180977983066	0.011897707022688	0.00247567805957559	-0.110742367975798	1.67417950961309	0.0375805220953325	0.582108571536675	TRUE
408	1:166500000	1	166500000	0.210651652511338	0.962863005255173	0.0589749048939416	0.132180977983066	0.011897707022688	0.00247567805957559	-0.110742367975798	1.67417950961309	0.0375805220953325	0.582108571536675	TRUE
408	1:1.6e+08	1	1.6e+08	0.210651652511338	0.962863005255173	0.0589749048939416	0.132180977983066	0.011897707022688	0.00247567805957559	-0.110742367975798	1.67417950961309	0.0375805220953325	0.582108571536675	TRUE
408	1:1.78e+08	1	1.78e+08	0.210651652511338	0.962863005255173	0.0589749048939416	0.132180977983066	0.011897707022688	0.00247567805957559	-0.110742367975798	1.67417950961309	0.0375805220953325	0.582108571536675	TRUE
408	1:162500000	1	162500000	0.210651652511338	0.962863005255173	0.0589749048939416	0.132180977983066	0.011897707022688	0.00247567805957559	-0.110742367975798	1.67417950961309	0.0375805220953325	0.582108571536675	TRUE
408	1:157500000	1	157500000	0.210651652511338	0.962863005255173	0.0589749048939416	0.132180977983066	0.011897707022688	0.00247567805957559	-0.110742367975798	1.67417950961309	0.0375805220953325	0.582108571536675	TRUE
408	1:111500000	1	111500000	0.210651652511338	0.962863005255173	0.0589749048939416	0.132180977983066	0.011897707022688	0.00247567805957559	-0.110742367975798	1.67417950961309	0.0375805220953325	0.582108571536675	TRUE
408	1:1.88e+08	1	1.88e+08	0.210651652511338	0.962863005255173	0.0589749048939416	0.132180977983066	0.011897707022688	0.00247567805957559	-0.110742367975798	1.67417950961309	0.0375805220953325	0.582108571536675	TRUE
408	1:181500000	1	181500000	0.210651652511338	0.962863005255173	0.0589749048939416	0.132180977983066	0.011897707022688	0.00247567805957559	-0.110742367975798	1.67417950961309	0.0375805220953325	0.582108571536675	TRUE
408	1:183500000	1	183500000	0.210651652511338	0.962863005255173	0.0589749048939416	0.132180977983066	0.011897707022688	0.00247567805957559	-0.110742367975798	1.67417950961309	0.0375805220953325	0.582108571536675	TRUE
408	1:1.76e+08	1	1.76e+08	0.210651652511338	0.962863005255173	0.0589749048939416	0.132180977983066	0.011897707022688	0.00247567805957559	-0.110742367975798	1.67417950961309	0.0375805220953325	0.582108571536675	TRUE
408	1:167500000	1	167500000	0.210651652511338	0.962863005255173	0.0589749048939416	0.132180977983066	0.011897707022688	0.00247567805957559	-0.110742367975798	1.67417950961309	0.0375805220953325	0.582108571536675	TRUE
408	1:189500000	1	189500000	0.210651652511338	0.962863005255173	0.0589749048939416	0.132180977983066	0.011897707022688	0.00247567805957559	-0.110742367975798	1.67417950961309	0.0375805220953325	0.582108571536675	TRUE
408	1:165500000	1	165500000	0.210651652511338	0.962863005255173	0.0589749048939416	0.132180977983066	0.011897707022688	0.00247567805957559	-0.110742367975798	1.67417950961309	0.0375805220953325	0.582108571536675	TRUE
408	1:185500000	1	185500000	0.210651652511338	0.962863005255173	0.0589749048939416	0.132180977983066	0.011897707022688	0.00247567805957559	-0.110742367975798	1.67417950961309	0.0375805220953325	0.582108571536675	TRUE
408	1:1.85e+08	1	1.85e+08	0.210651652511338	0.962863005255173	0.0589749048939416	0.132180977983066	0.011897707022688	0.00247567805957559	-0.110742367975798	1.67417950961309	0.0375805220953325	0.582108571536675	TRUE
408	1:190500000	1	190500000	0.210651652511338	0.962863005255173	0.0589749048939416	0.132180977983066	0.011897707022688	0.00247567805957559	-0.110742367975798	1.67417950961309	0.0375805220953325	0.582108571536675	TRUE
408	1:1.72e+08	1	1.72e+08	0.210651652511338	0.962863005255173	0.0589749048939416	0.132180977983066	0.011897707022688	0.00247567805957559	-0.110742367975798	1.67417950961309	0.0375805220953325	0.582108571536675	TRUE
408	1:1.8e+08	1	1.8e+08	0.210651652511338	0.962863005255173	0.0589749048939416	0.132180977983066	0.011897707022688	0.00247567805957559	-0.110742367975798	1.67417950961309	0.0375805220953325	0.582108571536675	TRUE
408	1:178500000	1	178500000	0.210651652511338	0.962863005255173	0.0589749048939416	0.132180977983066	0.011897707022688	0.00247567805957559	-0.110742367975798	1.67417950961309	0.0375805220953325	0.582108571536675	TRUE
408	1:164500000	1	164500000	0.210651652511338	0.962863005255173	0.0589749048939416	0.132180977983066	0.011897707022688	0.00247567805957559	-0.110742367975798	1.67417950961309	0.0375805220953325	0.582108571536675	TRUE
408	1:163500000	1	163500000	0.210651652511338	0.962863005255173	0.0589749048939416	0.132180977983066	0.011897707022688	0.00247567805957559	-0.110742367975798	1.67417950961309	0.0375805220953325	0.582108571536675	TRUE
408	1:191500000	1	191500000	0.210651652511338	0.962863005255173	0.0589749048939416	0.132180977983066	0.011897707022688	0.00247567805957559	-0.110742367975798	1.67417950961309	0.0375805220953325	0.582108571536675	TRUE
408	1:1.65e+08	1	1.65e+08	0.210651652511338	0.962863005255173	0.0589749048939416	0.132180977983066	0.011897707022688	0.00247567805957559	-0.110742367975798	1.67417950961309	0.0375805220953325	0.582108571536675	TRUE
408	1:1.68e+08	1	1.68e+08	0.210651652511338	0.962863005255173	0.0589749048939416	0.132180977983066	0.011897707022688	0.00247567805957559	-0.110742367975798	1.67417950961309	0.0375805220953325	0.582108571536675	TRUE
408	1:1.61e+08	1	1.61e+08	0.210651652511338	0.962863005255173	0.0589749048939416	0.132180977983066	0.011897707022688	0.00247567805957559	-0.110742367975798	1.67417950961309	0.0375805220953325	0.582108571536675	TRUE
408	1:155500000	1	155500000	0.210651652511338	0.962863005255173	0.0589749048939416	0.132180977983066	0.011897707022688	0.00247567805957559	-0.110742367975798	1.67417950961309	0.0375805220953325	0.582108571536675	TRUE
408	1:1.51e+08	1	1.51e+08	0.210651652511338	0.962863005255173	0.0589749048939416	0.132180977983066	0.011897707022688	0.00247567805957559	-0.110742367975798	1.67417950961309	0.0375805220953325	0.582108571536675	TRUE
408	1:169500000	1	169500000	0.210651652511338	0.962863005255173	0.0589749048939416	0.132180977983066	0.011897707022688	0.00247567805957559	-0.110742367975798	1.67417950961309	0.0375805220953325	0.582108571536675	TRUE
408	1:154500000	1	154500000	0.210651652511338	0.962863005255173	0.0589749048939416	0.132180977983066	0.011897707022688	0.00247567805957559	-0.110742367975798	1.67417950961309	0.0375805220953325	0.582108571536675	TRUE
408	1:1.73e+08	1	1.73e+08	0.210651652511338	0.962863005255173	0.0589749048939416	0.132180977983066	0.011897707022688	0.00247567805957559	-0.110742367975798	1.67417950961309	0.0375805220953325	0.582108571536675	TRUE
408	1:1.55e+08	1	1.55e+08	0.210651652511338	0.962863005255173	0.0589749048939416	0.132180977983066	0.011897707022688	0.00247567805957559	-0.110742367975798	1.67417950961309	0.0375805220953325	0.582108571536675	TRUE
408	1:1.67e+08	1	1.67e+08	0.210651652511338	0.962863005255173	0.0589749048939416	0.132180977983066	0.011897707022688	0.00247567805957559	-0.110742367975798	1.67417950961309	0.0375805220953325	0.582108571536675	TRUE
408	1:1.92e+08	1	1.92e+08	0.210651652511338	0.962863005255173	0.0589749048939416	0.132180977983066	0.011897707022688	0.00247567805957559	-0.110742367975798	1.67417950961309	0.0375805220953325	0.582108571536675	TRUE
408	1:179500000	1	179500000	0.210651652511338	0.962863005255173	0.0589749048939416	0.132180977983066	0.011897707022688	0.00247567805957559	-0.110742367975798	1.67417950961309	0.0375805220953325	0.582108571536675	TRUE
408	1:1.91e+08	1	1.91e+08	0.210651652511338	0.962863005255173	0.0589749048939416	0.132180977983066	0.011897707022688	0.00247567805957559	-0.110742367975798	1.67417950961309	0.0375805220953325	0.582108571536675	TRUE
408	1:1.77e+08	1	1.77e+08	0.210651652511338	0.962863005255173	0.0589749048939416	0.132180977983066	0.011897707022688	0.00247567805957559	-0.110742367975798	1.67417950961309	0.0375805220953325	0.582108571536675	TRUE
408	1:1.57e+08	1	1.57e+08	0.210651652511338	0.962863005255173	0.0589749048939416	0.132180977983066	0.011897707022688	0.00247567805957559	-0.110742367975798	1.67417950961309	0.0375805220953325	0.582108571536675	TRUE
408	1:1.86e+08	1	1.86e+08	0.210651652511338	0.962863005255173	0.0589749048939416	0.132180977983066	0.011897707022688	0.00247567805957559	-0.110742367975798	1.67417950961309	0.0375805220953325	0.582108571536675	TRUE
408	1:188500000	1	188500000	0.210651652511338	0.962863005255173	0.0589749048939416	0.132180977983066	0.011897707022688	0.00247567805957559	-0.110742367975798	1.67417950961309	0.0375805220953325	0.582108571536675	TRUE
408	1:1.69e+08	1	1.69e+08	0.210651652511338	0.962863005255173	0.0589749048939416	0.132180977983066	0.011897707022688	0.00247567805957559	-0.110742367975798	1.67417950961309	0.0375805220953325	0.582108571536675	TRUE
408	1:176500000	1	176500000	0.210651652511338	0.962863005255173	0.0589749048939416	0.132180977983066	0.011897707022688	0.00247567805957559	-0.110742367975798	1.67417950961309	0.0375805220953325	0.582108571536675	TRUE
408	1:151500000	1	151500000	0.210651652511338	0.962863005255173	0.0589749048939416	0.132180977983066	0.011897707022688	0.00247567805957559	-0.110742367975798	1.67417950961309	0.0375805220953325	0.582108571536675	TRUE
448	1:1.53e+08	1	1.53e+08	0	0.961130147371144	0.0137167891153894	0	0.0280180911217876	0.00133947772177202	0.220669176538306	1.98462328877654	0.259707833849411	0.626061177472075	TRUE
448	1:181500000	1	181500000	0	0.961130147371144	0.0137167891153894	0	0.0280180911217876	0.00133947772177202	0.220669176538306	1.98462328877654	0.259707833849411	0.626061177472075	TRUE
448	1:1.59e+08	1	1.59e+08	0	0.961130147371144	0.0137167891153894	0	0.0280180911217876	0.00133947772177202	0.220669176538306	1.98462328877654	0.259707833849411	0.626061177472075	TRUE
448	1:151500000	1	151500000	0	0.961130147371144	0.0137167891153894	0	0.0280180911217876	0.00133947772177202	0.220669176538306	1.98462328877654	0.259707833849411	0.626061177472075	TRUE
448	1:189500000	1	189500000	0	0.961130147371144	0.0137167891153894	0	0.0280180911217876	0.00133947772177202	0.220669176538306	1.98462328877654	0.259707833849411	0.626061177472075	TRUE
448	1:1.9e+08	1	1.9e+08	0	0.961130147371144	0.0137167891153894	0	0.0280180911217876	0.00133947772177202	0.220669176538306	1.98462328877654	0.259707833849411	0.626061177472075	TRUE
448	1:1.89e+08	1	1.89e+08	0	0.961130147371144	0.0137167891153894	0	0.0280180911217876	0.00133947772177202	0.220669176538306	1.98462328877654	0.259707833849411	0.626061177472075	TRUE
448	1:174500000	1	174500000	0	0.961130147371144	0.0137167891153894	0	0.0280180911217876	0.00133947772177202	0.220669176538306	1.98462328877654	0.259707833849411	0.626061177472075	TRUE
448	1:167500000	1	167500000	0	0.961130147371144	0.0137167891153894	0	0.0280180911217876	0.00133947772177202	0.220669176538306	1.98462328877654	0.259707833849411	0.626061177472075	TRUE
448	1:86500000	1	86500000	0	0.961130147371144	0.0137167891153894	0	0.0280180911217876	0.00133947772177202	0.220669176538306	1.98462328877654	0.259707833849411	0.626061177472075	TRUE
448	1:171500000	1	171500000	0	0.961130147371144	0.0137167891153894	0	0.0280180911217876	0.00133947772177202	0.220669176538306	1.98462328877654	0.259707833849411	0.626061177472075	TRUE
448	1:162500000	1	162500000	0	0.961130147371144	0.0137167891153894	0	0.0280180911217876	0.00133947772177202	0.220669176538306	1.98462328877654	0.259707833849411	0.626061177472075	TRUE
448	1:1.8e+08	1	1.8e+08	0	0.961130147371144	0.0137167891153894	0	0.0280180911217876	0.00133947772177202	0.220669176538306	1.98462328877654	0.259707833849411	0.626061177472075	TRUE
448	1:152500000	1	152500000	0	0.961130147371144	0.0137167891153894	0	0.0280180911217876	0.00133947772177202	0.220669176538306	1.98462328877654	0.259707833849411	0.626061177472075	TRUE
448	1:1.62e+08	1	1.62e+08	0	0.961130147371144	0.0137167891153894	0	0.0280180911217876	0.00133947772177202	0.220669176538306	1.98462328877654	0.259707833849411	0.626061177472075	TRUE
448	1:87500000	1	87500000	0	0.961130147371144	0.0137167891153894	0	0.0280180911217876	0.00133947772177202	0.220669176538306	1.98462328877654	0.259707833849411	0.626061177472075	TRUE
448	1:154500000	1	154500000	0	0.961130147371144	0.0137167891153894	0	0.0280180911217876	0.00133947772177202	0.220669176538306	1.98462328877654	0.259707833849411	0.626061177472075	TRUE
448	1:1.79e+08	1	1.79e+08	0	0.961130147371144	0.0137167891153894	0	0.0280180911217876	0.00133947772177202	0.220669176538306	1.98462328877654	0.259707833849411	0.626061177472075	TRUE
448	1:1.01e+08	1	1.01e+08	0	0.961130147371144	0.0137167891153894	0	0.0280180911217876	0.00133947772177202	0.220669176538306	1.98462328877654	0.259707833849411	0.626061177472075	TRUE
448	1:182500000	1	182500000	0	0.961130147371144	0.0137167891153894	0	0.0280180911217876	0.00133947772177202	0.220669176538306	1.98462328877654	0.259707833849411	0.626061177472075	TRUE
448	1:1.78e+08	1	1.78e+08	0	0.961130147371144	0.0137167891153894	0	0.0280180911217876	0.00133947772177202	0.220669176538306	1.98462328877654	0.259707833849411	0.626061177472075	TRUE
448	1:1.65e+08	1	1.65e+08	0	0.961130147371144	0.0137167891153894	0	0.0280180911217876	0.00133947772177202	0.220669176538306	1.98462328877654	0.259707833849411	0.626061177472075	TRUE
448	1:1.54e+08	1	1.54e+08	0	0.961130147371144	0.0137167891153894	0	0.0280180911217876	0.00133947772177202	0.220669176538306	1.98462328877654	0.259707833849411	0.626061177472075	TRUE
448	1:156500000	1	156500000	0	0.961130147371144	0.0137167891153894	0	0.0280180911217876	0.00133947772177202	0.220669176538306	1.98462328877654	0.259707833849411	0.626061177472075	TRUE
448	1:184500000	1	184500000	0	0.961130147371144	0.0137167891153894	0	0.0280180911217876	0.00133947772177202	0.220669176538306	1.98462328877654	0.259707833849411	0.626061177472075	TRUE
448	1:166500000	1	166500000	0	0.961130147371144	0.0137167891153894	0	0.0280180911217876	0.00133947772177202	0.220669176538306	1.98462328877654	0.259707833849411	0.626061177472075	TRUE
448	1:1.85e+08	1	1.85e+08	0	0.961130147371144	0.0137167891153894	0	0.0280180911217876	0.00133947772177202	0.220669176538306	1.98462328877654	0.259707833849411	0.626061177472075	TRUE
448	1:163500000	1	163500000	0	0.961130147371144	0.0137167891153894	0	0.0280180911217876	0.00133947772177202	0.220669176538306	1.98462328877654	0.259707833849411	0.626061177472075	TRUE
448	1:99500000	1	99500000	0	0.961130147371144	0.0137167891153894	0	0.0280180911217876	0.00133947772177202	0.220669176538306	1.98462328877654	0.259707833849411	0.626061177472075	TRUE
448	1:1.67e+08	1	1.67e+08	0	0.961130147371144	0.0137167891153894	0	0.0280180911217876	0.00133947772177202	0.220669176538306	1.98462328877654	0.259707833849411	0.626061177472075	TRUE
448	1:178500000	1	178500000	0	0.961130147371144	0.0137167891153894	0	0.0280180911217876	0.00133947772177202	0.220669176538306	1.98462328877654	0.259707833849411	0.626061177472075	TRUE
448	1:176500000	1	176500000	0	0.961130147371144	0.0137167891153894	0	0.0280180911217876	0.00133947772177202	0.220669176538306	1.98462328877654	0.259707833849411	0.626061177472075	TRUE
448	1:1.84e+08	1	1.84e+08	0	0.961130147371144	0.0137167891153894	0	0.0280180911217876	0.00133947772177202	0.220669176538306	1.98462328877654	0.259707833849411	0.626061177472075	TRUE
448	1:1.88e+08	1	1.88e+08	0	0.961130147371144	0.0137167891153894	0	0.0280180911217876	0.00133947772177202	0.220669176538306	1.98462328877654	0.259707833849411	0.626061177472075	TRUE
448	1:1.63e+08	1	1.63e+08	0	0.961130147371144	0.0137167891153894	0	0.0280180911217876	0.00133947772177202	0.220669176538306	1.98462328877654	0.259707833849411	0.626061177472075	TRUE
448	1:165500000	1	165500000	0	0.961130147371144	0.0137167891153894	0	0.0280180911217876	0.00133947772177202	0.220669176538306	1.98462328877654	0.259707833849411	0.626061177472075	TRUE
448	1:157500000	1	157500000	0	0.961130147371144	0.0137167891153894	0	0.0280180911217876	0.00133947772177202	0.220669176538306	1.98462328877654	0.259707833849411	0.626061177472075	TRUE
448	1:1.72e+08	1	1.72e+08	0	0.961130147371144	0.0137167891153894	0	0.0280180911217876	0.00133947772177202	0.220669176538306	1.98462328877654	0.259707833849411	0.626061177472075	TRUE
448	1:155500000	1	155500000	0	0.961130147371144	0.0137167891153894	0	0.0280180911217876	0.00133947772177202	0.220669176538306	1.98462328877654	0.259707833849411	0.626061177472075	TRUE
448	1:1.66e+08	1	1.66e+08	0	0.961130147371144	0.0137167891153894	0	0.0280180911217876	0.00133947772177202	0.220669176538306	1.98462328877654	0.259707833849411	0.626061177472075	TRUE
448	1:1.56e+08	1	1.56e+08	0	0.961130147371144	0.0137167891153894	0	0.0280180911217876	0.00133947772177202	0.220669176538306	1.98462328877654	0.259707833849411	0.626061177472075	TRUE
448	1:84500000	1	84500000	0	0.961130147371144	0.0137167891153894	0	0.0280180911217876	0.00133947772177202	0.220669176538306	1.98462328877654	0.259707833849411	0.626061177472075	TRUE
448	1:1.6e+08	1	1.6e+08	0	0.961130147371144	0.0137167891153894	0	0.0280180911217876	0.00133947772177202	0.220669176538306	1.98462328877654	0.259707833849411	0.626061177472075	TRUE
448	1:1.76e+08	1	1.76e+08	0	0.961130147371144	0.0137167891153894	0	0.0280180911217876	0.00133947772177202	0.220669176538306	1.98462328877654	0.259707833849411	0.626061177472075	TRUE
448	1:1.7e+08	1	1.7e+08	0	0.961130147371144	0.0137167891153894	0	0.0280180911217876	0.00133947772177202	0.220669176538306	1.98462328877654	0.259707833849411	0.626061177472075	TRUE
448	1:1.71e+08	1	1.71e+08	0	0.961130147371144	0.0137167891153894	0	0.0280180911217876	0.00133947772177202	0.220669176538306	1.98462328877654	0.259707833849411	0.626061177472075	TRUE
448	1:179500000	1	179500000	0	0.961130147371144	0.0137167891153894	0	0.0280180911217876	0.00133947772177202	0.220669176538306	1.98462328877654	0.259707833849411	0.626061177472075	TRUE
448	1:175500000	1	175500000	0	0.961130147371144	0.0137167891153894	0	0.0280180911217876	0.00133947772177202	0.220669176538306	1.98462328877654	0.259707833849411	0.626061177472075	TRUE
448	1:1.86e+08	1	1.86e+08	0	0.961130147371144	0.0137167891153894	0	0.0280180911217876	0.00133947772177202	0.220669176538306	1.98462328877654	0.259707833849411	0.626061177472075	TRUE
448	1:1.75e+08	1	1.75e+08	0	0.961130147371144	0.0137167891153894	0	0.0280180911217876	0.00133947772177202	0.220669176538306	1.98462328877654	0.259707833849411	0.626061177472075	TRUE
448	1:188500000	1	188500000	0	0.961130147371144	0.0137167891153894	0	0.0280180911217876	0.00133947772177202	0.220669176538306	1.98462328877654	0.259707833849411	0.626061177472075	TRUE
448	1:111500000	1	111500000	0	0.961130147371144	0.0137167891153894	0	0.0280180911217876	0.00133947772177202	0.220669176538306	1.98462328877654	0.259707833849411	0.626061177472075	TRUE
448	1:1.74e+08	1	1.74e+08	0	0.961130147371144	0.0137167891153894	0	0.0280180911217876	0.00133947772177202	0.220669176538306	1.98462328877654	0.259707833849411	0.626061177472075	TRUE
448	1:185500000	1	185500000	0	0.961130147371144	0.0137167891153894	0	0.0280180911217876	0.00133947772177202	0.220669176538306	1.98462328877654	0.259707833849411	0.626061177472075	TRUE
448	1:183500000	1	183500000	0	0.961130147371144	0.0137167891153894	0	0.0280180911217876	0.00133947772177202	0.220669176538306	1.98462328877654	0.259707833849411	0.626061177472075	TRUE
448	1:190500000	1	190500000	0	0.961130147371144	0.0137167891153894	0	0.0280180911217876	0.00133947772177202	0.220669176538306	1.98462328877654	0.259707833849411	0.626061177472075	TRUE
448	1:1.61e+08	1	1.61e+08	0	0.961130147371144	0.0137167891153894	0	0.0280180911217876	0.00133947772177202	0.220669176538306	1.98462328877654	0.259707833849411	0.626061177472075	TRUE
448	1:177500000	1	177500000	0	0.961130147371144	0.0137167891153894	0	0.0280180911217876	0.00133947772177202	0.220669176538306	1.98462328877654	0.259707833849411	0.626061177472075	TRUE
448	1:1.73e+08	1	1.73e+08	0	0.961130147371144	0.0137167891153894	0	0.0280180911217876	0.00133947772177202	0.220669176538306	1.98462328877654	0.259707833849411	0.626061177472075	TRUE
448	1:1.68e+08	1	1.68e+08	0	0.961130147371144	0.0137167891153894	0	0.0280180911217876	0.00133947772177202	0.220669176538306	1.98462328877654	0.259707833849411	0.626061177472075	TRUE
448	1:170500000	1	170500000	0	0.961130147371144	0.0137167891153894	0	0.0280180911217876	0.00133947772177202	0.220669176538306	1.98462328877654	0.259707833849411	0.626061177472075	TRUE
448	1:1.52e+08	1	1.52e+08	0	0.961130147371144	0.0137167891153894	0	0.0280180911217876	0.00133947772177202	0.220669176538306	1.98462328877654	0.259707833849411	0.626061177472075	TRUE
448	1:1.77e+08	1	1.77e+08	0	0.961130147371144	0.0137167891153894	0	0.0280180911217876	0.00133947772177202	0.220669176538306	1.98462328877654	0.259707833849411	0.626061177472075	TRUE
448	1:1.55e+08	1	1.55e+08	0	0.961130147371144	0.0137167891153894	0	0.0280180911217876	0.00133947772177202	0.220669176538306	1.98462328877654	0.259707833849411	0.626061177472075	TRUE
448	1:1.57e+08	1	1.57e+08	0	0.961130147371144	0.0137167891153894	0	0.0280180911217876	0.00133947772177202	0.220669176538306	1.98462328877654	0.259707833849411	0.626061177472075	TRUE
448	1:1.69e+08	1	1.69e+08	0	0.961130147371144	0.0137167891153894	0	0.0280180911217876	0.00133947772177202	0.220669176538306	1.98462328877654	0.259707833849411	0.626061177472075	TRUE
448	1:85500000	1	85500000	0	0.961130147371144	0.0137167891153894	0	0.0280180911217876	0.00133947772177202	0.220669176538306	1.98462328877654	0.259707833849411	0.626061177472075	TRUE
448	1:191500000	1	191500000	0	0.961130147371144	0.0137167891153894	0	0.0280180911217876	0.00133947772177202	0.220669176538306	1.98462328877654	0.259707833849411	0.626061177472075	TRUE
448	1:164500000	1	164500000	0	0.961130147371144	0.0137167891153894	0	0.0280180911217876	0.00133947772177202	0.220669176538306	1.98462328877654	0.259707833849411	0.626061177472075	TRUE
448	1:8.6e+07	1	8.6e+07	0	0.961130147371144	0.0137167891153894	0	0.0280180911217876	0.00133947772177202	0.220669176538306	1.98462328877654	0.259707833849411	0.626061177472075	TRUE
448	1:1.92e+08	1	1.92e+08	0	0.961130147371144	0.0137167891153894	0	0.0280180911217876	0.00133947772177202	0.220669176538306	1.98462328877654	0.259707833849411	0.626061177472075	TRUE
448	1:1.51e+08	1	1.51e+08	0	0.961130147371144	0.0137167891153894	0	0.0280180911217876	0.00133947772177202	0.220669176538306	1.98462328877654	0.259707833849411	0.626061177472075	TRUE
448	1:1.91e+08	1	1.91e+08	0	0.961130147371144	0.0137167891153894	0	0.0280180911217876	0.00133947772177202	0.220669176538306	1.98462328877654	0.259707833849411	0.626061177472075	TRUE
448	1:1.87e+08	1	1.87e+08	0	0.961130147371144	0.0137167891153894	0	0.0280180911217876	0.00133947772177202	0.220669176538306	1.98462328877654	0.259707833849411	0.626061177472075	TRUE
448	1:172500000	1	172500000	0	0.961130147371144	0.0137167891153894	0	0.0280180911217876	0.00133947772177202	0.220669176538306	1.98462328877654	0.259707833849411	0.626061177472075	TRUE
448	1:187500000	1	187500000	0	0.961130147371144	0.0137167891153894	0	0.0280180911217876	0.00133947772177202	0.220669176538306	1.98462328877654	0.259707833849411	0.626061177472075	TRUE
448	1:8.7e+07	1	8.7e+07	0	0.961130147371144	0.0137167891153894	0	0.0280180911217876	0.00133947772177202	0.220669176538306	1.98462328877654	0.259707833849411	0.626061177472075	TRUE
448	1:169500000	1	169500000	0	0.961130147371144	0.0137167891153894	0	0.0280180911217876	0.00133947772177202	0.220669176538306	1.98462328877654	0.259707833849411	0.626061177472075	TRUE
448	1:101500000	1	101500000	0	0.961130147371144	0.0137167891153894	0	0.0280180911217876	0.00133947772177202	0.220669176538306	1.98462328877654	0.259707833849411	0.626061177472075	TRUE
448	1:1.64e+08	1	1.64e+08	0	0.961130147371144	0.0137167891153894	0	0.0280180911217876	0.00133947772177202	0.220669176538306	1.98462328877654	0.259707833849411	0.626061177472075	TRUE
460	1:71500000	1	71500000	0	0.955722782919273	0.00679660505595928	0	0.0621717198493068	0.00140250017973389	0.382382202566285	2.08545506275215	0.778161011103345	0.713708134053517	TRUE
460	1:63500000	1	63500000	0	0.955722782919273	0.00679660505595928	0	0.0621717198493068	0.00140250017973389	0.382382202566285	2.08545506275215	0.778161011103345	0.713708134053517	TRUE
460	1:6.8e+07	1	6.8e+07	0	0.955722782919273	0.00679660505595928	0	0.0621717198493068	0.00140250017973389	0.382382202566285	2.08545506275215	0.778161011103345	0.713708134053517	TRUE
460	1:7.1e+07	1	7.1e+07	0	0.955722782919273	0.00679660505595928	0	0.0621717198493068	0.00140250017973389	0.382382202566285	2.08545506275215	0.778161011103345	0.713708134053517	TRUE
460	1:64500000	1	64500000	0	0.955722782919273	0.00679660505595928	0	0.0621717198493068	0.00140250017973389	0.382382202566285	2.08545506275215	0.778161011103345	0.713708134053517	TRUE
460	1:73500000	1	73500000	0	0.955722782919273	0.00679660505595928	0	0.0621717198493068	0.00140250017973389	0.382382202566285	2.08545506275215	0.778161011103345	0.713708134053517	TRUE
460	1:62500000	1	62500000	0	0.955722782919273	0.00679660505595928	0	0.0621717198493068	0.00140250017973389	0.382382202566285	2.08545506275215	0.778161011103345	0.713708134053517	TRUE
460	1:6.7e+07	1	6.7e+07	0	0.955722782919273	0.00679660505595928	0	0.0621717198493068	0.00140250017973389	0.382382202566285	2.08545506275215	0.778161011103345	0.713708134053517	TRUE
460	1:78500000	1	78500000	0	0.955722782919273	0.00679660505595928	0	0.0621717198493068	0.00140250017973389	0.382382202566285	2.08545506275215	0.778161011103345	0.713708134053517	TRUE
460	1:72500000	1	72500000	0	0.955722782919273	0.00679660505595928	0	0.0621717198493068	0.00140250017973389	0.382382202566285	2.08545506275215	0.778161011103345	0.713708134053517	TRUE
460	1:79500000	1	79500000	0	0.955722782919273	0.00679660505595928	0	0.0621717198493068	0.00140250017973389	0.382382202566285	2.08545506275215	0.778161011103345	0.713708134053517	TRUE
460	1:66500000	1	66500000	0	0.955722782919273	0.00679660505595928	0	0.0621717198493068	0.00140250017973389	0.382382202566285	2.08545506275215	0.778161011103345	0.713708134053517	TRUE
460	1:68500000	1	68500000	0	0.955722782919273	0.00679660505595928	0	0.0621717198493068	0.00140250017973389	0.382382202566285	2.08545506275215	0.778161011103345	0.713708134053517	TRUE
460	1:69500000	1	69500000	0	0.955722782919273	0.00679660505595928	0	0.0621717198493068	0.00140250017973389	0.382382202566285	2.08545506275215	0.778161011103345	0.713708134053517	TRUE
460	1:61500000	1	61500000	0	0.955722782919273	0.00679660505595928	0	0.0621717198493068	0.00140250017973389	0.382382202566285	2.08545506275215	0.778161011103345	0.713708134053517	TRUE
460	1:6.9e+07	1	6.9e+07	0	0.955722782919273	0.00679660505595928	0	0.0621717198493068	0.00140250017973389	0.382382202566285	2.08545506275215	0.778161011103345	0.713708134053517	TRUE
460	1:60500000	1	60500000	0	0.955722782919273	0.00679660505595928	0	0.0621717198493068	0.00140250017973389	0.382382202566285	2.08545506275215	0.778161011103345	0.713708134053517	TRUE
460	1:70500000	1	70500000	0	0.955722782919273	0.00679660505595928	0	0.0621717198493068	0.00140250017973389	0.382382202566285	2.08545506275215	0.778161011103345	0.713708134053517	TRUE
535	1:83500000	1	83500000	0.512617219992005	0.981467048143866	0.0717185599800483	0.0951995611354232	0.00654159196544371	0.00271941043298442	-0.31096341532519	1.77407400757775	0.75573558737541	0.635951140489001	TRUE
535	1:8.2e+07	1	8.2e+07	0.512617219992005	0.981467048143866	0.0717185599800483	0.0951995611354232	0.00654159196544371	0.00271941043298442	-0.31096341532519	1.77407400757775	0.75573558737541	0.635951140489001	TRUE
535	1:8.3e+07	1	8.3e+07	0.512617219992005	0.981467048143866	0.0717185599800483	0.0951995611354232	0.00654159196544371	0.00271941043298442	-0.31096341532519	1.77407400757775	0.75573558737541	0.635951140489001	TRUE
535	1:8.1e+07	1	8.1e+07	0.512617219992005	0.981467048143866	0.0717185599800483	0.0951995611354232	0.00654159196544371	0.00271941043298442	-0.31096341532519	1.77407400757775	0.75573558737541	0.635951140489001	TRUE
535	1:80500000	1	80500000	0.512617219992005	0.981467048143866	0.0717185599800483	0.0951995611354232	0.00654159196544371	0.00271941043298442	-0.31096341532519	1.77407400757775	0.75573558737541	0.635951140489001	TRUE
535	1:81500000	1	81500000	0.512617219992005	0.981467048143866	0.0717185599800483	0.0951995611354232	0.00654159196544371	0.00271941043298442	-0.31096341532519	1.77407400757775	0.75573558737541	0.635951140489001	TRUE
535	1:82500000	1	82500000	0.512617219992005	0.981467048143866	0.0717185599800483	0.0951995611354232	0.00654159196544371	0.00271941043298442	-0.31096341532519	1.77407400757775	0.75573558737541	0.635951140489001	TRUE
54	1:2.2e+08	1	2.2e+08	1	1	1	0	0	0	0	0	0	0.301509272169288	TRUE
54	1:219500000	1	219500000	1	1	1	0	0	0	0	0	0	0.301509272169288	TRUE
54	1:218500000	1	218500000	1	1	1	0	0	0	0	0	0	0.301509272169288	TRUE
54	1:2.17e+08	1	2.17e+08	1	1	1	0	0	0	0	0	0	0.301509272169288	TRUE
54	1:216500000	1	216500000	1	1	1	0	0	0	0	0	0	0.301509272169288	TRUE
54	1:2.18e+08	1	2.18e+08	1	1	1	0	0	0	0	0	0	0.301509272169288	TRUE
54	1:217500000	1	217500000	1	1	1	0	0	0	0	0	0	0.301509272169288	TRUE
54	1:2.19e+08	1	2.19e+08	1	1	1	0	0	0	0	0	0	0.301509272169288	TRUE
575	1:1.37e+08	1	1.37e+08	0.779542060202222	0.968544212971485	0.390943129044083	0.0272044948020102	0.00584184778131401	0.00509630662442283	-0.791477081685876	1.06833883935025	0.117210377184223	0.629359243779476	TRUE
575	1:1.33e+08	1	1.33e+08	0.779542060202222	0.968544212971485	0.390943129044083	0.0272044948020102	0.00584184778131401	0.00509630662442283	-0.791477081685876	1.06833883935025	0.117210377184223	0.629359243779476	TRUE
575	1:137500000	1	137500000	0.779542060202222	0.968544212971485	0.390943129044083	0.0272044948020102	0.00584184778131401	0.00509630662442283	-0.791477081685876	1.06833883935025	0.117210377184223	0.629359243779476	TRUE
575	1:1.2e+08	1	1.2e+08	0.779542060202222	0.968544212971485	0.390943129044083	0.0272044948020102	0.00584184778131401	0.00509630662442283	-0.791477081685876	1.06833883935025	0.117210377184223	0.629359243779476	TRUE
575	1:106500000	1	106500000	0.779542060202222	0.968544212971485	0.390943129044083	0.0272044948020102	0.00584184778131401	0.00509630662442283	-0.791477081685876	1.06833883935025	0.117210377184223	0.629359243779476	TRUE
575	1:1.25e+08	1	1.25e+08	0.779542060202222	0.968544212971485	0.390943129044083	0.0272044948020102	0.00584184778131401	0.00509630662442283	-0.791477081685876	1.06833883935025	0.117210377184223	0.629359243779476	TRUE
575	1:1.12e+08	1	1.12e+08	0.779542060202222	0.968544212971485	0.390943129044083	0.0272044948020102	0.00584184778131401	0.00509630662442283	-0.791477081685876	1.06833883935025	0.117210377184223	0.629359243779476	TRUE
575	1:136500000	1	136500000	0.779542060202222	0.968544212971485	0.390943129044083	0.0272044948020102	0.00584184778131401	0.00509630662442283	-0.791477081685876	1.06833883935025	0.117210377184223	0.629359243779476	TRUE
578	1:122500000	1	122500000	0.331653381421886	0.971397819497831	0.0622064001051559	0.122437673377224	0.00982876957072139	0.00254479659264113	-0.182616914622488	1.71912914621476	0.249867332263942	0.804779294688499	FALSE
578	1:123500000	1	123500000	0.331653381421886	0.971397819497831	0.0622064001051559	0.122437673377224	0.00982876957072139	0.00254479659264113	-0.182616914622488	1.71912914621476	0.249867332263942	0.804779294688499	FALSE
578	1:190500000	1	190500000	0.331653381421886	0.971397819497831	0.0622064001051559	0.122437673377224	0.00982876957072139	0.00254479659264113	-0.182616914622488	1.71912914621476	0.249867332263942	0.804779294688499	FALSE
578	1:1.27e+08	1	1.27e+08	0.331653381421886	0.971397819497831	0.0622064001051559	0.122437673377224	0.00982876957072139	0.00254479659264113	-0.182616914622488	1.71912914621476	0.249867332263942	0.804779294688499	FALSE
578	1:1.91e+08	1	1.91e+08	0.331653381421886	0.971397819497831	0.0622064001051559	0.122437673377224	0.00982876957072139	0.00254479659264113	-0.182616914622488	1.71912914621476	0.249867332263942	0.804779294688499	FALSE
578	1:1.49e+08	1	1.49e+08	0.331653381421886	0.971397819497831	0.0622064001051559	0.122437673377224	0.00982876957072139	0.00254479659264113	-0.182616914622488	1.71912914621476	0.249867332263942	0.804779294688499	FALSE
578	1:1.59e+08	1	1.59e+08	0.331653381421886	0.971397819497831	0.0622064001051559	0.122437673377224	0.00982876957072139	0.00254479659264113	-0.182616914622488	1.71912914621476	0.249867332263942	0.804779294688499	FALSE
578	1:1.35e+08	1	1.35e+08	0.331653381421886	0.971397819497831	0.0622064001051559	0.122437673377224	0.00982876957072139	0.00254479659264113	-0.182616914622488	1.71912914621476	0.249867332263942	0.804779294688499	FALSE
578	1:1.5e+08	1	1.5e+08	0.331653381421886	0.971397819497831	0.0622064001051559	0.122437673377224	0.00982876957072139	0.00254479659264113	-0.182616914622488	1.71912914621476	0.249867332263942	0.804779294688499	FALSE
578	1:157500000	1	157500000	0.331653381421886	0.971397819497831	0.0622064001051559	0.122437673377224	0.00982876957072139	0.00254479659264113	-0.182616914622488	1.71912914621476	0.249867332263942	0.804779294688499	FALSE
578	1:173500000	1	173500000	0.331653381421886	0.971397819497831	0.0622064001051559	0.122437673377224	0.00982876957072139	0.00254479659264113	-0.182616914622488	1.71912914621476	0.249867332263942	0.804779294688499	FALSE
578	1:103500000	1	103500000	0.331653381421886	0.971397819497831	0.0622064001051559	0.122437673377224	0.00982876957072139	0.00254479659264113	-0.182616914622488	1.71912914621476	0.249867332263942	0.804779294688499	FALSE
578	1:1.23e+08	1	1.23e+08	0.331653381421886	0.971397819497831	0.0622064001051559	0.122437673377224	0.00982876957072139	0.00254479659264113	-0.182616914622488	1.71912914621476	0.249867332263942	0.804779294688499	FALSE
578	1:1.9e+08	1	1.9e+08	0.331653381421886	0.971397819497831	0.0622064001051559	0.122437673377224	0.00982876957072139	0.00254479659264113	-0.182616914622488	1.71912914621476	0.249867332263942	0.804779294688499	FALSE
578	1:1.31e+08	1	1.31e+08	0.331653381421886	0.971397819497831	0.0622064001051559	0.122437673377224	0.00982876957072139	0.00254479659264113	-0.182616914622488	1.71912914621476	0.249867332263942	0.804779294688499	FALSE
578	1:188500000	1	188500000	0.331653381421886	0.971397819497831	0.0622064001051559	0.122437673377224	0.00982876957072139	0.00254479659264113	-0.182616914622488	1.71912914621476	0.249867332263942	0.804779294688499	FALSE
578	1:8.9e+07	1	8.9e+07	0.331653381421886	0.971397819497831	0.0622064001051559	0.122437673377224	0.00982876957072139	0.00254479659264113	-0.182616914622488	1.71912914621476	0.249867332263942	0.804779294688499	FALSE
578	1:1.64e+08	1	1.64e+08	0.331653381421886	0.971397819497831	0.0622064001051559	0.122437673377224	0.00982876957072139	0.00254479659264113	-0.182616914622488	1.71912914621476	0.249867332263942	0.804779294688499	FALSE
578	1:141500000	1	141500000	0.331653381421886	0.971397819497831	0.0622064001051559	0.122437673377224	0.00982876957072139	0.00254479659264113	-0.182616914622488	1.71912914621476	0.249867332263942	0.804779294688499	FALSE
578	1:1.28e+08	1	1.28e+08	0.331653381421886	0.971397819497831	0.0622064001051559	0.122437673377224	0.00982876957072139	0.00254479659264113	-0.182616914622488	1.71912914621476	0.249867332263942	0.804779294688499	FALSE
578	1:107500000	1	107500000	0.331653381421886	0.971397819497831	0.0622064001051559	0.122437673377224	0.00982876957072139	0.00254479659264113	-0.182616914622488	1.71912914621476	0.249867332263942	0.804779294688499	FALSE
578	1:1.45e+08	1	1.45e+08	0.331653381421886	0.971397819497831	0.0622064001051559	0.122437673377224	0.00982876957072139	0.00254479659264113	-0.182616914622488	1.71912914621476	0.249867332263942	0.804779294688499	FALSE
578	1:110500000	1	110500000	0.331653381421886	0.971397819497831	0.0622064001051559	0.122437673377224	0.00982876957072139	0.00254479659264113	-0.182616914622488	1.71912914621476	0.249867332263942	0.804779294688499	FALSE
578	1:135500000	1	135500000	0.331653381421886	0.971397819497831	0.0622064001051559	0.122437673377224	0.00982876957072139	0.00254479659264113	-0.182616914622488	1.71912914621476	0.249867332263942	0.804779294688499	FALSE
578	1:1.22e+08	1	1.22e+08	0.331653381421886	0.971397819497831	0.0622064001051559	0.122437673377224	0.00982876957072139	0.00254479659264113	-0.182616914622488	1.71912914621476	0.249867332263942	0.804779294688499	FALSE
578	1:129500000	1	129500000	0.331653381421886	0.971397819497831	0.0622064001051559	0.122437673377224	0.00982876957072139	0.00254479659264113	-0.182616914622488	1.71912914621476	0.249867332263942	0.804779294688499	FALSE
578	1:1.21e+08	1	1.21e+08	0.331653381421886	0.971397819497831	0.0622064001051559	0.122437673377224	0.00982876957072139	0.00254479659264113	-0.182616914622488	1.71912914621476	0.249867332263942	0.804779294688499	FALSE
578	1:116500000	1	116500000	0.331653381421886	0.971397819497831	0.0622064001051559	0.122437673377224	0.00982876957072139	0.00254479659264113	-0.182616914622488	1.71912914621476	0.249867332263942	0.804779294688499	FALSE
578	1:1.58e+08	1	1.58e+08	0.331653381421886	0.971397819497831	0.0622064001051559	0.122437673377224	0.00982876957072139	0.00254479659264113	-0.182616914622488	1.71912914621476	0.249867332263942	0.804779294688499	FALSE
578	1:1.13e+08	1	1.13e+08	0.331653381421886	0.971397819497831	0.0622064001051559	0.122437673377224	0.00982876957072139	0.00254479659264113	-0.182616914622488	1.71912914621476	0.249867332263942	0.804779294688499	FALSE
578	1:1.88e+08	1	1.88e+08	0.331653381421886	0.971397819497831	0.0622064001051559	0.122437673377224	0.00982876957072139	0.00254479659264113	-0.182616914622488	1.71912914621476	0.249867332263942	0.804779294688499	FALSE
578	1:146500000	1	146500000	0.331653381421886	0.971397819497831	0.0622064001051559	0.122437673377224	0.00982876957072139	0.00254479659264113	-0.182616914622488	1.71912914621476	0.249867332263942	0.804779294688499	FALSE
578	1:9.5e+07	1	9.5e+07	0.331653381421886	0.971397819497831	0.0622064001051559	0.122437673377224	0.00982876957072139	0.00254479659264113	-0.182616914622488	1.71912914621476	0.249867332263942	0.804779294688499	FALSE
578	1:140500000	1	140500000	0.331653381421886	0.971397819497831	0.0622064001051559	0.122437673377224	0.00982876957072139	0.00254479659264113	-0.182616914622488	1.71912914621476	0.249867332263942	0.804779294688499	FALSE
578	1:167500000	1	167500000	0.331653381421886	0.971397819497831	0.0622064001051559	0.122437673377224	0.00982876957072139	0.00254479659264113	-0.182616914622488	1.71912914621476	0.249867332263942	0.804779294688499	FALSE
578	1:95500000	1	95500000	0.331653381421886	0.971397819497831	0.0622064001051559	0.122437673377224	0.00982876957072139	0.00254479659264113	-0.182616914622488	1.71912914621476	0.249867332263942	0.804779294688499	FALSE
578	1:1.24e+08	1	1.24e+08	0.331653381421886	0.971397819497831	0.0622064001051559	0.122437673377224	0.00982876957072139	0.00254479659264113	-0.182616914622488	1.71912914621476	0.249867332263942	0.804779294688499	FALSE
578	1:1.04e+08	1	1.04e+08	0.331653381421886	0.971397819497831	0.0622064001051559	0.122437673377224	0.00982876957072139	0.00254479659264113	-0.182616914622488	1.71912914621476	0.249867332263942	0.804779294688499	FALSE
578	1:1.61e+08	1	1.61e+08	0.331653381421886	0.971397819497831	0.0622064001051559	0.122437673377224	0.00982876957072139	0.00254479659264113	-0.182616914622488	1.71912914621476	0.249867332263942	0.804779294688499	FALSE
578	1:1.29e+08	1	1.29e+08	0.331653381421886	0.971397819497831	0.0622064001051559	0.122437673377224	0.00982876957072139	0.00254479659264113	-0.182616914622488	1.71912914621476	0.249867332263942	0.804779294688499	FALSE
578	1:1.63e+08	1	1.63e+08	0.331653381421886	0.971397819497831	0.0622064001051559	0.122437673377224	0.00982876957072139	0.00254479659264113	-0.182616914622488	1.71912914621476	0.249867332263942	0.804779294688499	FALSE
578	1:179500000	1	179500000	0.331653381421886	0.971397819497831	0.0622064001051559	0.122437673377224	0.00982876957072139	0.00254479659264113	-0.182616914622488	1.71912914621476	0.249867332263942	0.804779294688499	FALSE
578	1:1.17e+08	1	1.17e+08	0.331653381421886	0.971397819497831	0.0622064001051559	0.122437673377224	0.00982876957072139	0.00254479659264113	-0.182616914622488	1.71912914621476	0.249867332263942	0.804779294688499	FALSE
578	1:1.84e+08	1	1.84e+08	0.331653381421886	0.971397819497831	0.0622064001051559	0.122437673377224	0.00982876957072139	0.00254479659264113	-0.182616914622488	1.71912914621476	0.249867332263942	0.804779294688499	FALSE
578	1:114500000	1	114500000	0.331653381421886	0.971397819497831	0.0622064001051559	0.122437673377224	0.00982876957072139	0.00254479659264113	-0.182616914622488	1.71912914621476	0.249867332263942	0.804779294688499	FALSE
578	1:1.09e+08	1	1.09e+08	0.331653381421886	0.971397819497831	0.0622064001051559	0.122437673377224	0.00982876957072139	0.00254479659264113	-0.182616914622488	1.71912914621476	0.249867332263942	0.804779294688499	FALSE
578	1:1.32e+08	1	1.32e+08	0.331653381421886	0.971397819497831	0.0622064001051559	0.122437673377224	0.00982876957072139	0.00254479659264113	-0.182616914622488	1.71912914621476	0.249867332263942	0.804779294688499	FALSE
578	1:86500000	1	86500000	0.331653381421886	0.971397819497831	0.0622064001051559	0.122437673377224	0.00982876957072139	0.00254479659264113	-0.182616914622488	1.71912914621476	0.249867332263942	0.804779294688499	FALSE
578	1:189500000	1	189500000	0.331653381421886	0.971397819497831	0.0622064001051559	0.122437673377224	0.00982876957072139	0.00254479659264113	-0.182616914622488	1.71912914621476	0.249867332263942	0.804779294688499	FALSE
578	1:9.1e+07	1	9.1e+07	0.331653381421886	0.971397819497831	0.0622064001051559	0.122437673377224	0.00982876957072139	0.00254479659264113	-0.182616914622488	1.71912914621476	0.249867332263942	0.804779294688499	FALSE
578	1:1.62e+08	1	1.62e+08	0.331653381421886	0.971397819497831	0.0622064001051559	0.122437673377224	0.00982876957072139	0.00254479659264113	-0.182616914622488	1.71912914621476	0.249867332263942	0.804779294688499	FALSE
578	1:113500000	1	113500000	0.331653381421886	0.971397819497831	0.0622064001051559	0.122437673377224	0.00982876957072139	0.00254479659264113	-0.182616914622488	1.71912914621476	0.249867332263942	0.804779294688499	FALSE
578	1:184500000	1	184500000	0.331653381421886	0.971397819497831	0.0622064001051559	0.122437673377224	0.00982876957072139	0.00254479659264113	-0.182616914622488	1.71912914621476	0.249867332263942	0.804779294688499	FALSE
578	1:9.9e+07	1	9.9e+07	0.331653381421886	0.971397819497831	0.0622064001051559	0.122437673377224	0.00982876957072139	0.00254479659264113	-0.182616914622488	1.71912914621476	0.249867332263942	0.804779294688499	FALSE
578	1:171500000	1	171500000	0.331653381421886	0.971397819497831	0.0622064001051559	0.122437673377224	0.00982876957072139	0.00254479659264113	-0.182616914622488	1.71912914621476	0.249867332263942	0.804779294688499	FALSE
578	1:142500000	1	142500000	0.331653381421886	0.971397819497831	0.0622064001051559	0.122437673377224	0.00982876957072139	0.00254479659264113	-0.182616914622488	1.71912914621476	0.249867332263942	0.804779294688499	FALSE
578	1:149500000	1	149500000	0.331653381421886	0.971397819497831	0.0622064001051559	0.122437673377224	0.00982876957072139	0.00254479659264113	-0.182616914622488	1.71912914621476	0.249867332263942	0.804779294688499	FALSE
578	1:187500000	1	187500000	0.331653381421886	0.971397819497831	0.0622064001051559	0.122437673377224	0.00982876957072139	0.00254479659264113	-0.182616914622488	1.71912914621476	0.249867332263942	0.804779294688499	FALSE
578	1:168500000	1	168500000	0.331653381421886	0.971397819497831	0.0622064001051559	0.122437673377224	0.00982876957072139	0.00254479659264113	-0.182616914622488	1.71912914621476	0.249867332263942	0.804779294688499	FALSE
578	1:8.6e+07	1	8.6e+07	0.331653381421886	0.971397819497831	0.0622064001051559	0.122437673377224	0.00982876957072139	0.00254479659264113	-0.182616914622488	1.71912914621476	0.249867332263942	0.804779294688499	FALSE
578	1:164500000	1	164500000	0.331653381421886	0.971397819497831	0.0622064001051559	0.122437673377224	0.00982876957072139	0.00254479659264113	-0.182616914622488	1.71912914621476	0.249867332263942	0.804779294688499	FALSE
578	1:1.26e+08	1	1.26e+08	0.331653381421886	0.971397819497831	0.0622064001051559	0.122437673377224	0.00982876957072139	0.00254479659264113	-0.182616914622488	1.71912914621476	0.249867332263942	0.804779294688499	FALSE
578	1:125500000	1	125500000	0.331653381421886	0.971397819497831	0.0622064001051559	0.122437673377224	0.00982876957072139	0.00254479659264113	-0.182616914622488	1.71912914621476	0.249867332263942	0.804779294688499	FALSE
578	1:175500000	1	175500000	0.331653381421886	0.971397819497831	0.0622064001051559	0.122437673377224	0.00982876957072139	0.00254479659264113	-0.182616914622488	1.71912914621476	0.249867332263942	0.804779294688499	FALSE
578	1:1.69e+08	1	1.69e+08	0.331653381421886	0.971397819497831	0.0622064001051559	0.122437673377224	0.00982876957072139	0.00254479659264113	-0.182616914622488	1.71912914621476	0.249867332263942	0.804779294688499	FALSE
578	1:1.3e+08	1	1.3e+08	0.331653381421886	0.971397819497831	0.0622064001051559	0.122437673377224	0.00982876957072139	0.00254479659264113	-0.182616914622488	1.71912914621476	0.249867332263942	0.804779294688499	FALSE
578	1:160500000	1	160500000	0.331653381421886	0.971397819497831	0.0622064001051559	0.122437673377224	0.00982876957072139	0.00254479659264113	-0.182616914622488	1.71912914621476	0.249867332263942	0.804779294688499	FALSE
578	1:101500000	1	101500000	0.331653381421886	0.971397819497831	0.0622064001051559	0.122437673377224	0.00982876957072139	0.00254479659264113	-0.182616914622488	1.71912914621476	0.249867332263942	0.804779294688499	FALSE
578	1:96500000	1	96500000	0.331653381421886	0.971397819497831	0.0622064001051559	0.122437673377224	0.00982876957072139	0.00254479659264113	-0.182616914622488	1.71912914621476	0.249867332263942	0.804779294688499	FALSE
578	1:120500000	1	120500000	0.331653381421886	0.971397819497831	0.0622064001051559	0.122437673377224	0.00982876957072139	0.00254479659264113	-0.182616914622488	1.71912914621476	0.249867332263942	0.804779294688499	FALSE
578	1:156500000	1	156500000	0.331653381421886	0.971397819497831	0.0622064001051559	0.122437673377224	0.00982876957072139	0.00254479659264113	-0.182616914622488	1.71912914621476	0.249867332263942	0.804779294688499	FALSE
578	1:1e+08	1	1e+08	0.331653381421886	0.971397819497831	0.0622064001051559	0.122437673377224	0.00982876957072139	0.00254479659264113	-0.182616914622488	1.71912914621476	0.249867332263942	0.804779294688499	FALSE
578	1:1.42e+08	1	1.42e+08	0.331653381421886	0.971397819497831	0.0622064001051559	0.122437673377224	0.00982876957072139	0.00254479659264113	-0.182616914622488	1.71912914621476	0.249867332263942	0.804779294688499	FALSE
578	1:99500000	1	99500000	0.331653381421886	0.971397819497831	0.0622064001051559	0.122437673377224	0.00982876957072139	0.00254479659264113	-0.182616914622488	1.71912914621476	0.249867332263942	0.804779294688499	FALSE
578	1:1.7e+08	1	1.7e+08	0.331653381421886	0.971397819497831	0.0622064001051559	0.122437673377224	0.00982876957072139	0.00254479659264113	-0.182616914622488	1.71912914621476	0.249867332263942	0.804779294688499	FALSE
578	1:1.74e+08	1	1.74e+08	0.331653381421886	0.971397819497831	0.0622064001051559	0.122437673377224	0.00982876957072139	0.00254479659264113	-0.182616914622488	1.71912914621476	0.249867332263942	0.804779294688499	FALSE
578	1:9e+07	1	9e+07	0.331653381421886	0.971397819497831	0.0622064001051559	0.122437673377224	0.00982876957072139	0.00254479659264113	-0.182616914622488	1.71912914621476	0.249867332263942	0.804779294688499	FALSE
578	1:1.18e+08	1	1.18e+08	0.331653381421886	0.971397819497831	0.0622064001051559	0.122437673377224	0.00982876957072139	0.00254479659264113	-0.182616914622488	1.71912914621476	0.249867332263942	0.804779294688499	FALSE
578	1:145500000	1	145500000	0.331653381421886	0.971397819497831	0.0622064001051559	0.122437673377224	0.00982876957072139	0.00254479659264113	-0.182616914622488	1.71912914621476	0.249867332263942	0.804779294688499	FALSE
578	1:1.67e+08	1	1.67e+08	0.331653381421886	0.971397819497831	0.0622064001051559	0.122437673377224	0.00982876957072139	0.00254479659264113	-0.182616914622488	1.71912914621476	0.249867332263942	0.804779294688499	FALSE
578	1:1.48e+08	1	1.48e+08	0.331653381421886	0.971397819497831	0.0622064001051559	0.122437673377224	0.00982876957072139	0.00254479659264113	-0.182616914622488	1.71912914621476	0.249867332263942	0.804779294688499	FALSE
578	1:174500000	1	174500000	0.331653381421886	0.971397819497831	0.0622064001051559	0.122437673377224	0.00982876957072139	0.00254479659264113	-0.182616914622488	1.71912914621476	0.249867332263942	0.804779294688499	FALSE
578	1:1.44e+08	1	1.44e+08	0.331653381421886	0.971397819497831	0.0622064001051559	0.122437673377224	0.00982876957072139	0.00254479659264113	-0.182616914622488	1.71912914621476	0.249867332263942	0.804779294688499	FALSE
578	1:89500000	1	89500000	0.331653381421886	0.971397819497831	0.0622064001051559	0.122437673377224	0.00982876957072139	0.00254479659264113	-0.182616914622488	1.71912914621476	0.249867332263942	0.804779294688499	FALSE
578	1:9.7e+07	1	9.7e+07	0.331653381421886	0.971397819497831	0.0622064001051559	0.122437673377224	0.00982876957072139	0.00254479659264113	-0.182616914622488	1.71912914621476	0.249867332263942	0.804779294688499	FALSE
578	1:1.01e+08	1	1.01e+08	0.331653381421886	0.971397819497831	0.0622064001051559	0.122437673377224	0.00982876957072139	0.00254479659264113	-0.182616914622488	1.71912914621476	0.249867332263942	0.804779294688499	FALSE
578	1:1.19e+08	1	1.19e+08	0.331653381421886	0.971397819497831	0.0622064001051559	0.122437673377224	0.00982876957072139	0.00254479659264113	-0.182616914622488	1.71912914621476	0.249867332263942	0.804779294688499	FALSE
578	1:1.79e+08	1	1.79e+08	0.331653381421886	0.971397819497831	0.0622064001051559	0.122437673377224	0.00982876957072139	0.00254479659264113	-0.182616914622488	1.71912914621476	0.249867332263942	0.804779294688499	FALSE
578	1:115500000	1	115500000	0.331653381421886	0.971397819497831	0.0622064001051559	0.122437673377224	0.00982876957072139	0.00254479659264113	-0.182616914622488	1.71912914621476	0.249867332263942	0.804779294688499	FALSE
578	1:1.85e+08	1	1.85e+08	0.331653381421886	0.971397819497831	0.0622064001051559	0.122437673377224	0.00982876957072139	0.00254479659264113	-0.182616914622488	1.71912914621476	0.249867332263942	0.804779294688499	FALSE
578	1:180500000	1	180500000	0.331653381421886	0.971397819497831	0.0622064001051559	0.122437673377224	0.00982876957072139	0.00254479659264113	-0.182616914622488	1.71912914621476	0.249867332263942	0.804779294688499	FALSE
578	1:1.66e+08	1	1.66e+08	0.331653381421886	0.971397819497831	0.0622064001051559	0.122437673377224	0.00982876957072139	0.00254479659264113	-0.182616914622488	1.71912914621476	0.249867332263942	0.804779294688499	FALSE
578	1:8.5e+07	1	8.5e+07	0.331653381421886	0.971397819497831	0.0622064001051559	0.122437673377224	0.00982876957072139	0.00254479659264113	-0.182616914622488	1.71912914621476	0.249867332263942	0.804779294688499	FALSE
578	1:1.68e+08	1	1.68e+08	0.331653381421886	0.971397819497831	0.0622064001051559	0.122437673377224	0.00982876957072139	0.00254479659264113	-0.182616914622488	1.71912914621476	0.249867332263942	0.804779294688499	FALSE
578	1:9.8e+07	1	9.8e+07	0.331653381421886	0.971397819497831	0.0622064001051559	0.122437673377224	0.00982876957072139	0.00254479659264113	-0.182616914622488	1.71912914621476	0.249867332263942	0.804779294688499	FALSE
578	1:1.1e+08	1	1.1e+08	0.331653381421886	0.971397819497831	0.0622064001051559	0.122437673377224	0.00982876957072139	0.00254479659264113	-0.182616914622488	1.71912914621476	0.249867332263942	0.804779294688499	FALSE
578	1:85500000	1	85500000	0.331653381421886	0.971397819497831	0.0622064001051559	0.122437673377224	0.00982876957072139	0.00254479659264113	-0.182616914622488	1.71912914621476	0.249867332263942	0.804779294688499	FALSE
578	1:181500000	1	181500000	0.331653381421886	0.971397819497831	0.0622064001051559	0.122437673377224	0.00982876957072139	0.00254479659264113	-0.182616914622488	1.71912914621476	0.249867332263942	0.804779294688499	FALSE
578	1:154500000	1	154500000	0.331653381421886	0.971397819497831	0.0622064001051559	0.122437673377224	0.00982876957072139	0.00254479659264113	-0.182616914622488	1.71912914621476	0.249867332263942	0.804779294688499	FALSE
578	1:117500000	1	117500000	0.331653381421886	0.971397819497831	0.0622064001051559	0.122437673377224	0.00982876957072139	0.00254479659264113	-0.182616914622488	1.71912914621476	0.249867332263942	0.804779294688499	FALSE
578	1:109500000	1	109500000	0.331653381421886	0.971397819497831	0.0622064001051559	0.122437673377224	0.00982876957072139	0.00254479659264113	-0.182616914622488	1.71912914621476	0.249867332263942	0.804779294688499	FALSE
578	1:176500000	1	176500000	0.331653381421886	0.971397819497831	0.0622064001051559	0.122437673377224	0.00982876957072139	0.00254479659264113	-0.182616914622488	1.71912914621476	0.249867332263942	0.804779294688499	FALSE
578	1:1.51e+08	1	1.51e+08	0.331653381421886	0.971397819497831	0.0622064001051559	0.122437673377224	0.00982876957072139	0.00254479659264113	-0.182616914622488	1.71912914621476	0.249867332263942	0.804779294688499	FALSE
578	1:97500000	1	97500000	0.331653381421886	0.971397819497831	0.0622064001051559	0.122437673377224	0.00982876957072139	0.00254479659264113	-0.182616914622488	1.71912914621476	0.249867332263942	0.804779294688499	FALSE
578	1:1.72e+08	1	1.72e+08	0.331653381421886	0.971397819497831	0.0622064001051559	0.122437673377224	0.00982876957072139	0.00254479659264113	-0.182616914622488	1.71912914621476	0.249867332263942	0.804779294688499	FALSE
578	1:177500000	1	177500000	0.331653381421886	0.971397819497831	0.0622064001051559	0.122437673377224	0.00982876957072139	0.00254479659264113	-0.182616914622488	1.71912914621476	0.249867332263942	0.804779294688499	FALSE
578	1:133500000	1	133500000	0.331653381421886	0.971397819497831	0.0622064001051559	0.122437673377224	0.00982876957072139	0.00254479659264113	-0.182616914622488	1.71912914621476	0.249867332263942	0.804779294688499	FALSE
578	1:1.05e+08	1	1.05e+08	0.331653381421886	0.971397819497831	0.0622064001051559	0.122437673377224	0.00982876957072139	0.00254479659264113	-0.182616914622488	1.71912914621476	0.249867332263942	0.804779294688499	FALSE
578	1:104500000	1	104500000	0.331653381421886	0.971397819497831	0.0622064001051559	0.122437673377224	0.00982876957072139	0.00254479659264113	-0.182616914622488	1.71912914621476	0.249867332263942	0.804779294688499	FALSE
578	1:126500000	1	126500000	0.331653381421886	0.971397819497831	0.0622064001051559	0.122437673377224	0.00982876957072139	0.00254479659264113	-0.182616914622488	1.71912914621476	0.249867332263942	0.804779294688499	FALSE
578	1:183500000	1	183500000	0.331653381421886	0.971397819497831	0.0622064001051559	0.122437673377224	0.00982876957072139	0.00254479659264113	-0.182616914622488	1.71912914621476	0.249867332263942	0.804779294688499	FALSE
578	1:121500000	1	121500000	0.331653381421886	0.971397819497831	0.0622064001051559	0.122437673377224	0.00982876957072139	0.00254479659264113	-0.182616914622488	1.71912914621476	0.249867332263942	0.804779294688499	FALSE
578	1:161500000	1	161500000	0.331653381421886	0.971397819497831	0.0622064001051559	0.122437673377224	0.00982876957072139	0.00254479659264113	-0.182616914622488	1.71912914621476	0.249867332263942	0.804779294688499	FALSE
578	1:105500000	1	105500000	0.331653381421886	0.971397819497831	0.0622064001051559	0.122437673377224	0.00982876957072139	0.00254479659264113	-0.182616914622488	1.71912914621476	0.249867332263942	0.804779294688499	FALSE
578	1:1.77e+08	1	1.77e+08	0.331653381421886	0.971397819497831	0.0622064001051559	0.122437673377224	0.00982876957072139	0.00254479659264113	-0.182616914622488	1.71912914621476	0.249867332263942	0.804779294688499	FALSE
578	1:93500000	1	93500000	0.331653381421886	0.971397819497831	0.0622064001051559	0.122437673377224	0.00982876957072139	0.00254479659264113	-0.182616914622488	1.71912914621476	0.249867332263942	0.804779294688499	FALSE
578	1:1.06e+08	1	1.06e+08	0.331653381421886	0.971397819497831	0.0622064001051559	0.122437673377224	0.00982876957072139	0.00254479659264113	-0.182616914622488	1.71912914621476	0.249867332263942	0.804779294688499	FALSE
578	1:1.38e+08	1	1.38e+08	0.331653381421886	0.971397819497831	0.0622064001051559	0.122437673377224	0.00982876957072139	0.00254479659264113	-0.182616914622488	1.71912914621476	0.249867332263942	0.804779294688499	FALSE
578	1:1.43e+08	1	1.43e+08	0.331653381421886	0.971397819497831	0.0622064001051559	0.122437673377224	0.00982876957072139	0.00254479659264113	-0.182616914622488	1.71912914621476	0.249867332263942	0.804779294688499	FALSE
578	1:88500000	1	88500000	0.331653381421886	0.971397819497831	0.0622064001051559	0.122437673377224	0.00982876957072139	0.00254479659264113	-0.182616914622488	1.71912914621476	0.249867332263942	0.804779294688499	FALSE
578	1:170500000	1	170500000	0.331653381421886	0.971397819497831	0.0622064001051559	0.122437673377224	0.00982876957072139	0.00254479659264113	-0.182616914622488	1.71912914621476	0.249867332263942	0.804779294688499	FALSE
578	1:1.89e+08	1	1.89e+08	0.331653381421886	0.971397819497831	0.0622064001051559	0.122437673377224	0.00982876957072139	0.00254479659264113	-0.182616914622488	1.71912914621476	0.249867332263942	0.804779294688499	FALSE
578	1:166500000	1	166500000	0.331653381421886	0.971397819497831	0.0622064001051559	0.122437673377224	0.00982876957072139	0.00254479659264113	-0.182616914622488	1.71912914621476	0.249867332263942	0.804779294688499	FALSE
578	1:162500000	1	162500000	0.331653381421886	0.971397819497831	0.0622064001051559	0.122437673377224	0.00982876957072139	0.00254479659264113	-0.182616914622488	1.71912914621476	0.249867332263942	0.804779294688499	FALSE
578	1:144500000	1	144500000	0.331653381421886	0.971397819497831	0.0622064001051559	0.122437673377224	0.00982876957072139	0.00254479659264113	-0.182616914622488	1.71912914621476	0.249867332263942	0.804779294688499	FALSE
578	1:1.08e+08	1	1.08e+08	0.331653381421886	0.971397819497831	0.0622064001051559	0.122437673377224	0.00982876957072139	0.00254479659264113	-0.182616914622488	1.71912914621476	0.249867332263942	0.804779294688499	FALSE
578	1:1.71e+08	1	1.71e+08	0.331653381421886	0.971397819497831	0.0622064001051559	0.122437673377224	0.00982876957072139	0.00254479659264113	-0.182616914622488	1.71912914621476	0.249867332263942	0.804779294688499	FALSE
578	1:153500000	1	153500000	0.331653381421886	0.971397819497831	0.0622064001051559	0.122437673377224	0.00982876957072139	0.00254479659264113	-0.182616914622488	1.71912914621476	0.249867332263942	0.804779294688499	FALSE
578	1:94500000	1	94500000	0.331653381421886	0.971397819497831	0.0622064001051559	0.122437673377224	0.00982876957072139	0.00254479659264113	-0.182616914622488	1.71912914621476	0.249867332263942	0.804779294688499	FALSE
578	1:84500000	1	84500000	0.331653381421886	0.971397819497831	0.0622064001051559	0.122437673377224	0.00982876957072139	0.00254479659264113	-0.182616914622488	1.71912914621476	0.249867332263942	0.804779294688499	FALSE
578	1:1.4e+08	1	1.4e+08	0.331653381421886	0.971397819497831	0.0622064001051559	0.122437673377224	0.00982876957072139	0.00254479659264113	-0.182616914622488	1.71912914621476	0.249867332263942	0.804779294688499	FALSE
578	1:1.03e+08	1	1.03e+08	0.331653381421886	0.971397819497831	0.0622064001051559	0.122437673377224	0.00982876957072139	0.00254479659264113	-0.182616914622488	1.71912914621476	0.249867332263942	0.804779294688499	FALSE
578	1:1.75e+08	1	1.75e+08	0.331653381421886	0.971397819497831	0.0622064001051559	0.122437673377224	0.00982876957072139	0.00254479659264113	-0.182616914622488	1.71912914621476	0.249867332263942	0.804779294688499	FALSE
578	1:1.86e+08	1	1.86e+08	0.331653381421886	0.971397819497831	0.0622064001051559	0.122437673377224	0.00982876957072139	0.00254479659264113	-0.182616914622488	1.71912914621476	0.249867332263942	0.804779294688499	FALSE
578	1:1.34e+08	1	1.34e+08	0.331653381421886	0.971397819497831	0.0622064001051559	0.122437673377224	0.00982876957072139	0.00254479659264113	-0.182616914622488	1.71912914621476	0.249867332263942	0.804779294688499	FALSE
578	1:1.8e+08	1	1.8e+08	0.331653381421886	0.971397819497831	0.0622064001051559	0.122437673377224	0.00982876957072139	0.00254479659264113	-0.182616914622488	1.71912914621476	0.249867332263942	0.804779294688499	FALSE
578	1:172500000	1	172500000	0.331653381421886	0.971397819497831	0.0622064001051559	0.122437673377224	0.00982876957072139	0.00254479659264113	-0.182616914622488	1.71912914621476	0.249867332263942	0.804779294688499	FALSE
578	1:1.56e+08	1	1.56e+08	0.331653381421886	0.971397819497831	0.0622064001051559	0.122437673377224	0.00982876957072139	0.00254479659264113	-0.182616914622488	1.71912914621476	0.249867332263942	0.804779294688499	FALSE
578	1:138500000	1	138500000	0.331653381421886	0.971397819497831	0.0622064001051559	0.122437673377224	0.00982876957072139	0.00254479659264113	-0.182616914622488	1.71912914621476	0.249867332263942	0.804779294688499	FALSE
578	1:143500000	1	143500000	0.331653381421886	0.971397819497831	0.0622064001051559	0.122437673377224	0.00982876957072139	0.00254479659264113	-0.182616914622488	1.71912914621476	0.249867332263942	0.804779294688499	FALSE
578	1:124500000	1	124500000	0.331653381421886	0.971397819497831	0.0622064001051559	0.122437673377224	0.00982876957072139	0.00254479659264113	-0.182616914622488	1.71912914621476	0.249867332263942	0.804779294688499	FALSE
578	1:159500000	1	159500000	0.331653381421886	0.971397819497831	0.0622064001051559	0.122437673377224	0.00982876957072139	0.00254479659264113	-0.182616914622488	1.71912914621476	0.249867332263942	0.804779294688499	FALSE
578	1:9.3e+07	1	9.3e+07	0.331653381421886	0.971397819497831	0.0622064001051559	0.122437673377224	0.00982876957072139	0.00254479659264113	-0.182616914622488	1.71912914621476	0.249867332263942	0.804779294688499	FALSE
578	1:1.81e+08	1	1.81e+08	0.331653381421886	0.971397819497831	0.0622064001051559	0.122437673377224	0.00982876957072139	0.00254479659264113	-0.182616914622488	1.71912914621476	0.249867332263942	0.804779294688499	FALSE
578	1:1.76e+08	1	1.76e+08	0.331653381421886	0.971397819497831	0.0622064001051559	0.122437673377224	0.00982876957072139	0.00254479659264113	-0.182616914622488	1.71912914621476	0.249867332263942	0.804779294688499	FALSE
578	1:1.65e+08	1	1.65e+08	0.331653381421886	0.971397819497831	0.0622064001051559	0.122437673377224	0.00982876957072139	0.00254479659264113	-0.182616914622488	1.71912914621476	0.249867332263942	0.804779294688499	FALSE
578	1:1.14e+08	1	1.14e+08	0.331653381421886	0.971397819497831	0.0622064001051559	0.122437673377224	0.00982876957072139	0.00254479659264113	-0.182616914622488	1.71912914621476	0.249867332263942	0.804779294688499	FALSE
578	1:91500000	1	91500000	0.331653381421886	0.971397819497831	0.0622064001051559	0.122437673377224	0.00982876957072139	0.00254479659264113	-0.182616914622488	1.71912914621476	0.249867332263942	0.804779294688499	FALSE
578	1:8.8e+07	1	8.8e+07	0.331653381421886	0.971397819497831	0.0622064001051559	0.122437673377224	0.00982876957072139	0.00254479659264113	-0.182616914622488	1.71912914621476	0.249867332263942	0.804779294688499	FALSE
578	1:111500000	1	111500000	0.331653381421886	0.971397819497831	0.0622064001051559	0.122437673377224	0.00982876957072139	0.00254479659264113	-0.182616914622488	1.71912914621476	0.249867332263942	0.804779294688499	FALSE
578	1:152500000	1	152500000	0.331653381421886	0.971397819497831	0.0622064001051559	0.122437673377224	0.00982876957072139	0.00254479659264113	-0.182616914622488	1.71912914621476	0.249867332263942	0.804779294688499	FALSE
578	1:1.82e+08	1	1.82e+08	0.331653381421886	0.971397819497831	0.0622064001051559	0.122437673377224	0.00982876957072139	0.00254479659264113	-0.182616914622488	1.71912914621476	0.249867332263942	0.804779294688499	FALSE
578	1:178500000	1	178500000	0.331653381421886	0.971397819497831	0.0622064001051559	0.122437673377224	0.00982876957072139	0.00254479659264113	-0.182616914622488	1.71912914621476	0.249867332263942	0.804779294688499	FALSE
578	1:182500000	1	182500000	0.331653381421886	0.971397819497831	0.0622064001051559	0.122437673377224	0.00982876957072139	0.00254479659264113	-0.182616914622488	1.71912914621476	0.249867332263942	0.804779294688499	FALSE
578	1:1.57e+08	1	1.57e+08	0.331653381421886	0.971397819497831	0.0622064001051559	0.122437673377224	0.00982876957072139	0.00254479659264113	-0.182616914622488	1.71912914621476	0.249867332263942	0.804779294688499	FALSE
578	1:134500000	1	134500000	0.331653381421886	0.971397819497831	0.0622064001051559	0.122437673377224	0.00982876957072139	0.00254479659264113	-0.182616914622488	1.71912914621476	0.249867332263942	0.804779294688499	FALSE
578	1:151500000	1	151500000	0.331653381421886	0.971397819497831	0.0622064001051559	0.122437673377224	0.00982876957072139	0.00254479659264113	-0.182616914622488	1.71912914621476	0.249867332263942	0.804779294688499	FALSE
578	1:92500000	1	92500000	0.331653381421886	0.971397819497831	0.0622064001051559	0.122437673377224	0.00982876957072139	0.00254479659264113	-0.182616914622488	1.71912914621476	0.249867332263942	0.804779294688499	FALSE
578	1:1.53e+08	1	1.53e+08	0.331653381421886	0.971397819497831	0.0622064001051559	0.122437673377224	0.00982876957072139	0.00254479659264113	-0.182616914622488	1.71912914621476	0.249867332263942	0.804779294688499	FALSE
578	1:1.83e+08	1	1.83e+08	0.331653381421886	0.971397819497831	0.0622064001051559	0.122437673377224	0.00982876957072139	0.00254479659264113	-0.182616914622488	1.71912914621476	0.249867332263942	0.804779294688499	FALSE
578	1:1.39e+08	1	1.39e+08	0.331653381421886	0.971397819497831	0.0622064001051559	0.122437673377224	0.00982876957072139	0.00254479659264113	-0.182616914622488	1.71912914621476	0.249867332263942	0.804779294688499	FALSE
578	1:1.6e+08	1	1.6e+08	0.331653381421886	0.971397819497831	0.0622064001051559	0.122437673377224	0.00982876957072139	0.00254479659264113	-0.182616914622488	1.71912914621476	0.249867332263942	0.804779294688499	FALSE
578	1:1.78e+08	1	1.78e+08	0.331653381421886	0.971397819497831	0.0622064001051559	0.122437673377224	0.00982876957072139	0.00254479659264113	-0.182616914622488	1.71912914621476	0.249867332263942	0.804779294688499	FALSE
578	1:1.55e+08	1	1.55e+08	0.331653381421886	0.971397819497831	0.0622064001051559	0.122437673377224	0.00982876957072139	0.00254479659264113	-0.182616914622488	1.71912914621476	0.249867332263942	0.804779294688499	FALSE
578	1:1.73e+08	1	1.73e+08	0.331653381421886	0.971397819497831	0.0622064001051559	0.122437673377224	0.00982876957072139	0.00254479659264113	-0.182616914622488	1.71912914621476	0.249867332263942	0.804779294688499	FALSE
578	1:128500000	1	128500000	0.331653381421886	0.971397819497831	0.0622064001051559	0.122437673377224	0.00982876957072139	0.00254479659264113	-0.182616914622488	1.71912914621476	0.249867332263942	0.804779294688499	FALSE
578	1:90500000	1	90500000	0.331653381421886	0.971397819497831	0.0622064001051559	0.122437673377224	0.00982876957072139	0.00254479659264113	-0.182616914622488	1.71912914621476	0.249867332263942	0.804779294688499	FALSE
578	1:185500000	1	185500000	0.331653381421886	0.971397819497831	0.0622064001051559	0.122437673377224	0.00982876957072139	0.00254479659264113	-0.182616914622488	1.71912914621476	0.249867332263942	0.804779294688499	FALSE
578	1:100500000	1	100500000	0.331653381421886	0.971397819497831	0.0622064001051559	0.122437673377224	0.00982876957072139	0.00254479659264113	-0.182616914622488	1.71912914621476	0.249867332263942	0.804779294688499	FALSE
578	1:147500000	1	147500000	0.331653381421886	0.971397819497831	0.0622064001051559	0.122437673377224	0.00982876957072139	0.00254479659264113	-0.182616914622488	1.71912914621476	0.249867332263942	0.804779294688499	FALSE
578	1:9.2e+07	1	9.2e+07	0.331653381421886	0.971397819497831	0.0622064001051559	0.122437673377224	0.00982876957072139	0.00254479659264113	-0.182616914622488	1.71912914621476	0.249867332263942	0.804779294688499	FALSE
578	1:1.36e+08	1	1.36e+08	0.331653381421886	0.971397819497831	0.0622064001051559	0.122437673377224	0.00982876957072139	0.00254479659264113	-0.182616914622488	1.71912914621476	0.249867332263942	0.804779294688499	FALSE
578	1:158500000	1	158500000	0.331653381421886	0.971397819497831	0.0622064001051559	0.122437673377224	0.00982876957072139	0.00254479659264113	-0.182616914622488	1.71912914621476	0.249867332263942	0.804779294688499	FALSE
578	1:165500000	1	165500000	0.331653381421886	0.971397819497831	0.0622064001051559	0.122437673377224	0.00982876957072139	0.00254479659264113	-0.182616914622488	1.71912914621476	0.249867332263942	0.804779294688499	FALSE
578	1:186500000	1	186500000	0.331653381421886	0.971397819497831	0.0622064001051559	0.122437673377224	0.00982876957072139	0.00254479659264113	-0.182616914622488	1.71912914621476	0.249867332263942	0.804779294688499	FALSE
578	1:9.4e+07	1	9.4e+07	0.331653381421886	0.971397819497831	0.0622064001051559	0.122437673377224	0.00982876957072139	0.00254479659264113	-0.182616914622488	1.71912914621476	0.249867332263942	0.804779294688499	FALSE
578	1:1.92e+08	1	1.92e+08	0.331653381421886	0.971397819497831	0.0622064001051559	0.122437673377224	0.00982876957072139	0.00254479659264113	-0.182616914622488	1.71912914621476	0.249867332263942	0.804779294688499	FALSE
578	1:87500000	1	87500000	0.331653381421886	0.971397819497831	0.0622064001051559	0.122437673377224	0.00982876957072139	0.00254479659264113	-0.182616914622488	1.71912914621476	0.249867332263942	0.804779294688499	FALSE
578	1:1.54e+08	1	1.54e+08	0.331653381421886	0.971397819497831	0.0622064001051559	0.122437673377224	0.00982876957072139	0.00254479659264113	-0.182616914622488	1.71912914621476	0.249867332263942	0.804779294688499	FALSE
578	1:169500000	1	169500000	0.331653381421886	0.971397819497831	0.0622064001051559	0.122437673377224	0.00982876957072139	0.00254479659264113	-0.182616914622488	1.71912914621476	0.249867332263942	0.804779294688499	FALSE
578	1:191500000	1	191500000	0.331653381421886	0.971397819497831	0.0622064001051559	0.122437673377224	0.00982876957072139	0.00254479659264113	-0.182616914622488	1.71912914621476	0.249867332263942	0.804779294688499	FALSE
578	1:1.46e+08	1	1.46e+08	0.331653381421886	0.971397819497831	0.0622064001051559	0.122437673377224	0.00982876957072139	0.00254479659264113	-0.182616914622488	1.71912914621476	0.249867332263942	0.804779294688499	FALSE
578	1:108500000	1	108500000	0.331653381421886	0.971397819497831	0.0622064001051559	0.122437673377224	0.00982876957072139	0.00254479659264113	-0.182616914622488	1.71912914621476	0.249867332263942	0.804779294688499	FALSE
578	1:1.47e+08	1	1.47e+08	0.331653381421886	0.971397819497831	0.0622064001051559	0.122437673377224	0.00982876957072139	0.00254479659264113	-0.182616914622488	1.71912914621476	0.249867332263942	0.804779294688499	FALSE
578	1:148500000	1	148500000	0.331653381421886	0.971397819497831	0.0622064001051559	0.122437673377224	0.00982876957072139	0.00254479659264113	-0.182616914622488	1.71912914621476	0.249867332263942	0.804779294688499	FALSE
578	1:1.41e+08	1	1.41e+08	0.331653381421886	0.971397819497831	0.0622064001051559	0.122437673377224	0.00982876957072139	0.00254479659264113	-0.182616914622488	1.71912914621476	0.249867332263942	0.804779294688499	FALSE
578	1:118500000	1	118500000	0.331653381421886	0.971397819497831	0.0622064001051559	0.122437673377224	0.00982876957072139	0.00254479659264113	-0.182616914622488	1.71912914621476	0.249867332263942	0.804779294688499	FALSE
578	1:155500000	1	155500000	0.331653381421886	0.971397819497831	0.0622064001051559	0.122437673377224	0.00982876957072139	0.00254479659264113	-0.182616914622488	1.71912914621476	0.249867332263942	0.804779294688499	FALSE
578	1:1.15e+08	1	1.15e+08	0.331653381421886	0.971397819497831	0.0622064001051559	0.122437673377224	0.00982876957072139	0.00254479659264113	-0.182616914622488	1.71912914621476	0.249867332263942	0.804779294688499	FALSE
578	1:9.6e+07	1	9.6e+07	0.331653381421886	0.971397819497831	0.0622064001051559	0.122437673377224	0.00982876957072139	0.00254479659264113	-0.182616914622488	1.71912914621476	0.249867332263942	0.804779294688499	FALSE
578	1:163500000	1	163500000	0.331653381421886	0.971397819497831	0.0622064001051559	0.122437673377224	0.00982876957072139	0.00254479659264113	-0.182616914622488	1.71912914621476	0.249867332263942	0.804779294688499	FALSE
578	1:132500000	1	132500000	0.331653381421886	0.971397819497831	0.0622064001051559	0.122437673377224	0.00982876957072139	0.00254479659264113	-0.182616914622488	1.71912914621476	0.249867332263942	0.804779294688499	FALSE
578	1:1.87e+08	1	1.87e+08	0.331653381421886	0.971397819497831	0.0622064001051559	0.122437673377224	0.00982876957072139	0.00254479659264113	-0.182616914622488	1.71912914621476	0.249867332263942	0.804779294688499	FALSE
578	1:127500000	1	127500000	0.331653381421886	0.971397819497831	0.0622064001051559	0.122437673377224	0.00982876957072139	0.00254479659264113	-0.182616914622488	1.71912914621476	0.249867332263942	0.804779294688499	FALSE
578	1:139500000	1	139500000	0.331653381421886	0.971397819497831	0.0622064001051559	0.122437673377224	0.00982876957072139	0.00254479659264113	-0.182616914622488	1.71912914621476	0.249867332263942	0.804779294688499	FALSE
578	1:150500000	1	150500000	0.331653381421886	0.971397819497831	0.0622064001051559	0.122437673377224	0.00982876957072139	0.00254479659264113	-0.182616914622488	1.71912914621476	0.249867332263942	0.804779294688499	FALSE
578	1:8.7e+07	1	8.7e+07	0.331653381421886	0.971397819497831	0.0622064001051559	0.122437673377224	0.00982876957072139	0.00254479659264113	-0.182616914622488	1.71912914621476	0.249867332263942	0.804779294688499	FALSE
578	1:1.52e+08	1	1.52e+08	0.331653381421886	0.971397819497831	0.0622064001051559	0.122437673377224	0.00982876957072139	0.00254479659264113	-0.182616914622488	1.71912914621476	0.249867332263942	0.804779294688499	FALSE
592	1:1.01e+08	1	1.01e+08	0.345551931492214	0.978868431856083	0.0479152080288447	0.137013631645814	0.00837553471264036	0.0022672835137675	-0.182753444767605	1.8481663019537	0.50207678529829	0.804267323519524	FALSE
592	1:163500000	1	163500000	0.345551931492214	0.978868431856083	0.0479152080288447	0.137013631645814	0.00837553471264036	0.0022672835137675	-0.182753444767605	1.8481663019537	0.50207678529829	0.804267323519524	FALSE
592	1:1.44e+08	1	1.44e+08	0.345551931492214	0.978868431856083	0.0479152080288447	0.137013631645814	0.00837553471264036	0.0022672835137675	-0.182753444767605	1.8481663019537	0.50207678529829	0.804267323519524	FALSE
592	1:148500000	1	148500000	0.345551931492214	0.978868431856083	0.0479152080288447	0.137013631645814	0.00837553471264036	0.0022672835137675	-0.182753444767605	1.8481663019537	0.50207678529829	0.804267323519524	FALSE
592	1:108500000	1	108500000	0.345551931492214	0.978868431856083	0.0479152080288447	0.137013631645814	0.00837553471264036	0.0022672835137675	-0.182753444767605	1.8481663019537	0.50207678529829	0.804267323519524	FALSE
592	1:1.59e+08	1	1.59e+08	0.345551931492214	0.978868431856083	0.0479152080288447	0.137013631645814	0.00837553471264036	0.0022672835137675	-0.182753444767605	1.8481663019537	0.50207678529829	0.804267323519524	FALSE
592	1:1.71e+08	1	1.71e+08	0.345551931492214	0.978868431856083	0.0479152080288447	0.137013631645814	0.00837553471264036	0.0022672835137675	-0.182753444767605	1.8481663019537	0.50207678529829	0.804267323519524	FALSE
592	1:175500000	1	175500000	0.345551931492214	0.978868431856083	0.0479152080288447	0.137013631645814	0.00837553471264036	0.0022672835137675	-0.182753444767605	1.8481663019537	0.50207678529829	0.804267323519524	FALSE
592	1:176500000	1	176500000	0.345551931492214	0.978868431856083	0.0479152080288447	0.137013631645814	0.00837553471264036	0.0022672835137675	-0.182753444767605	1.8481663019537	0.50207678529829	0.804267323519524	FALSE
592	1:1.64e+08	1	1.64e+08	0.345551931492214	0.978868431856083	0.0479152080288447	0.137013631645814	0.00837553471264036	0.0022672835137675	-0.182753444767605	1.8481663019537	0.50207678529829	0.804267323519524	FALSE
592	1:1.27e+08	1	1.27e+08	0.345551931492214	0.978868431856083	0.0479152080288447	0.137013631645814	0.00837553471264036	0.0022672835137675	-0.182753444767605	1.8481663019537	0.50207678529829	0.804267323519524	FALSE
592	1:1.45e+08	1	1.45e+08	0.345551931492214	0.978868431856083	0.0479152080288447	0.137013631645814	0.00837553471264036	0.0022672835137675	-0.182753444767605	1.8481663019537	0.50207678529829	0.804267323519524	FALSE
592	1:132500000	1	132500000	0.345551931492214	0.978868431856083	0.0479152080288447	0.137013631645814	0.00837553471264036	0.0022672835137675	-0.182753444767605	1.8481663019537	0.50207678529829	0.804267323519524	FALSE
592	1:1.86e+08	1	1.86e+08	0.345551931492214	0.978868431856083	0.0479152080288447	0.137013631645814	0.00837553471264036	0.0022672835137675	-0.182753444767605	1.8481663019537	0.50207678529829	0.804267323519524	FALSE
592	1:1.5e+08	1	1.5e+08	0.345551931492214	0.978868431856083	0.0479152080288447	0.137013631645814	0.00837553471264036	0.0022672835137675	-0.182753444767605	1.8481663019537	0.50207678529829	0.804267323519524	FALSE
592	1:1.03e+08	1	1.03e+08	0.345551931492214	0.978868431856083	0.0479152080288447	0.137013631645814	0.00837553471264036	0.0022672835137675	-0.182753444767605	1.8481663019537	0.50207678529829	0.804267323519524	FALSE
592	1:1.61e+08	1	1.61e+08	0.345551931492214	0.978868431856083	0.0479152080288447	0.137013631645814	0.00837553471264036	0.0022672835137675	-0.182753444767605	1.8481663019537	0.50207678529829	0.804267323519524	FALSE
592	1:1.28e+08	1	1.28e+08	0.345551931492214	0.978868431856083	0.0479152080288447	0.137013631645814	0.00837553471264036	0.0022672835137675	-0.182753444767605	1.8481663019537	0.50207678529829	0.804267323519524	FALSE
592	1:165500000	1	165500000	0.345551931492214	0.978868431856083	0.0479152080288447	0.137013631645814	0.00837553471264036	0.0022672835137675	-0.182753444767605	1.8481663019537	0.50207678529829	0.804267323519524	FALSE
592	1:110500000	1	110500000	0.345551931492214	0.978868431856083	0.0479152080288447	0.137013631645814	0.00837553471264036	0.0022672835137675	-0.182753444767605	1.8481663019537	0.50207678529829	0.804267323519524	FALSE
592	1:118500000	1	118500000	0.345551931492214	0.978868431856083	0.0479152080288447	0.137013631645814	0.00837553471264036	0.0022672835137675	-0.182753444767605	1.8481663019537	0.50207678529829	0.804267323519524	FALSE
592	1:1.04e+08	1	1.04e+08	0.345551931492214	0.978868431856083	0.0479152080288447	0.137013631645814	0.00837553471264036	0.0022672835137675	-0.182753444767605	1.8481663019537	0.50207678529829	0.804267323519524	FALSE
592	1:1.65e+08	1	1.65e+08	0.345551931492214	0.978868431856083	0.0479152080288447	0.137013631645814	0.00837553471264036	0.0022672835137675	-0.182753444767605	1.8481663019537	0.50207678529829	0.804267323519524	FALSE
592	1:169500000	1	169500000	0.345551931492214	0.978868431856083	0.0479152080288447	0.137013631645814	0.00837553471264036	0.0022672835137675	-0.182753444767605	1.8481663019537	0.50207678529829	0.804267323519524	FALSE
592	1:133500000	1	133500000	0.345551931492214	0.978868431856083	0.0479152080288447	0.137013631645814	0.00837553471264036	0.0022672835137675	-0.182753444767605	1.8481663019537	0.50207678529829	0.804267323519524	FALSE
592	1:1.29e+08	1	1.29e+08	0.345551931492214	0.978868431856083	0.0479152080288447	0.137013631645814	0.00837553471264036	0.0022672835137675	-0.182753444767605	1.8481663019537	0.50207678529829	0.804267323519524	FALSE
592	1:1.62e+08	1	1.62e+08	0.345551931492214	0.978868431856083	0.0479152080288447	0.137013631645814	0.00837553471264036	0.0022672835137675	-0.182753444767605	1.8481663019537	0.50207678529829	0.804267323519524	FALSE
592	1:1.05e+08	1	1.05e+08	0.345551931492214	0.978868431856083	0.0479152080288447	0.137013631645814	0.00837553471264036	0.0022672835137675	-0.182753444767605	1.8481663019537	0.50207678529829	0.804267323519524	FALSE
592	1:178500000	1	178500000	0.345551931492214	0.978868431856083	0.0479152080288447	0.137013631645814	0.00837553471264036	0.0022672835137675	-0.182753444767605	1.8481663019537	0.50207678529829	0.804267323519524	FALSE
592	1:111500000	1	111500000	0.345551931492214	0.978868431856083	0.0479152080288447	0.137013631645814	0.00837553471264036	0.0022672835137675	-0.182753444767605	1.8481663019537	0.50207678529829	0.804267323519524	FALSE
592	1:1.73e+08	1	1.73e+08	0.345551931492214	0.978868431856083	0.0479152080288447	0.137013631645814	0.00837553471264036	0.0022672835137675	-0.182753444767605	1.8481663019537	0.50207678529829	0.804267323519524	FALSE
592	1:1.74e+08	1	1.74e+08	0.345551931492214	0.978868431856083	0.0479152080288447	0.137013631645814	0.00837553471264036	0.0022672835137675	-0.182753444767605	1.8481663019537	0.50207678529829	0.804267323519524	FALSE
592	1:113500000	1	113500000	0.345551931492214	0.978868431856083	0.0479152080288447	0.137013631645814	0.00837553471264036	0.0022672835137675	-0.182753444767605	1.8481663019537	0.50207678529829	0.804267323519524	FALSE
592	1:166500000	1	166500000	0.345551931492214	0.978868431856083	0.0479152080288447	0.137013631645814	0.00837553471264036	0.0022672835137675	-0.182753444767605	1.8481663019537	0.50207678529829	0.804267323519524	FALSE
592	1:1.06e+08	1	1.06e+08	0.345551931492214	0.978868431856083	0.0479152080288447	0.137013631645814	0.00837553471264036	0.0022672835137675	-0.182753444767605	1.8481663019537	0.50207678529829	0.804267323519524	FALSE
592	1:89500000	1	89500000	0.345551931492214	0.978868431856083	0.0479152080288447	0.137013631645814	0.00837553471264036	0.0022672835137675	-0.182753444767605	1.8481663019537	0.50207678529829	0.804267323519524	FALSE
592	1:1.31e+08	1	1.31e+08	0.345551931492214	0.978868431856083	0.0479152080288447	0.137013631645814	0.00837553471264036	0.0022672835137675	-0.182753444767605	1.8481663019537	0.50207678529829	0.804267323519524	FALSE
592	1:135500000	1	135500000	0.345551931492214	0.978868431856083	0.0479152080288447	0.137013631645814	0.00837553471264036	0.0022672835137675	-0.182753444767605	1.8481663019537	0.50207678529829	0.804267323519524	FALSE
592	1:122500000	1	122500000	0.345551931492214	0.978868431856083	0.0479152080288447	0.137013631645814	0.00837553471264036	0.0022672835137675	-0.182753444767605	1.8481663019537	0.50207678529829	0.804267323519524	FALSE
592	1:114500000	1	114500000	0.345551931492214	0.978868431856083	0.0479152080288447	0.137013631645814	0.00837553471264036	0.0022672835137675	-0.182753444767605	1.8481663019537	0.50207678529829	0.804267323519524	FALSE
592	1:1.08e+08	1	1.08e+08	0.345551931492214	0.978868431856083	0.0479152080288447	0.137013631645814	0.00837553471264036	0.0022672835137675	-0.182753444767605	1.8481663019537	0.50207678529829	0.804267323519524	FALSE
592	1:1.63e+08	1	1.63e+08	0.345551931492214	0.978868431856083	0.0479152080288447	0.137013631645814	0.00837553471264036	0.0022672835137675	-0.182753444767605	1.8481663019537	0.50207678529829	0.804267323519524	FALSE
592	1:180500000	1	180500000	0.345551931492214	0.978868431856083	0.0479152080288447	0.137013631645814	0.00837553471264036	0.0022672835137675	-0.182753444767605	1.8481663019537	0.50207678529829	0.804267323519524	FALSE
592	1:153500000	1	153500000	0.345551931492214	0.978868431856083	0.0479152080288447	0.137013631645814	0.00837553471264036	0.0022672835137675	-0.182753444767605	1.8481663019537	0.50207678529829	0.804267323519524	FALSE
592	1:115500000	1	115500000	0.345551931492214	0.978868431856083	0.0479152080288447	0.137013631645814	0.00837553471264036	0.0022672835137675	-0.182753444767605	1.8481663019537	0.50207678529829	0.804267323519524	FALSE
592	1:1.4e+08	1	1.4e+08	0.345551931492214	0.978868431856083	0.0479152080288447	0.137013631645814	0.00837553471264036	0.0022672835137675	-0.182753444767605	1.8481663019537	0.50207678529829	0.804267323519524	FALSE
592	1:181500000	1	181500000	0.345551931492214	0.978868431856083	0.0479152080288447	0.137013631645814	0.00837553471264036	0.0022672835137675	-0.182753444767605	1.8481663019537	0.50207678529829	0.804267323519524	FALSE
592	1:1.09e+08	1	1.09e+08	0.345551931492214	0.978868431856083	0.0479152080288447	0.137013631645814	0.00837553471264036	0.0022672835137675	-0.182753444767605	1.8481663019537	0.50207678529829	0.804267323519524	FALSE
592	1:154500000	1	154500000	0.345551931492214	0.978868431856083	0.0479152080288447	0.137013631645814	0.00837553471264036	0.0022672835137675	-0.182753444767605	1.8481663019537	0.50207678529829	0.804267323519524	FALSE
592	1:1.1e+08	1	1.1e+08	0.345551931492214	0.978868431856083	0.0479152080288447	0.137013631645814	0.00837553471264036	0.0022672835137675	-0.182753444767605	1.8481663019537	0.50207678529829	0.804267323519524	FALSE
592	1:168500000	1	168500000	0.345551931492214	0.978868431856083	0.0479152080288447	0.137013631645814	0.00837553471264036	0.0022672835137675	-0.182753444767605	1.8481663019537	0.50207678529829	0.804267323519524	FALSE
592	1:138500000	1	138500000	0.345551931492214	0.978868431856083	0.0479152080288447	0.137013631645814	0.00837553471264036	0.0022672835137675	-0.182753444767605	1.8481663019537	0.50207678529829	0.804267323519524	FALSE
592	1:117500000	1	117500000	0.345551931492214	0.978868431856083	0.0479152080288447	0.137013631645814	0.00837553471264036	0.0022672835137675	-0.182753444767605	1.8481663019537	0.50207678529829	0.804267323519524	FALSE
592	1:96500000	1	96500000	0.345551931492214	0.978868431856083	0.0479152080288447	0.137013631645814	0.00837553471264036	0.0022672835137675	-0.182753444767605	1.8481663019537	0.50207678529829	0.804267323519524	FALSE
592	1:1.13e+08	1	1.13e+08	0.345551931492214	0.978868431856083	0.0479152080288447	0.137013631645814	0.00837553471264036	0.0022672835137675	-0.182753444767605	1.8481663019537	0.50207678529829	0.804267323519524	FALSE
592	1:187500000	1	187500000	0.345551931492214	0.978868431856083	0.0479152080288447	0.137013631645814	0.00837553471264036	0.0022672835137675	-0.182753444767605	1.8481663019537	0.50207678529829	0.804267323519524	FALSE
592	1:1.35e+08	1	1.35e+08	0.345551931492214	0.978868431856083	0.0479152080288447	0.137013631645814	0.00837553471264036	0.0022672835137675	-0.182753444767605	1.8481663019537	0.50207678529829	0.804267323519524	FALSE
592	1:1.91e+08	1	1.91e+08	0.345551931492214	0.978868431856083	0.0479152080288447	0.137013631645814	0.00837553471264036	0.0022672835137675	-0.182753444767605	1.8481663019537	0.50207678529829	0.804267323519524	FALSE
592	1:1.14e+08	1	1.14e+08	0.345551931492214	0.978868431856083	0.0479152080288447	0.137013631645814	0.00837553471264036	0.0022672835137675	-0.182753444767605	1.8481663019537	0.50207678529829	0.804267323519524	FALSE
592	1:1.72e+08	1	1.72e+08	0.345551931492214	0.978868431856083	0.0479152080288447	0.137013631645814	0.00837553471264036	0.0022672835137675	-0.182753444767605	1.8481663019537	0.50207678529829	0.804267323519524	FALSE
592	1:172500000	1	172500000	0.345551931492214	0.978868431856083	0.0479152080288447	0.137013631645814	0.00837553471264036	0.0022672835137675	-0.182753444767605	1.8481663019537	0.50207678529829	0.804267323519524	FALSE
592	1:139500000	1	139500000	0.345551931492214	0.978868431856083	0.0479152080288447	0.137013631645814	0.00837553471264036	0.0022672835137675	-0.182753444767605	1.8481663019537	0.50207678529829	0.804267323519524	FALSE
592	1:1.82e+08	1	1.82e+08	0.345551931492214	0.978868431856083	0.0479152080288447	0.137013631645814	0.00837553471264036	0.0022672835137675	-0.182753444767605	1.8481663019537	0.50207678529829	0.804267323519524	FALSE
592	1:188500000	1	188500000	0.345551931492214	0.978868431856083	0.0479152080288447	0.137013631645814	0.00837553471264036	0.0022672835137675	-0.182753444767605	1.8481663019537	0.50207678529829	0.804267323519524	FALSE
592	1:1.77e+08	1	1.77e+08	0.345551931492214	0.978868431856083	0.0479152080288447	0.137013631645814	0.00837553471264036	0.0022672835137675	-0.182753444767605	1.8481663019537	0.50207678529829	0.804267323519524	FALSE
592	1:1.15e+08	1	1.15e+08	0.345551931492214	0.978868431856083	0.0479152080288447	0.137013631645814	0.00837553471264036	0.0022672835137675	-0.182753444767605	1.8481663019537	0.50207678529829	0.804267323519524	FALSE
592	1:120500000	1	120500000	0.345551931492214	0.978868431856083	0.0479152080288447	0.137013631645814	0.00837553471264036	0.0022672835137675	-0.182753444767605	1.8481663019537	0.50207678529829	0.804267323519524	FALSE
592	1:1.23e+08	1	1.23e+08	0.345551931492214	0.978868431856083	0.0479152080288447	0.137013631645814	0.00837553471264036	0.0022672835137675	-0.182753444767605	1.8481663019537	0.50207678529829	0.804267323519524	FALSE
592	1:1.42e+08	1	1.42e+08	0.345551931492214	0.978868431856083	0.0479152080288447	0.137013631645814	0.00837553471264036	0.0022672835137675	-0.182753444767605	1.8481663019537	0.50207678529829	0.804267323519524	FALSE
592	1:141500000	1	141500000	0.345551931492214	0.978868431856083	0.0479152080288447	0.137013631645814	0.00837553471264036	0.0022672835137675	-0.182753444767605	1.8481663019537	0.50207678529829	0.804267323519524	FALSE
592	1:1.17e+08	1	1.17e+08	0.345551931492214	0.978868431856083	0.0479152080288447	0.137013631645814	0.00837553471264036	0.0022672835137675	-0.182753444767605	1.8481663019537	0.50207678529829	0.804267323519524	FALSE
592	1:1.66e+08	1	1.66e+08	0.345551931492214	0.978868431856083	0.0479152080288447	0.137013631645814	0.00837553471264036	0.0022672835137675	-0.182753444767605	1.8481663019537	0.50207678529829	0.804267323519524	FALSE
592	1:1.18e+08	1	1.18e+08	0.345551931492214	0.978868431856083	0.0479152080288447	0.137013631645814	0.00837553471264036	0.0022672835137675	-0.182753444767605	1.8481663019537	0.50207678529829	0.804267323519524	FALSE
592	1:121500000	1	121500000	0.345551931492214	0.978868431856083	0.0479152080288447	0.137013631645814	0.00837553471264036	0.0022672835137675	-0.182753444767605	1.8481663019537	0.50207678529829	0.804267323519524	FALSE
592	1:1.78e+08	1	1.78e+08	0.345551931492214	0.978868431856083	0.0479152080288447	0.137013631645814	0.00837553471264036	0.0022672835137675	-0.182753444767605	1.8481663019537	0.50207678529829	0.804267323519524	FALSE
592	1:93500000	1	93500000	0.345551931492214	0.978868431856083	0.0479152080288447	0.137013631645814	0.00837553471264036	0.0022672835137675	-0.182753444767605	1.8481663019537	0.50207678529829	0.804267323519524	FALSE
592	1:9e+07	1	9e+07	0.345551931492214	0.978868431856083	0.0479152080288447	0.137013631645814	0.00837553471264036	0.0022672835137675	-0.182753444767605	1.8481663019537	0.50207678529829	0.804267323519524	FALSE
592	1:1.6e+08	1	1.6e+08	0.345551931492214	0.978868431856083	0.0479152080288447	0.137013631645814	0.00837553471264036	0.0022672835137675	-0.182753444767605	1.8481663019537	0.50207678529829	0.804267323519524	FALSE
592	1:1.84e+08	1	1.84e+08	0.345551931492214	0.978868431856083	0.0479152080288447	0.137013631645814	0.00837553471264036	0.0022672835137675	-0.182753444767605	1.8481663019537	0.50207678529829	0.804267323519524	FALSE
592	1:1.38e+08	1	1.38e+08	0.345551931492214	0.978868431856083	0.0479152080288447	0.137013631645814	0.00837553471264036	0.0022672835137675	-0.182753444767605	1.8481663019537	0.50207678529829	0.804267323519524	FALSE
592	1:1.26e+08	1	1.26e+08	0.345551931492214	0.978868431856083	0.0479152080288447	0.137013631645814	0.00837553471264036	0.0022672835137675	-0.182753444767605	1.8481663019537	0.50207678529829	0.804267323519524	FALSE
592	1:123500000	1	123500000	0.345551931492214	0.978868431856083	0.0479152080288447	0.137013631645814	0.00837553471264036	0.0022672835137675	-0.182753444767605	1.8481663019537	0.50207678529829	0.804267323519524	FALSE
592	1:100500000	1	100500000	0.345551931492214	0.978868431856083	0.0479152080288447	0.137013631645814	0.00837553471264036	0.0022672835137675	-0.182753444767605	1.8481663019537	0.50207678529829	0.804267323519524	FALSE
592	1:1.19e+08	1	1.19e+08	0.345551931492214	0.978868431856083	0.0479152080288447	0.137013631645814	0.00837553471264036	0.0022672835137675	-0.182753444767605	1.8481663019537	0.50207678529829	0.804267323519524	FALSE
592	1:171500000	1	171500000	0.345551931492214	0.978868431856083	0.0479152080288447	0.137013631645814	0.00837553471264036	0.0022672835137675	-0.182753444767605	1.8481663019537	0.50207678529829	0.804267323519524	FALSE
592	1:1.67e+08	1	1.67e+08	0.345551931492214	0.978868431856083	0.0479152080288447	0.137013631645814	0.00837553471264036	0.0022672835137675	-0.182753444767605	1.8481663019537	0.50207678529829	0.804267323519524	FALSE
592	1:9.1e+07	1	9.1e+07	0.345551931492214	0.978868431856083	0.0479152080288447	0.137013631645814	0.00837553471264036	0.0022672835137675	-0.182753444767605	1.8481663019537	0.50207678529829	0.804267323519524	FALSE
592	1:1.55e+08	1	1.55e+08	0.345551931492214	0.978868431856083	0.0479152080288447	0.137013631645814	0.00837553471264036	0.0022672835137675	-0.182753444767605	1.8481663019537	0.50207678529829	0.804267323519524	FALSE
592	1:186500000	1	186500000	0.345551931492214	0.978868431856083	0.0479152080288447	0.137013631645814	0.00837553471264036	0.0022672835137675	-0.182753444767605	1.8481663019537	0.50207678529829	0.804267323519524	FALSE
592	1:9.9e+07	1	9.9e+07	0.345551931492214	0.978868431856083	0.0479152080288447	0.137013631645814	0.00837553471264036	0.0022672835137675	-0.182753444767605	1.8481663019537	0.50207678529829	0.804267323519524	FALSE
592	1:124500000	1	124500000	0.345551931492214	0.978868431856083	0.0479152080288447	0.137013631645814	0.00837553471264036	0.0022672835137675	-0.182753444767605	1.8481663019537	0.50207678529829	0.804267323519524	FALSE
592	1:1.7e+08	1	1.7e+08	0.345551931492214	0.978868431856083	0.0479152080288447	0.137013631645814	0.00837553471264036	0.0022672835137675	-0.182753444767605	1.8481663019537	0.50207678529829	0.804267323519524	FALSE
592	1:1.68e+08	1	1.68e+08	0.345551931492214	0.978868431856083	0.0479152080288447	0.137013631645814	0.00837553471264036	0.0022672835137675	-0.182753444767605	1.8481663019537	0.50207678529829	0.804267323519524	FALSE
592	1:1.21e+08	1	1.21e+08	0.345551931492214	0.978868431856083	0.0479152080288447	0.137013631645814	0.00837553471264036	0.0022672835137675	-0.182753444767605	1.8481663019537	0.50207678529829	0.804267323519524	FALSE
592	1:125500000	1	125500000	0.345551931492214	0.978868431856083	0.0479152080288447	0.137013631645814	0.00837553471264036	0.0022672835137675	-0.182753444767605	1.8481663019537	0.50207678529829	0.804267323519524	FALSE
592	1:8.6e+07	1	8.6e+07	0.345551931492214	0.978868431856083	0.0479152080288447	0.137013631645814	0.00837553471264036	0.0022672835137675	-0.182753444767605	1.8481663019537	0.50207678529829	0.804267323519524	FALSE
592	1:1.41e+08	1	1.41e+08	0.345551931492214	0.978868431856083	0.0479152080288447	0.137013631645814	0.00837553471264036	0.0022672835137675	-0.182753444767605	1.8481663019537	0.50207678529829	0.804267323519524	FALSE
592	1:9.3e+07	1	9.3e+07	0.345551931492214	0.978868431856083	0.0479152080288447	0.137013631645814	0.00837553471264036	0.0022672835137675	-0.182753444767605	1.8481663019537	0.50207678529829	0.804267323519524	FALSE
592	1:160500000	1	160500000	0.345551931492214	0.978868431856083	0.0479152080288447	0.137013631645814	0.00837553471264036	0.0022672835137675	-0.182753444767605	1.8481663019537	0.50207678529829	0.804267323519524	FALSE
592	1:1.51e+08	1	1.51e+08	0.345551931492214	0.978868431856083	0.0479152080288447	0.137013631645814	0.00837553471264036	0.0022672835137675	-0.182753444767605	1.8481663019537	0.50207678529829	0.804267323519524	FALSE
592	1:8.7e+07	1	8.7e+07	0.345551931492214	0.978868431856083	0.0479152080288447	0.137013631645814	0.00837553471264036	0.0022672835137675	-0.182753444767605	1.8481663019537	0.50207678529829	0.804267323519524	FALSE
592	1:1.22e+08	1	1.22e+08	0.345551931492214	0.978868431856083	0.0479152080288447	0.137013631645814	0.00837553471264036	0.0022672835137675	-0.182753444767605	1.8481663019537	0.50207678529829	0.804267323519524	FALSE
592	1:177500000	1	177500000	0.345551931492214	0.978868431856083	0.0479152080288447	0.137013631645814	0.00837553471264036	0.0022672835137675	-0.182753444767605	1.8481663019537	0.50207678529829	0.804267323519524	FALSE
592	1:155500000	1	155500000	0.345551931492214	0.978868431856083	0.0479152080288447	0.137013631645814	0.00837553471264036	0.0022672835137675	-0.182753444767605	1.8481663019537	0.50207678529829	0.804267323519524	FALSE
592	1:173500000	1	173500000	0.345551931492214	0.978868431856083	0.0479152080288447	0.137013631645814	0.00837553471264036	0.0022672835137675	-0.182753444767605	1.8481663019537	0.50207678529829	0.804267323519524	FALSE
592	1:9.5e+07	1	9.5e+07	0.345551931492214	0.978868431856083	0.0479152080288447	0.137013631645814	0.00837553471264036	0.0022672835137675	-0.182753444767605	1.8481663019537	0.50207678529829	0.804267323519524	FALSE
592	1:126500000	1	126500000	0.345551931492214	0.978868431856083	0.0479152080288447	0.137013631645814	0.00837553471264036	0.0022672835137675	-0.182753444767605	1.8481663019537	0.50207678529829	0.804267323519524	FALSE
592	1:8.8e+07	1	8.8e+07	0.345551931492214	0.978868431856083	0.0479152080288447	0.137013631645814	0.00837553471264036	0.0022672835137675	-0.182753444767605	1.8481663019537	0.50207678529829	0.804267323519524	FALSE
592	1:92500000	1	92500000	0.345551931492214	0.978868431856083	0.0479152080288447	0.137013631645814	0.00837553471264036	0.0022672835137675	-0.182753444767605	1.8481663019537	0.50207678529829	0.804267323519524	FALSE
592	1:1.83e+08	1	1.83e+08	0.345551931492214	0.978868431856083	0.0479152080288447	0.137013631645814	0.00837553471264036	0.0022672835137675	-0.182753444767605	1.8481663019537	0.50207678529829	0.804267323519524	FALSE
592	1:145500000	1	145500000	0.345551931492214	0.978868431856083	0.0479152080288447	0.137013631645814	0.00837553471264036	0.0022672835137675	-0.182753444767605	1.8481663019537	0.50207678529829	0.804267323519524	FALSE
592	1:1.24e+08	1	1.24e+08	0.345551931492214	0.978868431856083	0.0479152080288447	0.137013631645814	0.00837553471264036	0.0022672835137675	-0.182753444767605	1.8481663019537	0.50207678529829	0.804267323519524	FALSE
592	1:174500000	1	174500000	0.345551931492214	0.978868431856083	0.0479152080288447	0.137013631645814	0.00837553471264036	0.0022672835137675	-0.182753444767605	1.8481663019537	0.50207678529829	0.804267323519524	FALSE
592	1:9.6e+07	1	9.6e+07	0.345551931492214	0.978868431856083	0.0479152080288447	0.137013631645814	0.00837553471264036	0.0022672835137675	-0.182753444767605	1.8481663019537	0.50207678529829	0.804267323519524	FALSE
592	1:127500000	1	127500000	0.345551931492214	0.978868431856083	0.0479152080288447	0.137013631645814	0.00837553471264036	0.0022672835137675	-0.182753444767605	1.8481663019537	0.50207678529829	0.804267323519524	FALSE
592	1:156500000	1	156500000	0.345551931492214	0.978868431856083	0.0479152080288447	0.137013631645814	0.00837553471264036	0.0022672835137675	-0.182753444767605	1.8481663019537	0.50207678529829	0.804267323519524	FALSE
592	1:1.53e+08	1	1.53e+08	0.345551931492214	0.978868431856083	0.0479152080288447	0.137013631645814	0.00837553471264036	0.0022672835137675	-0.182753444767605	1.8481663019537	0.50207678529829	0.804267323519524	FALSE
592	1:1.9e+08	1	1.9e+08	0.345551931492214	0.978868431856083	0.0479152080288447	0.137013631645814	0.00837553471264036	0.0022672835137675	-0.182753444767605	1.8481663019537	0.50207678529829	0.804267323519524	FALSE
592	1:9.7e+07	1	9.7e+07	0.345551931492214	0.978868431856083	0.0479152080288447	0.137013631645814	0.00837553471264036	0.0022672835137675	-0.182753444767605	1.8481663019537	0.50207678529829	0.804267323519524	FALSE
592	1:1.58e+08	1	1.58e+08	0.345551931492214	0.978868431856083	0.0479152080288447	0.137013631645814	0.00837553471264036	0.0022672835137675	-0.182753444767605	1.8481663019537	0.50207678529829	0.804267323519524	FALSE
592	1:1.49e+08	1	1.49e+08	0.345551931492214	0.978868431856083	0.0479152080288447	0.137013631645814	0.00837553471264036	0.0022672835137675	-0.182753444767605	1.8481663019537	0.50207678529829	0.804267323519524	FALSE
592	1:128500000	1	128500000	0.345551931492214	0.978868431856083	0.0479152080288447	0.137013631645814	0.00837553471264036	0.0022672835137675	-0.182753444767605	1.8481663019537	0.50207678529829	0.804267323519524	FALSE
592	1:1.85e+08	1	1.85e+08	0.345551931492214	0.978868431856083	0.0479152080288447	0.137013631645814	0.00837553471264036	0.0022672835137675	-0.182753444767605	1.8481663019537	0.50207678529829	0.804267323519524	FALSE
592	1:190500000	1	190500000	0.345551931492214	0.978868431856083	0.0479152080288447	0.137013631645814	0.00837553471264036	0.0022672835137675	-0.182753444767605	1.8481663019537	0.50207678529829	0.804267323519524	FALSE
592	1:147500000	1	147500000	0.345551931492214	0.978868431856083	0.0479152080288447	0.137013631645814	0.00837553471264036	0.0022672835137675	-0.182753444767605	1.8481663019537	0.50207678529829	0.804267323519524	FALSE
592	1:8.5e+07	1	8.5e+07	0.345551931492214	0.978868431856083	0.0479152080288447	0.137013631645814	0.00837553471264036	0.0022672835137675	-0.182753444767605	1.8481663019537	0.50207678529829	0.804267323519524	FALSE
592	1:191500000	1	191500000	0.345551931492214	0.978868431856083	0.0479152080288447	0.137013631645814	0.00837553471264036	0.0022672835137675	-0.182753444767605	1.8481663019537	0.50207678529829	0.804267323519524	FALSE
592	1:185500000	1	185500000	0.345551931492214	0.978868431856083	0.0479152080288447	0.137013631645814	0.00837553471264036	0.0022672835137675	-0.182753444767605	1.8481663019537	0.50207678529829	0.804267323519524	FALSE
592	1:129500000	1	129500000	0.345551931492214	0.978868431856083	0.0479152080288447	0.137013631645814	0.00837553471264036	0.0022672835137675	-0.182753444767605	1.8481663019537	0.50207678529829	0.804267323519524	FALSE
592	1:116500000	1	116500000	0.345551931492214	0.978868431856083	0.0479152080288447	0.137013631645814	0.00837553471264036	0.0022672835137675	-0.182753444767605	1.8481663019537	0.50207678529829	0.804267323519524	FALSE
592	1:85500000	1	85500000	0.345551931492214	0.978868431856083	0.0479152080288447	0.137013631645814	0.00837553471264036	0.0022672835137675	-0.182753444767605	1.8481663019537	0.50207678529829	0.804267323519524	FALSE
592	1:1.75e+08	1	1.75e+08	0.345551931492214	0.978868431856083	0.0479152080288447	0.137013631645814	0.00837553471264036	0.0022672835137675	-0.182753444767605	1.8481663019537	0.50207678529829	0.804267323519524	FALSE
592	1:1.87e+08	1	1.87e+08	0.345551931492214	0.978868431856083	0.0479152080288447	0.137013631645814	0.00837553471264036	0.0022672835137675	-0.182753444767605	1.8481663019537	0.50207678529829	0.804267323519524	FALSE
592	1:1.34e+08	1	1.34e+08	0.345551931492214	0.978868431856083	0.0479152080288447	0.137013631645814	0.00837553471264036	0.0022672835137675	-0.182753444767605	1.8481663019537	0.50207678529829	0.804267323519524	FALSE
592	1:101500000	1	101500000	0.345551931492214	0.978868431856083	0.0479152080288447	0.137013631645814	0.00837553471264036	0.0022672835137675	-0.182753444767605	1.8481663019537	0.50207678529829	0.804267323519524	FALSE
592	1:144500000	1	144500000	0.345551931492214	0.978868431856083	0.0479152080288447	0.137013631645814	0.00837553471264036	0.0022672835137675	-0.182753444767605	1.8481663019537	0.50207678529829	0.804267323519524	FALSE
592	1:149500000	1	149500000	0.345551931492214	0.978868431856083	0.0479152080288447	0.137013631645814	0.00837553471264036	0.0022672835137675	-0.182753444767605	1.8481663019537	0.50207678529829	0.804267323519524	FALSE
592	1:164500000	1	164500000	0.345551931492214	0.978868431856083	0.0479152080288447	0.137013631645814	0.00837553471264036	0.0022672835137675	-0.182753444767605	1.8481663019537	0.50207678529829	0.804267323519524	FALSE
592	1:1.46e+08	1	1.46e+08	0.345551931492214	0.978868431856083	0.0479152080288447	0.137013631645814	0.00837553471264036	0.0022672835137675	-0.182753444767605	1.8481663019537	0.50207678529829	0.804267323519524	FALSE
592	1:109500000	1	109500000	0.345551931492214	0.978868431856083	0.0479152080288447	0.137013631645814	0.00837553471264036	0.0022672835137675	-0.182753444767605	1.8481663019537	0.50207678529829	0.804267323519524	FALSE
592	1:150500000	1	150500000	0.345551931492214	0.978868431856083	0.0479152080288447	0.137013631645814	0.00837553471264036	0.0022672835137675	-0.182753444767605	1.8481663019537	0.50207678529829	0.804267323519524	FALSE
592	1:182500000	1	182500000	0.345551931492214	0.978868431856083	0.0479152080288447	0.137013631645814	0.00837553471264036	0.0022672835137675	-0.182753444767605	1.8481663019537	0.50207678529829	0.804267323519524	FALSE
592	1:97500000	1	97500000	0.345551931492214	0.978868431856083	0.0479152080288447	0.137013631645814	0.00837553471264036	0.0022672835137675	-0.182753444767605	1.8481663019537	0.50207678529829	0.804267323519524	FALSE
592	1:1.47e+08	1	1.47e+08	0.345551931492214	0.978868431856083	0.0479152080288447	0.137013631645814	0.00837553471264036	0.0022672835137675	-0.182753444767605	1.8481663019537	0.50207678529829	0.804267323519524	FALSE
592	1:140500000	1	140500000	0.345551931492214	0.978868431856083	0.0479152080288447	0.137013631645814	0.00837553471264036	0.0022672835137675	-0.182753444767605	1.8481663019537	0.50207678529829	0.804267323519524	FALSE
592	1:1.3e+08	1	1.3e+08	0.345551931492214	0.978868431856083	0.0479152080288447	0.137013631645814	0.00837553471264036	0.0022672835137675	-0.182753444767605	1.8481663019537	0.50207678529829	0.804267323519524	FALSE
592	1:1e+08	1	1e+08	0.345551931492214	0.978868431856083	0.0479152080288447	0.137013631645814	0.00837553471264036	0.0022672835137675	-0.182753444767605	1.8481663019537	0.50207678529829	0.804267323519524	FALSE
592	1:99500000	1	99500000	0.345551931492214	0.978868431856083	0.0479152080288447	0.137013631645814	0.00837553471264036	0.0022672835137675	-0.182753444767605	1.8481663019537	0.50207678529829	0.804267323519524	FALSE
592	1:1.32e+08	1	1.32e+08	0.345551931492214	0.978868431856083	0.0479152080288447	0.137013631645814	0.00837553471264036	0.0022672835137675	-0.182753444767605	1.8481663019537	0.50207678529829	0.804267323519524	FALSE
592	1:104500000	1	104500000	0.345551931492214	0.978868431856083	0.0479152080288447	0.137013631645814	0.00837553471264036	0.0022672835137675	-0.182753444767605	1.8481663019537	0.50207678529829	0.804267323519524	FALSE
592	1:151500000	1	151500000	0.345551931492214	0.978868431856083	0.0479152080288447	0.137013631645814	0.00837553471264036	0.0022672835137675	-0.182753444767605	1.8481663019537	0.50207678529829	0.804267323519524	FALSE
592	1:1.88e+08	1	1.88e+08	0.345551931492214	0.978868431856083	0.0479152080288447	0.137013631645814	0.00837553471264036	0.0022672835137675	-0.182753444767605	1.8481663019537	0.50207678529829	0.804267323519524	FALSE
592	1:1.48e+08	1	1.48e+08	0.345551931492214	0.978868431856083	0.0479152080288447	0.137013631645814	0.00837553471264036	0.0022672835137675	-0.182753444767605	1.8481663019537	0.50207678529829	0.804267323519524	FALSE
592	1:179500000	1	179500000	0.345551931492214	0.978868431856083	0.0479152080288447	0.137013631645814	0.00837553471264036	0.0022672835137675	-0.182753444767605	1.8481663019537	0.50207678529829	0.804267323519524	FALSE
592	1:8.9e+07	1	8.9e+07	0.345551931492214	0.978868431856083	0.0479152080288447	0.137013631645814	0.00837553471264036	0.0022672835137675	-0.182753444767605	1.8481663019537	0.50207678529829	0.804267323519524	FALSE
592	1:105500000	1	105500000	0.345551931492214	0.978868431856083	0.0479152080288447	0.137013631645814	0.00837553471264036	0.0022672835137675	-0.182753444767605	1.8481663019537	0.50207678529829	0.804267323519524	FALSE
592	1:1.81e+08	1	1.81e+08	0.345551931492214	0.978868431856083	0.0479152080288447	0.137013631645814	0.00837553471264036	0.0022672835137675	-0.182753444767605	1.8481663019537	0.50207678529829	0.804267323519524	FALSE
592	1:158500000	1	158500000	0.345551931492214	0.978868431856083	0.0479152080288447	0.137013631645814	0.00837553471264036	0.0022672835137675	-0.182753444767605	1.8481663019537	0.50207678529829	0.804267323519524	FALSE
592	1:162500000	1	162500000	0.345551931492214	0.978868431856083	0.0479152080288447	0.137013631645814	0.00837553471264036	0.0022672835137675	-0.182753444767605	1.8481663019537	0.50207678529829	0.804267323519524	FALSE
592	1:87500000	1	87500000	0.345551931492214	0.978868431856083	0.0479152080288447	0.137013631645814	0.00837553471264036	0.0022672835137675	-0.182753444767605	1.8481663019537	0.50207678529829	0.804267323519524	FALSE
592	1:143500000	1	143500000	0.345551931492214	0.978868431856083	0.0479152080288447	0.137013631645814	0.00837553471264036	0.0022672835137675	-0.182753444767605	1.8481663019537	0.50207678529829	0.804267323519524	FALSE
592	1:9.2e+07	1	9.2e+07	0.345551931492214	0.978868431856083	0.0479152080288447	0.137013631645814	0.00837553471264036	0.0022672835137675	-0.182753444767605	1.8481663019537	0.50207678529829	0.804267323519524	FALSE
592	1:1.39e+08	1	1.39e+08	0.345551931492214	0.978868431856083	0.0479152080288447	0.137013631645814	0.00837553471264036	0.0022672835137675	-0.182753444767605	1.8481663019537	0.50207678529829	0.804267323519524	FALSE
592	1:1.79e+08	1	1.79e+08	0.345551931492214	0.978868431856083	0.0479152080288447	0.137013631645814	0.00837553471264036	0.0022672835137675	-0.182753444767605	1.8481663019537	0.50207678529829	0.804267323519524	FALSE
592	1:161500000	1	161500000	0.345551931492214	0.978868431856083	0.0479152080288447	0.137013631645814	0.00837553471264036	0.0022672835137675	-0.182753444767605	1.8481663019537	0.50207678529829	0.804267323519524	FALSE
592	1:84500000	1	84500000	0.345551931492214	0.978868431856083	0.0479152080288447	0.137013631645814	0.00837553471264036	0.0022672835137675	-0.182753444767605	1.8481663019537	0.50207678529829	0.804267323519524	FALSE
592	1:1.54e+08	1	1.54e+08	0.345551931492214	0.978868431856083	0.0479152080288447	0.137013631645814	0.00837553471264036	0.0022672835137675	-0.182753444767605	1.8481663019537	0.50207678529829	0.804267323519524	FALSE
592	1:94500000	1	94500000	0.345551931492214	0.978868431856083	0.0479152080288447	0.137013631645814	0.00837553471264036	0.0022672835137675	-0.182753444767605	1.8481663019537	0.50207678529829	0.804267323519524	FALSE
592	1:95500000	1	95500000	0.345551931492214	0.978868431856083	0.0479152080288447	0.137013631645814	0.00837553471264036	0.0022672835137675	-0.182753444767605	1.8481663019537	0.50207678529829	0.804267323519524	FALSE
592	1:189500000	1	189500000	0.345551931492214	0.978868431856083	0.0479152080288447	0.137013631645814	0.00837553471264036	0.0022672835137675	-0.182753444767605	1.8481663019537	0.50207678529829	0.804267323519524	FALSE
592	1:103500000	1	103500000	0.345551931492214	0.978868431856083	0.0479152080288447	0.137013631645814	0.00837553471264036	0.0022672835137675	-0.182753444767605	1.8481663019537	0.50207678529829	0.804267323519524	FALSE
592	1:1.43e+08	1	1.43e+08	0.345551931492214	0.978868431856083	0.0479152080288447	0.137013631645814	0.00837553471264036	0.0022672835137675	-0.182753444767605	1.8481663019537	0.50207678529829	0.804267323519524	FALSE
592	1:167500000	1	167500000	0.345551931492214	0.978868431856083	0.0479152080288447	0.137013631645814	0.00837553471264036	0.0022672835137675	-0.182753444767605	1.8481663019537	0.50207678529829	0.804267323519524	FALSE
592	1:1.36e+08	1	1.36e+08	0.345551931492214	0.978868431856083	0.0479152080288447	0.137013631645814	0.00837553471264036	0.0022672835137675	-0.182753444767605	1.8481663019537	0.50207678529829	0.804267323519524	FALSE
592	1:91500000	1	91500000	0.345551931492214	0.978868431856083	0.0479152080288447	0.137013631645814	0.00837553471264036	0.0022672835137675	-0.182753444767605	1.8481663019537	0.50207678529829	0.804267323519524	FALSE
592	1:1.92e+08	1	1.92e+08	0.345551931492214	0.978868431856083	0.0479152080288447	0.137013631645814	0.00837553471264036	0.0022672835137675	-0.182753444767605	1.8481663019537	0.50207678529829	0.804267323519524	FALSE
592	1:159500000	1	159500000	0.345551931492214	0.978868431856083	0.0479152080288447	0.137013631645814	0.00837553471264036	0.0022672835137675	-0.182753444767605	1.8481663019537	0.50207678529829	0.804267323519524	FALSE
592	1:107500000	1	107500000	0.345551931492214	0.978868431856083	0.0479152080288447	0.137013631645814	0.00837553471264036	0.0022672835137675	-0.182753444767605	1.8481663019537	0.50207678529829	0.804267323519524	FALSE
592	1:1.76e+08	1	1.76e+08	0.345551931492214	0.978868431856083	0.0479152080288447	0.137013631645814	0.00837553471264036	0.0022672835137675	-0.182753444767605	1.8481663019537	0.50207678529829	0.804267323519524	FALSE
592	1:98500000	1	98500000	0.345551931492214	0.978868431856083	0.0479152080288447	0.137013631645814	0.00837553471264036	0.0022672835137675	-0.182753444767605	1.8481663019537	0.50207678529829	0.804267323519524	FALSE
592	1:86500000	1	86500000	0.345551931492214	0.978868431856083	0.0479152080288447	0.137013631645814	0.00837553471264036	0.0022672835137675	-0.182753444767605	1.8481663019537	0.50207678529829	0.804267323519524	FALSE
592	1:9.4e+07	1	9.4e+07	0.345551931492214	0.978868431856083	0.0479152080288447	0.137013631645814	0.00837553471264036	0.0022672835137675	-0.182753444767605	1.8481663019537	0.50207678529829	0.804267323519524	FALSE
592	1:1.57e+08	1	1.57e+08	0.345551931492214	0.978868431856083	0.0479152080288447	0.137013631645814	0.00837553471264036	0.0022672835137675	-0.182753444767605	1.8481663019537	0.50207678529829	0.804267323519524	FALSE
592	1:183500000	1	183500000	0.345551931492214	0.978868431856083	0.0479152080288447	0.137013631645814	0.00837553471264036	0.0022672835137675	-0.182753444767605	1.8481663019537	0.50207678529829	0.804267323519524	FALSE
592	1:142500000	1	142500000	0.345551931492214	0.978868431856083	0.0479152080288447	0.137013631645814	0.00837553471264036	0.0022672835137675	-0.182753444767605	1.8481663019537	0.50207678529829	0.804267323519524	FALSE
592	1:134500000	1	134500000	0.345551931492214	0.978868431856083	0.0479152080288447	0.137013631645814	0.00837553471264036	0.0022672835137675	-0.182753444767605	1.8481663019537	0.50207678529829	0.804267323519524	FALSE
592	1:1.56e+08	1	1.56e+08	0.345551931492214	0.978868431856083	0.0479152080288447	0.137013631645814	0.00837553471264036	0.0022672835137675	-0.182753444767605	1.8481663019537	0.50207678529829	0.804267323519524	FALSE
592	1:146500000	1	146500000	0.345551931492214	0.978868431856083	0.0479152080288447	0.137013631645814	0.00837553471264036	0.0022672835137675	-0.182753444767605	1.8481663019537	0.50207678529829	0.804267323519524	FALSE
592	1:170500000	1	170500000	0.345551931492214	0.978868431856083	0.0479152080288447	0.137013631645814	0.00837553471264036	0.0022672835137675	-0.182753444767605	1.8481663019537	0.50207678529829	0.804267323519524	FALSE
592	1:184500000	1	184500000	0.345551931492214	0.978868431856083	0.0479152080288447	0.137013631645814	0.00837553471264036	0.0022672835137675	-0.182753444767605	1.8481663019537	0.50207678529829	0.804267323519524	FALSE
592	1:88500000	1	88500000	0.345551931492214	0.978868431856083	0.0479152080288447	0.137013631645814	0.00837553471264036	0.0022672835137675	-0.182753444767605	1.8481663019537	0.50207678529829	0.804267323519524	FALSE
592	1:1.52e+08	1	1.52e+08	0.345551931492214	0.978868431856083	0.0479152080288447	0.137013631645814	0.00837553471264036	0.0022672835137675	-0.182753444767605	1.8481663019537	0.50207678529829	0.804267323519524	FALSE
592	1:90500000	1	90500000	0.345551931492214	0.978868431856083	0.0479152080288447	0.137013631645814	0.00837553471264036	0.0022672835137675	-0.182753444767605	1.8481663019537	0.50207678529829	0.804267323519524	FALSE
592	1:152500000	1	152500000	0.345551931492214	0.978868431856083	0.0479152080288447	0.137013631645814	0.00837553471264036	0.0022672835137675	-0.182753444767605	1.8481663019537	0.50207678529829	0.804267323519524	FALSE
592	1:1.69e+08	1	1.69e+08	0.345551931492214	0.978868431856083	0.0479152080288447	0.137013631645814	0.00837553471264036	0.0022672835137675	-0.182753444767605	1.8481663019537	0.50207678529829	0.804267323519524	FALSE
592	1:157500000	1	157500000	0.345551931492214	0.978868431856083	0.0479152080288447	0.137013631645814	0.00837553471264036	0.0022672835137675	-0.182753444767605	1.8481663019537	0.50207678529829	0.804267323519524	FALSE
592	1:9.8e+07	1	9.8e+07	0.345551931492214	0.978868431856083	0.0479152080288447	0.137013631645814	0.00837553471264036	0.0022672835137675	-0.182753444767605	1.8481663019537	0.50207678529829	0.804267323519524	FALSE
592	1:1.8e+08	1	1.8e+08	0.345551931492214	0.978868431856083	0.0479152080288447	0.137013631645814	0.00837553471264036	0.0022672835137675	-0.182753444767605	1.8481663019537	0.50207678529829	0.804267323519524	FALSE
592	1:1.89e+08	1	1.89e+08	0.345551931492214	0.978868431856083	0.0479152080288447	0.137013631645814	0.00837553471264036	0.0022672835137675	-0.182753444767605	1.8481663019537	0.50207678529829	0.804267323519524	FALSE
597	1:1.5e+08	1	1.5e+08	0.643480643904048	0.993869580751535	0.0421393568377708	0.104803470719056	0.00328015576221288	0.00218850174632608	-0.389082402753143	2.11546439281747	0.982460819118543	0.806910820068644	FALSE
597	1:117500000	1	117500000	0.643480643904048	0.993869580751535	0.0421393568377708	0.104803470719056	0.00328015576221288	0.00218850174632608	-0.389082402753143	2.11546439281747	0.982460819118543	0.806910820068644	FALSE
597	1:1.24e+08	1	1.24e+08	0.643480643904048	0.993869580751535	0.0421393568377708	0.104803470719056	0.00328015576221288	0.00218850174632608	-0.389082402753143	2.11546439281747	0.982460819118543	0.806910820068644	FALSE
597	1:171500000	1	171500000	0.643480643904048	0.993869580751535	0.0421393568377708	0.104803470719056	0.00328015576221288	0.00218850174632608	-0.389082402753143	2.11546439281747	0.982460819118543	0.806910820068644	FALSE
597	1:157500000	1	157500000	0.643480643904048	0.993869580751535	0.0421393568377708	0.104803470719056	0.00328015576221288	0.00218850174632608	-0.389082402753143	2.11546439281747	0.982460819118543	0.806910820068644	FALSE
597	1:1.63e+08	1	1.63e+08	0.643480643904048	0.993869580751535	0.0421393568377708	0.104803470719056	0.00328015576221288	0.00218850174632608	-0.389082402753143	2.11546439281747	0.982460819118543	0.806910820068644	FALSE
597	1:177500000	1	177500000	0.643480643904048	0.993869580751535	0.0421393568377708	0.104803470719056	0.00328015576221288	0.00218850174632608	-0.389082402753143	2.11546439281747	0.982460819118543	0.806910820068644	FALSE
597	1:180500000	1	180500000	0.643480643904048	0.993869580751535	0.0421393568377708	0.104803470719056	0.00328015576221288	0.00218850174632608	-0.389082402753143	2.11546439281747	0.982460819118543	0.806910820068644	FALSE
597	1:172500000	1	172500000	0.643480643904048	0.993869580751535	0.0421393568377708	0.104803470719056	0.00328015576221288	0.00218850174632608	-0.389082402753143	2.11546439281747	0.982460819118543	0.806910820068644	FALSE
597	1:134500000	1	134500000	0.643480643904048	0.993869580751535	0.0421393568377708	0.104803470719056	0.00328015576221288	0.00218850174632608	-0.389082402753143	2.11546439281747	0.982460819118543	0.806910820068644	FALSE
597	1:1.58e+08	1	1.58e+08	0.643480643904048	0.993869580751535	0.0421393568377708	0.104803470719056	0.00328015576221288	0.00218850174632608	-0.389082402753143	2.11546439281747	0.982460819118543	0.806910820068644	FALSE
597	1:181500000	1	181500000	0.643480643904048	0.993869580751535	0.0421393568377708	0.104803470719056	0.00328015576221288	0.00218850174632608	-0.389082402753143	2.11546439281747	0.982460819118543	0.806910820068644	FALSE
597	1:1.31e+08	1	1.31e+08	0.643480643904048	0.993869580751535	0.0421393568377708	0.104803470719056	0.00328015576221288	0.00218850174632608	-0.389082402753143	2.11546439281747	0.982460819118543	0.806910820068644	FALSE
597	1:1.02e+08	1	1.02e+08	0.643480643904048	0.993869580751535	0.0421393568377708	0.104803470719056	0.00328015576221288	0.00218850174632608	-0.389082402753143	2.11546439281747	0.982460819118543	0.806910820068644	FALSE
597	1:1.18e+08	1	1.18e+08	0.643480643904048	0.993869580751535	0.0421393568377708	0.104803470719056	0.00328015576221288	0.00218850174632608	-0.389082402753143	2.11546439281747	0.982460819118543	0.806910820068644	FALSE
597	1:1.08e+08	1	1.08e+08	0.643480643904048	0.993869580751535	0.0421393568377708	0.104803470719056	0.00328015576221288	0.00218850174632608	-0.389082402753143	2.11546439281747	0.982460819118543	0.806910820068644	FALSE
597	1:138500000	1	138500000	0.643480643904048	0.993869580751535	0.0421393568377708	0.104803470719056	0.00328015576221288	0.00218850174632608	-0.389082402753143	2.11546439281747	0.982460819118543	0.806910820068644	FALSE
597	1:1.71e+08	1	1.71e+08	0.643480643904048	0.993869580751535	0.0421393568377708	0.104803470719056	0.00328015576221288	0.00218850174632608	-0.389082402753143	2.11546439281747	0.982460819118543	0.806910820068644	FALSE
597	1:1.17e+08	1	1.17e+08	0.643480643904048	0.993869580751535	0.0421393568377708	0.104803470719056	0.00328015576221288	0.00218850174632608	-0.389082402753143	2.11546439281747	0.982460819118543	0.806910820068644	FALSE
597	1:1.28e+08	1	1.28e+08	0.643480643904048	0.993869580751535	0.0421393568377708	0.104803470719056	0.00328015576221288	0.00218850174632608	-0.389082402753143	2.11546439281747	0.982460819118543	0.806910820068644	FALSE
597	1:1.81e+08	1	1.81e+08	0.643480643904048	0.993869580751535	0.0421393568377708	0.104803470719056	0.00328015576221288	0.00218850174632608	-0.389082402753143	2.11546439281747	0.982460819118543	0.806910820068644	FALSE
597	1:86500000	1	86500000	0.643480643904048	0.993869580751535	0.0421393568377708	0.104803470719056	0.00328015576221288	0.00218850174632608	-0.389082402753143	2.11546439281747	0.982460819118543	0.806910820068644	FALSE
597	1:93500000	1	93500000	0.643480643904048	0.993869580751535	0.0421393568377708	0.104803470719056	0.00328015576221288	0.00218850174632608	-0.389082402753143	2.11546439281747	0.982460819118543	0.806910820068644	FALSE
597	1:1.89e+08	1	1.89e+08	0.643480643904048	0.993869580751535	0.0421393568377708	0.104803470719056	0.00328015576221288	0.00218850174632608	-0.389082402753143	2.11546439281747	0.982460819118543	0.806910820068644	FALSE
597	1:176500000	1	176500000	0.643480643904048	0.993869580751535	0.0421393568377708	0.104803470719056	0.00328015576221288	0.00218850174632608	-0.389082402753143	2.11546439281747	0.982460819118543	0.806910820068644	FALSE
597	1:1.22e+08	1	1.22e+08	0.643480643904048	0.993869580751535	0.0421393568377708	0.104803470719056	0.00328015576221288	0.00218850174632608	-0.389082402753143	2.11546439281747	0.982460819118543	0.806910820068644	FALSE
597	1:1.7e+08	1	1.7e+08	0.643480643904048	0.993869580751535	0.0421393568377708	0.104803470719056	0.00328015576221288	0.00218850174632608	-0.389082402753143	2.11546439281747	0.982460819118543	0.806910820068644	FALSE
597	1:1.9e+08	1	1.9e+08	0.643480643904048	0.993869580751535	0.0421393568377708	0.104803470719056	0.00328015576221288	0.00218850174632608	-0.389082402753143	2.11546439281747	0.982460819118543	0.806910820068644	FALSE
597	1:99500000	1	99500000	0.643480643904048	0.993869580751535	0.0421393568377708	0.104803470719056	0.00328015576221288	0.00218850174632608	-0.389082402753143	2.11546439281747	0.982460819118543	0.806910820068644	FALSE
597	1:1.15e+08	1	1.15e+08	0.643480643904048	0.993869580751535	0.0421393568377708	0.104803470719056	0.00328015576221288	0.00218850174632608	-0.389082402753143	2.11546439281747	0.982460819118543	0.806910820068644	FALSE
597	1:1.62e+08	1	1.62e+08	0.643480643904048	0.993869580751535	0.0421393568377708	0.104803470719056	0.00328015576221288	0.00218850174632608	-0.389082402753143	2.11546439281747	0.982460819118543	0.806910820068644	FALSE
597	1:9.1e+07	1	9.1e+07	0.643480643904048	0.993869580751535	0.0421393568377708	0.104803470719056	0.00328015576221288	0.00218850174632608	-0.389082402753143	2.11546439281747	0.982460819118543	0.806910820068644	FALSE
597	1:1.14e+08	1	1.14e+08	0.643480643904048	0.993869580751535	0.0421393568377708	0.104803470719056	0.00328015576221288	0.00218850174632608	-0.389082402753143	2.11546439281747	0.982460819118543	0.806910820068644	FALSE
597	1:1.53e+08	1	1.53e+08	0.643480643904048	0.993869580751535	0.0421393568377708	0.104803470719056	0.00328015576221288	0.00218850174632608	-0.389082402753143	2.11546439281747	0.982460819118543	0.806910820068644	FALSE
597	1:1.45e+08	1	1.45e+08	0.643480643904048	0.993869580751535	0.0421393568377708	0.104803470719056	0.00328015576221288	0.00218850174632608	-0.389082402753143	2.11546439281747	0.982460819118543	0.806910820068644	FALSE
597	1:1.79e+08	1	1.79e+08	0.643480643904048	0.993869580751535	0.0421393568377708	0.104803470719056	0.00328015576221288	0.00218850174632608	-0.389082402753143	2.11546439281747	0.982460819118543	0.806910820068644	FALSE
597	1:1.1e+08	1	1.1e+08	0.643480643904048	0.993869580751535	0.0421393568377708	0.104803470719056	0.00328015576221288	0.00218850174632608	-0.389082402753143	2.11546439281747	0.982460819118543	0.806910820068644	FALSE
597	1:1.61e+08	1	1.61e+08	0.643480643904048	0.993869580751535	0.0421393568377708	0.104803470719056	0.00328015576221288	0.00218850174632608	-0.389082402753143	2.11546439281747	0.982460819118543	0.806910820068644	FALSE
597	1:1.84e+08	1	1.84e+08	0.643480643904048	0.993869580751535	0.0421393568377708	0.104803470719056	0.00328015576221288	0.00218850174632608	-0.389082402753143	2.11546439281747	0.982460819118543	0.806910820068644	FALSE
597	1:142500000	1	142500000	0.643480643904048	0.993869580751535	0.0421393568377708	0.104803470719056	0.00328015576221288	0.00218850174632608	-0.389082402753143	2.11546439281747	0.982460819118543	0.806910820068644	FALSE
597	1:1.03e+08	1	1.03e+08	0.643480643904048	0.993869580751535	0.0421393568377708	0.104803470719056	0.00328015576221288	0.00218850174632608	-0.389082402753143	2.11546439281747	0.982460819118543	0.806910820068644	FALSE
597	1:147500000	1	147500000	0.643480643904048	0.993869580751535	0.0421393568377708	0.104803470719056	0.00328015576221288	0.00218850174632608	-0.389082402753143	2.11546439281747	0.982460819118543	0.806910820068644	FALSE
597	1:114500000	1	114500000	0.643480643904048	0.993869580751535	0.0421393568377708	0.104803470719056	0.00328015576221288	0.00218850174632608	-0.389082402753143	2.11546439281747	0.982460819118543	0.806910820068644	FALSE
597	1:1.74e+08	1	1.74e+08	0.643480643904048	0.993869580751535	0.0421393568377708	0.104803470719056	0.00328015576221288	0.00218850174632608	-0.389082402753143	2.11546439281747	0.982460819118543	0.806910820068644	FALSE
597	1:132500000	1	132500000	0.643480643904048	0.993869580751535	0.0421393568377708	0.104803470719056	0.00328015576221288	0.00218850174632608	-0.389082402753143	2.11546439281747	0.982460819118543	0.806910820068644	FALSE
597	1:1.73e+08	1	1.73e+08	0.643480643904048	0.993869580751535	0.0421393568377708	0.104803470719056	0.00328015576221288	0.00218850174632608	-0.389082402753143	2.11546439281747	0.982460819118543	0.806910820068644	FALSE
597	1:163500000	1	163500000	0.643480643904048	0.993869580751535	0.0421393568377708	0.104803470719056	0.00328015576221288	0.00218850174632608	-0.389082402753143	2.11546439281747	0.982460819118543	0.806910820068644	FALSE
597	1:165500000	1	165500000	0.643480643904048	0.993869580751535	0.0421393568377708	0.104803470719056	0.00328015576221288	0.00218850174632608	-0.389082402753143	2.11546439281747	0.982460819118543	0.806910820068644	FALSE
597	1:1.04e+08	1	1.04e+08	0.643480643904048	0.993869580751535	0.0421393568377708	0.104803470719056	0.00328015576221288	0.00218850174632608	-0.389082402753143	2.11546439281747	0.982460819118543	0.806910820068644	FALSE
597	1:170500000	1	170500000	0.643480643904048	0.993869580751535	0.0421393568377708	0.104803470719056	0.00328015576221288	0.00218850174632608	-0.389082402753143	2.11546439281747	0.982460819118543	0.806910820068644	FALSE
597	1:8.9e+07	1	8.9e+07	0.643480643904048	0.993869580751535	0.0421393568377708	0.104803470719056	0.00328015576221288	0.00218850174632608	-0.389082402753143	2.11546439281747	0.982460819118543	0.806910820068644	FALSE
597	1:108500000	1	108500000	0.643480643904048	0.993869580751535	0.0421393568377708	0.104803470719056	0.00328015576221288	0.00218850174632608	-0.389082402753143	2.11546439281747	0.982460819118543	0.806910820068644	FALSE
597	1:191500000	1	191500000	0.643480643904048	0.993869580751535	0.0421393568377708	0.104803470719056	0.00328015576221288	0.00218850174632608	-0.389082402753143	2.11546439281747	0.982460819118543	0.806910820068644	FALSE
597	1:135500000	1	135500000	0.643480643904048	0.993869580751535	0.0421393568377708	0.104803470719056	0.00328015576221288	0.00218850174632608	-0.389082402753143	2.11546439281747	0.982460819118543	0.806910820068644	FALSE
597	1:168500000	1	168500000	0.643480643904048	0.993869580751535	0.0421393568377708	0.104803470719056	0.00328015576221288	0.00218850174632608	-0.389082402753143	2.11546439281747	0.982460819118543	0.806910820068644	FALSE
597	1:1.75e+08	1	1.75e+08	0.643480643904048	0.993869580751535	0.0421393568377708	0.104803470719056	0.00328015576221288	0.00218850174632608	-0.389082402753143	2.11546439281747	0.982460819118543	0.806910820068644	FALSE
597	1:164500000	1	164500000	0.643480643904048	0.993869580751535	0.0421393568377708	0.104803470719056	0.00328015576221288	0.00218850174632608	-0.389082402753143	2.11546439281747	0.982460819118543	0.806910820068644	FALSE
597	1:1.21e+08	1	1.21e+08	0.643480643904048	0.993869580751535	0.0421393568377708	0.104803470719056	0.00328015576221288	0.00218850174632608	-0.389082402753143	2.11546439281747	0.982460819118543	0.806910820068644	FALSE
597	1:1.01e+08	1	1.01e+08	0.643480643904048	0.993869580751535	0.0421393568377708	0.104803470719056	0.00328015576221288	0.00218850174632608	-0.389082402753143	2.11546439281747	0.982460819118543	0.806910820068644	FALSE
597	1:1.56e+08	1	1.56e+08	0.643480643904048	0.993869580751535	0.0421393568377708	0.104803470719056	0.00328015576221288	0.00218850174632608	-0.389082402753143	2.11546439281747	0.982460819118543	0.806910820068644	FALSE
597	1:1.69e+08	1	1.69e+08	0.643480643904048	0.993869580751535	0.0421393568377708	0.104803470719056	0.00328015576221288	0.00218850174632608	-0.389082402753143	2.11546439281747	0.982460819118543	0.806910820068644	FALSE
597	1:1.09e+08	1	1.09e+08	0.643480643904048	0.993869580751535	0.0421393568377708	0.104803470719056	0.00328015576221288	0.00218850174632608	-0.389082402753143	2.11546439281747	0.982460819118543	0.806910820068644	FALSE
597	1:153500000	1	153500000	0.643480643904048	0.993869580751535	0.0421393568377708	0.104803470719056	0.00328015576221288	0.00218850174632608	-0.389082402753143	2.11546439281747	0.982460819118543	0.806910820068644	FALSE
597	1:1.59e+08	1	1.59e+08	0.643480643904048	0.993869580751535	0.0421393568377708	0.104803470719056	0.00328015576221288	0.00218850174632608	-0.389082402753143	2.11546439281747	0.982460819118543	0.806910820068644	FALSE
597	1:1e+08	1	1e+08	0.643480643904048	0.993869580751535	0.0421393568377708	0.104803470719056	0.00328015576221288	0.00218850174632608	-0.389082402753143	2.11546439281747	0.982460819118543	0.806910820068644	FALSE
597	1:139500000	1	139500000	0.643480643904048	0.993869580751535	0.0421393568377708	0.104803470719056	0.00328015576221288	0.00218850174632608	-0.389082402753143	2.11546439281747	0.982460819118543	0.806910820068644	FALSE
597	1:96500000	1	96500000	0.643480643904048	0.993869580751535	0.0421393568377708	0.104803470719056	0.00328015576221288	0.00218850174632608	-0.389082402753143	2.11546439281747	0.982460819118543	0.806910820068644	FALSE
597	1:1.23e+08	1	1.23e+08	0.643480643904048	0.993869580751535	0.0421393568377708	0.104803470719056	0.00328015576221288	0.00218850174632608	-0.389082402753143	2.11546439281747	0.982460819118543	0.806910820068644	FALSE
597	1:1.42e+08	1	1.42e+08	0.643480643904048	0.993869580751535	0.0421393568377708	0.104803470719056	0.00328015576221288	0.00218850174632608	-0.389082402753143	2.11546439281747	0.982460819118543	0.806910820068644	FALSE
597	1:1.83e+08	1	1.83e+08	0.643480643904048	0.993869580751535	0.0421393568377708	0.104803470719056	0.00328015576221288	0.00218850174632608	-0.389082402753143	2.11546439281747	0.982460819118543	0.806910820068644	FALSE
597	1:183500000	1	183500000	0.643480643904048	0.993869580751535	0.0421393568377708	0.104803470719056	0.00328015576221288	0.00218850174632608	-0.389082402753143	2.11546439281747	0.982460819118543	0.806910820068644	FALSE
597	1:1.91e+08	1	1.91e+08	0.643480643904048	0.993869580751535	0.0421393568377708	0.104803470719056	0.00328015576221288	0.00218850174632608	-0.389082402753143	2.11546439281747	0.982460819118543	0.806910820068644	FALSE
597	1:156500000	1	156500000	0.643480643904048	0.993869580751535	0.0421393568377708	0.104803470719056	0.00328015576221288	0.00218850174632608	-0.389082402753143	2.11546439281747	0.982460819118543	0.806910820068644	FALSE
597	1:1.06e+08	1	1.06e+08	0.643480643904048	0.993869580751535	0.0421393568377708	0.104803470719056	0.00328015576221288	0.00218850174632608	-0.389082402753143	2.11546439281747	0.982460819118543	0.806910820068644	FALSE
597	1:1.35e+08	1	1.35e+08	0.643480643904048	0.993869580751535	0.0421393568377708	0.104803470719056	0.00328015576221288	0.00218850174632608	-0.389082402753143	2.11546439281747	0.982460819118543	0.806910820068644	FALSE
597	1:1.72e+08	1	1.72e+08	0.643480643904048	0.993869580751535	0.0421393568377708	0.104803470719056	0.00328015576221288	0.00218850174632608	-0.389082402753143	2.11546439281747	0.982460819118543	0.806910820068644	FALSE
597	1:133500000	1	133500000	0.643480643904048	0.993869580751535	0.0421393568377708	0.104803470719056	0.00328015576221288	0.00218850174632608	-0.389082402753143	2.11546439281747	0.982460819118543	0.806910820068644	FALSE
597	1:184500000	1	184500000	0.643480643904048	0.993869580751535	0.0421393568377708	0.104803470719056	0.00328015576221288	0.00218850174632608	-0.389082402753143	2.11546439281747	0.982460819118543	0.806910820068644	FALSE
597	1:122500000	1	122500000	0.643480643904048	0.993869580751535	0.0421393568377708	0.104803470719056	0.00328015576221288	0.00218850174632608	-0.389082402753143	2.11546439281747	0.982460819118543	0.806910820068644	FALSE
597	1:1.38e+08	1	1.38e+08	0.643480643904048	0.993869580751535	0.0421393568377708	0.104803470719056	0.00328015576221288	0.00218850174632608	-0.389082402753143	2.11546439281747	0.982460819118543	0.806910820068644	FALSE
597	1:1.49e+08	1	1.49e+08	0.643480643904048	0.993869580751535	0.0421393568377708	0.104803470719056	0.00328015576221288	0.00218850174632608	-0.389082402753143	2.11546439281747	0.982460819118543	0.806910820068644	FALSE
597	1:179500000	1	179500000	0.643480643904048	0.993869580751535	0.0421393568377708	0.104803470719056	0.00328015576221288	0.00218850174632608	-0.389082402753143	2.11546439281747	0.982460819118543	0.806910820068644	FALSE
597	1:1.78e+08	1	1.78e+08	0.643480643904048	0.993869580751535	0.0421393568377708	0.104803470719056	0.00328015576221288	0.00218850174632608	-0.389082402753143	2.11546439281747	0.982460819118543	0.806910820068644	FALSE
597	1:190500000	1	190500000	0.643480643904048	0.993869580751535	0.0421393568377708	0.104803470719056	0.00328015576221288	0.00218850174632608	-0.389082402753143	2.11546439281747	0.982460819118543	0.806910820068644	FALSE
597	1:121500000	1	121500000	0.643480643904048	0.993869580751535	0.0421393568377708	0.104803470719056	0.00328015576221288	0.00218850174632608	-0.389082402753143	2.11546439281747	0.982460819118543	0.806910820068644	FALSE
597	1:115500000	1	115500000	0.643480643904048	0.993869580751535	0.0421393568377708	0.104803470719056	0.00328015576221288	0.00218850174632608	-0.389082402753143	2.11546439281747	0.982460819118543	0.806910820068644	FALSE
597	1:1.67e+08	1	1.67e+08	0.643480643904048	0.993869580751535	0.0421393568377708	0.104803470719056	0.00328015576221288	0.00218850174632608	-0.389082402753143	2.11546439281747	0.982460819118543	0.806910820068644	FALSE
597	1:1.32e+08	1	1.32e+08	0.643480643904048	0.993869580751535	0.0421393568377708	0.104803470719056	0.00328015576221288	0.00218850174632608	-0.389082402753143	2.11546439281747	0.982460819118543	0.806910820068644	FALSE
597	1:1.54e+08	1	1.54e+08	0.643480643904048	0.993869580751535	0.0421393568377708	0.104803470719056	0.00328015576221288	0.00218850174632608	-0.389082402753143	2.11546439281747	0.982460819118543	0.806910820068644	FALSE
597	1:105500000	1	105500000	0.643480643904048	0.993869580751535	0.0421393568377708	0.104803470719056	0.00328015576221288	0.00218850174632608	-0.389082402753143	2.11546439281747	0.982460819118543	0.806910820068644	FALSE
597	1:85500000	1	85500000	0.643480643904048	0.993869580751535	0.0421393568377708	0.104803470719056	0.00328015576221288	0.00218850174632608	-0.389082402753143	2.11546439281747	0.982460819118543	0.806910820068644	FALSE
597	1:1.64e+08	1	1.64e+08	0.643480643904048	0.993869580751535	0.0421393568377708	0.104803470719056	0.00328015576221288	0.00218850174632608	-0.389082402753143	2.11546439281747	0.982460819118543	0.806910820068644	FALSE
597	1:124500000	1	124500000	0.643480643904048	0.993869580751535	0.0421393568377708	0.104803470719056	0.00328015576221288	0.00218850174632608	-0.389082402753143	2.11546439281747	0.982460819118543	0.806910820068644	FALSE
597	1:101500000	1	101500000	0.643480643904048	0.993869580751535	0.0421393568377708	0.104803470719056	0.00328015576221288	0.00218850174632608	-0.389082402753143	2.11546439281747	0.982460819118543	0.806910820068644	FALSE
597	1:167500000	1	167500000	0.643480643904048	0.993869580751535	0.0421393568377708	0.104803470719056	0.00328015576221288	0.00218850174632608	-0.389082402753143	2.11546439281747	0.982460819118543	0.806910820068644	FALSE
597	1:9.9e+07	1	9.9e+07	0.643480643904048	0.993869580751535	0.0421393568377708	0.104803470719056	0.00328015576221288	0.00218850174632608	-0.389082402753143	2.11546439281747	0.982460819118543	0.806910820068644	FALSE
597	1:1.13e+08	1	1.13e+08	0.643480643904048	0.993869580751535	0.0421393568377708	0.104803470719056	0.00328015576221288	0.00218850174632608	-0.389082402753143	2.11546439281747	0.982460819118543	0.806910820068644	FALSE
597	1:1.86e+08	1	1.86e+08	0.643480643904048	0.993869580751535	0.0421393568377708	0.104803470719056	0.00328015576221288	0.00218850174632608	-0.389082402753143	2.11546439281747	0.982460819118543	0.806910820068644	FALSE
597	1:1.41e+08	1	1.41e+08	0.643480643904048	0.993869580751535	0.0421393568377708	0.104803470719056	0.00328015576221288	0.00218850174632608	-0.389082402753143	2.11546439281747	0.982460819118543	0.806910820068644	FALSE
597	1:1.68e+08	1	1.68e+08	0.643480643904048	0.993869580751535	0.0421393568377708	0.104803470719056	0.00328015576221288	0.00218850174632608	-0.389082402753143	2.11546439281747	0.982460819118543	0.806910820068644	FALSE
597	1:1.76e+08	1	1.76e+08	0.643480643904048	0.993869580751535	0.0421393568377708	0.104803470719056	0.00328015576221288	0.00218850174632608	-0.389082402753143	2.11546439281747	0.982460819118543	0.806910820068644	FALSE
597	1:144500000	1	144500000	0.643480643904048	0.993869580751535	0.0421393568377708	0.104803470719056	0.00328015576221288	0.00218850174632608	-0.389082402753143	2.11546439281747	0.982460819118543	0.806910820068644	FALSE
597	1:1.26e+08	1	1.26e+08	0.643480643904048	0.993869580751535	0.0421393568377708	0.104803470719056	0.00328015576221288	0.00218850174632608	-0.389082402753143	2.11546439281747	0.982460819118543	0.806910820068644	FALSE
597	1:8.7e+07	1	8.7e+07	0.643480643904048	0.993869580751535	0.0421393568377708	0.104803470719056	0.00328015576221288	0.00218850174632608	-0.389082402753143	2.11546439281747	0.982460819118543	0.806910820068644	FALSE
597	1:103500000	1	103500000	0.643480643904048	0.993869580751535	0.0421393568377708	0.104803470719056	0.00328015576221288	0.00218850174632608	-0.389082402753143	2.11546439281747	0.982460819118543	0.806910820068644	FALSE
597	1:155500000	1	155500000	0.643480643904048	0.993869580751535	0.0421393568377708	0.104803470719056	0.00328015576221288	0.00218850174632608	-0.389082402753143	2.11546439281747	0.982460819118543	0.806910820068644	FALSE
597	1:1.87e+08	1	1.87e+08	0.643480643904048	0.993869580751535	0.0421393568377708	0.104803470719056	0.00328015576221288	0.00218850174632608	-0.389082402753143	2.11546439281747	0.982460819118543	0.806910820068644	FALSE
597	1:1.05e+08	1	1.05e+08	0.643480643904048	0.993869580751535	0.0421393568377708	0.104803470719056	0.00328015576221288	0.00218850174632608	-0.389082402753143	2.11546439281747	0.982460819118543	0.806910820068644	FALSE
597	1:98500000	1	98500000	0.643480643904048	0.993869580751535	0.0421393568377708	0.104803470719056	0.00328015576221288	0.00218850174632608	-0.389082402753143	2.11546439281747	0.982460819118543	0.806910820068644	FALSE
597	1:1.77e+08	1	1.77e+08	0.643480643904048	0.993869580751535	0.0421393568377708	0.104803470719056	0.00328015576221288	0.00218850174632608	-0.389082402753143	2.11546439281747	0.982460819118543	0.806910820068644	FALSE
597	1:151500000	1	151500000	0.643480643904048	0.993869580751535	0.0421393568377708	0.104803470719056	0.00328015576221288	0.00218850174632608	-0.389082402753143	2.11546439281747	0.982460819118543	0.806910820068644	FALSE
597	1:169500000	1	169500000	0.643480643904048	0.993869580751535	0.0421393568377708	0.104803470719056	0.00328015576221288	0.00218850174632608	-0.389082402753143	2.11546439281747	0.982460819118543	0.806910820068644	FALSE
597	1:173500000	1	173500000	0.643480643904048	0.993869580751535	0.0421393568377708	0.104803470719056	0.00328015576221288	0.00218850174632608	-0.389082402753143	2.11546439281747	0.982460819118543	0.806910820068644	FALSE
597	1:1.29e+08	1	1.29e+08	0.643480643904048	0.993869580751535	0.0421393568377708	0.104803470719056	0.00328015576221288	0.00218850174632608	-0.389082402753143	2.11546439281747	0.982460819118543	0.806910820068644	FALSE
597	1:113500000	1	113500000	0.643480643904048	0.993869580751535	0.0421393568377708	0.104803470719056	0.00328015576221288	0.00218850174632608	-0.389082402753143	2.11546439281747	0.982460819118543	0.806910820068644	FALSE
597	1:1.92e+08	1	1.92e+08	0.643480643904048	0.993869580751535	0.0421393568377708	0.104803470719056	0.00328015576221288	0.00218850174632608	-0.389082402753143	2.11546439281747	0.982460819118543	0.806910820068644	FALSE
597	1:9e+07	1	9e+07	0.643480643904048	0.993869580751535	0.0421393568377708	0.104803470719056	0.00328015576221288	0.00218850174632608	-0.389082402753143	2.11546439281747	0.982460819118543	0.806910820068644	FALSE
597	1:1.43e+08	1	1.43e+08	0.643480643904048	0.993869580751535	0.0421393568377708	0.104803470719056	0.00328015576221288	0.00218850174632608	-0.389082402753143	2.11546439281747	0.982460819118543	0.806910820068644	FALSE
597	1:9.6e+07	1	9.6e+07	0.643480643904048	0.993869580751535	0.0421393568377708	0.104803470719056	0.00328015576221288	0.00218850174632608	-0.389082402753143	2.11546439281747	0.982460819118543	0.806910820068644	FALSE
597	1:89500000	1	89500000	0.643480643904048	0.993869580751535	0.0421393568377708	0.104803470719056	0.00328015576221288	0.00218850174632608	-0.389082402753143	2.11546439281747	0.982460819118543	0.806910820068644	FALSE
597	1:141500000	1	141500000	0.643480643904048	0.993869580751535	0.0421393568377708	0.104803470719056	0.00328015576221288	0.00218850174632608	-0.389082402753143	2.11546439281747	0.982460819118543	0.806910820068644	FALSE
597	1:1.44e+08	1	1.44e+08	0.643480643904048	0.993869580751535	0.0421393568377708	0.104803470719056	0.00328015576221288	0.00218850174632608	-0.389082402753143	2.11546439281747	0.982460819118543	0.806910820068644	FALSE
597	1:154500000	1	154500000	0.643480643904048	0.993869580751535	0.0421393568377708	0.104803470719056	0.00328015576221288	0.00218850174632608	-0.389082402753143	2.11546439281747	0.982460819118543	0.806910820068644	FALSE
597	1:174500000	1	174500000	0.643480643904048	0.993869580751535	0.0421393568377708	0.104803470719056	0.00328015576221288	0.00218850174632608	-0.389082402753143	2.11546439281747	0.982460819118543	0.806910820068644	FALSE
597	1:94500000	1	94500000	0.643480643904048	0.993869580751535	0.0421393568377708	0.104803470719056	0.00328015576221288	0.00218850174632608	-0.389082402753143	2.11546439281747	0.982460819118543	0.806910820068644	FALSE
597	1:123500000	1	123500000	0.643480643904048	0.993869580751535	0.0421393568377708	0.104803470719056	0.00328015576221288	0.00218850174632608	-0.389082402753143	2.11546439281747	0.982460819118543	0.806910820068644	FALSE
597	1:152500000	1	152500000	0.643480643904048	0.993869580751535	0.0421393568377708	0.104803470719056	0.00328015576221288	0.00218850174632608	-0.389082402753143	2.11546439281747	0.982460819118543	0.806910820068644	FALSE
597	1:100500000	1	100500000	0.643480643904048	0.993869580751535	0.0421393568377708	0.104803470719056	0.00328015576221288	0.00218850174632608	-0.389082402753143	2.11546439281747	0.982460819118543	0.806910820068644	FALSE
597	1:129500000	1	129500000	0.643480643904048	0.993869580751535	0.0421393568377708	0.104803470719056	0.00328015576221288	0.00218850174632608	-0.389082402753143	2.11546439281747	0.982460819118543	0.806910820068644	FALSE
597	1:159500000	1	159500000	0.643480643904048	0.993869580751535	0.0421393568377708	0.104803470719056	0.00328015576221288	0.00218850174632608	-0.389082402753143	2.11546439281747	0.982460819118543	0.806910820068644	FALSE
597	1:185500000	1	185500000	0.643480643904048	0.993869580751535	0.0421393568377708	0.104803470719056	0.00328015576221288	0.00218850174632608	-0.389082402753143	2.11546439281747	0.982460819118543	0.806910820068644	FALSE
597	1:143500000	1	143500000	0.643480643904048	0.993869580751535	0.0421393568377708	0.104803470719056	0.00328015576221288	0.00218850174632608	-0.389082402753143	2.11546439281747	0.982460819118543	0.806910820068644	FALSE
597	1:1.27e+08	1	1.27e+08	0.643480643904048	0.993869580751535	0.0421393568377708	0.104803470719056	0.00328015576221288	0.00218850174632608	-0.389082402753143	2.11546439281747	0.982460819118543	0.806910820068644	FALSE
597	1:8.5e+07	1	8.5e+07	0.643480643904048	0.993869580751535	0.0421393568377708	0.104803470719056	0.00328015576221288	0.00218850174632608	-0.389082402753143	2.11546439281747	0.982460819118543	0.806910820068644	FALSE
597	1:188500000	1	188500000	0.643480643904048	0.993869580751535	0.0421393568377708	0.104803470719056	0.00328015576221288	0.00218850174632608	-0.389082402753143	2.11546439281747	0.982460819118543	0.806910820068644	FALSE
597	1:104500000	1	104500000	0.643480643904048	0.993869580751535	0.0421393568377708	0.104803470719056	0.00328015576221288	0.00218850174632608	-0.389082402753143	2.11546439281747	0.982460819118543	0.806910820068644	FALSE
597	1:186500000	1	186500000	0.643480643904048	0.993869580751535	0.0421393568377708	0.104803470719056	0.00328015576221288	0.00218850174632608	-0.389082402753143	2.11546439281747	0.982460819118543	0.806910820068644	FALSE
597	1:1.51e+08	1	1.51e+08	0.643480643904048	0.993869580751535	0.0421393568377708	0.104803470719056	0.00328015576221288	0.00218850174632608	-0.389082402753143	2.11546439281747	0.982460819118543	0.806910820068644	FALSE
597	1:8.6e+07	1	8.6e+07	0.643480643904048	0.993869580751535	0.0421393568377708	0.104803470719056	0.00328015576221288	0.00218850174632608	-0.389082402753143	2.11546439281747	0.982460819118543	0.806910820068644	FALSE
597	1:149500000	1	149500000	0.643480643904048	0.993869580751535	0.0421393568377708	0.104803470719056	0.00328015576221288	0.00218850174632608	-0.389082402753143	2.11546439281747	0.982460819118543	0.806910820068644	FALSE
597	1:125500000	1	125500000	0.643480643904048	0.993869580751535	0.0421393568377708	0.104803470719056	0.00328015576221288	0.00218850174632608	-0.389082402753143	2.11546439281747	0.982460819118543	0.806910820068644	FALSE
597	1:9.3e+07	1	9.3e+07	0.643480643904048	0.993869580751535	0.0421393568377708	0.104803470719056	0.00328015576221288	0.00218850174632608	-0.389082402753143	2.11546439281747	0.982460819118543	0.806910820068644	FALSE
597	1:92500000	1	92500000	0.643480643904048	0.993869580751535	0.0421393568377708	0.104803470719056	0.00328015576221288	0.00218850174632608	-0.389082402753143	2.11546439281747	0.982460819118543	0.806910820068644	FALSE
597	1:160500000	1	160500000	0.643480643904048	0.993869580751535	0.0421393568377708	0.104803470719056	0.00328015576221288	0.00218850174632608	-0.389082402753143	2.11546439281747	0.982460819118543	0.806910820068644	FALSE
597	1:1.65e+08	1	1.65e+08	0.643480643904048	0.993869580751535	0.0421393568377708	0.104803470719056	0.00328015576221288	0.00218850174632608	-0.389082402753143	2.11546439281747	0.982460819118543	0.806910820068644	FALSE
597	1:1.57e+08	1	1.57e+08	0.643480643904048	0.993869580751535	0.0421393568377708	0.104803470719056	0.00328015576221288	0.00218850174632608	-0.389082402753143	2.11546439281747	0.982460819118543	0.806910820068644	FALSE
597	1:1.36e+08	1	1.36e+08	0.643480643904048	0.993869580751535	0.0421393568377708	0.104803470719056	0.00328015576221288	0.00218850174632608	-0.389082402753143	2.11546439281747	0.982460819118543	0.806910820068644	FALSE
597	1:162500000	1	162500000	0.643480643904048	0.993869580751535	0.0421393568377708	0.104803470719056	0.00328015576221288	0.00218850174632608	-0.389082402753143	2.11546439281747	0.982460819118543	0.806910820068644	FALSE
597	1:189500000	1	189500000	0.643480643904048	0.993869580751535	0.0421393568377708	0.104803470719056	0.00328015576221288	0.00218850174632608	-0.389082402753143	2.11546439281747	0.982460819118543	0.806910820068644	FALSE
597	1:1.82e+08	1	1.82e+08	0.643480643904048	0.993869580751535	0.0421393568377708	0.104803470719056	0.00328015576221288	0.00218850174632608	-0.389082402753143	2.11546439281747	0.982460819118543	0.806910820068644	FALSE
597	1:161500000	1	161500000	0.643480643904048	0.993869580751535	0.0421393568377708	0.104803470719056	0.00328015576221288	0.00218850174632608	-0.389082402753143	2.11546439281747	0.982460819118543	0.806910820068644	FALSE
597	1:145500000	1	145500000	0.643480643904048	0.993869580751535	0.0421393568377708	0.104803470719056	0.00328015576221288	0.00218850174632608	-0.389082402753143	2.11546439281747	0.982460819118543	0.806910820068644	FALSE
597	1:1.47e+08	1	1.47e+08	0.643480643904048	0.993869580751535	0.0421393568377708	0.104803470719056	0.00328015576221288	0.00218850174632608	-0.389082402753143	2.11546439281747	0.982460819118543	0.806910820068644	FALSE
597	1:1.66e+08	1	1.66e+08	0.643480643904048	0.993869580751535	0.0421393568377708	0.104803470719056	0.00328015576221288	0.00218850174632608	-0.389082402753143	2.11546439281747	0.982460819118543	0.806910820068644	FALSE
597	1:178500000	1	178500000	0.643480643904048	0.993869580751535	0.0421393568377708	0.104803470719056	0.00328015576221288	0.00218850174632608	-0.389082402753143	2.11546439281747	0.982460819118543	0.806910820068644	FALSE
597	1:1.8e+08	1	1.8e+08	0.643480643904048	0.993869580751535	0.0421393568377708	0.104803470719056	0.00328015576221288	0.00218850174632608	-0.389082402753143	2.11546439281747	0.982460819118543	0.806910820068644	FALSE
597	1:1.6e+08	1	1.6e+08	0.643480643904048	0.993869580751535	0.0421393568377708	0.104803470719056	0.00328015576221288	0.00218850174632608	-0.389082402753143	2.11546439281747	0.982460819118543	0.806910820068644	FALSE
597	1:127500000	1	127500000	0.643480643904048	0.993869580751535	0.0421393568377708	0.104803470719056	0.00328015576221288	0.00218850174632608	-0.389082402753143	2.11546439281747	0.982460819118543	0.806910820068644	FALSE
597	1:1.85e+08	1	1.85e+08	0.643480643904048	0.993869580751535	0.0421393568377708	0.104803470719056	0.00328015576221288	0.00218850174632608	-0.389082402753143	2.11546439281747	0.982460819118543	0.806910820068644	FALSE
597	1:1.34e+08	1	1.34e+08	0.643480643904048	0.993869580751535	0.0421393568377708	0.104803470719056	0.00328015576221288	0.00218850174632608	-0.389082402753143	2.11546439281747	0.982460819118543	0.806910820068644	FALSE
597	1:95500000	1	95500000	0.643480643904048	0.993869580751535	0.0421393568377708	0.104803470719056	0.00328015576221288	0.00218850174632608	-0.389082402753143	2.11546439281747	0.982460819118543	0.806910820068644	FALSE
597	1:87500000	1	87500000	0.643480643904048	0.993869580751535	0.0421393568377708	0.104803470719056	0.00328015576221288	0.00218850174632608	-0.389082402753143	2.11546439281747	0.982460819118543	0.806910820068644	FALSE
597	1:120500000	1	120500000	0.643480643904048	0.993869580751535	0.0421393568377708	0.104803470719056	0.00328015576221288	0.00218850174632608	-0.389082402753143	2.11546439281747	0.982460819118543	0.806910820068644	FALSE
597	1:109500000	1	109500000	0.643480643904048	0.993869580751535	0.0421393568377708	0.104803470719056	0.00328015576221288	0.00218850174632608	-0.389082402753143	2.11546439281747	0.982460819118543	0.806910820068644	FALSE
597	1:1.4e+08	1	1.4e+08	0.643480643904048	0.993869580751535	0.0421393568377708	0.104803470719056	0.00328015576221288	0.00218850174632608	-0.389082402753143	2.11546439281747	0.982460819118543	0.806910820068644	FALSE
597	1:128500000	1	128500000	0.643480643904048	0.993869580751535	0.0421393568377708	0.104803470719056	0.00328015576221288	0.00218850174632608	-0.389082402753143	2.11546439281747	0.982460819118543	0.806910820068644	FALSE
597	1:1.39e+08	1	1.39e+08	0.643480643904048	0.993869580751535	0.0421393568377708	0.104803470719056	0.00328015576221288	0.00218850174632608	-0.389082402753143	2.11546439281747	0.982460819118543	0.806910820068644	FALSE
597	1:175500000	1	175500000	0.643480643904048	0.993869580751535	0.0421393568377708	0.104803470719056	0.00328015576221288	0.00218850174632608	-0.389082402753143	2.11546439281747	0.982460819118543	0.806910820068644	FALSE
597	1:102500000	1	102500000	0.643480643904048	0.993869580751535	0.0421393568377708	0.104803470719056	0.00328015576221288	0.00218850174632608	-0.389082402753143	2.11546439281747	0.982460819118543	0.806910820068644	FALSE
597	1:1.88e+08	1	1.88e+08	0.643480643904048	0.993869580751535	0.0421393568377708	0.104803470719056	0.00328015576221288	0.00218850174632608	-0.389082402753143	2.11546439281747	0.982460819118543	0.806910820068644	FALSE
597	1:1.46e+08	1	1.46e+08	0.643480643904048	0.993869580751535	0.0421393568377708	0.104803470719056	0.00328015576221288	0.00218850174632608	-0.389082402753143	2.11546439281747	0.982460819118543	0.806910820068644	FALSE
597	1:150500000	1	150500000	0.643480643904048	0.993869580751535	0.0421393568377708	0.104803470719056	0.00328015576221288	0.00218850174632608	-0.389082402753143	2.11546439281747	0.982460819118543	0.806910820068644	FALSE
597	1:116500000	1	116500000	0.643480643904048	0.993869580751535	0.0421393568377708	0.104803470719056	0.00328015576221288	0.00218850174632608	-0.389082402753143	2.11546439281747	0.982460819118543	0.806910820068644	FALSE
597	1:158500000	1	158500000	0.643480643904048	0.993869580751535	0.0421393568377708	0.104803470719056	0.00328015576221288	0.00218850174632608	-0.389082402753143	2.11546439281747	0.982460819118543	0.806910820068644	FALSE
597	1:148500000	1	148500000	0.643480643904048	0.993869580751535	0.0421393568377708	0.104803470719056	0.00328015576221288	0.00218850174632608	-0.389082402753143	2.11546439281747	0.982460819118543	0.806910820068644	FALSE
597	1:84500000	1	84500000	0.643480643904048	0.993869580751535	0.0421393568377708	0.104803470719056	0.00328015576221288	0.00218850174632608	-0.389082402753143	2.11546439281747	0.982460819118543	0.806910820068644	FALSE
597	1:111500000	1	111500000	0.643480643904048	0.993869580751535	0.0421393568377708	0.104803470719056	0.00328015576221288	0.00218850174632608	-0.389082402753143	2.11546439281747	0.982460819118543	0.806910820068644	FALSE
597	1:1.3e+08	1	1.3e+08	0.643480643904048	0.993869580751535	0.0421393568377708	0.104803470719056	0.00328015576221288	0.00218850174632608	-0.389082402753143	2.11546439281747	0.982460819118543	0.806910820068644	FALSE
597	1:91500000	1	91500000	0.643480643904048	0.993869580751535	0.0421393568377708	0.104803470719056	0.00328015576221288	0.00218850174632608	-0.389082402753143	2.11546439281747	0.982460819118543	0.806910820068644	FALSE
597	1:1.55e+08	1	1.55e+08	0.643480643904048	0.993869580751535	0.0421393568377708	0.104803470719056	0.00328015576221288	0.00218850174632608	-0.389082402753143	2.11546439281747	0.982460819118543	0.806910820068644	FALSE
597	1:187500000	1	187500000	0.643480643904048	0.993869580751535	0.0421393568377708	0.104803470719056	0.00328015576221288	0.00218850174632608	-0.389082402753143	2.11546439281747	0.982460819118543	0.806910820068644	FALSE
597	1:88500000	1	88500000	0.643480643904048	0.993869580751535	0.0421393568377708	0.104803470719056	0.00328015576221288	0.00218850174632608	-0.389082402753143	2.11546439281747	0.982460819118543	0.806910820068644	FALSE
597	1:9.8e+07	1	9.8e+07	0.643480643904048	0.993869580751535	0.0421393568377708	0.104803470719056	0.00328015576221288	0.00218850174632608	-0.389082402753143	2.11546439281747	0.982460819118543	0.806910820068644	FALSE
597	1:8.8e+07	1	8.8e+07	0.643480643904048	0.993869580751535	0.0421393568377708	0.104803470719056	0.00328015576221288	0.00218850174632608	-0.389082402753143	2.11546439281747	0.982460819118543	0.806910820068644	FALSE
597	1:146500000	1	146500000	0.643480643904048	0.993869580751535	0.0421393568377708	0.104803470719056	0.00328015576221288	0.00218850174632608	-0.389082402753143	2.11546439281747	0.982460819118543	0.806910820068644	FALSE
597	1:118500000	1	118500000	0.643480643904048	0.993869580751535	0.0421393568377708	0.104803470719056	0.00328015576221288	0.00218850174632608	-0.389082402753143	2.11546439281747	0.982460819118543	0.806910820068644	FALSE
597	1:110500000	1	110500000	0.643480643904048	0.993869580751535	0.0421393568377708	0.104803470719056	0.00328015576221288	0.00218850174632608	-0.389082402753143	2.11546439281747	0.982460819118543	0.806910820068644	FALSE
597	1:9.4e+07	1	9.4e+07	0.643480643904048	0.993869580751535	0.0421393568377708	0.104803470719056	0.00328015576221288	0.00218850174632608	-0.389082402753143	2.11546439281747	0.982460819118543	0.806910820068644	FALSE
597	1:166500000	1	166500000	0.643480643904048	0.993869580751535	0.0421393568377708	0.104803470719056	0.00328015576221288	0.00218850174632608	-0.389082402753143	2.11546439281747	0.982460819118543	0.806910820068644	FALSE
597	1:126500000	1	126500000	0.643480643904048	0.993869580751535	0.0421393568377708	0.104803470719056	0.00328015576221288	0.00218850174632608	-0.389082402753143	2.11546439281747	0.982460819118543	0.806910820068644	FALSE
597	1:182500000	1	182500000	0.643480643904048	0.993869580751535	0.0421393568377708	0.104803470719056	0.00328015576221288	0.00218850174632608	-0.389082402753143	2.11546439281747	0.982460819118543	0.806910820068644	FALSE
597	1:9.2e+07	1	9.2e+07	0.643480643904048	0.993869580751535	0.0421393568377708	0.104803470719056	0.00328015576221288	0.00218850174632608	-0.389082402753143	2.11546439281747	0.982460819118543	0.806910820068644	FALSE
597	1:9.5e+07	1	9.5e+07	0.643480643904048	0.993869580751535	0.0421393568377708	0.104803470719056	0.00328015576221288	0.00218850174632608	-0.389082402753143	2.11546439281747	0.982460819118543	0.806910820068644	FALSE
597	1:9.7e+07	1	9.7e+07	0.643480643904048	0.993869580751535	0.0421393568377708	0.104803470719056	0.00328015576221288	0.00218850174632608	-0.389082402753143	2.11546439281747	0.982460819118543	0.806910820068644	FALSE
597	1:1.19e+08	1	1.19e+08	0.643480643904048	0.993869580751535	0.0421393568377708	0.104803470719056	0.00328015576221288	0.00218850174632608	-0.389082402753143	2.11546439281747	0.982460819118543	0.806910820068644	FALSE
597	1:140500000	1	140500000	0.643480643904048	0.993869580751535	0.0421393568377708	0.104803470719056	0.00328015576221288	0.00218850174632608	-0.389082402753143	2.11546439281747	0.982460819118543	0.806910820068644	FALSE
597	1:97500000	1	97500000	0.643480643904048	0.993869580751535	0.0421393568377708	0.104803470719056	0.00328015576221288	0.00218850174632608	-0.389082402753143	2.11546439281747	0.982460819118543	0.806910820068644	FALSE
597	1:90500000	1	90500000	0.643480643904048	0.993869580751535	0.0421393568377708	0.104803470719056	0.00328015576221288	0.00218850174632608	-0.389082402753143	2.11546439281747	0.982460819118543	0.806910820068644	FALSE
597	1:107500000	1	107500000	0.643480643904048	0.993869580751535	0.0421393568377708	0.104803470719056	0.00328015576221288	0.00218850174632608	-0.389082402753143	2.11546439281747	0.982460819118543	0.806910820068644	FALSE
597	1:1.48e+08	1	1.48e+08	0.643480643904048	0.993869580751535	0.0421393568377708	0.104803470719056	0.00328015576221288	0.00218850174632608	-0.389082402753143	2.11546439281747	0.982460819118543	0.806910820068644	FALSE
597	1:1.52e+08	1	1.52e+08	0.643480643904048	0.993869580751535	0.0421393568377708	0.104803470719056	0.00328015576221288	0.00218850174632608	-0.389082402753143	2.11546439281747	0.982460819118543	0.806910820068644	FALSE
608	1:1.14e+08	1	1.14e+08	0.651627231216853	0.997846886724872	0.015836079039052	0.218193976367148	0.00258718118467001	0.00168727179391607	-0.353144208217786	2.50166813046779	0.153268009610949	0.81037456474043	FALSE
608	1:1.27e+08	1	1.27e+08	0.651627231216853	0.997846886724872	0.015836079039052	0.218193976367148	0.00258718118467001	0.00168727179391607	-0.353144208217786	2.50166813046779	0.153268009610949	0.81037456474043	FALSE
608	1:1.56e+08	1	1.56e+08	0.651627231216853	0.997846886724872	0.015836079039052	0.218193976367148	0.00258718118467001	0.00168727179391607	-0.353144208217786	2.50166813046779	0.153268009610949	0.81037456474043	FALSE
608	1:109500000	1	109500000	0.651627231216853	0.997846886724872	0.015836079039052	0.218193976367148	0.00258718118467001	0.00168727179391607	-0.353144208217786	2.50166813046779	0.153268009610949	0.81037456474043	FALSE
608	1:151500000	1	151500000	0.651627231216853	0.997846886724872	0.015836079039052	0.218193976367148	0.00258718118467001	0.00168727179391607	-0.353144208217786	2.50166813046779	0.153268009610949	0.81037456474043	FALSE
608	1:1.69e+08	1	1.69e+08	0.651627231216853	0.997846886724872	0.015836079039052	0.218193976367148	0.00258718118467001	0.00168727179391607	-0.353144208217786	2.50166813046779	0.153268009610949	0.81037456474043	FALSE
608	1:1.48e+08	1	1.48e+08	0.651627231216853	0.997846886724872	0.015836079039052	0.218193976367148	0.00258718118467001	0.00168727179391607	-0.353144208217786	2.50166813046779	0.153268009610949	0.81037456474043	FALSE
608	1:161500000	1	161500000	0.651627231216853	0.997846886724872	0.015836079039052	0.218193976367148	0.00258718118467001	0.00168727179391607	-0.353144208217786	2.50166813046779	0.153268009610949	0.81037456474043	FALSE
608	1:157500000	1	157500000	0.651627231216853	0.997846886724872	0.015836079039052	0.218193976367148	0.00258718118467001	0.00168727179391607	-0.353144208217786	2.50166813046779	0.153268009610949	0.81037456474043	FALSE
608	1:1.01e+08	1	1.01e+08	0.651627231216853	0.997846886724872	0.015836079039052	0.218193976367148	0.00258718118467001	0.00168727179391607	-0.353144208217786	2.50166813046779	0.153268009610949	0.81037456474043	FALSE
608	1:164500000	1	164500000	0.651627231216853	0.997846886724872	0.015836079039052	0.218193976367148	0.00258718118467001	0.00168727179391607	-0.353144208217786	2.50166813046779	0.153268009610949	0.81037456474043	FALSE
608	1:1.24e+08	1	1.24e+08	0.651627231216853	0.997846886724872	0.015836079039052	0.218193976367148	0.00258718118467001	0.00168727179391607	-0.353144208217786	2.50166813046779	0.153268009610949	0.81037456474043	FALSE
608	1:1.74e+08	1	1.74e+08	0.651627231216853	0.997846886724872	0.015836079039052	0.218193976367148	0.00258718118467001	0.00168727179391607	-0.353144208217786	2.50166813046779	0.153268009610949	0.81037456474043	FALSE
608	1:1.37e+08	1	1.37e+08	0.651627231216853	0.997846886724872	0.015836079039052	0.218193976367148	0.00258718118467001	0.00168727179391607	-0.353144208217786	2.50166813046779	0.153268009610949	0.81037456474043	FALSE
608	1:1.9e+08	1	1.9e+08	0.651627231216853	0.997846886724872	0.015836079039052	0.218193976367148	0.00258718118467001	0.00168727179391607	-0.353144208217786	2.50166813046779	0.153268009610949	0.81037456474043	FALSE
608	1:167500000	1	167500000	0.651627231216853	0.997846886724872	0.015836079039052	0.218193976367148	0.00258718118467001	0.00168727179391607	-0.353144208217786	2.50166813046779	0.153268009610949	0.81037456474043	FALSE
608	1:171500000	1	171500000	0.651627231216853	0.997846886724872	0.015836079039052	0.218193976367148	0.00258718118467001	0.00168727179391607	-0.353144208217786	2.50166813046779	0.153268009610949	0.81037456474043	FALSE
608	1:115500000	1	115500000	0.651627231216853	0.997846886724872	0.015836079039052	0.218193976367148	0.00258718118467001	0.00168727179391607	-0.353144208217786	2.50166813046779	0.153268009610949	0.81037456474043	FALSE
608	1:122500000	1	122500000	0.651627231216853	0.997846886724872	0.015836079039052	0.218193976367148	0.00258718118467001	0.00168727179391607	-0.353144208217786	2.50166813046779	0.153268009610949	0.81037456474043	FALSE
608	1:136500000	1	136500000	0.651627231216853	0.997846886724872	0.015836079039052	0.218193976367148	0.00258718118467001	0.00168727179391607	-0.353144208217786	2.50166813046779	0.153268009610949	0.81037456474043	FALSE
608	1:8.6e+07	1	8.6e+07	0.651627231216853	0.997846886724872	0.015836079039052	0.218193976367148	0.00258718118467001	0.00168727179391607	-0.353144208217786	2.50166813046779	0.153268009610949	0.81037456474043	FALSE
608	1:1.21e+08	1	1.21e+08	0.651627231216853	0.997846886724872	0.015836079039052	0.218193976367148	0.00258718118467001	0.00168727179391607	-0.353144208217786	2.50166813046779	0.153268009610949	0.81037456474043	FALSE
608	1:1.51e+08	1	1.51e+08	0.651627231216853	0.997846886724872	0.015836079039052	0.218193976367148	0.00258718118467001	0.00168727179391607	-0.353144208217786	2.50166813046779	0.153268009610949	0.81037456474043	FALSE
608	1:1.77e+08	1	1.77e+08	0.651627231216853	0.997846886724872	0.015836079039052	0.218193976367148	0.00258718118467001	0.00168727179391607	-0.353144208217786	2.50166813046779	0.153268009610949	0.81037456474043	FALSE
608	1:1.13e+08	1	1.13e+08	0.651627231216853	0.997846886724872	0.015836079039052	0.218193976367148	0.00258718118467001	0.00168727179391607	-0.353144208217786	2.50166813046779	0.153268009610949	0.81037456474043	FALSE
608	1:149500000	1	149500000	0.651627231216853	0.997846886724872	0.015836079039052	0.218193976367148	0.00258718118467001	0.00168727179391607	-0.353144208217786	2.50166813046779	0.153268009610949	0.81037456474043	FALSE
608	1:169500000	1	169500000	0.651627231216853	0.997846886724872	0.015836079039052	0.218193976367148	0.00258718118467001	0.00168727179391607	-0.353144208217786	2.50166813046779	0.153268009610949	0.81037456474043	FALSE
608	1:9.6e+07	1	9.6e+07	0.651627231216853	0.997846886724872	0.015836079039052	0.218193976367148	0.00258718118467001	0.00168727179391607	-0.353144208217786	2.50166813046779	0.153268009610949	0.81037456474043	FALSE
608	1:1.81e+08	1	1.81e+08	0.651627231216853	0.997846886724872	0.015836079039052	0.218193976367148	0.00258718118467001	0.00168727179391607	-0.353144208217786	2.50166813046779	0.153268009610949	0.81037456474043	FALSE
608	1:113500000	1	113500000	0.651627231216853	0.997846886724872	0.015836079039052	0.218193976367148	0.00258718118467001	0.00168727179391607	-0.353144208217786	2.50166813046779	0.153268009610949	0.81037456474043	FALSE
608	1:1.19e+08	1	1.19e+08	0.651627231216853	0.997846886724872	0.015836079039052	0.218193976367148	0.00258718118467001	0.00168727179391607	-0.353144208217786	2.50166813046779	0.153268009610949	0.81037456474043	FALSE
608	1:191500000	1	191500000	0.651627231216853	0.997846886724872	0.015836079039052	0.218193976367148	0.00258718118467001	0.00168727179391607	-0.353144208217786	2.50166813046779	0.153268009610949	0.81037456474043	FALSE
608	1:9.7e+07	1	9.7e+07	0.651627231216853	0.997846886724872	0.015836079039052	0.218193976367148	0.00258718118467001	0.00168727179391607	-0.353144208217786	2.50166813046779	0.153268009610949	0.81037456474043	FALSE
608	1:127500000	1	127500000	0.651627231216853	0.997846886724872	0.015836079039052	0.218193976367148	0.00258718118467001	0.00168727179391607	-0.353144208217786	2.50166813046779	0.153268009610949	0.81037456474043	FALSE
608	1:1.62e+08	1	1.62e+08	0.651627231216853	0.997846886724872	0.015836079039052	0.218193976367148	0.00258718118467001	0.00168727179391607	-0.353144208217786	2.50166813046779	0.153268009610949	0.81037456474043	FALSE
608	1:1e+08	1	1e+08	0.651627231216853	0.997846886724872	0.015836079039052	0.218193976367148	0.00258718118467001	0.00168727179391607	-0.353144208217786	2.50166813046779	0.153268009610949	0.81037456474043	FALSE
608	1:8.7e+07	1	8.7e+07	0.651627231216853	0.997846886724872	0.015836079039052	0.218193976367148	0.00258718118467001	0.00168727179391607	-0.353144208217786	2.50166813046779	0.153268009610949	0.81037456474043	FALSE
608	1:146500000	1	146500000	0.651627231216853	0.997846886724872	0.015836079039052	0.218193976367148	0.00258718118467001	0.00168727179391607	-0.353144208217786	2.50166813046779	0.153268009610949	0.81037456474043	FALSE
608	1:88500000	1	88500000	0.651627231216853	0.997846886724872	0.015836079039052	0.218193976367148	0.00258718118467001	0.00168727179391607	-0.353144208217786	2.50166813046779	0.153268009610949	0.81037456474043	FALSE
608	1:134500000	1	134500000	0.651627231216853	0.997846886724872	0.015836079039052	0.218193976367148	0.00258718118467001	0.00168727179391607	-0.353144208217786	2.50166813046779	0.153268009610949	0.81037456474043	FALSE
608	1:1.57e+08	1	1.57e+08	0.651627231216853	0.997846886724872	0.015836079039052	0.218193976367148	0.00258718118467001	0.00168727179391607	-0.353144208217786	2.50166813046779	0.153268009610949	0.81037456474043	FALSE
608	1:1.18e+08	1	1.18e+08	0.651627231216853	0.997846886724872	0.015836079039052	0.218193976367148	0.00258718118467001	0.00168727179391607	-0.353144208217786	2.50166813046779	0.153268009610949	0.81037456474043	FALSE
608	1:105500000	1	105500000	0.651627231216853	0.997846886724872	0.015836079039052	0.218193976367148	0.00258718118467001	0.00168727179391607	-0.353144208217786	2.50166813046779	0.153268009610949	0.81037456474043	FALSE
608	1:1.12e+08	1	1.12e+08	0.651627231216853	0.997846886724872	0.015836079039052	0.218193976367148	0.00258718118467001	0.00168727179391607	-0.353144208217786	2.50166813046779	0.153268009610949	0.81037456474043	FALSE
608	1:185500000	1	185500000	0.651627231216853	0.997846886724872	0.015836079039052	0.218193976367148	0.00258718118467001	0.00168727179391607	-0.353144208217786	2.50166813046779	0.153268009610949	0.81037456474043	FALSE
608	1:85500000	1	85500000	0.651627231216853	0.997846886724872	0.015836079039052	0.218193976367148	0.00258718118467001	0.00168727179391607	-0.353144208217786	2.50166813046779	0.153268009610949	0.81037456474043	FALSE
608	1:1.79e+08	1	1.79e+08	0.651627231216853	0.997846886724872	0.015836079039052	0.218193976367148	0.00258718118467001	0.00168727179391607	-0.353144208217786	2.50166813046779	0.153268009610949	0.81037456474043	FALSE
608	1:1.38e+08	1	1.38e+08	0.651627231216853	0.997846886724872	0.015836079039052	0.218193976367148	0.00258718118467001	0.00168727179391607	-0.353144208217786	2.50166813046779	0.153268009610949	0.81037456474043	FALSE
608	1:184500000	1	184500000	0.651627231216853	0.997846886724872	0.015836079039052	0.218193976367148	0.00258718118467001	0.00168727179391607	-0.353144208217786	2.50166813046779	0.153268009610949	0.81037456474043	FALSE
608	1:111500000	1	111500000	0.651627231216853	0.997846886724872	0.015836079039052	0.218193976367148	0.00258718118467001	0.00168727179391607	-0.353144208217786	2.50166813046779	0.153268009610949	0.81037456474043	FALSE
608	1:1.1e+08	1	1.1e+08	0.651627231216853	0.997846886724872	0.015836079039052	0.218193976367148	0.00258718118467001	0.00168727179391607	-0.353144208217786	2.50166813046779	0.153268009610949	0.81037456474043	FALSE
608	1:9.1e+07	1	9.1e+07	0.651627231216853	0.997846886724872	0.015836079039052	0.218193976367148	0.00258718118467001	0.00168727179391607	-0.353144208217786	2.50166813046779	0.153268009610949	0.81037456474043	FALSE
608	1:107500000	1	107500000	0.651627231216853	0.997846886724872	0.015836079039052	0.218193976367148	0.00258718118467001	0.00168727179391607	-0.353144208217786	2.50166813046779	0.153268009610949	0.81037456474043	FALSE
608	1:100500000	1	100500000	0.651627231216853	0.997846886724872	0.015836079039052	0.218193976367148	0.00258718118467001	0.00168727179391607	-0.353144208217786	2.50166813046779	0.153268009610949	0.81037456474043	FALSE
608	1:1.06e+08	1	1.06e+08	0.651627231216853	0.997846886724872	0.015836079039052	0.218193976367148	0.00258718118467001	0.00168727179391607	-0.353144208217786	2.50166813046779	0.153268009610949	0.81037456474043	FALSE
608	1:1.39e+08	1	1.39e+08	0.651627231216853	0.997846886724872	0.015836079039052	0.218193976367148	0.00258718118467001	0.00168727179391607	-0.353144208217786	2.50166813046779	0.153268009610949	0.81037456474043	FALSE
608	1:135500000	1	135500000	0.651627231216853	0.997846886724872	0.015836079039052	0.218193976367148	0.00258718118467001	0.00168727179391607	-0.353144208217786	2.50166813046779	0.153268009610949	0.81037456474043	FALSE
608	1:1.03e+08	1	1.03e+08	0.651627231216853	0.997846886724872	0.015836079039052	0.218193976367148	0.00258718118467001	0.00168727179391607	-0.353144208217786	2.50166813046779	0.153268009610949	0.81037456474043	FALSE
608	1:1.08e+08	1	1.08e+08	0.651627231216853	0.997846886724872	0.015836079039052	0.218193976367148	0.00258718118467001	0.00168727179391607	-0.353144208217786	2.50166813046779	0.153268009610949	0.81037456474043	FALSE
608	1:9e+07	1	9e+07	0.651627231216853	0.997846886724872	0.015836079039052	0.218193976367148	0.00258718118467001	0.00168727179391607	-0.353144208217786	2.50166813046779	0.153268009610949	0.81037456474043	FALSE
608	1:1.34e+08	1	1.34e+08	0.651627231216853	0.997846886724872	0.015836079039052	0.218193976367148	0.00258718118467001	0.00168727179391607	-0.353144208217786	2.50166813046779	0.153268009610949	0.81037456474043	FALSE
608	1:1.75e+08	1	1.75e+08	0.651627231216853	0.997846886724872	0.015836079039052	0.218193976367148	0.00258718118467001	0.00168727179391607	-0.353144208217786	2.50166813046779	0.153268009610949	0.81037456474043	FALSE
608	1:117500000	1	117500000	0.651627231216853	0.997846886724872	0.015836079039052	0.218193976367148	0.00258718118467001	0.00168727179391607	-0.353144208217786	2.50166813046779	0.153268009610949	0.81037456474043	FALSE
608	1:132500000	1	132500000	0.651627231216853	0.997846886724872	0.015836079039052	0.218193976367148	0.00258718118467001	0.00168727179391607	-0.353144208217786	2.50166813046779	0.153268009610949	0.81037456474043	FALSE
608	1:1.87e+08	1	1.87e+08	0.651627231216853	0.997846886724872	0.015836079039052	0.218193976367148	0.00258718118467001	0.00168727179391607	-0.353144208217786	2.50166813046779	0.153268009610949	0.81037456474043	FALSE
608	1:1.35e+08	1	1.35e+08	0.651627231216853	0.997846886724872	0.015836079039052	0.218193976367148	0.00258718118467001	0.00168727179391607	-0.353144208217786	2.50166813046779	0.153268009610949	0.81037456474043	FALSE
608	1:9.3e+07	1	9.3e+07	0.651627231216853	0.997846886724872	0.015836079039052	0.218193976367148	0.00258718118467001	0.00168727179391607	-0.353144208217786	2.50166813046779	0.153268009610949	0.81037456474043	FALSE
608	1:137500000	1	137500000	0.651627231216853	0.997846886724872	0.015836079039052	0.218193976367148	0.00258718118467001	0.00168727179391607	-0.353144208217786	2.50166813046779	0.153268009610949	0.81037456474043	FALSE
608	1:160500000	1	160500000	0.651627231216853	0.997846886724872	0.015836079039052	0.218193976367148	0.00258718118467001	0.00168727179391607	-0.353144208217786	2.50166813046779	0.153268009610949	0.81037456474043	FALSE
608	1:181500000	1	181500000	0.651627231216853	0.997846886724872	0.015836079039052	0.218193976367148	0.00258718118467001	0.00168727179391607	-0.353144208217786	2.50166813046779	0.153268009610949	0.81037456474043	FALSE
608	1:1.63e+08	1	1.63e+08	0.651627231216853	0.997846886724872	0.015836079039052	0.218193976367148	0.00258718118467001	0.00168727179391607	-0.353144208217786	2.50166813046779	0.153268009610949	0.81037456474043	FALSE
608	1:9.9e+07	1	9.9e+07	0.651627231216853	0.997846886724872	0.015836079039052	0.218193976367148	0.00258718118467001	0.00168727179391607	-0.353144208217786	2.50166813046779	0.153268009610949	0.81037456474043	FALSE
608	1:101500000	1	101500000	0.651627231216853	0.997846886724872	0.015836079039052	0.218193976367148	0.00258718118467001	0.00168727179391607	-0.353144208217786	2.50166813046779	0.153268009610949	0.81037456474043	FALSE
608	1:165500000	1	165500000	0.651627231216853	0.997846886724872	0.015836079039052	0.218193976367148	0.00258718118467001	0.00168727179391607	-0.353144208217786	2.50166813046779	0.153268009610949	0.81037456474043	FALSE
608	1:1.52e+08	1	1.52e+08	0.651627231216853	0.997846886724872	0.015836079039052	0.218193976367148	0.00258718118467001	0.00168727179391607	-0.353144208217786	2.50166813046779	0.153268009610949	0.81037456474043	FALSE
608	1:183500000	1	183500000	0.651627231216853	0.997846886724872	0.015836079039052	0.218193976367148	0.00258718118467001	0.00168727179391607	-0.353144208217786	2.50166813046779	0.153268009610949	0.81037456474043	FALSE
608	1:156500000	1	156500000	0.651627231216853	0.997846886724872	0.015836079039052	0.218193976367148	0.00258718118467001	0.00168727179391607	-0.353144208217786	2.50166813046779	0.153268009610949	0.81037456474043	FALSE
608	1:1.53e+08	1	1.53e+08	0.651627231216853	0.997846886724872	0.015836079039052	0.218193976367148	0.00258718118467001	0.00168727179391607	-0.353144208217786	2.50166813046779	0.153268009610949	0.81037456474043	FALSE
608	1:166500000	1	166500000	0.651627231216853	0.997846886724872	0.015836079039052	0.218193976367148	0.00258718118467001	0.00168727179391607	-0.353144208217786	2.50166813046779	0.153268009610949	0.81037456474043	FALSE
608	1:188500000	1	188500000	0.651627231216853	0.997846886724872	0.015836079039052	0.218193976367148	0.00258718118467001	0.00168727179391607	-0.353144208217786	2.50166813046779	0.153268009610949	0.81037456474043	FALSE
608	1:1.31e+08	1	1.31e+08	0.651627231216853	0.997846886724872	0.015836079039052	0.218193976367148	0.00258718118467001	0.00168727179391607	-0.353144208217786	2.50166813046779	0.153268009610949	0.81037456474043	FALSE
608	1:162500000	1	162500000	0.651627231216853	0.997846886724872	0.015836079039052	0.218193976367148	0.00258718118467001	0.00168727179391607	-0.353144208217786	2.50166813046779	0.153268009610949	0.81037456474043	FALSE
608	1:179500000	1	179500000	0.651627231216853	0.997846886724872	0.015836079039052	0.218193976367148	0.00258718118467001	0.00168727179391607	-0.353144208217786	2.50166813046779	0.153268009610949	0.81037456474043	FALSE
608	1:1.45e+08	1	1.45e+08	0.651627231216853	0.997846886724872	0.015836079039052	0.218193976367148	0.00258718118467001	0.00168727179391607	-0.353144208217786	2.50166813046779	0.153268009610949	0.81037456474043	FALSE
608	1:9.4e+07	1	9.4e+07	0.651627231216853	0.997846886724872	0.015836079039052	0.218193976367148	0.00258718118467001	0.00168727179391607	-0.353144208217786	2.50166813046779	0.153268009610949	0.81037456474043	FALSE
608	1:1.47e+08	1	1.47e+08	0.651627231216853	0.997846886724872	0.015836079039052	0.218193976367148	0.00258718118467001	0.00168727179391607	-0.353144208217786	2.50166813046779	0.153268009610949	0.81037456474043	FALSE
608	1:1.58e+08	1	1.58e+08	0.651627231216853	0.997846886724872	0.015836079039052	0.218193976367148	0.00258718118467001	0.00168727179391607	-0.353144208217786	2.50166813046779	0.153268009610949	0.81037456474043	FALSE
608	1:147500000	1	147500000	0.651627231216853	0.997846886724872	0.015836079039052	0.218193976367148	0.00258718118467001	0.00168727179391607	-0.353144208217786	2.50166813046779	0.153268009610949	0.81037456474043	FALSE
608	1:189500000	1	189500000	0.651627231216853	0.997846886724872	0.015836079039052	0.218193976367148	0.00258718118467001	0.00168727179391607	-0.353144208217786	2.50166813046779	0.153268009610949	0.81037456474043	FALSE
608	1:1.32e+08	1	1.32e+08	0.651627231216853	0.997846886724872	0.015836079039052	0.218193976367148	0.00258718118467001	0.00168727179391607	-0.353144208217786	2.50166813046779	0.153268009610949	0.81037456474043	FALSE
608	1:1.67e+08	1	1.67e+08	0.651627231216853	0.997846886724872	0.015836079039052	0.218193976367148	0.00258718118467001	0.00168727179391607	-0.353144208217786	2.50166813046779	0.153268009610949	0.81037456474043	FALSE
608	1:180500000	1	180500000	0.651627231216853	0.997846886724872	0.015836079039052	0.218193976367148	0.00258718118467001	0.00168727179391607	-0.353144208217786	2.50166813046779	0.153268009610949	0.81037456474043	FALSE
608	1:175500000	1	175500000	0.651627231216853	0.997846886724872	0.015836079039052	0.218193976367148	0.00258718118467001	0.00168727179391607	-0.353144208217786	2.50166813046779	0.153268009610949	0.81037456474043	FALSE
608	1:1.09e+08	1	1.09e+08	0.651627231216853	0.997846886724872	0.015836079039052	0.218193976367148	0.00258718118467001	0.00168727179391607	-0.353144208217786	2.50166813046779	0.153268009610949	0.81037456474043	FALSE
608	1:1.44e+08	1	1.44e+08	0.651627231216853	0.997846886724872	0.015836079039052	0.218193976367148	0.00258718118467001	0.00168727179391607	-0.353144208217786	2.50166813046779	0.153268009610949	0.81037456474043	FALSE
608	1:9.8e+07	1	9.8e+07	0.651627231216853	0.997846886724872	0.015836079039052	0.218193976367148	0.00258718118467001	0.00168727179391607	-0.353144208217786	2.50166813046779	0.153268009610949	0.81037456474043	FALSE
608	1:141500000	1	141500000	0.651627231216853	0.997846886724872	0.015836079039052	0.218193976367148	0.00258718118467001	0.00168727179391607	-0.353144208217786	2.50166813046779	0.153268009610949	0.81037456474043	FALSE
608	1:1.49e+08	1	1.49e+08	0.651627231216853	0.997846886724872	0.015836079039052	0.218193976367148	0.00258718118467001	0.00168727179391607	-0.353144208217786	2.50166813046779	0.153268009610949	0.81037456474043	FALSE
608	1:128500000	1	128500000	0.651627231216853	0.997846886724872	0.015836079039052	0.218193976367148	0.00258718118467001	0.00168727179391607	-0.353144208217786	2.50166813046779	0.153268009610949	0.81037456474043	FALSE
608	1:148500000	1	148500000	0.651627231216853	0.997846886724872	0.015836079039052	0.218193976367148	0.00258718118467001	0.00168727179391607	-0.353144208217786	2.50166813046779	0.153268009610949	0.81037456474043	FALSE
608	1:158500000	1	158500000	0.651627231216853	0.997846886724872	0.015836079039052	0.218193976367148	0.00258718118467001	0.00168727179391607	-0.353144208217786	2.50166813046779	0.153268009610949	0.81037456474043	FALSE
608	1:102500000	1	102500000	0.651627231216853	0.997846886724872	0.015836079039052	0.218193976367148	0.00258718118467001	0.00168727179391607	-0.353144208217786	2.50166813046779	0.153268009610949	0.81037456474043	FALSE
608	1:172500000	1	172500000	0.651627231216853	0.997846886724872	0.015836079039052	0.218193976367148	0.00258718118467001	0.00168727179391607	-0.353144208217786	2.50166813046779	0.153268009610949	0.81037456474043	FALSE
608	1:118500000	1	118500000	0.651627231216853	0.997846886724872	0.015836079039052	0.218193976367148	0.00258718118467001	0.00168727179391607	-0.353144208217786	2.50166813046779	0.153268009610949	0.81037456474043	FALSE
608	1:1.91e+08	1	1.91e+08	0.651627231216853	0.997846886724872	0.015836079039052	0.218193976367148	0.00258718118467001	0.00168727179391607	-0.353144208217786	2.50166813046779	0.153268009610949	0.81037456474043	FALSE
608	1:144500000	1	144500000	0.651627231216853	0.997846886724872	0.015836079039052	0.218193976367148	0.00258718118467001	0.00168727179391607	-0.353144208217786	2.50166813046779	0.153268009610949	0.81037456474043	FALSE
608	1:1.7e+08	1	1.7e+08	0.651627231216853	0.997846886724872	0.015836079039052	0.218193976367148	0.00258718118467001	0.00168727179391607	-0.353144208217786	2.50166813046779	0.153268009610949	0.81037456474043	FALSE
608	1:187500000	1	187500000	0.651627231216853	0.997846886724872	0.015836079039052	0.218193976367148	0.00258718118467001	0.00168727179391607	-0.353144208217786	2.50166813046779	0.153268009610949	0.81037456474043	FALSE
608	1:126500000	1	126500000	0.651627231216853	0.997846886724872	0.015836079039052	0.218193976367148	0.00258718118467001	0.00168727179391607	-0.353144208217786	2.50166813046779	0.153268009610949	0.81037456474043	FALSE
608	1:1.3e+08	1	1.3e+08	0.651627231216853	0.997846886724872	0.015836079039052	0.218193976367148	0.00258718118467001	0.00168727179391607	-0.353144208217786	2.50166813046779	0.153268009610949	0.81037456474043	FALSE
608	1:143500000	1	143500000	0.651627231216853	0.997846886724872	0.015836079039052	0.218193976367148	0.00258718118467001	0.00168727179391607	-0.353144208217786	2.50166813046779	0.153268009610949	0.81037456474043	FALSE
608	1:154500000	1	154500000	0.651627231216853	0.997846886724872	0.015836079039052	0.218193976367148	0.00258718118467001	0.00168727179391607	-0.353144208217786	2.50166813046779	0.153268009610949	0.81037456474043	FALSE
608	1:1.82e+08	1	1.82e+08	0.651627231216853	0.997846886724872	0.015836079039052	0.218193976367148	0.00258718118467001	0.00168727179391607	-0.353144208217786	2.50166813046779	0.153268009610949	0.81037456474043	FALSE
608	1:87500000	1	87500000	0.651627231216853	0.997846886724872	0.015836079039052	0.218193976367148	0.00258718118467001	0.00168727179391607	-0.353144208217786	2.50166813046779	0.153268009610949	0.81037456474043	FALSE
608	1:1.88e+08	1	1.88e+08	0.651627231216853	0.997846886724872	0.015836079039052	0.218193976367148	0.00258718118467001	0.00168727179391607	-0.353144208217786	2.50166813046779	0.153268009610949	0.81037456474043	FALSE
608	1:9.5e+07	1	9.5e+07	0.651627231216853	0.997846886724872	0.015836079039052	0.218193976367148	0.00258718118467001	0.00168727179391607	-0.353144208217786	2.50166813046779	0.153268009610949	0.81037456474043	FALSE
608	1:1.23e+08	1	1.23e+08	0.651627231216853	0.997846886724872	0.015836079039052	0.218193976367148	0.00258718118467001	0.00168727179391607	-0.353144208217786	2.50166813046779	0.153268009610949	0.81037456474043	FALSE
608	1:1.83e+08	1	1.83e+08	0.651627231216853	0.997846886724872	0.015836079039052	0.218193976367148	0.00258718118467001	0.00168727179391607	-0.353144208217786	2.50166813046779	0.153268009610949	0.81037456474043	FALSE
608	1:1.17e+08	1	1.17e+08	0.651627231216853	0.997846886724872	0.015836079039052	0.218193976367148	0.00258718118467001	0.00168727179391607	-0.353144208217786	2.50166813046779	0.153268009610949	0.81037456474043	FALSE
608	1:8.8e+07	1	8.8e+07	0.651627231216853	0.997846886724872	0.015836079039052	0.218193976367148	0.00258718118467001	0.00168727179391607	-0.353144208217786	2.50166813046779	0.153268009610949	0.81037456474043	FALSE
608	1:1.2e+08	1	1.2e+08	0.651627231216853	0.997846886724872	0.015836079039052	0.218193976367148	0.00258718118467001	0.00168727179391607	-0.353144208217786	2.50166813046779	0.153268009610949	0.81037456474043	FALSE
608	1:1.89e+08	1	1.89e+08	0.651627231216853	0.997846886724872	0.015836079039052	0.218193976367148	0.00258718118467001	0.00168727179391607	-0.353144208217786	2.50166813046779	0.153268009610949	0.81037456474043	FALSE
608	1:1.84e+08	1	1.84e+08	0.651627231216853	0.997846886724872	0.015836079039052	0.218193976367148	0.00258718118467001	0.00168727179391607	-0.353144208217786	2.50166813046779	0.153268009610949	0.81037456474043	FALSE
608	1:108500000	1	108500000	0.651627231216853	0.997846886724872	0.015836079039052	0.218193976367148	0.00258718118467001	0.00168727179391607	-0.353144208217786	2.50166813046779	0.153268009610949	0.81037456474043	FALSE
608	1:91500000	1	91500000	0.651627231216853	0.997846886724872	0.015836079039052	0.218193976367148	0.00258718118467001	0.00168727179391607	-0.353144208217786	2.50166813046779	0.153268009610949	0.81037456474043	FALSE
608	1:93500000	1	93500000	0.651627231216853	0.997846886724872	0.015836079039052	0.218193976367148	0.00258718118467001	0.00168727179391607	-0.353144208217786	2.50166813046779	0.153268009610949	0.81037456474043	FALSE
608	1:114500000	1	114500000	0.651627231216853	0.997846886724872	0.015836079039052	0.218193976367148	0.00258718118467001	0.00168727179391607	-0.353144208217786	2.50166813046779	0.153268009610949	0.81037456474043	FALSE
608	1:1.25e+08	1	1.25e+08	0.651627231216853	0.997846886724872	0.015836079039052	0.218193976367148	0.00258718118467001	0.00168727179391607	-0.353144208217786	2.50166813046779	0.153268009610949	0.81037456474043	FALSE
608	1:142500000	1	142500000	0.651627231216853	0.997846886724872	0.015836079039052	0.218193976367148	0.00258718118467001	0.00168727179391607	-0.353144208217786	2.50166813046779	0.153268009610949	0.81037456474043	FALSE
608	1:94500000	1	94500000	0.651627231216853	0.997846886724872	0.015836079039052	0.218193976367148	0.00258718118467001	0.00168727179391607	-0.353144208217786	2.50166813046779	0.153268009610949	0.81037456474043	FALSE
608	1:1.26e+08	1	1.26e+08	0.651627231216853	0.997846886724872	0.015836079039052	0.218193976367148	0.00258718118467001	0.00168727179391607	-0.353144208217786	2.50166813046779	0.153268009610949	0.81037456474043	FALSE
608	1:1.54e+08	1	1.54e+08	0.651627231216853	0.997846886724872	0.015836079039052	0.218193976367148	0.00258718118467001	0.00168727179391607	-0.353144208217786	2.50166813046779	0.153268009610949	0.81037456474043	FALSE
608	1:84500000	1	84500000	0.651627231216853	0.997846886724872	0.015836079039052	0.218193976367148	0.00258718118467001	0.00168727179391607	-0.353144208217786	2.50166813046779	0.153268009610949	0.81037456474043	FALSE
608	1:1.85e+08	1	1.85e+08	0.651627231216853	0.997846886724872	0.015836079039052	0.218193976367148	0.00258718118467001	0.00168727179391607	-0.353144208217786	2.50166813046779	0.153268009610949	0.81037456474043	FALSE
608	1:1.33e+08	1	1.33e+08	0.651627231216853	0.997846886724872	0.015836079039052	0.218193976367148	0.00258718118467001	0.00168727179391607	-0.353144208217786	2.50166813046779	0.153268009610949	0.81037456474043	FALSE
608	1:95500000	1	95500000	0.651627231216853	0.997846886724872	0.015836079039052	0.218193976367148	0.00258718118467001	0.00168727179391607	-0.353144208217786	2.50166813046779	0.153268009610949	0.81037456474043	FALSE
608	1:1.92e+08	1	1.92e+08	0.651627231216853	0.997846886724872	0.015836079039052	0.218193976367148	0.00258718118467001	0.00168727179391607	-0.353144208217786	2.50166813046779	0.153268009610949	0.81037456474043	FALSE
608	1:152500000	1	152500000	0.651627231216853	0.997846886724872	0.015836079039052	0.218193976367148	0.00258718118467001	0.00168727179391607	-0.353144208217786	2.50166813046779	0.153268009610949	0.81037456474043	FALSE
608	1:1.59e+08	1	1.59e+08	0.651627231216853	0.997846886724872	0.015836079039052	0.218193976367148	0.00258718118467001	0.00168727179391607	-0.353144208217786	2.50166813046779	0.153268009610949	0.81037456474043	FALSE
608	1:9.2e+07	1	9.2e+07	0.651627231216853	0.997846886724872	0.015836079039052	0.218193976367148	0.00258718118467001	0.00168727179391607	-0.353144208217786	2.50166813046779	0.153268009610949	0.81037456474043	FALSE
608	1:8.5e+07	1	8.5e+07	0.651627231216853	0.997846886724872	0.015836079039052	0.218193976367148	0.00258718118467001	0.00168727179391607	-0.353144208217786	2.50166813046779	0.153268009610949	0.81037456474043	FALSE
608	1:163500000	1	163500000	0.651627231216853	0.997846886724872	0.015836079039052	0.218193976367148	0.00258718118467001	0.00168727179391607	-0.353144208217786	2.50166813046779	0.153268009610949	0.81037456474043	FALSE
608	1:1.68e+08	1	1.68e+08	0.651627231216853	0.997846886724872	0.015836079039052	0.218193976367148	0.00258718118467001	0.00168727179391607	-0.353144208217786	2.50166813046779	0.153268009610949	0.81037456474043	FALSE
608	1:96500000	1	96500000	0.651627231216853	0.997846886724872	0.015836079039052	0.218193976367148	0.00258718118467001	0.00168727179391607	-0.353144208217786	2.50166813046779	0.153268009610949	0.81037456474043	FALSE
608	1:125500000	1	125500000	0.651627231216853	0.997846886724872	0.015836079039052	0.218193976367148	0.00258718118467001	0.00168727179391607	-0.353144208217786	2.50166813046779	0.153268009610949	0.81037456474043	FALSE
608	1:1.5e+08	1	1.5e+08	0.651627231216853	0.997846886724872	0.015836079039052	0.218193976367148	0.00258718118467001	0.00168727179391607	-0.353144208217786	2.50166813046779	0.153268009610949	0.81037456474043	FALSE
608	1:1.28e+08	1	1.28e+08	0.651627231216853	0.997846886724872	0.015836079039052	0.218193976367148	0.00258718118467001	0.00168727179391607	-0.353144208217786	2.50166813046779	0.153268009610949	0.81037456474043	FALSE
608	1:1.76e+08	1	1.76e+08	0.651627231216853	0.997846886724872	0.015836079039052	0.218193976367148	0.00258718118467001	0.00168727179391607	-0.353144208217786	2.50166813046779	0.153268009610949	0.81037456474043	FALSE
608	1:1.04e+08	1	1.04e+08	0.651627231216853	0.997846886724872	0.015836079039052	0.218193976367148	0.00258718118467001	0.00168727179391607	-0.353144208217786	2.50166813046779	0.153268009610949	0.81037456474043	FALSE
608	1:178500000	1	178500000	0.651627231216853	0.997846886724872	0.015836079039052	0.218193976367148	0.00258718118467001	0.00168727179391607	-0.353144208217786	2.50166813046779	0.153268009610949	0.81037456474043	FALSE
608	1:1.71e+08	1	1.71e+08	0.651627231216853	0.997846886724872	0.015836079039052	0.218193976367148	0.00258718118467001	0.00168727179391607	-0.353144208217786	2.50166813046779	0.153268009610949	0.81037456474043	FALSE
608	1:145500000	1	145500000	0.651627231216853	0.997846886724872	0.015836079039052	0.218193976367148	0.00258718118467001	0.00168727179391607	-0.353144208217786	2.50166813046779	0.153268009610949	0.81037456474043	FALSE
608	1:120500000	1	120500000	0.651627231216853	0.997846886724872	0.015836079039052	0.218193976367148	0.00258718118467001	0.00168727179391607	-0.353144208217786	2.50166813046779	0.153268009610949	0.81037456474043	FALSE
608	1:104500000	1	104500000	0.651627231216853	0.997846886724872	0.015836079039052	0.218193976367148	0.00258718118467001	0.00168727179391607	-0.353144208217786	2.50166813046779	0.153268009610949	0.81037456474043	FALSE
608	1:140500000	1	140500000	0.651627231216853	0.997846886724872	0.015836079039052	0.218193976367148	0.00258718118467001	0.00168727179391607	-0.353144208217786	2.50166813046779	0.153268009610949	0.81037456474043	FALSE
608	1:1.66e+08	1	1.66e+08	0.651627231216853	0.997846886724872	0.015836079039052	0.218193976367148	0.00258718118467001	0.00168727179391607	-0.353144208217786	2.50166813046779	0.153268009610949	0.81037456474043	FALSE
608	1:1.29e+08	1	1.29e+08	0.651627231216853	0.997846886724872	0.015836079039052	0.218193976367148	0.00258718118467001	0.00168727179391607	-0.353144208217786	2.50166813046779	0.153268009610949	0.81037456474043	FALSE
608	1:1.73e+08	1	1.73e+08	0.651627231216853	0.997846886724872	0.015836079039052	0.218193976367148	0.00258718118467001	0.00168727179391607	-0.353144208217786	2.50166813046779	0.153268009610949	0.81037456474043	FALSE
608	1:1.6e+08	1	1.6e+08	0.651627231216853	0.997846886724872	0.015836079039052	0.218193976367148	0.00258718118467001	0.00168727179391607	-0.353144208217786	2.50166813046779	0.153268009610949	0.81037456474043	FALSE
608	1:170500000	1	170500000	0.651627231216853	0.997846886724872	0.015836079039052	0.218193976367148	0.00258718118467001	0.00168727179391607	-0.353144208217786	2.50166813046779	0.153268009610949	0.81037456474043	FALSE
608	1:99500000	1	99500000	0.651627231216853	0.997846886724872	0.015836079039052	0.218193976367148	0.00258718118467001	0.00168727179391607	-0.353144208217786	2.50166813046779	0.153268009610949	0.81037456474043	FALSE
608	1:174500000	1	174500000	0.651627231216853	0.997846886724872	0.015836079039052	0.218193976367148	0.00258718118467001	0.00168727179391607	-0.353144208217786	2.50166813046779	0.153268009610949	0.81037456474043	FALSE
608	1:153500000	1	153500000	0.651627231216853	0.997846886724872	0.015836079039052	0.218193976367148	0.00258718118467001	0.00168727179391607	-0.353144208217786	2.50166813046779	0.153268009610949	0.81037456474043	FALSE
608	1:190500000	1	190500000	0.651627231216853	0.997846886724872	0.015836079039052	0.218193976367148	0.00258718118467001	0.00168727179391607	-0.353144208217786	2.50166813046779	0.153268009610949	0.81037456474043	FALSE
608	1:1.78e+08	1	1.78e+08	0.651627231216853	0.997846886724872	0.015836079039052	0.218193976367148	0.00258718118467001	0.00168727179391607	-0.353144208217786	2.50166813046779	0.153268009610949	0.81037456474043	FALSE
608	1:116500000	1	116500000	0.651627231216853	0.997846886724872	0.015836079039052	0.218193976367148	0.00258718118467001	0.00168727179391607	-0.353144208217786	2.50166813046779	0.153268009610949	0.81037456474043	FALSE
608	1:129500000	1	129500000	0.651627231216853	0.997846886724872	0.015836079039052	0.218193976367148	0.00258718118467001	0.00168727179391607	-0.353144208217786	2.50166813046779	0.153268009610949	0.81037456474043	FALSE
608	1:1.86e+08	1	1.86e+08	0.651627231216853	0.997846886724872	0.015836079039052	0.218193976367148	0.00258718118467001	0.00168727179391607	-0.353144208217786	2.50166813046779	0.153268009610949	0.81037456474043	FALSE
608	1:106500000	1	106500000	0.651627231216853	0.997846886724872	0.015836079039052	0.218193976367148	0.00258718118467001	0.00168727179391607	-0.353144208217786	2.50166813046779	0.153268009610949	0.81037456474043	FALSE
608	1:173500000	1	173500000	0.651627231216853	0.997846886724872	0.015836079039052	0.218193976367148	0.00258718118467001	0.00168727179391607	-0.353144208217786	2.50166813046779	0.153268009610949	0.81037456474043	FALSE
608	1:89500000	1	89500000	0.651627231216853	0.997846886724872	0.015836079039052	0.218193976367148	0.00258718118467001	0.00168727179391607	-0.353144208217786	2.50166813046779	0.153268009610949	0.81037456474043	FALSE
608	1:1.46e+08	1	1.46e+08	0.651627231216853	0.997846886724872	0.015836079039052	0.218193976367148	0.00258718118467001	0.00168727179391607	-0.353144208217786	2.50166813046779	0.153268009610949	0.81037456474043	FALSE
608	1:168500000	1	168500000	0.651627231216853	0.997846886724872	0.015836079039052	0.218193976367148	0.00258718118467001	0.00168727179391607	-0.353144208217786	2.50166813046779	0.153268009610949	0.81037456474043	FALSE
608	1:1.41e+08	1	1.41e+08	0.651627231216853	0.997846886724872	0.015836079039052	0.218193976367148	0.00258718118467001	0.00168727179391607	-0.353144208217786	2.50166813046779	0.153268009610949	0.81037456474043	FALSE
608	1:123500000	1	123500000	0.651627231216853	0.997846886724872	0.015836079039052	0.218193976367148	0.00258718118467001	0.00168727179391607	-0.353144208217786	2.50166813046779	0.153268009610949	0.81037456474043	FALSE
608	1:139500000	1	139500000	0.651627231216853	0.997846886724872	0.015836079039052	0.218193976367148	0.00258718118467001	0.00168727179391607	-0.353144208217786	2.50166813046779	0.153268009610949	0.81037456474043	FALSE
608	1:177500000	1	177500000	0.651627231216853	0.997846886724872	0.015836079039052	0.218193976367148	0.00258718118467001	0.00168727179391607	-0.353144208217786	2.50166813046779	0.153268009610949	0.81037456474043	FALSE
608	1:1.4e+08	1	1.4e+08	0.651627231216853	0.997846886724872	0.015836079039052	0.218193976367148	0.00258718118467001	0.00168727179391607	-0.353144208217786	2.50166813046779	0.153268009610949	0.81037456474043	FALSE
608	1:110500000	1	110500000	0.651627231216853	0.997846886724872	0.015836079039052	0.218193976367148	0.00258718118467001	0.00168727179391607	-0.353144208217786	2.50166813046779	0.153268009610949	0.81037456474043	FALSE
608	1:1.42e+08	1	1.42e+08	0.651627231216853	0.997846886724872	0.015836079039052	0.218193976367148	0.00258718118467001	0.00168727179391607	-0.353144208217786	2.50166813046779	0.153268009610949	0.81037456474043	FALSE
608	1:133500000	1	133500000	0.651627231216853	0.997846886724872	0.015836079039052	0.218193976367148	0.00258718118467001	0.00168727179391607	-0.353144208217786	2.50166813046779	0.153268009610949	0.81037456474043	FALSE
608	1:182500000	1	182500000	0.651627231216853	0.997846886724872	0.015836079039052	0.218193976367148	0.00258718118467001	0.00168727179391607	-0.353144208217786	2.50166813046779	0.153268009610949	0.81037456474043	FALSE
608	1:1.43e+08	1	1.43e+08	0.651627231216853	0.997846886724872	0.015836079039052	0.218193976367148	0.00258718118467001	0.00168727179391607	-0.353144208217786	2.50166813046779	0.153268009610949	0.81037456474043	FALSE
608	1:138500000	1	138500000	0.651627231216853	0.997846886724872	0.015836079039052	0.218193976367148	0.00258718118467001	0.00168727179391607	-0.353144208217786	2.50166813046779	0.153268009610949	0.81037456474043	FALSE
608	1:124500000	1	124500000	0.651627231216853	0.997846886724872	0.015836079039052	0.218193976367148	0.00258718118467001	0.00168727179391607	-0.353144208217786	2.50166813046779	0.153268009610949	0.81037456474043	FALSE
608	1:1.64e+08	1	1.64e+08	0.651627231216853	0.997846886724872	0.015836079039052	0.218193976367148	0.00258718118467001	0.00168727179391607	-0.353144208217786	2.50166813046779	0.153268009610949	0.81037456474043	FALSE
608	1:121500000	1	121500000	0.651627231216853	0.997846886724872	0.015836079039052	0.218193976367148	0.00258718118467001	0.00168727179391607	-0.353144208217786	2.50166813046779	0.153268009610949	0.81037456474043	FALSE
608	1:103500000	1	103500000	0.651627231216853	0.997846886724872	0.015836079039052	0.218193976367148	0.00258718118467001	0.00168727179391607	-0.353144208217786	2.50166813046779	0.153268009610949	0.81037456474043	FALSE
608	1:8.9e+07	1	8.9e+07	0.651627231216853	0.997846886724872	0.015836079039052	0.218193976367148	0.00258718118467001	0.00168727179391607	-0.353144208217786	2.50166813046779	0.153268009610949	0.81037456474043	FALSE
608	1:92500000	1	92500000	0.651627231216853	0.997846886724872	0.015836079039052	0.218193976367148	0.00258718118467001	0.00168727179391607	-0.353144208217786	2.50166813046779	0.153268009610949	0.81037456474043	FALSE
608	1:1.22e+08	1	1.22e+08	0.651627231216853	0.997846886724872	0.015836079039052	0.218193976367148	0.00258718118467001	0.00168727179391607	-0.353144208217786	2.50166813046779	0.153268009610949	0.81037456474043	FALSE
608	1:1.55e+08	1	1.55e+08	0.651627231216853	0.997846886724872	0.015836079039052	0.218193976367148	0.00258718118467001	0.00168727179391607	-0.353144208217786	2.50166813046779	0.153268009610949	0.81037456474043	FALSE
608	1:1.02e+08	1	1.02e+08	0.651627231216853	0.997846886724872	0.015836079039052	0.218193976367148	0.00258718118467001	0.00168727179391607	-0.353144208217786	2.50166813046779	0.153268009610949	0.81037456474043	FALSE
608	1:1.8e+08	1	1.8e+08	0.651627231216853	0.997846886724872	0.015836079039052	0.218193976367148	0.00258718118467001	0.00168727179391607	-0.353144208217786	2.50166813046779	0.153268009610949	0.81037456474043	FALSE
608	1:1.15e+08	1	1.15e+08	0.651627231216853	0.997846886724872	0.015836079039052	0.218193976367148	0.00258718118467001	0.00168727179391607	-0.353144208217786	2.50166813046779	0.153268009610949	0.81037456474043	FALSE
608	1:155500000	1	155500000	0.651627231216853	0.997846886724872	0.015836079039052	0.218193976367148	0.00258718118467001	0.00168727179391607	-0.353144208217786	2.50166813046779	0.153268009610949	0.81037456474043	FALSE
608	1:1.05e+08	1	1.05e+08	0.651627231216853	0.997846886724872	0.015836079039052	0.218193976367148	0.00258718118467001	0.00168727179391607	-0.353144208217786	2.50166813046779	0.153268009610949	0.81037456474043	FALSE
608	1:1.36e+08	1	1.36e+08	0.651627231216853	0.997846886724872	0.015836079039052	0.218193976367148	0.00258718118467001	0.00168727179391607	-0.353144208217786	2.50166813046779	0.153268009610949	0.81037456474043	FALSE
608	1:98500000	1	98500000	0.651627231216853	0.997846886724872	0.015836079039052	0.218193976367148	0.00258718118467001	0.00168727179391607	-0.353144208217786	2.50166813046779	0.153268009610949	0.81037456474043	FALSE
608	1:159500000	1	159500000	0.651627231216853	0.997846886724872	0.015836079039052	0.218193976367148	0.00258718118467001	0.00168727179391607	-0.353144208217786	2.50166813046779	0.153268009610949	0.81037456474043	FALSE
608	1:90500000	1	90500000	0.651627231216853	0.997846886724872	0.015836079039052	0.218193976367148	0.00258718118467001	0.00168727179391607	-0.353144208217786	2.50166813046779	0.153268009610949	0.81037456474043	FALSE
608	1:1.61e+08	1	1.61e+08	0.651627231216853	0.997846886724872	0.015836079039052	0.218193976367148	0.00258718118467001	0.00168727179391607	-0.353144208217786	2.50166813046779	0.153268009610949	0.81037456474043	FALSE
608	1:1.72e+08	1	1.72e+08	0.651627231216853	0.997846886724872	0.015836079039052	0.218193976367148	0.00258718118467001	0.00168727179391607	-0.353144208217786	2.50166813046779	0.153268009610949	0.81037456474043	FALSE
608	1:150500000	1	150500000	0.651627231216853	0.997846886724872	0.015836079039052	0.218193976367148	0.00258718118467001	0.00168727179391607	-0.353144208217786	2.50166813046779	0.153268009610949	0.81037456474043	FALSE
608	1:86500000	1	86500000	0.651627231216853	0.997846886724872	0.015836079039052	0.218193976367148	0.00258718118467001	0.00168727179391607	-0.353144208217786	2.50166813046779	0.153268009610949	0.81037456474043	FALSE
608	1:176500000	1	176500000	0.651627231216853	0.997846886724872	0.015836079039052	0.218193976367148	0.00258718118467001	0.00168727179391607	-0.353144208217786	2.50166813046779	0.153268009610949	0.81037456474043	FALSE
608	1:1.65e+08	1	1.65e+08	0.651627231216853	0.997846886724872	0.015836079039052	0.218193976367148	0.00258718118467001	0.00168727179391607	-0.353144208217786	2.50166813046779	0.153268009610949	0.81037456474043	FALSE
608	1:97500000	1	97500000	0.651627231216853	0.997846886724872	0.015836079039052	0.218193976367148	0.00258718118467001	0.00168727179391607	-0.353144208217786	2.50166813046779	0.153268009610949	0.81037456474043	FALSE
608	1:186500000	1	186500000	0.651627231216853	0.997846886724872	0.015836079039052	0.218193976367148	0.00258718118467001	0.00168727179391607	-0.353144208217786	2.50166813046779	0.153268009610949	0.81037456474043	FALSE
610	1:1.6e+08	1	1.6e+08	0.454324900338981	0.998816438266789	0.00384794952949634	0.906216901835046	0.00413034071701186	0.00144440956733668	-0.187350528003925	2.85247867460129	0.931425256669417	0.812418936727036	FALSE
610	1:1.36e+08	1	1.36e+08	0.454324900338981	0.998816438266789	0.00384794952949634	0.906216901835046	0.00413034071701186	0.00144440956733668	-0.187350528003925	2.85247867460129	0.931425256669417	0.812418936727036	FALSE
610	1:171500000	1	171500000	0.454324900338981	0.998816438266789	0.00384794952949634	0.906216901835046	0.00413034071701186	0.00144440956733668	-0.187350528003925	2.85247867460129	0.931425256669417	0.812418936727036	FALSE
610	1:163500000	1	163500000	0.454324900338981	0.998816438266789	0.00384794952949634	0.906216901835046	0.00413034071701186	0.00144440956733668	-0.187350528003925	2.85247867460129	0.931425256669417	0.812418936727036	FALSE
610	1:1.53e+08	1	1.53e+08	0.454324900338981	0.998816438266789	0.00384794952949634	0.906216901835046	0.00413034071701186	0.00144440956733668	-0.187350528003925	2.85247867460129	0.931425256669417	0.812418936727036	FALSE
610	1:1.18e+08	1	1.18e+08	0.454324900338981	0.998816438266789	0.00384794952949634	0.906216901835046	0.00413034071701186	0.00144440956733668	-0.187350528003925	2.85247867460129	0.931425256669417	0.812418936727036	FALSE
610	1:1.01e+08	1	1.01e+08	0.454324900338981	0.998816438266789	0.00384794952949634	0.906216901835046	0.00413034071701186	0.00144440956733668	-0.187350528003925	2.85247867460129	0.931425256669417	0.812418936727036	FALSE
610	1:123500000	1	123500000	0.454324900338981	0.998816438266789	0.00384794952949634	0.906216901835046	0.00413034071701186	0.00144440956733668	-0.187350528003925	2.85247867460129	0.931425256669417	0.812418936727036	FALSE
610	1:1.55e+08	1	1.55e+08	0.454324900338981	0.998816438266789	0.00384794952949634	0.906216901835046	0.00413034071701186	0.00144440956733668	-0.187350528003925	2.85247867460129	0.931425256669417	0.812418936727036	FALSE
610	1:1.39e+08	1	1.39e+08	0.454324900338981	0.998816438266789	0.00384794952949634	0.906216901835046	0.00413034071701186	0.00144440956733668	-0.187350528003925	2.85247867460129	0.931425256669417	0.812418936727036	FALSE
610	1:1.78e+08	1	1.78e+08	0.454324900338981	0.998816438266789	0.00384794952949634	0.906216901835046	0.00413034071701186	0.00144440956733668	-0.187350528003925	2.85247867460129	0.931425256669417	0.812418936727036	FALSE
610	1:170500000	1	170500000	0.454324900338981	0.998816438266789	0.00384794952949634	0.906216901835046	0.00413034071701186	0.00144440956733668	-0.187350528003925	2.85247867460129	0.931425256669417	0.812418936727036	FALSE
610	1:1.81e+08	1	1.81e+08	0.454324900338981	0.998816438266789	0.00384794952949634	0.906216901835046	0.00413034071701186	0.00144440956733668	-0.187350528003925	2.85247867460129	0.931425256669417	0.812418936727036	FALSE
610	1:9e+07	1	9e+07	0.454324900338981	0.998816438266789	0.00384794952949634	0.906216901835046	0.00413034071701186	0.00144440956733668	-0.187350528003925	2.85247867460129	0.931425256669417	0.812418936727036	FALSE
610	1:135500000	1	135500000	0.454324900338981	0.998816438266789	0.00384794952949634	0.906216901835046	0.00413034071701186	0.00144440956733668	-0.187350528003925	2.85247867460129	0.931425256669417	0.812418936727036	FALSE
610	1:1.91e+08	1	1.91e+08	0.454324900338981	0.998816438266789	0.00384794952949634	0.906216901835046	0.00413034071701186	0.00144440956733668	-0.187350528003925	2.85247867460129	0.931425256669417	0.812418936727036	FALSE
610	1:1.5e+08	1	1.5e+08	0.454324900338981	0.998816438266789	0.00384794952949634	0.906216901835046	0.00413034071701186	0.00144440956733668	-0.187350528003925	2.85247867460129	0.931425256669417	0.812418936727036	FALSE
610	1:1.27e+08	1	1.27e+08	0.454324900338981	0.998816438266789	0.00384794952949634	0.906216901835046	0.00413034071701186	0.00144440956733668	-0.187350528003925	2.85247867460129	0.931425256669417	0.812418936727036	FALSE
610	1:8.6e+07	1	8.6e+07	0.454324900338981	0.998816438266789	0.00384794952949634	0.906216901835046	0.00413034071701186	0.00144440956733668	-0.187350528003925	2.85247867460129	0.931425256669417	0.812418936727036	FALSE
610	1:1.79e+08	1	1.79e+08	0.454324900338981	0.998816438266789	0.00384794952949634	0.906216901835046	0.00413034071701186	0.00144440956733668	-0.187350528003925	2.85247867460129	0.931425256669417	0.812418936727036	FALSE
610	1:1.59e+08	1	1.59e+08	0.454324900338981	0.998816438266789	0.00384794952949634	0.906216901835046	0.00413034071701186	0.00144440956733668	-0.187350528003925	2.85247867460129	0.931425256669417	0.812418936727036	FALSE
610	1:9.7e+07	1	9.7e+07	0.454324900338981	0.998816438266789	0.00384794952949634	0.906216901835046	0.00413034071701186	0.00144440956733668	-0.187350528003925	2.85247867460129	0.931425256669417	0.812418936727036	FALSE
610	1:166500000	1	166500000	0.454324900338981	0.998816438266789	0.00384794952949634	0.906216901835046	0.00413034071701186	0.00144440956733668	-0.187350528003925	2.85247867460129	0.931425256669417	0.812418936727036	FALSE
610	1:100500000	1	100500000	0.454324900338981	0.998816438266789	0.00384794952949634	0.906216901835046	0.00413034071701186	0.00144440956733668	-0.187350528003925	2.85247867460129	0.931425256669417	0.812418936727036	FALSE
610	1:1.2e+08	1	1.2e+08	0.454324900338981	0.998816438266789	0.00384794952949634	0.906216901835046	0.00413034071701186	0.00144440956733668	-0.187350528003925	2.85247867460129	0.931425256669417	0.812418936727036	FALSE
610	1:121500000	1	121500000	0.454324900338981	0.998816438266789	0.00384794952949634	0.906216901835046	0.00413034071701186	0.00144440956733668	-0.187350528003925	2.85247867460129	0.931425256669417	0.812418936727036	FALSE
610	1:1.84e+08	1	1.84e+08	0.454324900338981	0.998816438266789	0.00384794952949634	0.906216901835046	0.00413034071701186	0.00144440956733668	-0.187350528003925	2.85247867460129	0.931425256669417	0.812418936727036	FALSE
610	1:1.62e+08	1	1.62e+08	0.454324900338981	0.998816438266789	0.00384794952949634	0.906216901835046	0.00413034071701186	0.00144440956733668	-0.187350528003925	2.85247867460129	0.931425256669417	0.812418936727036	FALSE
610	1:152500000	1	152500000	0.454324900338981	0.998816438266789	0.00384794952949634	0.906216901835046	0.00413034071701186	0.00144440956733668	-0.187350528003925	2.85247867460129	0.931425256669417	0.812418936727036	FALSE
610	1:1.89e+08	1	1.89e+08	0.454324900338981	0.998816438266789	0.00384794952949634	0.906216901835046	0.00413034071701186	0.00144440956733668	-0.187350528003925	2.85247867460129	0.931425256669417	0.812418936727036	FALSE
610	1:1.19e+08	1	1.19e+08	0.454324900338981	0.998816438266789	0.00384794952949634	0.906216901835046	0.00413034071701186	0.00144440956733668	-0.187350528003925	2.85247867460129	0.931425256669417	0.812418936727036	FALSE
610	1:1.71e+08	1	1.71e+08	0.454324900338981	0.998816438266789	0.00384794952949634	0.906216901835046	0.00413034071701186	0.00144440956733668	-0.187350528003925	2.85247867460129	0.931425256669417	0.812418936727036	FALSE
610	1:104500000	1	104500000	0.454324900338981	0.998816438266789	0.00384794952949634	0.906216901835046	0.00413034071701186	0.00144440956733668	-0.187350528003925	2.85247867460129	0.931425256669417	0.812418936727036	FALSE
610	1:188500000	1	188500000	0.454324900338981	0.998816438266789	0.00384794952949634	0.906216901835046	0.00413034071701186	0.00144440956733668	-0.187350528003925	2.85247867460129	0.931425256669417	0.812418936727036	FALSE
610	1:127500000	1	127500000	0.454324900338981	0.998816438266789	0.00384794952949634	0.906216901835046	0.00413034071701186	0.00144440956733668	-0.187350528003925	2.85247867460129	0.931425256669417	0.812418936727036	FALSE
610	1:1.1e+08	1	1.1e+08	0.454324900338981	0.998816438266789	0.00384794952949634	0.906216901835046	0.00413034071701186	0.00144440956733668	-0.187350528003925	2.85247867460129	0.931425256669417	0.812418936727036	FALSE
610	1:150500000	1	150500000	0.454324900338981	0.998816438266789	0.00384794952949634	0.906216901835046	0.00413034071701186	0.00144440956733668	-0.187350528003925	2.85247867460129	0.931425256669417	0.812418936727036	FALSE
610	1:129500000	1	129500000	0.454324900338981	0.998816438266789	0.00384794952949634	0.906216901835046	0.00413034071701186	0.00144440956733668	-0.187350528003925	2.85247867460129	0.931425256669417	0.812418936727036	FALSE
610	1:136500000	1	136500000	0.454324900338981	0.998816438266789	0.00384794952949634	0.906216901835046	0.00413034071701186	0.00144440956733668	-0.187350528003925	2.85247867460129	0.931425256669417	0.812418936727036	FALSE
610	1:1.4e+08	1	1.4e+08	0.454324900338981	0.998816438266789	0.00384794952949634	0.906216901835046	0.00413034071701186	0.00144440956733668	-0.187350528003925	2.85247867460129	0.931425256669417	0.812418936727036	FALSE
610	1:106500000	1	106500000	0.454324900338981	0.998816438266789	0.00384794952949634	0.906216901835046	0.00413034071701186	0.00144440956733668	-0.187350528003925	2.85247867460129	0.931425256669417	0.812418936727036	FALSE
610	1:1.58e+08	1	1.58e+08	0.454324900338981	0.998816438266789	0.00384794952949634	0.906216901835046	0.00413034071701186	0.00144440956733668	-0.187350528003925	2.85247867460129	0.931425256669417	0.812418936727036	FALSE
610	1:1.03e+08	1	1.03e+08	0.454324900338981	0.998816438266789	0.00384794952949634	0.906216901835046	0.00413034071701186	0.00144440956733668	-0.187350528003925	2.85247867460129	0.931425256669417	0.812418936727036	FALSE
610	1:164500000	1	164500000	0.454324900338981	0.998816438266789	0.00384794952949634	0.906216901835046	0.00413034071701186	0.00144440956733668	-0.187350528003925	2.85247867460129	0.931425256669417	0.812418936727036	FALSE
610	1:1.34e+08	1	1.34e+08	0.454324900338981	0.998816438266789	0.00384794952949634	0.906216901835046	0.00413034071701186	0.00144440956733668	-0.187350528003925	2.85247867460129	0.931425256669417	0.812418936727036	FALSE
610	1:147500000	1	147500000	0.454324900338981	0.998816438266789	0.00384794952949634	0.906216901835046	0.00413034071701186	0.00144440956733668	-0.187350528003925	2.85247867460129	0.931425256669417	0.812418936727036	FALSE
610	1:1.44e+08	1	1.44e+08	0.454324900338981	0.998816438266789	0.00384794952949634	0.906216901835046	0.00413034071701186	0.00144440956733668	-0.187350528003925	2.85247867460129	0.931425256669417	0.812418936727036	FALSE
610	1:1.26e+08	1	1.26e+08	0.454324900338981	0.998816438266789	0.00384794952949634	0.906216901835046	0.00413034071701186	0.00144440956733668	-0.187350528003925	2.85247867460129	0.931425256669417	0.812418936727036	FALSE
610	1:141500000	1	141500000	0.454324900338981	0.998816438266789	0.00384794952949634	0.906216901835046	0.00413034071701186	0.00144440956733668	-0.187350528003925	2.85247867460129	0.931425256669417	0.812418936727036	FALSE
610	1:99500000	1	99500000	0.454324900338981	0.998816438266789	0.00384794952949634	0.906216901835046	0.00413034071701186	0.00144440956733668	-0.187350528003925	2.85247867460129	0.931425256669417	0.812418936727036	FALSE
610	1:1.87e+08	1	1.87e+08	0.454324900338981	0.998816438266789	0.00384794952949634	0.906216901835046	0.00413034071701186	0.00144440956733668	-0.187350528003925	2.85247867460129	0.931425256669417	0.812418936727036	FALSE
610	1:187500000	1	187500000	0.454324900338981	0.998816438266789	0.00384794952949634	0.906216901835046	0.00413034071701186	0.00144440956733668	-0.187350528003925	2.85247867460129	0.931425256669417	0.812418936727036	FALSE
610	1:103500000	1	103500000	0.454324900338981	0.998816438266789	0.00384794952949634	0.906216901835046	0.00413034071701186	0.00144440956733668	-0.187350528003925	2.85247867460129	0.931425256669417	0.812418936727036	FALSE
610	1:1.85e+08	1	1.85e+08	0.454324900338981	0.998816438266789	0.00384794952949634	0.906216901835046	0.00413034071701186	0.00144440956733668	-0.187350528003925	2.85247867460129	0.931425256669417	0.812418936727036	FALSE
610	1:146500000	1	146500000	0.454324900338981	0.998816438266789	0.00384794952949634	0.906216901835046	0.00413034071701186	0.00144440956733668	-0.187350528003925	2.85247867460129	0.931425256669417	0.812418936727036	FALSE
610	1:1.69e+08	1	1.69e+08	0.454324900338981	0.998816438266789	0.00384794952949634	0.906216901835046	0.00413034071701186	0.00144440956733668	-0.187350528003925	2.85247867460129	0.931425256669417	0.812418936727036	FALSE
610	1:1.29e+08	1	1.29e+08	0.454324900338981	0.998816438266789	0.00384794952949634	0.906216901835046	0.00413034071701186	0.00144440956733668	-0.187350528003925	2.85247867460129	0.931425256669417	0.812418936727036	FALSE
610	1:126500000	1	126500000	0.454324900338981	0.998816438266789	0.00384794952949634	0.906216901835046	0.00413034071701186	0.00144440956733668	-0.187350528003925	2.85247867460129	0.931425256669417	0.812418936727036	FALSE
610	1:1.75e+08	1	1.75e+08	0.454324900338981	0.998816438266789	0.00384794952949634	0.906216901835046	0.00413034071701186	0.00144440956733668	-0.187350528003925	2.85247867460129	0.931425256669417	0.812418936727036	FALSE
610	1:1.41e+08	1	1.41e+08	0.454324900338981	0.998816438266789	0.00384794952949634	0.906216901835046	0.00413034071701186	0.00144440956733668	-0.187350528003925	2.85247867460129	0.931425256669417	0.812418936727036	FALSE
610	1:1.92e+08	1	1.92e+08	0.454324900338981	0.998816438266789	0.00384794952949634	0.906216901835046	0.00413034071701186	0.00144440956733668	-0.187350528003925	2.85247867460129	0.931425256669417	0.812418936727036	FALSE
610	1:1.09e+08	1	1.09e+08	0.454324900338981	0.998816438266789	0.00384794952949634	0.906216901835046	0.00413034071701186	0.00144440956733668	-0.187350528003925	2.85247867460129	0.931425256669417	0.812418936727036	FALSE
610	1:185500000	1	185500000	0.454324900338981	0.998816438266789	0.00384794952949634	0.906216901835046	0.00413034071701186	0.00144440956733668	-0.187350528003925	2.85247867460129	0.931425256669417	0.812418936727036	FALSE
610	1:1.83e+08	1	1.83e+08	0.454324900338981	0.998816438266789	0.00384794952949634	0.906216901835046	0.00413034071701186	0.00144440956733668	-0.187350528003925	2.85247867460129	0.931425256669417	0.812418936727036	FALSE
610	1:183500000	1	183500000	0.454324900338981	0.998816438266789	0.00384794952949634	0.906216901835046	0.00413034071701186	0.00144440956733668	-0.187350528003925	2.85247867460129	0.931425256669417	0.812418936727036	FALSE
610	1:9.6e+07	1	9.6e+07	0.454324900338981	0.998816438266789	0.00384794952949634	0.906216901835046	0.00413034071701186	0.00144440956733668	-0.187350528003925	2.85247867460129	0.931425256669417	0.812418936727036	FALSE
610	1:178500000	1	178500000	0.454324900338981	0.998816438266789	0.00384794952949634	0.906216901835046	0.00413034071701186	0.00144440956733668	-0.187350528003925	2.85247867460129	0.931425256669417	0.812418936727036	FALSE
610	1:184500000	1	184500000	0.454324900338981	0.998816438266789	0.00384794952949634	0.906216901835046	0.00413034071701186	0.00144440956733668	-0.187350528003925	2.85247867460129	0.931425256669417	0.812418936727036	FALSE
610	1:179500000	1	179500000	0.454324900338981	0.998816438266789	0.00384794952949634	0.906216901835046	0.00413034071701186	0.00144440956733668	-0.187350528003925	2.85247867460129	0.931425256669417	0.812418936727036	FALSE
610	1:1.31e+08	1	1.31e+08	0.454324900338981	0.998816438266789	0.00384794952949634	0.906216901835046	0.00413034071701186	0.00144440956733668	-0.187350528003925	2.85247867460129	0.931425256669417	0.812418936727036	FALSE
610	1:1.49e+08	1	1.49e+08	0.454324900338981	0.998816438266789	0.00384794952949634	0.906216901835046	0.00413034071701186	0.00144440956733668	-0.187350528003925	2.85247867460129	0.931425256669417	0.812418936727036	FALSE
610	1:114500000	1	114500000	0.454324900338981	0.998816438266789	0.00384794952949634	0.906216901835046	0.00413034071701186	0.00144440956733668	-0.187350528003925	2.85247867460129	0.931425256669417	0.812418936727036	FALSE
610	1:8.8e+07	1	8.8e+07	0.454324900338981	0.998816438266789	0.00384794952949634	0.906216901835046	0.00413034071701186	0.00144440956733668	-0.187350528003925	2.85247867460129	0.931425256669417	0.812418936727036	FALSE
610	1:94500000	1	94500000	0.454324900338981	0.998816438266789	0.00384794952949634	0.906216901835046	0.00413034071701186	0.00144440956733668	-0.187350528003925	2.85247867460129	0.931425256669417	0.812418936727036	FALSE
610	1:1.88e+08	1	1.88e+08	0.454324900338981	0.998816438266789	0.00384794952949634	0.906216901835046	0.00413034071701186	0.00144440956733668	-0.187350528003925	2.85247867460129	0.931425256669417	0.812418936727036	FALSE
610	1:1.57e+08	1	1.57e+08	0.454324900338981	0.998816438266789	0.00384794952949634	0.906216901835046	0.00413034071701186	0.00144440956733668	-0.187350528003925	2.85247867460129	0.931425256669417	0.812418936727036	FALSE
610	1:1.32e+08	1	1.32e+08	0.454324900338981	0.998816438266789	0.00384794952949634	0.906216901835046	0.00413034071701186	0.00144440956733668	-0.187350528003925	2.85247867460129	0.931425256669417	0.812418936727036	FALSE
610	1:1.63e+08	1	1.63e+08	0.454324900338981	0.998816438266789	0.00384794952949634	0.906216901835046	0.00413034071701186	0.00144440956733668	-0.187350528003925	2.85247867460129	0.931425256669417	0.812418936727036	FALSE
610	1:1.8e+08	1	1.8e+08	0.454324900338981	0.998816438266789	0.00384794952949634	0.906216901835046	0.00413034071701186	0.00144440956733668	-0.187350528003925	2.85247867460129	0.931425256669417	0.812418936727036	FALSE
610	1:84500000	1	84500000	0.454324900338981	0.998816438266789	0.00384794952949634	0.906216901835046	0.00413034071701186	0.00144440956733668	-0.187350528003925	2.85247867460129	0.931425256669417	0.812418936727036	FALSE
610	1:108500000	1	108500000	0.454324900338981	0.998816438266789	0.00384794952949634	0.906216901835046	0.00413034071701186	0.00144440956733668	-0.187350528003925	2.85247867460129	0.931425256669417	0.812418936727036	FALSE
610	1:1.06e+08	1	1.06e+08	0.454324900338981	0.998816438266789	0.00384794952949634	0.906216901835046	0.00413034071701186	0.00144440956733668	-0.187350528003925	2.85247867460129	0.931425256669417	0.812418936727036	FALSE
610	1:1.12e+08	1	1.12e+08	0.454324900338981	0.998816438266789	0.00384794952949634	0.906216901835046	0.00413034071701186	0.00144440956733668	-0.187350528003925	2.85247867460129	0.931425256669417	0.812418936727036	FALSE
610	1:117500000	1	117500000	0.454324900338981	0.998816438266789	0.00384794952949634	0.906216901835046	0.00413034071701186	0.00144440956733668	-0.187350528003925	2.85247867460129	0.931425256669417	0.812418936727036	FALSE
610	1:130500000	1	130500000	0.454324900338981	0.998816438266789	0.00384794952949634	0.906216901835046	0.00413034071701186	0.00144440956733668	-0.187350528003925	2.85247867460129	0.931425256669417	0.812418936727036	FALSE
610	1:122500000	1	122500000	0.454324900338981	0.998816438266789	0.00384794952949634	0.906216901835046	0.00413034071701186	0.00144440956733668	-0.187350528003925	2.85247867460129	0.931425256669417	0.812418936727036	FALSE
610	1:176500000	1	176500000	0.454324900338981	0.998816438266789	0.00384794952949634	0.906216901835046	0.00413034071701186	0.00144440956733668	-0.187350528003925	2.85247867460129	0.931425256669417	0.812418936727036	FALSE
610	1:89500000	1	89500000	0.454324900338981	0.998816438266789	0.00384794952949634	0.906216901835046	0.00413034071701186	0.00144440956733668	-0.187350528003925	2.85247867460129	0.931425256669417	0.812418936727036	FALSE
610	1:9.1e+07	1	9.1e+07	0.454324900338981	0.998816438266789	0.00384794952949634	0.906216901835046	0.00413034071701186	0.00144440956733668	-0.187350528003925	2.85247867460129	0.931425256669417	0.812418936727036	FALSE
610	1:1.72e+08	1	1.72e+08	0.454324900338981	0.998816438266789	0.00384794952949634	0.906216901835046	0.00413034071701186	0.00144440956733668	-0.187350528003925	2.85247867460129	0.931425256669417	0.812418936727036	FALSE
610	1:97500000	1	97500000	0.454324900338981	0.998816438266789	0.00384794952949634	0.906216901835046	0.00413034071701186	0.00144440956733668	-0.187350528003925	2.85247867460129	0.931425256669417	0.812418936727036	FALSE
610	1:1.04e+08	1	1.04e+08	0.454324900338981	0.998816438266789	0.00384794952949634	0.906216901835046	0.00413034071701186	0.00144440956733668	-0.187350528003925	2.85247867460129	0.931425256669417	0.812418936727036	FALSE
610	1:155500000	1	155500000	0.454324900338981	0.998816438266789	0.00384794952949634	0.906216901835046	0.00413034071701186	0.00144440956733668	-0.187350528003925	2.85247867460129	0.931425256669417	0.812418936727036	FALSE
610	1:9.4e+07	1	9.4e+07	0.454324900338981	0.998816438266789	0.00384794952949634	0.906216901835046	0.00413034071701186	0.00144440956733668	-0.187350528003925	2.85247867460129	0.931425256669417	0.812418936727036	FALSE
610	1:101500000	1	101500000	0.454324900338981	0.998816438266789	0.00384794952949634	0.906216901835046	0.00413034071701186	0.00144440956733668	-0.187350528003925	2.85247867460129	0.931425256669417	0.812418936727036	FALSE
610	1:1e+08	1	1e+08	0.454324900338981	0.998816438266789	0.00384794952949634	0.906216901835046	0.00413034071701186	0.00144440956733668	-0.187350528003925	2.85247867460129	0.931425256669417	0.812418936727036	FALSE
610	1:98500000	1	98500000	0.454324900338981	0.998816438266789	0.00384794952949634	0.906216901835046	0.00413034071701186	0.00144440956733668	-0.187350528003925	2.85247867460129	0.931425256669417	0.812418936727036	FALSE
610	1:165500000	1	165500000	0.454324900338981	0.998816438266789	0.00384794952949634	0.906216901835046	0.00413034071701186	0.00144440956733668	-0.187350528003925	2.85247867460129	0.931425256669417	0.812418936727036	FALSE
610	1:149500000	1	149500000	0.454324900338981	0.998816438266789	0.00384794952949634	0.906216901835046	0.00413034071701186	0.00144440956733668	-0.187350528003925	2.85247867460129	0.931425256669417	0.812418936727036	FALSE
610	1:1.77e+08	1	1.77e+08	0.454324900338981	0.998816438266789	0.00384794952949634	0.906216901835046	0.00413034071701186	0.00144440956733668	-0.187350528003925	2.85247867460129	0.931425256669417	0.812418936727036	FALSE
610	1:173500000	1	173500000	0.454324900338981	0.998816438266789	0.00384794952949634	0.906216901835046	0.00413034071701186	0.00144440956733668	-0.187350528003925	2.85247867460129	0.931425256669417	0.812418936727036	FALSE
610	1:1.66e+08	1	1.66e+08	0.454324900338981	0.998816438266789	0.00384794952949634	0.906216901835046	0.00413034071701186	0.00144440956733668	-0.187350528003925	2.85247867460129	0.931425256669417	0.812418936727036	FALSE
610	1:1.05e+08	1	1.05e+08	0.454324900338981	0.998816438266789	0.00384794952949634	0.906216901835046	0.00413034071701186	0.00144440956733668	-0.187350528003925	2.85247867460129	0.931425256669417	0.812418936727036	FALSE
610	1:111500000	1	111500000	0.454324900338981	0.998816438266789	0.00384794952949634	0.906216901835046	0.00413034071701186	0.00144440956733668	-0.187350528003925	2.85247867460129	0.931425256669417	0.812418936727036	FALSE
610	1:88500000	1	88500000	0.454324900338981	0.998816438266789	0.00384794952949634	0.906216901835046	0.00413034071701186	0.00144440956733668	-0.187350528003925	2.85247867460129	0.931425256669417	0.812418936727036	FALSE
610	1:1.48e+08	1	1.48e+08	0.454324900338981	0.998816438266789	0.00384794952949634	0.906216901835046	0.00413034071701186	0.00144440956733668	-0.187350528003925	2.85247867460129	0.931425256669417	0.812418936727036	FALSE
610	1:1.9e+08	1	1.9e+08	0.454324900338981	0.998816438266789	0.00384794952949634	0.906216901835046	0.00413034071701186	0.00144440956733668	-0.187350528003925	2.85247867460129	0.931425256669417	0.812418936727036	FALSE
610	1:189500000	1	189500000	0.454324900338981	0.998816438266789	0.00384794952949634	0.906216901835046	0.00413034071701186	0.00144440956733668	-0.187350528003925	2.85247867460129	0.931425256669417	0.812418936727036	FALSE
610	1:1.33e+08	1	1.33e+08	0.454324900338981	0.998816438266789	0.00384794952949634	0.906216901835046	0.00413034071701186	0.00144440956733668	-0.187350528003925	2.85247867460129	0.931425256669417	0.812418936727036	FALSE
610	1:8.9e+07	1	8.9e+07	0.454324900338981	0.998816438266789	0.00384794952949634	0.906216901835046	0.00413034071701186	0.00144440956733668	-0.187350528003925	2.85247867460129	0.931425256669417	0.812418936727036	FALSE
610	1:113500000	1	113500000	0.454324900338981	0.998816438266789	0.00384794952949634	0.906216901835046	0.00413034071701186	0.00144440956733668	-0.187350528003925	2.85247867460129	0.931425256669417	0.812418936727036	FALSE
610	1:1.74e+08	1	1.74e+08	0.454324900338981	0.998816438266789	0.00384794952949634	0.906216901835046	0.00413034071701186	0.00144440956733668	-0.187350528003925	2.85247867460129	0.931425256669417	0.812418936727036	FALSE
610	1:128500000	1	128500000	0.454324900338981	0.998816438266789	0.00384794952949634	0.906216901835046	0.00413034071701186	0.00144440956733668	-0.187350528003925	2.85247867460129	0.931425256669417	0.812418936727036	FALSE
610	1:1.54e+08	1	1.54e+08	0.454324900338981	0.998816438266789	0.00384794952949634	0.906216901835046	0.00413034071701186	0.00144440956733668	-0.187350528003925	2.85247867460129	0.931425256669417	0.812418936727036	FALSE
610	1:1.25e+08	1	1.25e+08	0.454324900338981	0.998816438266789	0.00384794952949634	0.906216901835046	0.00413034071701186	0.00144440956733668	-0.187350528003925	2.85247867460129	0.931425256669417	0.812418936727036	FALSE
610	1:190500000	1	190500000	0.454324900338981	0.998816438266789	0.00384794952949634	0.906216901835046	0.00413034071701186	0.00144440956733668	-0.187350528003925	2.85247867460129	0.931425256669417	0.812418936727036	FALSE
610	1:1.08e+08	1	1.08e+08	0.454324900338981	0.998816438266789	0.00384794952949634	0.906216901835046	0.00413034071701186	0.00144440956733668	-0.187350528003925	2.85247867460129	0.931425256669417	0.812418936727036	FALSE
610	1:142500000	1	142500000	0.454324900338981	0.998816438266789	0.00384794952949634	0.906216901835046	0.00413034071701186	0.00144440956733668	-0.187350528003925	2.85247867460129	0.931425256669417	0.812418936727036	FALSE
610	1:1.61e+08	1	1.61e+08	0.454324900338981	0.998816438266789	0.00384794952949634	0.906216901835046	0.00413034071701186	0.00144440956733668	-0.187350528003925	2.85247867460129	0.931425256669417	0.812418936727036	FALSE
610	1:167500000	1	167500000	0.454324900338981	0.998816438266789	0.00384794952949634	0.906216901835046	0.00413034071701186	0.00144440956733668	-0.187350528003925	2.85247867460129	0.931425256669417	0.812418936727036	FALSE
610	1:180500000	1	180500000	0.454324900338981	0.998816438266789	0.00384794952949634	0.906216901835046	0.00413034071701186	0.00144440956733668	-0.187350528003925	2.85247867460129	0.931425256669417	0.812418936727036	FALSE
610	1:1.56e+08	1	1.56e+08	0.454324900338981	0.998816438266789	0.00384794952949634	0.906216901835046	0.00413034071701186	0.00144440956733668	-0.187350528003925	2.85247867460129	0.931425256669417	0.812418936727036	FALSE
610	1:9.2e+07	1	9.2e+07	0.454324900338981	0.998816438266789	0.00384794952949634	0.906216901835046	0.00413034071701186	0.00144440956733668	-0.187350528003925	2.85247867460129	0.931425256669417	0.812418936727036	FALSE
610	1:138500000	1	138500000	0.454324900338981	0.998816438266789	0.00384794952949634	0.906216901835046	0.00413034071701186	0.00144440956733668	-0.187350528003925	2.85247867460129	0.931425256669417	0.812418936727036	FALSE
610	1:116500000	1	116500000	0.454324900338981	0.998816438266789	0.00384794952949634	0.906216901835046	0.00413034071701186	0.00144440956733668	-0.187350528003925	2.85247867460129	0.931425256669417	0.812418936727036	FALSE
610	1:154500000	1	154500000	0.454324900338981	0.998816438266789	0.00384794952949634	0.906216901835046	0.00413034071701186	0.00144440956733668	-0.187350528003925	2.85247867460129	0.931425256669417	0.812418936727036	FALSE
610	1:131500000	1	131500000	0.454324900338981	0.998816438266789	0.00384794952949634	0.906216901835046	0.00413034071701186	0.00144440956733668	-0.187350528003925	2.85247867460129	0.931425256669417	0.812418936727036	FALSE
610	1:109500000	1	109500000	0.454324900338981	0.998816438266789	0.00384794952949634	0.906216901835046	0.00413034071701186	0.00144440956733668	-0.187350528003925	2.85247867460129	0.931425256669417	0.812418936727036	FALSE
610	1:1.13e+08	1	1.13e+08	0.454324900338981	0.998816438266789	0.00384794952949634	0.906216901835046	0.00413034071701186	0.00144440956733668	-0.187350528003925	2.85247867460129	0.931425256669417	0.812418936727036	FALSE
610	1:118500000	1	118500000	0.454324900338981	0.998816438266789	0.00384794952949634	0.906216901835046	0.00413034071701186	0.00144440956733668	-0.187350528003925	2.85247867460129	0.931425256669417	0.812418936727036	FALSE
610	1:1.21e+08	1	1.21e+08	0.454324900338981	0.998816438266789	0.00384794952949634	0.906216901835046	0.00413034071701186	0.00144440956733668	-0.187350528003925	2.85247867460129	0.931425256669417	0.812418936727036	FALSE
610	1:162500000	1	162500000	0.454324900338981	0.998816438266789	0.00384794952949634	0.906216901835046	0.00413034071701186	0.00144440956733668	-0.187350528003925	2.85247867460129	0.931425256669417	0.812418936727036	FALSE
610	1:1.22e+08	1	1.22e+08	0.454324900338981	0.998816438266789	0.00384794952949634	0.906216901835046	0.00413034071701186	0.00144440956733668	-0.187350528003925	2.85247867460129	0.931425256669417	0.812418936727036	FALSE
610	1:90500000	1	90500000	0.454324900338981	0.998816438266789	0.00384794952949634	0.906216901835046	0.00413034071701186	0.00144440956733668	-0.187350528003925	2.85247867460129	0.931425256669417	0.812418936727036	FALSE
610	1:9.5e+07	1	9.5e+07	0.454324900338981	0.998816438266789	0.00384794952949634	0.906216901835046	0.00413034071701186	0.00144440956733668	-0.187350528003925	2.85247867460129	0.931425256669417	0.812418936727036	FALSE
610	1:144500000	1	144500000	0.454324900338981	0.998816438266789	0.00384794952949634	0.906216901835046	0.00413034071701186	0.00144440956733668	-0.187350528003925	2.85247867460129	0.931425256669417	0.812418936727036	FALSE
610	1:160500000	1	160500000	0.454324900338981	0.998816438266789	0.00384794952949634	0.906216901835046	0.00413034071701186	0.00144440956733668	-0.187350528003925	2.85247867460129	0.931425256669417	0.812418936727036	FALSE
610	1:1.42e+08	1	1.42e+08	0.454324900338981	0.998816438266789	0.00384794952949634	0.906216901835046	0.00413034071701186	0.00144440956733668	-0.187350528003925	2.85247867460129	0.931425256669417	0.812418936727036	FALSE
610	1:1.47e+08	1	1.47e+08	0.454324900338981	0.998816438266789	0.00384794952949634	0.906216901835046	0.00413034071701186	0.00144440956733668	-0.187350528003925	2.85247867460129	0.931425256669417	0.812418936727036	FALSE
610	1:1.23e+08	1	1.23e+08	0.454324900338981	0.998816438266789	0.00384794952949634	0.906216901835046	0.00413034071701186	0.00144440956733668	-0.187350528003925	2.85247867460129	0.931425256669417	0.812418936727036	FALSE
610	1:1.65e+08	1	1.65e+08	0.454324900338981	0.998816438266789	0.00384794952949634	0.906216901835046	0.00413034071701186	0.00144440956733668	-0.187350528003925	2.85247867460129	0.931425256669417	0.812418936727036	FALSE
610	1:145500000	1	145500000	0.454324900338981	0.998816438266789	0.00384794952949634	0.906216901835046	0.00413034071701186	0.00144440956733668	-0.187350528003925	2.85247867460129	0.931425256669417	0.812418936727036	FALSE
610	1:105500000	1	105500000	0.454324900338981	0.998816438266789	0.00384794952949634	0.906216901835046	0.00413034071701186	0.00144440956733668	-0.187350528003925	2.85247867460129	0.931425256669417	0.812418936727036	FALSE
610	1:1.17e+08	1	1.17e+08	0.454324900338981	0.998816438266789	0.00384794952949634	0.906216901835046	0.00413034071701186	0.00144440956733668	-0.187350528003925	2.85247867460129	0.931425256669417	0.812418936727036	FALSE
610	1:107500000	1	107500000	0.454324900338981	0.998816438266789	0.00384794952949634	0.906216901835046	0.00413034071701186	0.00144440956733668	-0.187350528003925	2.85247867460129	0.931425256669417	0.812418936727036	FALSE
610	1:1.24e+08	1	1.24e+08	0.454324900338981	0.998816438266789	0.00384794952949634	0.906216901835046	0.00413034071701186	0.00144440956733668	-0.187350528003925	2.85247867460129	0.931425256669417	0.812418936727036	FALSE
610	1:134500000	1	134500000	0.454324900338981	0.998816438266789	0.00384794952949634	0.906216901835046	0.00413034071701186	0.00144440956733668	-0.187350528003925	2.85247867460129	0.931425256669417	0.812418936727036	FALSE
610	1:1.46e+08	1	1.46e+08	0.454324900338981	0.998816438266789	0.00384794952949634	0.906216901835046	0.00413034071701186	0.00144440956733668	-0.187350528003925	2.85247867460129	0.931425256669417	0.812418936727036	FALSE
610	1:8.5e+07	1	8.5e+07	0.454324900338981	0.998816438266789	0.00384794952949634	0.906216901835046	0.00413034071701186	0.00144440956733668	-0.187350528003925	2.85247867460129	0.931425256669417	0.812418936727036	FALSE
610	1:1.02e+08	1	1.02e+08	0.454324900338981	0.998816438266789	0.00384794952949634	0.906216901835046	0.00413034071701186	0.00144440956733668	-0.187350528003925	2.85247867460129	0.931425256669417	0.812418936727036	FALSE
610	1:158500000	1	158500000	0.454324900338981	0.998816438266789	0.00384794952949634	0.906216901835046	0.00413034071701186	0.00144440956733668	-0.187350528003925	2.85247867460129	0.931425256669417	0.812418936727036	FALSE
610	1:1.67e+08	1	1.67e+08	0.454324900338981	0.998816438266789	0.00384794952949634	0.906216901835046	0.00413034071701186	0.00144440956733668	-0.187350528003925	2.85247867460129	0.931425256669417	0.812418936727036	FALSE
610	1:93500000	1	93500000	0.454324900338981	0.998816438266789	0.00384794952949634	0.906216901835046	0.00413034071701186	0.00144440956733668	-0.187350528003925	2.85247867460129	0.931425256669417	0.812418936727036	FALSE
610	1:1.38e+08	1	1.38e+08	0.454324900338981	0.998816438266789	0.00384794952949634	0.906216901835046	0.00413034071701186	0.00144440956733668	-0.187350528003925	2.85247867460129	0.931425256669417	0.812418936727036	FALSE
610	1:9.9e+07	1	9.9e+07	0.454324900338981	0.998816438266789	0.00384794952949634	0.906216901835046	0.00413034071701186	0.00144440956733668	-0.187350528003925	2.85247867460129	0.931425256669417	0.812418936727036	FALSE
610	1:1.68e+08	1	1.68e+08	0.454324900338981	0.998816438266789	0.00384794952949634	0.906216901835046	0.00413034071701186	0.00144440956733668	-0.187350528003925	2.85247867460129	0.931425256669417	0.812418936727036	FALSE
610	1:157500000	1	157500000	0.454324900338981	0.998816438266789	0.00384794952949634	0.906216901835046	0.00413034071701186	0.00144440956733668	-0.187350528003925	2.85247867460129	0.931425256669417	0.812418936727036	FALSE
610	1:132500000	1	132500000	0.454324900338981	0.998816438266789	0.00384794952949634	0.906216901835046	0.00413034071701186	0.00144440956733668	-0.187350528003925	2.85247867460129	0.931425256669417	0.812418936727036	FALSE
610	1:168500000	1	168500000	0.454324900338981	0.998816438266789	0.00384794952949634	0.906216901835046	0.00413034071701186	0.00144440956733668	-0.187350528003925	2.85247867460129	0.931425256669417	0.812418936727036	FALSE
610	1:1.37e+08	1	1.37e+08	0.454324900338981	0.998816438266789	0.00384794952949634	0.906216901835046	0.00413034071701186	0.00144440956733668	-0.187350528003925	2.85247867460129	0.931425256669417	0.812418936727036	FALSE
610	1:96500000	1	96500000	0.454324900338981	0.998816438266789	0.00384794952949634	0.906216901835046	0.00413034071701186	0.00144440956733668	-0.187350528003925	2.85247867460129	0.931425256669417	0.812418936727036	FALSE
610	1:1.35e+08	1	1.35e+08	0.454324900338981	0.998816438266789	0.00384794952949634	0.906216901835046	0.00413034071701186	0.00144440956733668	-0.187350528003925	2.85247867460129	0.931425256669417	0.812418936727036	FALSE
610	1:110500000	1	110500000	0.454324900338981	0.998816438266789	0.00384794952949634	0.906216901835046	0.00413034071701186	0.00144440956733668	-0.187350528003925	2.85247867460129	0.931425256669417	0.812418936727036	FALSE
610	1:1.28e+08	1	1.28e+08	0.454324900338981	0.998816438266789	0.00384794952949634	0.906216901835046	0.00413034071701186	0.00144440956733668	-0.187350528003925	2.85247867460129	0.931425256669417	0.812418936727036	FALSE
610	1:186500000	1	186500000	0.454324900338981	0.998816438266789	0.00384794952949634	0.906216901835046	0.00413034071701186	0.00144440956733668	-0.187350528003925	2.85247867460129	0.931425256669417	0.812418936727036	FALSE
610	1:1.86e+08	1	1.86e+08	0.454324900338981	0.998816438266789	0.00384794952949634	0.906216901835046	0.00413034071701186	0.00144440956733668	-0.187350528003925	2.85247867460129	0.931425256669417	0.812418936727036	FALSE
610	1:159500000	1	159500000	0.454324900338981	0.998816438266789	0.00384794952949634	0.906216901835046	0.00413034071701186	0.00144440956733668	-0.187350528003925	2.85247867460129	0.931425256669417	0.812418936727036	FALSE
610	1:169500000	1	169500000	0.454324900338981	0.998816438266789	0.00384794952949634	0.906216901835046	0.00413034071701186	0.00144440956733668	-0.187350528003925	2.85247867460129	0.931425256669417	0.812418936727036	FALSE
610	1:87500000	1	87500000	0.454324900338981	0.998816438266789	0.00384794952949634	0.906216901835046	0.00413034071701186	0.00144440956733668	-0.187350528003925	2.85247867460129	0.931425256669417	0.812418936727036	FALSE
610	1:1.64e+08	1	1.64e+08	0.454324900338981	0.998816438266789	0.00384794952949634	0.906216901835046	0.00413034071701186	0.00144440956733668	-0.187350528003925	2.85247867460129	0.931425256669417	0.812418936727036	FALSE
610	1:1.43e+08	1	1.43e+08	0.454324900338981	0.998816438266789	0.00384794952949634	0.906216901835046	0.00413034071701186	0.00144440956733668	-0.187350528003925	2.85247867460129	0.931425256669417	0.812418936727036	FALSE
610	1:156500000	1	156500000	0.454324900338981	0.998816438266789	0.00384794952949634	0.906216901835046	0.00413034071701186	0.00144440956733668	-0.187350528003925	2.85247867460129	0.931425256669417	0.812418936727036	FALSE
610	1:1.7e+08	1	1.7e+08	0.454324900338981	0.998816438266789	0.00384794952949634	0.906216901835046	0.00413034071701186	0.00144440956733668	-0.187350528003925	2.85247867460129	0.931425256669417	0.812418936727036	FALSE
610	1:133500000	1	133500000	0.454324900338981	0.998816438266789	0.00384794952949634	0.906216901835046	0.00413034071701186	0.00144440956733668	-0.187350528003925	2.85247867460129	0.931425256669417	0.812418936727036	FALSE
610	1:102500000	1	102500000	0.454324900338981	0.998816438266789	0.00384794952949634	0.906216901835046	0.00413034071701186	0.00144440956733668	-0.187350528003925	2.85247867460129	0.931425256669417	0.812418936727036	FALSE
610	1:175500000	1	175500000	0.454324900338981	0.998816438266789	0.00384794952949634	0.906216901835046	0.00413034071701186	0.00144440956733668	-0.187350528003925	2.85247867460129	0.931425256669417	0.812418936727036	FALSE
610	1:1.14e+08	1	1.14e+08	0.454324900338981	0.998816438266789	0.00384794952949634	0.906216901835046	0.00413034071701186	0.00144440956733668	-0.187350528003925	2.85247867460129	0.931425256669417	0.812418936727036	FALSE
610	1:148500000	1	148500000	0.454324900338981	0.998816438266789	0.00384794952949634	0.906216901835046	0.00413034071701186	0.00144440956733668	-0.187350528003925	2.85247867460129	0.931425256669417	0.812418936727036	FALSE
610	1:1.82e+08	1	1.82e+08	0.454324900338981	0.998816438266789	0.00384794952949634	0.906216901835046	0.00413034071701186	0.00144440956733668	-0.187350528003925	2.85247867460129	0.931425256669417	0.812418936727036	FALSE
610	1:1.73e+08	1	1.73e+08	0.454324900338981	0.998816438266789	0.00384794952949634	0.906216901835046	0.00413034071701186	0.00144440956733668	-0.187350528003925	2.85247867460129	0.931425256669417	0.812418936727036	FALSE
610	1:191500000	1	191500000	0.454324900338981	0.998816438266789	0.00384794952949634	0.906216901835046	0.00413034071701186	0.00144440956733668	-0.187350528003925	2.85247867460129	0.931425256669417	0.812418936727036	FALSE
610	1:151500000	1	151500000	0.454324900338981	0.998816438266789	0.00384794952949634	0.906216901835046	0.00413034071701186	0.00144440956733668	-0.187350528003925	2.85247867460129	0.931425256669417	0.812418936727036	FALSE
610	1:140500000	1	140500000	0.454324900338981	0.998816438266789	0.00384794952949634	0.906216901835046	0.00413034071701186	0.00144440956733668	-0.187350528003925	2.85247867460129	0.931425256669417	0.812418936727036	FALSE
610	1:139500000	1	139500000	0.454324900338981	0.998816438266789	0.00384794952949634	0.906216901835046	0.00413034071701186	0.00144440956733668	-0.187350528003925	2.85247867460129	0.931425256669417	0.812418936727036	FALSE
610	1:115500000	1	115500000	0.454324900338981	0.998816438266789	0.00384794952949634	0.906216901835046	0.00413034071701186	0.00144440956733668	-0.187350528003925	2.85247867460129	0.931425256669417	0.812418936727036	FALSE
610	1:153500000	1	153500000	0.454324900338981	0.998816438266789	0.00384794952949634	0.906216901835046	0.00413034071701186	0.00144440956733668	-0.187350528003925	2.85247867460129	0.931425256669417	0.812418936727036	FALSE
610	1:137500000	1	137500000	0.454324900338981	0.998816438266789	0.00384794952949634	0.906216901835046	0.00413034071701186	0.00144440956733668	-0.187350528003925	2.85247867460129	0.931425256669417	0.812418936727036	FALSE
610	1:1.45e+08	1	1.45e+08	0.454324900338981	0.998816438266789	0.00384794952949634	0.906216901835046	0.00413034071701186	0.00144440956733668	-0.187350528003925	2.85247867460129	0.931425256669417	0.812418936727036	FALSE
610	1:172500000	1	172500000	0.454324900338981	0.998816438266789	0.00384794952949634	0.906216901835046	0.00413034071701186	0.00144440956733668	-0.187350528003925	2.85247867460129	0.931425256669417	0.812418936727036	FALSE
610	1:1.52e+08	1	1.52e+08	0.454324900338981	0.998816438266789	0.00384794952949634	0.906216901835046	0.00413034071701186	0.00144440956733668	-0.187350528003925	2.85247867460129	0.931425256669417	0.812418936727036	FALSE
610	1:1.51e+08	1	1.51e+08	0.454324900338981	0.998816438266789	0.00384794952949634	0.906216901835046	0.00413034071701186	0.00144440956733668	-0.187350528003925	2.85247867460129	0.931425256669417	0.812418936727036	FALSE
610	1:1.3e+08	1	1.3e+08	0.454324900338981	0.998816438266789	0.00384794952949634	0.906216901835046	0.00413034071701186	0.00144440956733668	-0.187350528003925	2.85247867460129	0.931425256669417	0.812418936727036	FALSE
610	1:174500000	1	174500000	0.454324900338981	0.998816438266789	0.00384794952949634	0.906216901835046	0.00413034071701186	0.00144440956733668	-0.187350528003925	2.85247867460129	0.931425256669417	0.812418936727036	FALSE
610	1:182500000	1	182500000	0.454324900338981	0.998816438266789	0.00384794952949634	0.906216901835046	0.00413034071701186	0.00144440956733668	-0.187350528003925	2.85247867460129	0.931425256669417	0.812418936727036	FALSE
610	1:125500000	1	125500000	0.454324900338981	0.998816438266789	0.00384794952949634	0.906216901835046	0.00413034071701186	0.00144440956733668	-0.187350528003925	2.85247867460129	0.931425256669417	0.812418936727036	FALSE
610	1:91500000	1	91500000	0.454324900338981	0.998816438266789	0.00384794952949634	0.906216901835046	0.00413034071701186	0.00144440956733668	-0.187350528003925	2.85247867460129	0.931425256669417	0.812418936727036	FALSE
610	1:120500000	1	120500000	0.454324900338981	0.998816438266789	0.00384794952949634	0.906216901835046	0.00413034071701186	0.00144440956733668	-0.187350528003925	2.85247867460129	0.931425256669417	0.812418936727036	FALSE
610	1:85500000	1	85500000	0.454324900338981	0.998816438266789	0.00384794952949634	0.906216901835046	0.00413034071701186	0.00144440956733668	-0.187350528003925	2.85247867460129	0.931425256669417	0.812418936727036	FALSE
610	1:143500000	1	143500000	0.454324900338981	0.998816438266789	0.00384794952949634	0.906216901835046	0.00413034071701186	0.00144440956733668	-0.187350528003925	2.85247867460129	0.931425256669417	0.812418936727036	FALSE
610	1:161500000	1	161500000	0.454324900338981	0.998816438266789	0.00384794952949634	0.906216901835046	0.00413034071701186	0.00144440956733668	-0.187350528003925	2.85247867460129	0.931425256669417	0.812418936727036	FALSE
610	1:1.15e+08	1	1.15e+08	0.454324900338981	0.998816438266789	0.00384794952949634	0.906216901835046	0.00413034071701186	0.00144440956733668	-0.187350528003925	2.85247867460129	0.931425256669417	0.812418936727036	FALSE
610	1:181500000	1	181500000	0.454324900338981	0.998816438266789	0.00384794952949634	0.906216901835046	0.00413034071701186	0.00144440956733668	-0.187350528003925	2.85247867460129	0.931425256669417	0.812418936727036	FALSE
610	1:92500000	1	92500000	0.454324900338981	0.998816438266789	0.00384794952949634	0.906216901835046	0.00413034071701186	0.00144440956733668	-0.187350528003925	2.85247867460129	0.931425256669417	0.812418936727036	FALSE
610	1:1.76e+08	1	1.76e+08	0.454324900338981	0.998816438266789	0.00384794952949634	0.906216901835046	0.00413034071701186	0.00144440956733668	-0.187350528003925	2.85247867460129	0.931425256669417	0.812418936727036	FALSE
610	1:124500000	1	124500000	0.454324900338981	0.998816438266789	0.00384794952949634	0.906216901835046	0.00413034071701186	0.00144440956733668	-0.187350528003925	2.85247867460129	0.931425256669417	0.812418936727036	FALSE
610	1:9.8e+07	1	9.8e+07	0.454324900338981	0.998816438266789	0.00384794952949634	0.906216901835046	0.00413034071701186	0.00144440956733668	-0.187350528003925	2.85247867460129	0.931425256669417	0.812418936727036	FALSE
610	1:8.7e+07	1	8.7e+07	0.454324900338981	0.998816438266789	0.00384794952949634	0.906216901835046	0.00413034071701186	0.00144440956733668	-0.187350528003925	2.85247867460129	0.931425256669417	0.812418936727036	FALSE
610	1:9.3e+07	1	9.3e+07	0.454324900338981	0.998816438266789	0.00384794952949634	0.906216901835046	0.00413034071701186	0.00144440956733668	-0.187350528003925	2.85247867460129	0.931425256669417	0.812418936727036	FALSE
610	1:177500000	1	177500000	0.454324900338981	0.998816438266789	0.00384794952949634	0.906216901835046	0.00413034071701186	0.00144440956733668	-0.187350528003925	2.85247867460129	0.931425256669417	0.812418936727036	FALSE
610	1:86500000	1	86500000	0.454324900338981	0.998816438266789	0.00384794952949634	0.906216901835046	0.00413034071701186	0.00144440956733668	-0.187350528003925	2.85247867460129	0.931425256669417	0.812418936727036	FALSE
610	1:95500000	1	95500000	0.454324900338981	0.998816438266789	0.00384794952949634	0.906216901835046	0.00413034071701186	0.00144440956733668	-0.187350528003925	2.85247867460129	0.931425256669417	0.812418936727036	FALSE
62	1:162500000	1	162500000	0.982051856669206	0.992846772450699	0.973521395916122	0.00621023744581333	0.00291050452188462	0.00187832560054088	-2.19237246463672	0.257102761781446	0.679630020000072	0.244997618130381	TRUE
62	1:1.64e+08	1	1.64e+08	0.982051856669206	0.992846772450699	0.973521395916122	0.00621023744581333	0.00291050452188462	0.00187832560054088	-2.19237246463672	0.257102761781446	0.679630020000072	0.244997618130381	TRUE
62	1:164500000	1	164500000	0.982051856669206	0.992846772450699	0.973521395916122	0.00621023744581333	0.00291050452188462	0.00187832560054088	-2.19237246463672	0.257102761781446	0.679630020000072	0.244997618130381	TRUE
62	1:1.63e+08	1	1.63e+08	0.982051856669206	0.992846772450699	0.973521395916122	0.00621023744581333	0.00291050452188462	0.00187832560054088	-2.19237246463672	0.257102761781446	0.679630020000072	0.244997618130381	TRUE
62	1:169500000	1	169500000	0.982051856669206	0.992846772450699	0.973521395916122	0.00621023744581333	0.00291050452188462	0.00187832560054088	-2.19237246463672	0.257102761781446	0.679630020000072	0.244997618130381	TRUE
62	1:1.52e+08	1	1.52e+08	0.982051856669206	0.992846772450699	0.973521395916122	0.00621023744581333	0.00291050452188462	0.00187832560054088	-2.19237246463672	0.257102761781446	0.679630020000072	0.244997618130381	TRUE
62	1:163500000	1	163500000	0.982051856669206	0.992846772450699	0.973521395916122	0.00621023744581333	0.00291050452188462	0.00187832560054088	-2.19237246463672	0.257102761781446	0.679630020000072	0.244997618130381	TRUE
62	1:1.56e+08	1	1.56e+08	0.982051856669206	0.992846772450699	0.973521395916122	0.00621023744581333	0.00291050452188462	0.00187832560054088	-2.19237246463672	0.257102761781446	0.679630020000072	0.244997618130381	TRUE
62	1:151500000	1	151500000	0.982051856669206	0.992846772450699	0.973521395916122	0.00621023744581333	0.00291050452188462	0.00187832560054088	-2.19237246463672	0.257102761781446	0.679630020000072	0.244997618130381	TRUE
72	1:1.67e+08	1	1.67e+08	0.985997382685575	0.99179992381441	0.99769015030153	0.0155697176099556	0.0100784120672258	0.000808463833477815	-2.61615374329796	-0.216267160067688	0.513633381451023	0.221307089950764	TRUE
72	1:171500000	1	171500000	0.985997382685575	0.99179992381441	0.99769015030153	0.0155697176099556	0.0100784120672258	0.000808463833477815	-2.61615374329796	-0.216267160067688	0.513633381451023	0.221307089950764	TRUE
72	1:174500000	1	174500000	0.985997382685575	0.99179992381441	0.99769015030153	0.0155697176099556	0.0100784120672258	0.000808463833477815	-2.61615374329796	-0.216267160067688	0.513633381451023	0.221307089950764	TRUE
72	1:172500000	1	172500000	0.985997382685575	0.99179992381441	0.99769015030153	0.0155697176099556	0.0100784120672258	0.000808463833477815	-2.61615374329796	-0.216267160067688	0.513633381451023	0.221307089950764	TRUE
72	1:1.74e+08	1	1.74e+08	0.985997382685575	0.99179992381441	0.99769015030153	0.0155697176099556	0.0100784120672258	0.000808463833477815	-2.61615374329796	-0.216267160067688	0.513633381451023	0.221307089950764	TRUE
72	1:166500000	1	166500000	0.985997382685575	0.99179992381441	0.99769015030153	0.0155697176099556	0.0100784120672258	0.000808463833477815	-2.61615374329796	-0.216267160067688	0.513633381451023	0.221307089950764	TRUE
72	1:1.72e+08	1	1.72e+08	0.985997382685575	0.99179992381441	0.99769015030153	0.0155697176099556	0.0100784120672258	0.000808463833477815	-2.61615374329796	-0.216267160067688	0.513633381451023	0.221307089950764	TRUE
72	1:1.71e+08	1	1.71e+08	0.985997382685575	0.99179992381441	0.99769015030153	0.0155697176099556	0.0100784120672258	0.000808463833477815	-2.61615374329796	-0.216267160067688	0.513633381451023	0.221307089950764	TRUE
72	1:1.68e+08	1	1.68e+08	0.985997382685575	0.99179992381441	0.99769015030153	0.0155697176099556	0.0100784120672258	0.000808463833477815	-2.61615374329796	-0.216267160067688	0.513633381451023	0.221307089950764	TRUE
83	1:2.07e+08	1	2.07e+08	1	1	1	0	0	0	0	0	0	0.216648720201902	TRUE
83	1:2.03e+08	1	2.03e+08	1	1	1	0	0	0	0	0	0	0.216648720201902	TRUE
83	1:205500000	1	205500000	1	1	1	0	0	0	0	0	0	0.216648720201902	TRUE
83	1:2.06e+08	1	2.06e+08	1	1	1	0	0	0	0	0	0	0.216648720201902	TRUE
83	1:2.05e+08	1	2.05e+08	1	1	1	0	0	0	0	0	0	0.216648720201902	TRUE
83	1:204500000	1	204500000	1	1	1	0	0	0	0	0	0	0.216648720201902	TRUE
83	1:203500000	1	203500000	1	1	1	0	0	0	0	0	0	0.216648720201902	TRUE
83	1:2.04e+08	1	2.04e+08	1	1	1	0	0	0	0	0	0	0.216648720201902	TRUE
83	1:206500000	1	206500000	1	1	1	0	0	0	0	0	0	0.216648720201902	TRUE
88	1:156500000	1	156500000	0.931064817841899	0.974340377369242	0.902664720132321	0.0130875076167611	0.00605982631089828	0.00328223429002394	-1.62284307534732	0.325957498146808	0.886584421807896	0.252880634003263	TRUE
88	1:1.62e+08	1	1.62e+08	0.931064817841899	0.974340377369242	0.902664720132321	0.0130875076167611	0.00605982631089828	0.00328223429002394	-1.62284307534732	0.325957498146808	0.886584421807896	0.252880634003263	TRUE
88	1:1.6e+08	1	1.6e+08	0.931064817841899	0.974340377369242	0.902664720132321	0.0130875076167611	0.00605982631089828	0.00328223429002394	-1.62284307534732	0.325957498146808	0.886584421807896	0.252880634003263	TRUE
88	1:1.59e+08	1	1.59e+08	0.931064817841899	0.974340377369242	0.902664720132321	0.0130875076167611	0.00605982631089828	0.00328223429002394	-1.62284307534732	0.325957498146808	0.886584421807896	0.252880634003263	TRUE
88	1:157500000	1	157500000	0.931064817841899	0.974340377369242	0.902664720132321	0.0130875076167611	0.00605982631089828	0.00328223429002394	-1.62284307534732	0.325957498146808	0.886584421807896	0.252880634003263	TRUE
88	1:182500000	1	182500000	0.931064817841899	0.974340377369242	0.902664720132321	0.0130875076167611	0.00605982631089828	0.00328223429002394	-1.62284307534732	0.325957498146808	0.886584421807896	0.252880634003263	TRUE
88	1:1.61e+08	1	1.61e+08	0.931064817841899	0.974340377369242	0.902664720132321	0.0130875076167611	0.00605982631089828	0.00328223429002394	-1.62284307534732	0.325957498146808	0.886584421807896	0.252880634003263	TRUE
88	1:155500000	1	155500000	0.931064817841899	0.974340377369242	0.902664720132321	0.0130875076167611	0.00605982631089828	0.00328223429002394	-1.62284307534732	0.325957498146808	0.886584421807896	0.252880634003263	TRUE
88	1:1.51e+08	1	1.51e+08	0.931064817841899	0.974340377369242	0.902664720132321	0.0130875076167611	0.00605982631089828	0.00328223429002394	-1.62284307534732	0.325957498146808	0.886584421807896	0.252880634003263	TRUE
88	1:1.57e+08	1	1.57e+08	0.931064817841899	0.974340377369242	0.902664720132321	0.0130875076167611	0.00605982631089828	0.00328223429002394	-1.62284307534732	0.325957498146808	0.886584421807896	0.252880634003263	TRUE
99	1:2.36e+08	1	2.36e+08	0.931623488723157	0.95168237742722	0.99700733408286	0.0946914997094108	0.0734653929162368	0.00170559612282489	-2.20498669004029	-0.543597189595374	0.195246861809307	0.436160222975144	TRUE
99	1:2.37e+08	1	2.37e+08	0.931623488723157	0.95168237742722	0.99700733408286	0.0946914997094108	0.0734653929162368	0.00170559612282489	-2.20498669004029	-0.543597189595374	0.195246861809307	0.436160222975144	TRUE
99	1:235500000	1	235500000	0.931623488723157	0.95168237742722	0.99700733408286	0.0946914997094108	0.0734653929162368	0.00170559612282489	-2.20498669004029	-0.543597189595374	0.195246861809307	0.436160222975144	TRUE
99	1:236500000	1	236500000	0.931623488723157	0.95168237742722	0.99700733408286	0.0946914997094108	0.0734653929162368	0.00170559612282489	-2.20498669004029	-0.543597189595374	0.195246861809307	0.436160222975144	TRUE
99	1:237500000	1	237500000	0.931623488723157	0.95168237742722	0.99700733408286	0.0946914997094108	0.0734653929162368	0.00170559612282489	-2.20498669004029	-0.543597189595374	0.195246861809307	0.436160222975144	TRUE
99	1:2.38e+08	1	2.38e+08	0.931623488723157	0.95168237742722	0.99700733408286	0.0946914997094108	0.0734653929162368	0.00170559612282489	-2.20498669004029	-0.543597189595374	0.195246861809307	0.436160222975144	TRUE
