cluster	block	chrom	pos	si	au	bp	se.si	se.au	se.bp	v	c	pchi	meandist	lowdist
117	1:2.76e+08	1	2.76e+08	0	0.972307866484715	0.0204705945502951	0	0.0168364328412217	0.001584373266606	0.0641378523952443	1.97998725777852	0.0375095420122134	0.393439824962483	TRUE
117	1:2.8e+08	1	2.8e+08	0	0.972307866484715	0.0204705945502951	0	0.0168364328412217	0.001584373266606	0.0641378523952443	1.97998725777852	0.0375095420122134	0.393439824962483	TRUE
117	1:267500000	1	267500000	0	0.972307866484715	0.0204705945502951	0	0.0168364328412217	0.001584373266606	0.0641378523952443	1.97998725777852	0.0375095420122134	0.393439824962483	TRUE
117	1:275500000	1	275500000	0	0.972307866484715	0.0204705945502951	0	0.0168364328412217	0.001584373266606	0.0641378523952443	1.97998725777852	0.0375095420122134	0.393439824962483	TRUE
117	1:2.81e+08	1	2.81e+08	0	0.972307866484715	0.0204705945502951	0	0.0168364328412217	0.001584373266606	0.0641378523952443	1.97998725777852	0.0375095420122134	0.393439824962483	TRUE
117	1:285500000	1	285500000	0	0.972307866484715	0.0204705945502951	0	0.0168364328412217	0.001584373266606	0.0641378523952443	1.97998725777852	0.0375095420122134	0.393439824962483	TRUE
117	1:2.74e+08	1	2.74e+08	0	0.972307866484715	0.0204705945502951	0	0.0168364328412217	0.001584373266606	0.0641378523952443	1.97998725777852	0.0375095420122134	0.393439824962483	TRUE
117	1:266500000	1	266500000	0	0.972307866484715	0.0204705945502951	0	0.0168364328412217	0.001584373266606	0.0641378523952443	1.97998725777852	0.0375095420122134	0.393439824962483	TRUE
117	1:2.71e+08	1	2.71e+08	0	0.972307866484715	0.0204705945502951	0	0.0168364328412217	0.001584373266606	0.0641378523952443	1.97998725777852	0.0375095420122134	0.393439824962483	TRUE
117	1:2.85e+08	1	2.85e+08	0	0.972307866484715	0.0204705945502951	0	0.0168364328412217	0.001584373266606	0.0641378523952443	1.97998725777852	0.0375095420122134	0.393439824962483	TRUE
117	1:2.84e+08	1	2.84e+08	0	0.972307866484715	0.0204705945502951	0	0.0168364328412217	0.001584373266606	0.0641378523952443	1.97998725777852	0.0375095420122134	0.393439824962483	TRUE
117	1:2.83e+08	1	2.83e+08	0	0.972307866484715	0.0204705945502951	0	0.0168364328412217	0.001584373266606	0.0641378523952443	1.97998725777852	0.0375095420122134	0.393439824962483	TRUE
117	1:271500000	1	271500000	0	0.972307866484715	0.0204705945502951	0	0.0168364328412217	0.001584373266606	0.0641378523952443	1.97998725777852	0.0375095420122134	0.393439824962483	TRUE
117	1:277500000	1	277500000	0	0.972307866484715	0.0204705945502951	0	0.0168364328412217	0.001584373266606	0.0641378523952443	1.97998725777852	0.0375095420122134	0.393439824962483	TRUE
117	1:278500000	1	278500000	0	0.972307866484715	0.0204705945502951	0	0.0168364328412217	0.001584373266606	0.0641378523952443	1.97998725777852	0.0375095420122134	0.393439824962483	TRUE
117	1:2.75e+08	1	2.75e+08	0	0.972307866484715	0.0204705945502951	0	0.0168364328412217	0.001584373266606	0.0641378523952443	1.97998725777852	0.0375095420122134	0.393439824962483	TRUE
117	1:2.68e+08	1	2.68e+08	0	0.972307866484715	0.0204705945502951	0	0.0168364328412217	0.001584373266606	0.0641378523952443	1.97998725777852	0.0375095420122134	0.393439824962483	TRUE
117	1:279500000	1	279500000	0	0.972307866484715	0.0204705945502951	0	0.0168364328412217	0.001584373266606	0.0641378523952443	1.97998725777852	0.0375095420122134	0.393439824962483	TRUE
117	1:2.67e+08	1	2.67e+08	0	0.972307866484715	0.0204705945502951	0	0.0168364328412217	0.001584373266606	0.0641378523952443	1.97998725777852	0.0375095420122134	0.393439824962483	TRUE
117	1:268500000	1	268500000	0	0.972307866484715	0.0204705945502951	0	0.0168364328412217	0.001584373266606	0.0641378523952443	1.97998725777852	0.0375095420122134	0.393439824962483	TRUE
117	1:280500000	1	280500000	0	0.972307866484715	0.0204705945502951	0	0.0168364328412217	0.001584373266606	0.0641378523952443	1.97998725777852	0.0375095420122134	0.393439824962483	TRUE
117	1:273500000	1	273500000	0	0.972307866484715	0.0204705945502951	0	0.0168364328412217	0.001584373266606	0.0641378523952443	1.97998725777852	0.0375095420122134	0.393439824962483	TRUE
117	1:2.72e+08	1	2.72e+08	0	0.972307866484715	0.0204705945502951	0	0.0168364328412217	0.001584373266606	0.0641378523952443	1.97998725777852	0.0375095420122134	0.393439824962483	TRUE
117	1:274500000	1	274500000	0	0.972307866484715	0.0204705945502951	0	0.0168364328412217	0.001584373266606	0.0641378523952443	1.97998725777852	0.0375095420122134	0.393439824962483	TRUE
117	1:276500000	1	276500000	0	0.972307866484715	0.0204705945502951	0	0.0168364328412217	0.001584373266606	0.0641378523952443	1.97998725777852	0.0375095420122134	0.393439824962483	TRUE
117	1:2.7e+08	1	2.7e+08	0	0.972307866484715	0.0204705945502951	0	0.0168364328412217	0.001584373266606	0.0641378523952443	1.97998725777852	0.0375095420122134	0.393439824962483	TRUE
117	1:281500000	1	281500000	0	0.972307866484715	0.0204705945502951	0	0.0168364328412217	0.001584373266606	0.0641378523952443	1.97998725777852	0.0375095420122134	0.393439824962483	TRUE
117	1:2.82e+08	1	2.82e+08	0	0.972307866484715	0.0204705945502951	0	0.0168364328412217	0.001584373266606	0.0641378523952443	1.97998725777852	0.0375095420122134	0.393439824962483	TRUE
117	1:272500000	1	272500000	0	0.972307866484715	0.0204705945502951	0	0.0168364328412217	0.001584373266606	0.0641378523952443	1.97998725777852	0.0375095420122134	0.393439824962483	TRUE
117	1:270500000	1	270500000	0	0.972307866484715	0.0204705945502951	0	0.0168364328412217	0.001584373266606	0.0641378523952443	1.97998725777852	0.0375095420122134	0.393439824962483	TRUE
117	1:2.79e+08	1	2.79e+08	0	0.972307866484715	0.0204705945502951	0	0.0168364328412217	0.001584373266606	0.0641378523952443	1.97998725777852	0.0375095420122134	0.393439824962483	TRUE
117	1:2.73e+08	1	2.73e+08	0	0.972307866484715	0.0204705945502951	0	0.0168364328412217	0.001584373266606	0.0641378523952443	1.97998725777852	0.0375095420122134	0.393439824962483	TRUE
117	1:2.78e+08	1	2.78e+08	0	0.972307866484715	0.0204705945502951	0	0.0168364328412217	0.001584373266606	0.0641378523952443	1.97998725777852	0.0375095420122134	0.393439824962483	TRUE
117	1:282500000	1	282500000	0	0.972307866484715	0.0204705945502951	0	0.0168364328412217	0.001584373266606	0.0641378523952443	1.97998725777852	0.0375095420122134	0.393439824962483	TRUE
117	1:284500000	1	284500000	0	0.972307866484715	0.0204705945502951	0	0.0168364328412217	0.001584373266606	0.0641378523952443	1.97998725777852	0.0375095420122134	0.393439824962483	TRUE
117	1:269500000	1	269500000	0	0.972307866484715	0.0204705945502951	0	0.0168364328412217	0.001584373266606	0.0641378523952443	1.97998725777852	0.0375095420122134	0.393439824962483	TRUE
118	1:2.75e+08	1	2.75e+08	0.457556678577472	0.984034396175648	0.0512216656906556	0.124904441926876	0.00683442794662722	0.00235414957322088	-0.256074341406027	1.88919638458308	0.902725750848068	0.394476653604337	TRUE
118	1:272500000	1	272500000	0.457556678577472	0.984034396175648	0.0512216656906556	0.124904441926876	0.00683442794662722	0.00235414957322088	-0.256074341406027	1.88919638458308	0.902725750848068	0.394476653604337	TRUE
118	1:2.82e+08	1	2.82e+08	0.457556678577472	0.984034396175648	0.0512216656906556	0.124904441926876	0.00683442794662722	0.00235414957322088	-0.256074341406027	1.88919638458308	0.902725750848068	0.394476653604337	TRUE
118	1:277500000	1	277500000	0.457556678577472	0.984034396175648	0.0512216656906556	0.124904441926876	0.00683442794662722	0.00235414957322088	-0.256074341406027	1.88919638458308	0.902725750848068	0.394476653604337	TRUE
118	1:2.8e+08	1	2.8e+08	0.457556678577472	0.984034396175648	0.0512216656906556	0.124904441926876	0.00683442794662722	0.00235414957322088	-0.256074341406027	1.88919638458308	0.902725750848068	0.394476653604337	TRUE
118	1:2.83e+08	1	2.83e+08	0.457556678577472	0.984034396175648	0.0512216656906556	0.124904441926876	0.00683442794662722	0.00235414957322088	-0.256074341406027	1.88919638458308	0.902725750848068	0.394476653604337	TRUE
118	1:2.7e+08	1	2.7e+08	0.457556678577472	0.984034396175648	0.0512216656906556	0.124904441926876	0.00683442794662722	0.00235414957322088	-0.256074341406027	1.88919638458308	0.902725750848068	0.394476653604337	TRUE
118	1:275500000	1	275500000	0.457556678577472	0.984034396175648	0.0512216656906556	0.124904441926876	0.00683442794662722	0.00235414957322088	-0.256074341406027	1.88919638458308	0.902725750848068	0.394476653604337	TRUE
118	1:267500000	1	267500000	0.457556678577472	0.984034396175648	0.0512216656906556	0.124904441926876	0.00683442794662722	0.00235414957322088	-0.256074341406027	1.88919638458308	0.902725750848068	0.394476653604337	TRUE
118	1:279500000	1	279500000	0.457556678577472	0.984034396175648	0.0512216656906556	0.124904441926876	0.00683442794662722	0.00235414957322088	-0.256074341406027	1.88919638458308	0.902725750848068	0.394476653604337	TRUE
118	1:284500000	1	284500000	0.457556678577472	0.984034396175648	0.0512216656906556	0.124904441926876	0.00683442794662722	0.00235414957322088	-0.256074341406027	1.88919638458308	0.902725750848068	0.394476653604337	TRUE
118	1:278500000	1	278500000	0.457556678577472	0.984034396175648	0.0512216656906556	0.124904441926876	0.00683442794662722	0.00235414957322088	-0.256074341406027	1.88919638458308	0.902725750848068	0.394476653604337	TRUE
118	1:280500000	1	280500000	0.457556678577472	0.984034396175648	0.0512216656906556	0.124904441926876	0.00683442794662722	0.00235414957322088	-0.256074341406027	1.88919638458308	0.902725750848068	0.394476653604337	TRUE
118	1:2.84e+08	1	2.84e+08	0.457556678577472	0.984034396175648	0.0512216656906556	0.124904441926876	0.00683442794662722	0.00235414957322088	-0.256074341406027	1.88919638458308	0.902725750848068	0.394476653604337	TRUE
118	1:266500000	1	266500000	0.457556678577472	0.984034396175648	0.0512216656906556	0.124904441926876	0.00683442794662722	0.00235414957322088	-0.256074341406027	1.88919638458308	0.902725750848068	0.394476653604337	TRUE
118	1:274500000	1	274500000	0.457556678577472	0.984034396175648	0.0512216656906556	0.124904441926876	0.00683442794662722	0.00235414957322088	-0.256074341406027	1.88919638458308	0.902725750848068	0.394476653604337	TRUE
118	1:2.76e+08	1	2.76e+08	0.457556678577472	0.984034396175648	0.0512216656906556	0.124904441926876	0.00683442794662722	0.00235414957322088	-0.256074341406027	1.88919638458308	0.902725750848068	0.394476653604337	TRUE
118	1:271500000	1	271500000	0.457556678577472	0.984034396175648	0.0512216656906556	0.124904441926876	0.00683442794662722	0.00235414957322088	-0.256074341406027	1.88919638458308	0.902725750848068	0.394476653604337	TRUE
118	1:268500000	1	268500000	0.457556678577472	0.984034396175648	0.0512216656906556	0.124904441926876	0.00683442794662722	0.00235414957322088	-0.256074341406027	1.88919638458308	0.902725750848068	0.394476653604337	TRUE
118	1:2.85e+08	1	2.85e+08	0.457556678577472	0.984034396175648	0.0512216656906556	0.124904441926876	0.00683442794662722	0.00235414957322088	-0.256074341406027	1.88919638458308	0.902725750848068	0.394476653604337	TRUE
118	1:281500000	1	281500000	0.457556678577472	0.984034396175648	0.0512216656906556	0.124904441926876	0.00683442794662722	0.00235414957322088	-0.256074341406027	1.88919638458308	0.902725750848068	0.394476653604337	TRUE
118	1:2.68e+08	1	2.68e+08	0.457556678577472	0.984034396175648	0.0512216656906556	0.124904441926876	0.00683442794662722	0.00235414957322088	-0.256074341406027	1.88919638458308	0.902725750848068	0.394476653604337	TRUE
118	1:2.79e+08	1	2.79e+08	0.457556678577472	0.984034396175648	0.0512216656906556	0.124904441926876	0.00683442794662722	0.00235414957322088	-0.256074341406027	1.88919638458308	0.902725750848068	0.394476653604337	TRUE
118	1:2.78e+08	1	2.78e+08	0.457556678577472	0.984034396175648	0.0512216656906556	0.124904441926876	0.00683442794662722	0.00235414957322088	-0.256074341406027	1.88919638458308	0.902725750848068	0.394476653604337	TRUE
118	1:2.71e+08	1	2.71e+08	0.457556678577472	0.984034396175648	0.0512216656906556	0.124904441926876	0.00683442794662722	0.00235414957322088	-0.256074341406027	1.88919638458308	0.902725750848068	0.394476653604337	TRUE
118	1:2.72e+08	1	2.72e+08	0.457556678577472	0.984034396175648	0.0512216656906556	0.124904441926876	0.00683442794662722	0.00235414957322088	-0.256074341406027	1.88919638458308	0.902725750848068	0.394476653604337	TRUE
118	1:270500000	1	270500000	0.457556678577472	0.984034396175648	0.0512216656906556	0.124904441926876	0.00683442794662722	0.00235414957322088	-0.256074341406027	1.88919638458308	0.902725750848068	0.394476653604337	TRUE
118	1:2.67e+08	1	2.67e+08	0.457556678577472	0.984034396175648	0.0512216656906556	0.124904441926876	0.00683442794662722	0.00235414957322088	-0.256074341406027	1.88919638458308	0.902725750848068	0.394476653604337	TRUE
118	1:276500000	1	276500000	0.457556678577472	0.984034396175648	0.0512216656906556	0.124904441926876	0.00683442794662722	0.00235414957322088	-0.256074341406027	1.88919638458308	0.902725750848068	0.394476653604337	TRUE
118	1:2.86e+08	1	2.86e+08	0.457556678577472	0.984034396175648	0.0512216656906556	0.124904441926876	0.00683442794662722	0.00235414957322088	-0.256074341406027	1.88919638458308	0.902725750848068	0.394476653604337	TRUE
118	1:2.74e+08	1	2.74e+08	0.457556678577472	0.984034396175648	0.0512216656906556	0.124904441926876	0.00683442794662722	0.00235414957322088	-0.256074341406027	1.88919638458308	0.902725750848068	0.394476653604337	TRUE
118	1:269500000	1	269500000	0.457556678577472	0.984034396175648	0.0512216656906556	0.124904441926876	0.00683442794662722	0.00235414957322088	-0.256074341406027	1.88919638458308	0.902725750848068	0.394476653604337	TRUE
118	1:2.81e+08	1	2.81e+08	0.457556678577472	0.984034396175648	0.0512216656906556	0.124904441926876	0.00683442794662722	0.00235414957322088	-0.256074341406027	1.88919638458308	0.902725750848068	0.394476653604337	TRUE
118	1:285500000	1	285500000	0.457556678577472	0.984034396175648	0.0512216656906556	0.124904441926876	0.00683442794662722	0.00235414957322088	-0.256074341406027	1.88919638458308	0.902725750848068	0.394476653604337	TRUE
118	1:273500000	1	273500000	0.457556678577472	0.984034396175648	0.0512216656906556	0.124904441926876	0.00683442794662722	0.00235414957322088	-0.256074341406027	1.88919638458308	0.902725750848068	0.394476653604337	TRUE
118	1:2.73e+08	1	2.73e+08	0.457556678577472	0.984034396175648	0.0512216656906556	0.124904441926876	0.00683442794662722	0.00235414957322088	-0.256074341406027	1.88919638458308	0.902725750848068	0.394476653604337	TRUE
118	1:282500000	1	282500000	0.457556678577472	0.984034396175648	0.0512216656906556	0.124904441926876	0.00683442794662722	0.00235414957322088	-0.256074341406027	1.88919638458308	0.902725750848068	0.394476653604337	TRUE
120	1:273500000	1	273500000	0.918190953259436	0.998434571926595	0.117159490242851	0.0220236447910744	0.000682237933920483	0.0034619699995548	-0.882641233736407	2.07194798280356	0.424477315370654	0.397430251997165	TRUE
120	1:2.78e+08	1	2.78e+08	0.918190953259436	0.998434571926595	0.117159490242851	0.0220236447910744	0.000682237933920483	0.0034619699995548	-0.882641233736407	2.07194798280356	0.424477315370654	0.397430251997165	TRUE
120	1:2.68e+08	1	2.68e+08	0.918190953259436	0.998434571926595	0.117159490242851	0.0220236447910744	0.000682237933920483	0.0034619699995548	-0.882641233736407	2.07194798280356	0.424477315370654	0.397430251997165	TRUE
120	1:2.69e+08	1	2.69e+08	0.918190953259436	0.998434571926595	0.117159490242851	0.0220236447910744	0.000682237933920483	0.0034619699995548	-0.882641233736407	2.07194798280356	0.424477315370654	0.397430251997165	TRUE
120	1:267500000	1	267500000	0.918190953259436	0.998434571926595	0.117159490242851	0.0220236447910744	0.000682237933920483	0.0034619699995548	-0.882641233736407	2.07194798280356	0.424477315370654	0.397430251997165	TRUE
120	1:276500000	1	276500000	0.918190953259436	0.998434571926595	0.117159490242851	0.0220236447910744	0.000682237933920483	0.0034619699995548	-0.882641233736407	2.07194798280356	0.424477315370654	0.397430251997165	TRUE
120	1:280500000	1	280500000	0.918190953259436	0.998434571926595	0.117159490242851	0.0220236447910744	0.000682237933920483	0.0034619699995548	-0.882641233736407	2.07194798280356	0.424477315370654	0.397430251997165	TRUE
120	1:278500000	1	278500000	0.918190953259436	0.998434571926595	0.117159490242851	0.0220236447910744	0.000682237933920483	0.0034619699995548	-0.882641233736407	2.07194798280356	0.424477315370654	0.397430251997165	TRUE
120	1:285500000	1	285500000	0.918190953259436	0.998434571926595	0.117159490242851	0.0220236447910744	0.000682237933920483	0.0034619699995548	-0.882641233736407	2.07194798280356	0.424477315370654	0.397430251997165	TRUE
120	1:2.74e+08	1	2.74e+08	0.918190953259436	0.998434571926595	0.117159490242851	0.0220236447910744	0.000682237933920483	0.0034619699995548	-0.882641233736407	2.07194798280356	0.424477315370654	0.397430251997165	TRUE
120	1:2.72e+08	1	2.72e+08	0.918190953259436	0.998434571926595	0.117159490242851	0.0220236447910744	0.000682237933920483	0.0034619699995548	-0.882641233736407	2.07194798280356	0.424477315370654	0.397430251997165	TRUE
120	1:277500000	1	277500000	0.918190953259436	0.998434571926595	0.117159490242851	0.0220236447910744	0.000682237933920483	0.0034619699995548	-0.882641233736407	2.07194798280356	0.424477315370654	0.397430251997165	TRUE
120	1:271500000	1	271500000	0.918190953259436	0.998434571926595	0.117159490242851	0.0220236447910744	0.000682237933920483	0.0034619699995548	-0.882641233736407	2.07194798280356	0.424477315370654	0.397430251997165	TRUE
120	1:2.8e+08	1	2.8e+08	0.918190953259436	0.998434571926595	0.117159490242851	0.0220236447910744	0.000682237933920483	0.0034619699995548	-0.882641233736407	2.07194798280356	0.424477315370654	0.397430251997165	TRUE
120	1:268500000	1	268500000	0.918190953259436	0.998434571926595	0.117159490242851	0.0220236447910744	0.000682237933920483	0.0034619699995548	-0.882641233736407	2.07194798280356	0.424477315370654	0.397430251997165	TRUE
120	1:2.82e+08	1	2.82e+08	0.918190953259436	0.998434571926595	0.117159490242851	0.0220236447910744	0.000682237933920483	0.0034619699995548	-0.882641233736407	2.07194798280356	0.424477315370654	0.397430251997165	TRUE
120	1:266500000	1	266500000	0.918190953259436	0.998434571926595	0.117159490242851	0.0220236447910744	0.000682237933920483	0.0034619699995548	-0.882641233736407	2.07194798280356	0.424477315370654	0.397430251997165	TRUE
120	1:270500000	1	270500000	0.918190953259436	0.998434571926595	0.117159490242851	0.0220236447910744	0.000682237933920483	0.0034619699995548	-0.882641233736407	2.07194798280356	0.424477315370654	0.397430251997165	TRUE
120	1:2.7e+08	1	2.7e+08	0.918190953259436	0.998434571926595	0.117159490242851	0.0220236447910744	0.000682237933920483	0.0034619699995548	-0.882641233736407	2.07194798280356	0.424477315370654	0.397430251997165	TRUE
120	1:282500000	1	282500000	0.918190953259436	0.998434571926595	0.117159490242851	0.0220236447910744	0.000682237933920483	0.0034619699995548	-0.882641233736407	2.07194798280356	0.424477315370654	0.397430251997165	TRUE
120	1:2.71e+08	1	2.71e+08	0.918190953259436	0.998434571926595	0.117159490242851	0.0220236447910744	0.000682237933920483	0.0034619699995548	-0.882641233736407	2.07194798280356	0.424477315370654	0.397430251997165	TRUE
120	1:2.83e+08	1	2.83e+08	0.918190953259436	0.998434571926595	0.117159490242851	0.0220236447910744	0.000682237933920483	0.0034619699995548	-0.882641233736407	2.07194798280356	0.424477315370654	0.397430251997165	TRUE
120	1:281500000	1	281500000	0.918190953259436	0.998434571926595	0.117159490242851	0.0220236447910744	0.000682237933920483	0.0034619699995548	-0.882641233736407	2.07194798280356	0.424477315370654	0.397430251997165	TRUE
120	1:2.73e+08	1	2.73e+08	0.918190953259436	0.998434571926595	0.117159490242851	0.0220236447910744	0.000682237933920483	0.0034619699995548	-0.882641233736407	2.07194798280356	0.424477315370654	0.397430251997165	TRUE
120	1:2.75e+08	1	2.75e+08	0.918190953259436	0.998434571926595	0.117159490242851	0.0220236447910744	0.000682237933920483	0.0034619699995548	-0.882641233736407	2.07194798280356	0.424477315370654	0.397430251997165	TRUE
120	1:2.85e+08	1	2.85e+08	0.918190953259436	0.998434571926595	0.117159490242851	0.0220236447910744	0.000682237933920483	0.0034619699995548	-0.882641233736407	2.07194798280356	0.424477315370654	0.397430251997165	TRUE
120	1:272500000	1	272500000	0.918190953259436	0.998434571926595	0.117159490242851	0.0220236447910744	0.000682237933920483	0.0034619699995548	-0.882641233736407	2.07194798280356	0.424477315370654	0.397430251997165	TRUE
120	1:2.86e+08	1	2.86e+08	0.918190953259436	0.998434571926595	0.117159490242851	0.0220236447910744	0.000682237933920483	0.0034619699995548	-0.882641233736407	2.07194798280356	0.424477315370654	0.397430251997165	TRUE
120	1:274500000	1	274500000	0.918190953259436	0.998434571926595	0.117159490242851	0.0220236447910744	0.000682237933920483	0.0034619699995548	-0.882641233736407	2.07194798280356	0.424477315370654	0.397430251997165	TRUE
120	1:2.67e+08	1	2.67e+08	0.918190953259436	0.998434571926595	0.117159490242851	0.0220236447910744	0.000682237933920483	0.0034619699995548	-0.882641233736407	2.07194798280356	0.424477315370654	0.397430251997165	TRUE
120	1:2.84e+08	1	2.84e+08	0.918190953259436	0.998434571926595	0.117159490242851	0.0220236447910744	0.000682237933920483	0.0034619699995548	-0.882641233736407	2.07194798280356	0.424477315370654	0.397430251997165	TRUE
120	1:269500000	1	269500000	0.918190953259436	0.998434571926595	0.117159490242851	0.0220236447910744	0.000682237933920483	0.0034619699995548	-0.882641233736407	2.07194798280356	0.424477315370654	0.397430251997165	TRUE
120	1:284500000	1	284500000	0.918190953259436	0.998434571926595	0.117159490242851	0.0220236447910744	0.000682237933920483	0.0034619699995548	-0.882641233736407	2.07194798280356	0.424477315370654	0.397430251997165	TRUE
120	1:2.81e+08	1	2.81e+08	0.918190953259436	0.998434571926595	0.117159490242851	0.0220236447910744	0.000682237933920483	0.0034619699995548	-0.882641233736407	2.07194798280356	0.424477315370654	0.397430251997165	TRUE
120	1:279500000	1	279500000	0.918190953259436	0.998434571926595	0.117159490242851	0.0220236447910744	0.000682237933920483	0.0034619699995548	-0.882641233736407	2.07194798280356	0.424477315370654	0.397430251997165	TRUE
120	1:275500000	1	275500000	0.918190953259436	0.998434571926595	0.117159490242851	0.0220236447910744	0.000682237933920483	0.0034619699995548	-0.882641233736407	2.07194798280356	0.424477315370654	0.397430251997165	TRUE
120	1:2.76e+08	1	2.76e+08	0.918190953259436	0.998434571926595	0.117159490242851	0.0220236447910744	0.000682237933920483	0.0034619699995548	-0.882641233736407	2.07194798280356	0.424477315370654	0.397430251997165	TRUE
120	1:2.79e+08	1	2.79e+08	0.918190953259436	0.998434571926595	0.117159490242851	0.0220236447910744	0.000682237933920483	0.0034619699995548	-0.882641233736407	2.07194798280356	0.424477315370654	0.397430251997165	TRUE
129	1:3e+08	1	3e+08	0.918226817931155	0.992092547515703	0.425432097120592	0.0132135449575386	0.00185223769870999	0.00519641387628038	-1.11257171368271	1.30058760451999	0.0757423860611988	0.405862691921705	TRUE
129	1:2.94e+08	1	2.94e+08	0.918226817931155	0.992092547515703	0.425432097120592	0.0132135449575386	0.00185223769870999	0.00519641387628038	-1.11257171368271	1.30058760451999	0.0757423860611988	0.405862691921705	TRUE
129	1:2.93e+08	1	2.93e+08	0.918226817931155	0.992092547515703	0.425432097120592	0.0132135449575386	0.00185223769870999	0.00519641387628038	-1.11257171368271	1.30058760451999	0.0757423860611988	0.405862691921705	TRUE
129	1:3.01e+08	1	3.01e+08	0.918226817931155	0.992092547515703	0.425432097120592	0.0132135449575386	0.00185223769870999	0.00519641387628038	-1.11257171368271	1.30058760451999	0.0757423860611988	0.405862691921705	TRUE
129	1:2.92e+08	1	2.92e+08	0.918226817931155	0.992092547515703	0.425432097120592	0.0132135449575386	0.00185223769870999	0.00519641387628038	-1.11257171368271	1.30058760451999	0.0757423860611988	0.405862691921705	TRUE
129	1:290500000	1	290500000	0.918226817931155	0.992092547515703	0.425432097120592	0.0132135449575386	0.00185223769870999	0.00519641387628038	-1.11257171368271	1.30058760451999	0.0757423860611988	0.405862691921705	TRUE
129	1:304500000	1	304500000	0.918226817931155	0.992092547515703	0.425432097120592	0.0132135449575386	0.00185223769870999	0.00519641387628038	-1.11257171368271	1.30058760451999	0.0757423860611988	0.405862691921705	TRUE
129	1:299500000	1	299500000	0.918226817931155	0.992092547515703	0.425432097120592	0.0132135449575386	0.00185223769870999	0.00519641387628038	-1.11257171368271	1.30058760451999	0.0757423860611988	0.405862691921705	TRUE
129	1:3.04e+08	1	3.04e+08	0.918226817931155	0.992092547515703	0.425432097120592	0.0132135449575386	0.00185223769870999	0.00519641387628038	-1.11257171368271	1.30058760451999	0.0757423860611988	0.405862691921705	TRUE
129	1:298500000	1	298500000	0.918226817931155	0.992092547515703	0.425432097120592	0.0132135449575386	0.00185223769870999	0.00519641387628038	-1.11257171368271	1.30058760451999	0.0757423860611988	0.405862691921705	TRUE
129	1:2.89e+08	1	2.89e+08	0.918226817931155	0.992092547515703	0.425432097120592	0.0132135449575386	0.00185223769870999	0.00519641387628038	-1.11257171368271	1.30058760451999	0.0757423860611988	0.405862691921705	TRUE
129	1:286500000	1	286500000	0.918226817931155	0.992092547515703	0.425432097120592	0.0132135449575386	0.00185223769870999	0.00519641387628038	-1.11257171368271	1.30058760451999	0.0757423860611988	0.405862691921705	TRUE
129	1:291500000	1	291500000	0.918226817931155	0.992092547515703	0.425432097120592	0.0132135449575386	0.00185223769870999	0.00519641387628038	-1.11257171368271	1.30058760451999	0.0757423860611988	0.405862691921705	TRUE
129	1:292500000	1	292500000	0.918226817931155	0.992092547515703	0.425432097120592	0.0132135449575386	0.00185223769870999	0.00519641387628038	-1.11257171368271	1.30058760451999	0.0757423860611988	0.405862691921705	TRUE
129	1:3.06e+08	1	3.06e+08	0.918226817931155	0.992092547515703	0.425432097120592	0.0132135449575386	0.00185223769870999	0.00519641387628038	-1.11257171368271	1.30058760451999	0.0757423860611988	0.405862691921705	TRUE
129	1:2.99e+08	1	2.99e+08	0.918226817931155	0.992092547515703	0.425432097120592	0.0132135449575386	0.00185223769870999	0.00519641387628038	-1.11257171368271	1.30058760451999	0.0757423860611988	0.405862691921705	TRUE
129	1:2.91e+08	1	2.91e+08	0.918226817931155	0.992092547515703	0.425432097120592	0.0132135449575386	0.00185223769870999	0.00519641387628038	-1.11257171368271	1.30058760451999	0.0757423860611988	0.405862691921705	TRUE
129	1:3.03e+08	1	3.03e+08	0.918226817931155	0.992092547515703	0.425432097120592	0.0132135449575386	0.00185223769870999	0.00519641387628038	-1.11257171368271	1.30058760451999	0.0757423860611988	0.405862691921705	TRUE
129	1:287500000	1	287500000	0.918226817931155	0.992092547515703	0.425432097120592	0.0132135449575386	0.00185223769870999	0.00519641387628038	-1.11257171368271	1.30058760451999	0.0757423860611988	0.405862691921705	TRUE
129	1:300500000	1	300500000	0.918226817931155	0.992092547515703	0.425432097120592	0.0132135449575386	0.00185223769870999	0.00519641387628038	-1.11257171368271	1.30058760451999	0.0757423860611988	0.405862691921705	TRUE
129	1:302500000	1	302500000	0.918226817931155	0.992092547515703	0.425432097120592	0.0132135449575386	0.00185223769870999	0.00519641387628038	-1.11257171368271	1.30058760451999	0.0757423860611988	0.405862691921705	TRUE
129	1:306500000	1	306500000	0.918226817931155	0.992092547515703	0.425432097120592	0.0132135449575386	0.00185223769870999	0.00519641387628038	-1.11257171368271	1.30058760451999	0.0757423860611988	0.405862691921705	TRUE
129	1:289500000	1	289500000	0.918226817931155	0.992092547515703	0.425432097120592	0.0132135449575386	0.00185223769870999	0.00519641387628038	-1.11257171368271	1.30058760451999	0.0757423860611988	0.405862691921705	TRUE
129	1:3.08e+08	1	3.08e+08	0.918226817931155	0.992092547515703	0.425432097120592	0.0132135449575386	0.00185223769870999	0.00519641387628038	-1.11257171368271	1.30058760451999	0.0757423860611988	0.405862691921705	TRUE
129	1:307500000	1	307500000	0.918226817931155	0.992092547515703	0.425432097120592	0.0132135449575386	0.00185223769870999	0.00519641387628038	-1.11257171368271	1.30058760451999	0.0757423860611988	0.405862691921705	TRUE
129	1:2.9e+08	1	2.9e+08	0.918226817931155	0.992092547515703	0.425432097120592	0.0132135449575386	0.00185223769870999	0.00519641387628038	-1.11257171368271	1.30058760451999	0.0757423860611988	0.405862691921705	TRUE
129	1:2.87e+08	1	2.87e+08	0.918226817931155	0.992092547515703	0.425432097120592	0.0132135449575386	0.00185223769870999	0.00519641387628038	-1.11257171368271	1.30058760451999	0.0757423860611988	0.405862691921705	TRUE
129	1:288500000	1	288500000	0.918226817931155	0.992092547515703	0.425432097120592	0.0132135449575386	0.00185223769870999	0.00519641387628038	-1.11257171368271	1.30058760451999	0.0757423860611988	0.405862691921705	TRUE
129	1:303500000	1	303500000	0.918226817931155	0.992092547515703	0.425432097120592	0.0132135449575386	0.00185223769870999	0.00519641387628038	-1.11257171368271	1.30058760451999	0.0757423860611988	0.405862691921705	TRUE
129	1:305500000	1	305500000	0.918226817931155	0.992092547515703	0.425432097120592	0.0132135449575386	0.00185223769870999	0.00519641387628038	-1.11257171368271	1.30058760451999	0.0757423860611988	0.405862691921705	TRUE
129	1:301500000	1	301500000	0.918226817931155	0.992092547515703	0.425432097120592	0.0132135449575386	0.00185223769870999	0.00519641387628038	-1.11257171368271	1.30058760451999	0.0757423860611988	0.405862691921705	TRUE
129	1:3.02e+08	1	3.02e+08	0.918226817931155	0.992092547515703	0.425432097120592	0.0132135449575386	0.00185223769870999	0.00519641387628038	-1.11257171368271	1.30058760451999	0.0757423860611988	0.405862691921705	TRUE
129	1:3.07e+08	1	3.07e+08	0.918226817931155	0.992092547515703	0.425432097120592	0.0132135449575386	0.00185223769870999	0.00519641387628038	-1.11257171368271	1.30058760451999	0.0757423860611988	0.405862691921705	TRUE
129	1:3.05e+08	1	3.05e+08	0.918226817931155	0.992092547515703	0.425432097120592	0.0132135449575386	0.00185223769870999	0.00519641387628038	-1.11257171368271	1.30058760451999	0.0757423860611988	0.405862691921705	TRUE
139	1:163500000	1	163500000	0.946153198708997	0.979095703849298	0.928878203476928	0.0114703264825714	0.00544918740299748	0.00285647830115463	-1.75145374588979	0.283966635264743	0.675532432736114	0.444663672520979	TRUE
139	1:161500000	1	161500000	0.946153198708997	0.979095703849298	0.928878203476928	0.0114703264825714	0.00544918740299748	0.00285647830115463	-1.75145374588979	0.283966635264743	0.675532432736114	0.444663672520979	TRUE
139	1:1.67e+08	1	1.67e+08	0.946153198708997	0.979095703849298	0.928878203476928	0.0114703264825714	0.00544918740299748	0.00285647830115463	-1.75145374588979	0.283966635264743	0.675532432736114	0.444663672520979	TRUE
139	1:1.65e+08	1	1.65e+08	0.946153198708997	0.979095703849298	0.928878203476928	0.0114703264825714	0.00544918740299748	0.00285647830115463	-1.75145374588979	0.283966635264743	0.675532432736114	0.444663672520979	TRUE
139	1:1.61e+08	1	1.61e+08	0.946153198708997	0.979095703849298	0.928878203476928	0.0114703264825714	0.00544918740299748	0.00285647830115463	-1.75145374588979	0.283966635264743	0.675532432736114	0.444663672520979	TRUE
139	1:166500000	1	166500000	0.946153198708997	0.979095703849298	0.928878203476928	0.0114703264825714	0.00544918740299748	0.00285647830115463	-1.75145374588979	0.283966635264743	0.675532432736114	0.444663672520979	TRUE
139	1:167500000	1	167500000	0.946153198708997	0.979095703849298	0.928878203476928	0.0114703264825714	0.00544918740299748	0.00285647830115463	-1.75145374588979	0.283966635264743	0.675532432736114	0.444663672520979	TRUE
139	1:1.69e+08	1	1.69e+08	0.946153198708997	0.979095703849298	0.928878203476928	0.0114703264825714	0.00544918740299748	0.00285647830115463	-1.75145374588979	0.283966635264743	0.675532432736114	0.444663672520979	TRUE
139	1:1.68e+08	1	1.68e+08	0.946153198708997	0.979095703849298	0.928878203476928	0.0114703264825714	0.00544918740299748	0.00285647830115463	-1.75145374588979	0.283966635264743	0.675532432736114	0.444663672520979	TRUE
139	1:165500000	1	165500000	0.946153198708997	0.979095703849298	0.928878203476928	0.0114703264825714	0.00544918740299748	0.00285647830115463	-1.75145374588979	0.283966635264743	0.675532432736114	0.444663672520979	TRUE
139	1:1.7e+08	1	1.7e+08	0.946153198708997	0.979095703849298	0.928878203476928	0.0114703264825714	0.00544918740299748	0.00285647830115463	-1.75145374588979	0.283966635264743	0.675532432736114	0.444663672520979	TRUE
139	1:168500000	1	168500000	0.946153198708997	0.979095703849298	0.928878203476928	0.0114703264825714	0.00544918740299748	0.00285647830115463	-1.75145374588979	0.283966635264743	0.675532432736114	0.444663672520979	TRUE
139	1:1.63e+08	1	1.63e+08	0.946153198708997	0.979095703849298	0.928878203476928	0.0114703264825714	0.00544918740299748	0.00285647830115463	-1.75145374588979	0.283966635264743	0.675532432736114	0.444663672520979	TRUE
139	1:1.64e+08	1	1.64e+08	0.946153198708997	0.979095703849298	0.928878203476928	0.0114703264825714	0.00544918740299748	0.00285647830115463	-1.75145374588979	0.283966635264743	0.675532432736114	0.444663672520979	TRUE
139	1:169500000	1	169500000	0.946153198708997	0.979095703849298	0.928878203476928	0.0114703264825714	0.00544918740299748	0.00285647830115463	-1.75145374588979	0.283966635264743	0.675532432736114	0.444663672520979	TRUE
139	1:1.62e+08	1	1.62e+08	0.946153198708997	0.979095703849298	0.928878203476928	0.0114703264825714	0.00544918740299748	0.00285647830115463	-1.75145374588979	0.283966635264743	0.675532432736114	0.444663672520979	TRUE
139	1:164500000	1	164500000	0.946153198708997	0.979095703849298	0.928878203476928	0.0114703264825714	0.00544918740299748	0.00285647830115463	-1.75145374588979	0.283966635264743	0.675532432736114	0.444663672520979	TRUE
139	1:1.66e+08	1	1.66e+08	0.946153198708997	0.979095703849298	0.928878203476928	0.0114703264825714	0.00544918740299748	0.00285647830115463	-1.75145374588979	0.283966635264743	0.675532432736114	0.444663672520979	TRUE
15	1:157500000	1	157500000	1	1	1	0	0	0	0	0	0	0.165836242071478	TRUE
15	1:1.58e+08	1	1.58e+08	1	1	1	0	0	0	0	0	0	0.165836242071478	TRUE
15	1:156500000	1	156500000	1	1	1	0	0	0	0	0	0	0.165836242071478	TRUE
15	1:155500000	1	155500000	1	1	1	0	0	0	0	0	0	0.165836242071478	TRUE
15	1:1.57e+08	1	1.57e+08	1	1	1	0	0	0	0	0	0	0.165836242071478	TRUE
15	1:1.59e+08	1	1.59e+08	1	1	1	0	0	0	0	0	0	0.165836242071478	TRUE
15	1:158500000	1	158500000	1	1	1	0	0	0	0	0	0	0.165836242071478	TRUE
152	1:1.57e+08	1	1.57e+08	0.749138333387556	0.960526669431549	0.399755954719686	0.0295982880936751	0.00703597894291217	0.00510725048494721	-0.751425960343195	1.0054047951816	0.407095047767579	0.278524277972961	TRUE
152	1:1.5e+08	1	1.5e+08	0.749138333387556	0.960526669431549	0.399755954719686	0.0295982880936751	0.00703597894291217	0.00510725048494721	-0.751425960343195	1.0054047951816	0.407095047767579	0.278524277972961	TRUE
152	1:155500000	1	155500000	0.749138333387556	0.960526669431549	0.399755954719686	0.0295982880936751	0.00703597894291217	0.00510725048494721	-0.751425960343195	1.0054047951816	0.407095047767579	0.278524277972961	TRUE
152	1:1.58e+08	1	1.58e+08	0.749138333387556	0.960526669431549	0.399755954719686	0.0295982880936751	0.00703597894291217	0.00510725048494721	-0.751425960343195	1.0054047951816	0.407095047767579	0.278524277972961	TRUE
152	1:1.59e+08	1	1.59e+08	0.749138333387556	0.960526669431549	0.399755954719686	0.0295982880936751	0.00703597894291217	0.00510725048494721	-0.751425960343195	1.0054047951816	0.407095047767579	0.278524277972961	TRUE
152	1:1.56e+08	1	1.56e+08	0.749138333387556	0.960526669431549	0.399755954719686	0.0295982880936751	0.00703597894291217	0.00510725048494721	-0.751425960343195	1.0054047951816	0.407095047767579	0.278524277972961	TRUE
152	1:157500000	1	157500000	0.749138333387556	0.960526669431549	0.399755954719686	0.0295982880936751	0.00703597894291217	0.00510725048494721	-0.751425960343195	1.0054047951816	0.407095047767579	0.278524277972961	TRUE
152	1:156500000	1	156500000	0.749138333387556	0.960526669431549	0.399755954719686	0.0295982880936751	0.00703597894291217	0.00510725048494721	-0.751425960343195	1.0054047951816	0.407095047767579	0.278524277972961	TRUE
152	1:158500000	1	158500000	0.749138333387556	0.960526669431549	0.399755954719686	0.0295982880936751	0.00703597894291217	0.00510725048494721	-0.751425960343195	1.0054047951816	0.407095047767579	0.278524277972961	TRUE
156	1:2.4e+07	1	2.4e+07	0.985737968704642	0.997433227897296	0.833375852151732	0.00314650233612843	0.000718871705345919	0.00417146040735752	-1.88306200552626	0.915470248674519	0.630083354871001	0.51804209573914	TRUE
156	1:25500000	1	25500000	0.985737968704642	0.997433227897296	0.833375852151732	0.00314650233612843	0.000718871705345919	0.00417146040735752	-1.88306200552626	0.915470248674519	0.630083354871001	0.51804209573914	TRUE
156	1:2.6e+07	1	2.6e+07	0.985737968704642	0.997433227897296	0.833375852151732	0.00314650233612843	0.000718871705345919	0.00417146040735752	-1.88306200552626	0.915470248674519	0.630083354871001	0.51804209573914	TRUE
156	1:2.8e+07	1	2.8e+07	0.985737968704642	0.997433227897296	0.833375852151732	0.00314650233612843	0.000718871705345919	0.00417146040735752	-1.88306200552626	0.915470248674519	0.630083354871001	0.51804209573914	TRUE
156	1:24500000	1	24500000	0.985737968704642	0.997433227897296	0.833375852151732	0.00314650233612843	0.000718871705345919	0.00417146040735752	-1.88306200552626	0.915470248674519	0.630083354871001	0.51804209573914	TRUE
156	1:2.5e+07	1	2.5e+07	0.985737968704642	0.997433227897296	0.833375852151732	0.00314650233612843	0.000718871705345919	0.00417146040735752	-1.88306200552626	0.915470248674519	0.630083354871001	0.51804209573914	TRUE
156	1:26500000	1	26500000	0.985737968704642	0.997433227897296	0.833375852151732	0.00314650233612843	0.000718871705345919	0.00417146040735752	-1.88306200552626	0.915470248674519	0.630083354871001	0.51804209573914	TRUE
156	1:2.9e+07	1	2.9e+07	0.985737968704642	0.997433227897296	0.833375852151732	0.00314650233612843	0.000718871705345919	0.00417146040735752	-1.88306200552626	0.915470248674519	0.630083354871001	0.51804209573914	TRUE
156	1:27500000	1	27500000	0.985737968704642	0.997433227897296	0.833375852151732	0.00314650233612843	0.000718871705345919	0.00417146040735752	-1.88306200552626	0.915470248674519	0.630083354871001	0.51804209573914	TRUE
156	1:2.7e+07	1	2.7e+07	0.985737968704642	0.997433227897296	0.833375852151732	0.00314650233612843	0.000718871705345919	0.00417146040735752	-1.88306200552626	0.915470248674519	0.630083354871001	0.51804209573914	TRUE
156	1:29500000	1	29500000	0.985737968704642	0.997433227897296	0.833375852151732	0.00314650233612843	0.000718871705345919	0.00417146040735752	-1.88306200552626	0.915470248674519	0.630083354871001	0.51804209573914	TRUE
156	1:28500000	1	28500000	0.985737968704642	0.997433227897296	0.833375852151732	0.00314650233612843	0.000718871705345919	0.00417146040735752	-1.88306200552626	0.915470248674519	0.630083354871001	0.51804209573914	TRUE
161	1:2.84e+08	1	2.84e+08	0.28750633308231	0.965716038019955	0.0660974830450749	0.125442110814328	0.0113917845860911	0.00261806338002175	-0.157876901876931	1.66337927930154	0.0638510206429516	0.401910944176328	TRUE
161	1:2.71e+08	1	2.71e+08	0.28750633308231	0.965716038019955	0.0660974830450749	0.125442110814328	0.0113917845860911	0.00261806338002175	-0.157876901876931	1.66337927930154	0.0638510206429516	0.401910944176328	TRUE
161	1:2.75e+08	1	2.75e+08	0.28750633308231	0.965716038019955	0.0660974830450749	0.125442110814328	0.0113917845860911	0.00261806338002175	-0.157876901876931	1.66337927930154	0.0638510206429516	0.401910944176328	TRUE
161	1:2.83e+08	1	2.83e+08	0.28750633308231	0.965716038019955	0.0660974830450749	0.125442110814328	0.0113917845860911	0.00261806338002175	-0.157876901876931	1.66337927930154	0.0638510206429516	0.401910944176328	TRUE
161	1:276500000	1	276500000	0.28750633308231	0.965716038019955	0.0660974830450749	0.125442110814328	0.0113917845860911	0.00261806338002175	-0.157876901876931	1.66337927930154	0.0638510206429516	0.401910944176328	TRUE
161	1:279500000	1	279500000	0.28750633308231	0.965716038019955	0.0660974830450749	0.125442110814328	0.0113917845860911	0.00261806338002175	-0.157876901876931	1.66337927930154	0.0638510206429516	0.401910944176328	TRUE
161	1:266500000	1	266500000	0.28750633308231	0.965716038019955	0.0660974830450749	0.125442110814328	0.0113917845860911	0.00261806338002175	-0.157876901876931	1.66337927930154	0.0638510206429516	0.401910944176328	TRUE
161	1:2.79e+08	1	2.79e+08	0.28750633308231	0.965716038019955	0.0660974830450749	0.125442110814328	0.0113917845860911	0.00261806338002175	-0.157876901876931	1.66337927930154	0.0638510206429516	0.401910944176328	TRUE
161	1:285500000	1	285500000	0.28750633308231	0.965716038019955	0.0660974830450749	0.125442110814328	0.0113917845860911	0.00261806338002175	-0.157876901876931	1.66337927930154	0.0638510206429516	0.401910944176328	TRUE
161	1:269500000	1	269500000	0.28750633308231	0.965716038019955	0.0660974830450749	0.125442110814328	0.0113917845860911	0.00261806338002175	-0.157876901876931	1.66337927930154	0.0638510206429516	0.401910944176328	TRUE
161	1:2.81e+08	1	2.81e+08	0.28750633308231	0.965716038019955	0.0660974830450749	0.125442110814328	0.0113917845860911	0.00261806338002175	-0.157876901876931	1.66337927930154	0.0638510206429516	0.401910944176328	TRUE
161	1:272500000	1	272500000	0.28750633308231	0.965716038019955	0.0660974830450749	0.125442110814328	0.0113917845860911	0.00261806338002175	-0.157876901876931	1.66337927930154	0.0638510206429516	0.401910944176328	TRUE
161	1:2.85e+08	1	2.85e+08	0.28750633308231	0.965716038019955	0.0660974830450749	0.125442110814328	0.0113917845860911	0.00261806338002175	-0.157876901876931	1.66337927930154	0.0638510206429516	0.401910944176328	TRUE
161	1:282500000	1	282500000	0.28750633308231	0.965716038019955	0.0660974830450749	0.125442110814328	0.0113917845860911	0.00261806338002175	-0.157876901876931	1.66337927930154	0.0638510206429516	0.401910944176328	TRUE
161	1:278500000	1	278500000	0.28750633308231	0.965716038019955	0.0660974830450749	0.125442110814328	0.0113917845860911	0.00261806338002175	-0.157876901876931	1.66337927930154	0.0638510206429516	0.401910944176328	TRUE
161	1:267500000	1	267500000	0.28750633308231	0.965716038019955	0.0660974830450749	0.125442110814328	0.0113917845860911	0.00261806338002175	-0.157876901876931	1.66337927930154	0.0638510206429516	0.401910944176328	TRUE
161	1:2.74e+08	1	2.74e+08	0.28750633308231	0.965716038019955	0.0660974830450749	0.125442110814328	0.0113917845860911	0.00261806338002175	-0.157876901876931	1.66337927930154	0.0638510206429516	0.401910944176328	TRUE
161	1:277500000	1	277500000	0.28750633308231	0.965716038019955	0.0660974830450749	0.125442110814328	0.0113917845860911	0.00261806338002175	-0.157876901876931	1.66337927930154	0.0638510206429516	0.401910944176328	TRUE
161	1:2.8e+08	1	2.8e+08	0.28750633308231	0.965716038019955	0.0660974830450749	0.125442110814328	0.0113917845860911	0.00261806338002175	-0.157876901876931	1.66337927930154	0.0638510206429516	0.401910944176328	TRUE
161	1:274500000	1	274500000	0.28750633308231	0.965716038019955	0.0660974830450749	0.125442110814328	0.0113917845860911	0.00261806338002175	-0.157876901876931	1.66337927930154	0.0638510206429516	0.401910944176328	TRUE
161	1:281500000	1	281500000	0.28750633308231	0.965716038019955	0.0660974830450749	0.125442110814328	0.0113917845860911	0.00261806338002175	-0.157876901876931	1.66337927930154	0.0638510206429516	0.401910944176328	TRUE
161	1:280500000	1	280500000	0.28750633308231	0.965716038019955	0.0660974830450749	0.125442110814328	0.0113917845860911	0.00261806338002175	-0.157876901876931	1.66337927930154	0.0638510206429516	0.401910944176328	TRUE
161	1:2.76e+08	1	2.76e+08	0.28750633308231	0.965716038019955	0.0660974830450749	0.125442110814328	0.0113917845860911	0.00261806338002175	-0.157876901876931	1.66337927930154	0.0638510206429516	0.401910944176328	TRUE
161	1:283500000	1	283500000	0.28750633308231	0.965716038019955	0.0660974830450749	0.125442110814328	0.0113917845860911	0.00261806338002175	-0.157876901876931	1.66337927930154	0.0638510206429516	0.401910944176328	TRUE
161	1:284500000	1	284500000	0.28750633308231	0.965716038019955	0.0660974830450749	0.125442110814328	0.0113917845860911	0.00261806338002175	-0.157876901876931	1.66337927930154	0.0638510206429516	0.401910944176328	TRUE
161	1:270500000	1	270500000	0.28750633308231	0.965716038019955	0.0660974830450749	0.125442110814328	0.0113917845860911	0.00261806338002175	-0.157876901876931	1.66337927930154	0.0638510206429516	0.401910944176328	TRUE
161	1:2.67e+08	1	2.67e+08	0.28750633308231	0.965716038019955	0.0660974830450749	0.125442110814328	0.0113917845860911	0.00261806338002175	-0.157876901876931	1.66337927930154	0.0638510206429516	0.401910944176328	TRUE
161	1:273500000	1	273500000	0.28750633308231	0.965716038019955	0.0660974830450749	0.125442110814328	0.0113917845860911	0.00261806338002175	-0.157876901876931	1.66337927930154	0.0638510206429516	0.401910944176328	TRUE
161	1:2.73e+08	1	2.73e+08	0.28750633308231	0.965716038019955	0.0660974830450749	0.125442110814328	0.0113917845860911	0.00261806338002175	-0.157876901876931	1.66337927930154	0.0638510206429516	0.401910944176328	TRUE
161	1:2.72e+08	1	2.72e+08	0.28750633308231	0.965716038019955	0.0660974830450749	0.125442110814328	0.0113917845860911	0.00261806338002175	-0.157876901876931	1.66337927930154	0.0638510206429516	0.401910944176328	TRUE
161	1:2.7e+08	1	2.7e+08	0.28750633308231	0.965716038019955	0.0660974830450749	0.125442110814328	0.0113917845860911	0.00261806338002175	-0.157876901876931	1.66337927930154	0.0638510206429516	0.401910944176328	TRUE
161	1:2.78e+08	1	2.78e+08	0.28750633308231	0.965716038019955	0.0660974830450749	0.125442110814328	0.0113917845860911	0.00261806338002175	-0.157876901876931	1.66337927930154	0.0638510206429516	0.401910944176328	TRUE
161	1:2.82e+08	1	2.82e+08	0.28750633308231	0.965716038019955	0.0660974830450749	0.125442110814328	0.0113917845860911	0.00261806338002175	-0.157876901876931	1.66337927930154	0.0638510206429516	0.401910944176328	TRUE
161	1:271500000	1	271500000	0.28750633308231	0.965716038019955	0.0660974830450749	0.125442110814328	0.0113917845860911	0.00261806338002175	-0.157876901876931	1.66337927930154	0.0638510206429516	0.401910944176328	TRUE
161	1:2.68e+08	1	2.68e+08	0.28750633308231	0.965716038019955	0.0660974830450749	0.125442110814328	0.0113917845860911	0.00261806338002175	-0.157876901876931	1.66337927930154	0.0638510206429516	0.401910944176328	TRUE
161	1:268500000	1	268500000	0.28750633308231	0.965716038019955	0.0660974830450749	0.125442110814328	0.0113917845860911	0.00261806338002175	-0.157876901876931	1.66337927930154	0.0638510206429516	0.401910944176328	TRUE
161	1:2.86e+08	1	2.86e+08	0.28750633308231	0.965716038019955	0.0660974830450749	0.125442110814328	0.0113917845860911	0.00261806338002175	-0.157876901876931	1.66337927930154	0.0638510206429516	0.401910944176328	TRUE
161	1:275500000	1	275500000	0.28750633308231	0.965716038019955	0.0660974830450749	0.125442110814328	0.0113917845860911	0.00261806338002175	-0.157876901876931	1.66337927930154	0.0638510206429516	0.401910944176328	TRUE
161	1:2.69e+08	1	2.69e+08	0.28750633308231	0.965716038019955	0.0660974830450749	0.125442110814328	0.0113917845860911	0.00261806338002175	-0.157876901876931	1.66337927930154	0.0638510206429516	0.401910944176328	TRUE
172	1:10500000	1	10500000	0	0.970616091233393	0.00739867572514528	0	0.0276182657053682	0.00100883856761316	0.273687409866337	2.16361371011215	0.410262140759327	0.540447948259236	TRUE
172	1:6500000	1	6500000	0	0.970616091233393	0.00739867572514528	0	0.0276182657053682	0.00100883856761316	0.273687409866337	2.16361371011215	0.410262140759327	0.540447948259236	TRUE
172	1:8500000	1	8500000	0	0.970616091233393	0.00739867572514528	0	0.0276182657053682	0.00100883856761316	0.273687409866337	2.16361371011215	0.410262140759327	0.540447948259236	TRUE
172	1:1.6e+07	1	1.6e+07	0	0.970616091233393	0.00739867572514528	0	0.0276182657053682	0.00100883856761316	0.273687409866337	2.16361371011215	0.410262140759327	0.540447948259236	TRUE
172	1:11500000	1	11500000	0	0.970616091233393	0.00739867572514528	0	0.0276182657053682	0.00100883856761316	0.273687409866337	2.16361371011215	0.410262140759327	0.540447948259236	TRUE
172	1:6e+06	1	6e+06	0	0.970616091233393	0.00739867572514528	0	0.0276182657053682	0.00100883856761316	0.273687409866337	2.16361371011215	0.410262140759327	0.540447948259236	TRUE
172	1:1.5e+07	1	1.5e+07	0	0.970616091233393	0.00739867572514528	0	0.0276182657053682	0.00100883856761316	0.273687409866337	2.16361371011215	0.410262140759327	0.540447948259236	TRUE
172	1:9500000	1	9500000	0	0.970616091233393	0.00739867572514528	0	0.0276182657053682	0.00100883856761316	0.273687409866337	2.16361371011215	0.410262140759327	0.540447948259236	TRUE
172	1:12500000	1	12500000	0	0.970616091233393	0.00739867572514528	0	0.0276182657053682	0.00100883856761316	0.273687409866337	2.16361371011215	0.410262140759327	0.540447948259236	TRUE
172	1:1.2e+07	1	1.2e+07	0	0.970616091233393	0.00739867572514528	0	0.0276182657053682	0.00100883856761316	0.273687409866337	2.16361371011215	0.410262140759327	0.540447948259236	TRUE
172	1:8e+06	1	8e+06	0	0.970616091233393	0.00739867572514528	0	0.0276182657053682	0.00100883856761316	0.273687409866337	2.16361371011215	0.410262140759327	0.540447948259236	TRUE
172	1:13500000	1	13500000	0	0.970616091233393	0.00739867572514528	0	0.0276182657053682	0.00100883856761316	0.273687409866337	2.16361371011215	0.410262140759327	0.540447948259236	TRUE
172	1:5500000	1	5500000	0	0.970616091233393	0.00739867572514528	0	0.0276182657053682	0.00100883856761316	0.273687409866337	2.16361371011215	0.410262140759327	0.540447948259236	TRUE
172	1:1.4e+07	1	1.4e+07	0	0.970616091233393	0.00739867572514528	0	0.0276182657053682	0.00100883856761316	0.273687409866337	2.16361371011215	0.410262140759327	0.540447948259236	TRUE
172	1:1500000	1	1500000	0	0.970616091233393	0.00739867572514528	0	0.0276182657053682	0.00100883856761316	0.273687409866337	2.16361371011215	0.410262140759327	0.540447948259236	TRUE
172	1:16500000	1	16500000	0	0.970616091233393	0.00739867572514528	0	0.0276182657053682	0.00100883856761316	0.273687409866337	2.16361371011215	0.410262140759327	0.540447948259236	TRUE
172	1:7500000	1	7500000	0	0.970616091233393	0.00739867572514528	0	0.0276182657053682	0.00100883856761316	0.273687409866337	2.16361371011215	0.410262140759327	0.540447948259236	TRUE
172	1:1.1e+07	1	1.1e+07	0	0.970616091233393	0.00739867572514528	0	0.0276182657053682	0.00100883856761316	0.273687409866337	2.16361371011215	0.410262140759327	0.540447948259236	TRUE
172	1:7e+06	1	7e+06	0	0.970616091233393	0.00739867572514528	0	0.0276182657053682	0.00100883856761316	0.273687409866337	2.16361371011215	0.410262140759327	0.540447948259236	TRUE
172	1:1e+07	1	1e+07	0	0.970616091233393	0.00739867572514528	0	0.0276182657053682	0.00100883856761316	0.273687409866337	2.16361371011215	0.410262140759327	0.540447948259236	TRUE
172	1:5e+06	1	5e+06	0	0.970616091233393	0.00739867572514528	0	0.0276182657053682	0.00100883856761316	0.273687409866337	2.16361371011215	0.410262140759327	0.540447948259236	TRUE
172	1:4500000	1	4500000	0	0.970616091233393	0.00739867572514528	0	0.0276182657053682	0.00100883856761316	0.273687409866337	2.16361371011215	0.410262140759327	0.540447948259236	TRUE
172	1:4e+06	1	4e+06	0	0.970616091233393	0.00739867572514528	0	0.0276182657053682	0.00100883856761316	0.273687409866337	2.16361371011215	0.410262140759327	0.540447948259236	TRUE
172	1:14500000	1	14500000	0	0.970616091233393	0.00739867572514528	0	0.0276182657053682	0.00100883856761316	0.273687409866337	2.16361371011215	0.410262140759327	0.540447948259236	TRUE
172	1:9e+06	1	9e+06	0	0.970616091233393	0.00739867572514528	0	0.0276182657053682	0.00100883856761316	0.273687409866337	2.16361371011215	0.410262140759327	0.540447948259236	TRUE
181	1:273500000	1	273500000	0	0.970720879440128	0.0238900557483475	0	0.0141509971434458	0.00164252271765727	0.0439117440777471	1.93540716911702	0.451964091713918	0.442079991028629	TRUE
181	1:272500000	1	272500000	0	0.970720879440128	0.0238900557483475	0	0.0141509971434458	0.00164252271765727	0.0439117440777471	1.93540716911702	0.451964091713918	0.442079991028629	TRUE
181	1:271500000	1	271500000	0	0.970720879440128	0.0238900557483475	0	0.0141509971434458	0.00164252271765727	0.0439117440777471	1.93540716911702	0.451964091713918	0.442079991028629	TRUE
181	1:2.68e+08	1	2.68e+08	0	0.970720879440128	0.0238900557483475	0	0.0141509971434458	0.00164252271765727	0.0439117440777471	1.93540716911702	0.451964091713918	0.442079991028629	TRUE
181	1:2.75e+08	1	2.75e+08	0	0.970720879440128	0.0238900557483475	0	0.0141509971434458	0.00164252271765727	0.0439117440777471	1.93540716911702	0.451964091713918	0.442079991028629	TRUE
181	1:2.71e+08	1	2.71e+08	0	0.970720879440128	0.0238900557483475	0	0.0141509971434458	0.00164252271765727	0.0439117440777471	1.93540716911702	0.451964091713918	0.442079991028629	TRUE
181	1:2.77e+08	1	2.77e+08	0	0.970720879440128	0.0238900557483475	0	0.0141509971434458	0.00164252271765727	0.0439117440777471	1.93540716911702	0.451964091713918	0.442079991028629	TRUE
181	1:2.73e+08	1	2.73e+08	0	0.970720879440128	0.0238900557483475	0	0.0141509971434458	0.00164252271765727	0.0439117440777471	1.93540716911702	0.451964091713918	0.442079991028629	TRUE
181	1:284500000	1	284500000	0	0.970720879440128	0.0238900557483475	0	0.0141509971434458	0.00164252271765727	0.0439117440777471	1.93540716911702	0.451964091713918	0.442079991028629	TRUE
181	1:2.96e+08	1	2.96e+08	0	0.970720879440128	0.0238900557483475	0	0.0141509971434458	0.00164252271765727	0.0439117440777471	1.93540716911702	0.451964091713918	0.442079991028629	TRUE
181	1:2.69e+08	1	2.69e+08	0	0.970720879440128	0.0238900557483475	0	0.0141509971434458	0.00164252271765727	0.0439117440777471	1.93540716911702	0.451964091713918	0.442079991028629	TRUE
181	1:267500000	1	267500000	0	0.970720879440128	0.0238900557483475	0	0.0141509971434458	0.00164252271765727	0.0439117440777471	1.93540716911702	0.451964091713918	0.442079991028629	TRUE
181	1:2.74e+08	1	2.74e+08	0	0.970720879440128	0.0238900557483475	0	0.0141509971434458	0.00164252271765727	0.0439117440777471	1.93540716911702	0.451964091713918	0.442079991028629	TRUE
181	1:2.67e+08	1	2.67e+08	0	0.970720879440128	0.0238900557483475	0	0.0141509971434458	0.00164252271765727	0.0439117440777471	1.93540716911702	0.451964091713918	0.442079991028629	TRUE
181	1:264500000	1	264500000	0	0.970720879440128	0.0238900557483475	0	0.0141509971434458	0.00164252271765727	0.0439117440777471	1.93540716911702	0.451964091713918	0.442079991028629	TRUE
181	1:2.85e+08	1	2.85e+08	0	0.970720879440128	0.0238900557483475	0	0.0141509971434458	0.00164252271765727	0.0439117440777471	1.93540716911702	0.451964091713918	0.442079991028629	TRUE
181	1:2.79e+08	1	2.79e+08	0	0.970720879440128	0.0238900557483475	0	0.0141509971434458	0.00164252271765727	0.0439117440777471	1.93540716911702	0.451964091713918	0.442079991028629	TRUE
181	1:2.8e+08	1	2.8e+08	0	0.970720879440128	0.0238900557483475	0	0.0141509971434458	0.00164252271765727	0.0439117440777471	1.93540716911702	0.451964091713918	0.442079991028629	TRUE
181	1:2.95e+08	1	2.95e+08	0	0.970720879440128	0.0238900557483475	0	0.0141509971434458	0.00164252271765727	0.0439117440777471	1.93540716911702	0.451964091713918	0.442079991028629	TRUE
181	1:2.66e+08	1	2.66e+08	0	0.970720879440128	0.0238900557483475	0	0.0141509971434458	0.00164252271765727	0.0439117440777471	1.93540716911702	0.451964091713918	0.442079991028629	TRUE
181	1:2.65e+08	1	2.65e+08	0	0.970720879440128	0.0238900557483475	0	0.0141509971434458	0.00164252271765727	0.0439117440777471	1.93540716911702	0.451964091713918	0.442079991028629	TRUE
181	1:266500000	1	266500000	0	0.970720879440128	0.0238900557483475	0	0.0141509971434458	0.00164252271765727	0.0439117440777471	1.93540716911702	0.451964091713918	0.442079991028629	TRUE
181	1:2.78e+08	1	2.78e+08	0	0.970720879440128	0.0238900557483475	0	0.0141509971434458	0.00164252271765727	0.0439117440777471	1.93540716911702	0.451964091713918	0.442079991028629	TRUE
181	1:282500000	1	282500000	0	0.970720879440128	0.0238900557483475	0	0.0141509971434458	0.00164252271765727	0.0439117440777471	1.93540716911702	0.451964091713918	0.442079991028629	TRUE
181	1:270500000	1	270500000	0	0.970720879440128	0.0238900557483475	0	0.0141509971434458	0.00164252271765727	0.0439117440777471	1.93540716911702	0.451964091713918	0.442079991028629	TRUE
181	1:2.88e+08	1	2.88e+08	0	0.970720879440128	0.0238900557483475	0	0.0141509971434458	0.00164252271765727	0.0439117440777471	1.93540716911702	0.451964091713918	0.442079991028629	TRUE
181	1:285500000	1	285500000	0	0.970720879440128	0.0238900557483475	0	0.0141509971434458	0.00164252271765727	0.0439117440777471	1.93540716911702	0.451964091713918	0.442079991028629	TRUE
181	1:2.72e+08	1	2.72e+08	0	0.970720879440128	0.0238900557483475	0	0.0141509971434458	0.00164252271765727	0.0439117440777471	1.93540716911702	0.451964091713918	0.442079991028629	TRUE
181	1:279500000	1	279500000	0	0.970720879440128	0.0238900557483475	0	0.0141509971434458	0.00164252271765727	0.0439117440777471	1.93540716911702	0.451964091713918	0.442079991028629	TRUE
181	1:283500000	1	283500000	0	0.970720879440128	0.0238900557483475	0	0.0141509971434458	0.00164252271765727	0.0439117440777471	1.93540716911702	0.451964091713918	0.442079991028629	TRUE
181	1:269500000	1	269500000	0	0.970720879440128	0.0238900557483475	0	0.0141509971434458	0.00164252271765727	0.0439117440777471	1.93540716911702	0.451964091713918	0.442079991028629	TRUE
181	1:265500000	1	265500000	0	0.970720879440128	0.0238900557483475	0	0.0141509971434458	0.00164252271765727	0.0439117440777471	1.93540716911702	0.451964091713918	0.442079991028629	TRUE
181	1:2.81e+08	1	2.81e+08	0	0.970720879440128	0.0238900557483475	0	0.0141509971434458	0.00164252271765727	0.0439117440777471	1.93540716911702	0.451964091713918	0.442079991028629	TRUE
181	1:277500000	1	277500000	0	0.970720879440128	0.0238900557483475	0	0.0141509971434458	0.00164252271765727	0.0439117440777471	1.93540716911702	0.451964091713918	0.442079991028629	TRUE
181	1:2.82e+08	1	2.82e+08	0	0.970720879440128	0.0238900557483475	0	0.0141509971434458	0.00164252271765727	0.0439117440777471	1.93540716911702	0.451964091713918	0.442079991028629	TRUE
181	1:2.86e+08	1	2.86e+08	0	0.970720879440128	0.0238900557483475	0	0.0141509971434458	0.00164252271765727	0.0439117440777471	1.93540716911702	0.451964091713918	0.442079991028629	TRUE
181	1:281500000	1	281500000	0	0.970720879440128	0.0238900557483475	0	0.0141509971434458	0.00164252271765727	0.0439117440777471	1.93540716911702	0.451964091713918	0.442079991028629	TRUE
181	1:2.7e+08	1	2.7e+08	0	0.970720879440128	0.0238900557483475	0	0.0141509971434458	0.00164252271765727	0.0439117440777471	1.93540716911702	0.451964091713918	0.442079991028629	TRUE
181	1:2.84e+08	1	2.84e+08	0	0.970720879440128	0.0238900557483475	0	0.0141509971434458	0.00164252271765727	0.0439117440777471	1.93540716911702	0.451964091713918	0.442079991028629	TRUE
181	1:295500000	1	295500000	0	0.970720879440128	0.0238900557483475	0	0.0141509971434458	0.00164252271765727	0.0439117440777471	1.93540716911702	0.451964091713918	0.442079991028629	TRUE
181	1:268500000	1	268500000	0	0.970720879440128	0.0238900557483475	0	0.0141509971434458	0.00164252271765727	0.0439117440777471	1.93540716911702	0.451964091713918	0.442079991028629	TRUE
181	1:2.83e+08	1	2.83e+08	0	0.970720879440128	0.0238900557483475	0	0.0141509971434458	0.00164252271765727	0.0439117440777471	1.93540716911702	0.451964091713918	0.442079991028629	TRUE
181	1:2.76e+08	1	2.76e+08	0	0.970720879440128	0.0238900557483475	0	0.0141509971434458	0.00164252271765727	0.0439117440777471	1.93540716911702	0.451964091713918	0.442079991028629	TRUE
181	1:293500000	1	293500000	0	0.970720879440128	0.0238900557483475	0	0.0141509971434458	0.00164252271765727	0.0439117440777471	1.93540716911702	0.451964091713918	0.442079991028629	TRUE
181	1:274500000	1	274500000	0	0.970720879440128	0.0238900557483475	0	0.0141509971434458	0.00164252271765727	0.0439117440777471	1.93540716911702	0.451964091713918	0.442079991028629	TRUE
181	1:294500000	1	294500000	0	0.970720879440128	0.0238900557483475	0	0.0141509971434458	0.00164252271765727	0.0439117440777471	1.93540716911702	0.451964091713918	0.442079991028629	TRUE
181	1:276500000	1	276500000	0	0.970720879440128	0.0238900557483475	0	0.0141509971434458	0.00164252271765727	0.0439117440777471	1.93540716911702	0.451964091713918	0.442079991028629	TRUE
181	1:278500000	1	278500000	0	0.970720879440128	0.0238900557483475	0	0.0141509971434458	0.00164252271765727	0.0439117440777471	1.93540716911702	0.451964091713918	0.442079991028629	TRUE
181	1:280500000	1	280500000	0	0.970720879440128	0.0238900557483475	0	0.0141509971434458	0.00164252271765727	0.0439117440777471	1.93540716911702	0.451964091713918	0.442079991028629	TRUE
181	1:275500000	1	275500000	0	0.970720879440128	0.0238900557483475	0	0.0141509971434458	0.00164252271765727	0.0439117440777471	1.93540716911702	0.451964091713918	0.442079991028629	TRUE
191	1:1.4e+07	1	1.4e+07	0.689623921436171	0.973876299034157	0.207807502642732	0.0435167021373037	0.00596742333867068	0.00422045024070583	-0.563518697624682	1.37757097144511	0.0932500759352268	0.565117498018905	TRUE
191	1:1.6e+07	1	1.6e+07	0.689623921436171	0.973876299034157	0.207807502642732	0.0435167021373037	0.00596742333867068	0.00422045024070583	-0.563518697624682	1.37757097144511	0.0932500759352268	0.565117498018905	TRUE
191	1:6e+06	1	6e+06	0.689623921436171	0.973876299034157	0.207807502642732	0.0435167021373037	0.00596742333867068	0.00422045024070583	-0.563518697624682	1.37757097144511	0.0932500759352268	0.565117498018905	TRUE
191	1:1.5e+07	1	1.5e+07	0.689623921436171	0.973876299034157	0.207807502642732	0.0435167021373037	0.00596742333867068	0.00422045024070583	-0.563518697624682	1.37757097144511	0.0932500759352268	0.565117498018905	TRUE
191	1:14500000	1	14500000	0.689623921436171	0.973876299034157	0.207807502642732	0.0435167021373037	0.00596742333867068	0.00422045024070583	-0.563518697624682	1.37757097144511	0.0932500759352268	0.565117498018905	TRUE
191	1:7500000	1	7500000	0.689623921436171	0.973876299034157	0.207807502642732	0.0435167021373037	0.00596742333867068	0.00422045024070583	-0.563518697624682	1.37757097144511	0.0932500759352268	0.565117498018905	TRUE
191	1:1e+07	1	1e+07	0.689623921436171	0.973876299034157	0.207807502642732	0.0435167021373037	0.00596742333867068	0.00422045024070583	-0.563518697624682	1.37757097144511	0.0932500759352268	0.565117498018905	TRUE
191	1:1500000	1	1500000	0.689623921436171	0.973876299034157	0.207807502642732	0.0435167021373037	0.00596742333867068	0.00422045024070583	-0.563518697624682	1.37757097144511	0.0932500759352268	0.565117498018905	TRUE
191	1:6500000	1	6500000	0.689623921436171	0.973876299034157	0.207807502642732	0.0435167021373037	0.00596742333867068	0.00422045024070583	-0.563518697624682	1.37757097144511	0.0932500759352268	0.565117498018905	TRUE
191	1:1.1e+07	1	1.1e+07	0.689623921436171	0.973876299034157	0.207807502642732	0.0435167021373037	0.00596742333867068	0.00422045024070583	-0.563518697624682	1.37757097144511	0.0932500759352268	0.565117498018905	TRUE
191	1:8e+06	1	8e+06	0.689623921436171	0.973876299034157	0.207807502642732	0.0435167021373037	0.00596742333867068	0.00422045024070583	-0.563518697624682	1.37757097144511	0.0932500759352268	0.565117498018905	TRUE
191	1:10500000	1	10500000	0.689623921436171	0.973876299034157	0.207807502642732	0.0435167021373037	0.00596742333867068	0.00422045024070583	-0.563518697624682	1.37757097144511	0.0932500759352268	0.565117498018905	TRUE
191	1:1.3e+07	1	1.3e+07	0.689623921436171	0.973876299034157	0.207807502642732	0.0435167021373037	0.00596742333867068	0.00422045024070583	-0.563518697624682	1.37757097144511	0.0932500759352268	0.565117498018905	TRUE
191	1:5500000	1	5500000	0.689623921436171	0.973876299034157	0.207807502642732	0.0435167021373037	0.00596742333867068	0.00422045024070583	-0.563518697624682	1.37757097144511	0.0932500759352268	0.565117498018905	TRUE
191	1:4500000	1	4500000	0.689623921436171	0.973876299034157	0.207807502642732	0.0435167021373037	0.00596742333867068	0.00422045024070583	-0.563518697624682	1.37757097144511	0.0932500759352268	0.565117498018905	TRUE
191	1:9500000	1	9500000	0.689623921436171	0.973876299034157	0.207807502642732	0.0435167021373037	0.00596742333867068	0.00422045024070583	-0.563518697624682	1.37757097144511	0.0932500759352268	0.565117498018905	TRUE
191	1:1.2e+07	1	1.2e+07	0.689623921436171	0.973876299034157	0.207807502642732	0.0435167021373037	0.00596742333867068	0.00422045024070583	-0.563518697624682	1.37757097144511	0.0932500759352268	0.565117498018905	TRUE
191	1:7e+06	1	7e+06	0.689623921436171	0.973876299034157	0.207807502642732	0.0435167021373037	0.00596742333867068	0.00422045024070583	-0.563518697624682	1.37757097144511	0.0932500759352268	0.565117498018905	TRUE
191	1:3e+06	1	3e+06	0.689623921436171	0.973876299034157	0.207807502642732	0.0435167021373037	0.00596742333867068	0.00422045024070583	-0.563518697624682	1.37757097144511	0.0932500759352268	0.565117498018905	TRUE
191	1:13500000	1	13500000	0.689623921436171	0.973876299034157	0.207807502642732	0.0435167021373037	0.00596742333867068	0.00422045024070583	-0.563518697624682	1.37757097144511	0.0932500759352268	0.565117498018905	TRUE
191	1:3500000	1	3500000	0.689623921436171	0.973876299034157	0.207807502642732	0.0435167021373037	0.00596742333867068	0.00422045024070583	-0.563518697624682	1.37757097144511	0.0932500759352268	0.565117498018905	TRUE
191	1:9e+06	1	9e+06	0.689623921436171	0.973876299034157	0.207807502642732	0.0435167021373037	0.00596742333867068	0.00422045024070583	-0.563518697624682	1.37757097144511	0.0932500759352268	0.565117498018905	TRUE
191	1:12500000	1	12500000	0.689623921436171	0.973876299034157	0.207807502642732	0.0435167021373037	0.00596742333867068	0.00422045024070583	-0.563518697624682	1.37757097144511	0.0932500759352268	0.565117498018905	TRUE
191	1:16500000	1	16500000	0.689623921436171	0.973876299034157	0.207807502642732	0.0435167021373037	0.00596742333867068	0.00422045024070583	-0.563518697624682	1.37757097144511	0.0932500759352268	0.565117498018905	TRUE
191	1:2500000	1	2500000	0.689623921436171	0.973876299034157	0.207807502642732	0.0435167021373037	0.00596742333867068	0.00422045024070583	-0.563518697624682	1.37757097144511	0.0932500759352268	0.565117498018905	TRUE
191	1:2e+06	1	2e+06	0.689623921436171	0.973876299034157	0.207807502642732	0.0435167021373037	0.00596742333867068	0.00422045024070583	-0.563518697624682	1.37757097144511	0.0932500759352268	0.565117498018905	TRUE
191	1:8500000	1	8500000	0.689623921436171	0.973876299034157	0.207807502642732	0.0435167021373037	0.00596742333867068	0.00422045024070583	-0.563518697624682	1.37757097144511	0.0932500759352268	0.565117498018905	TRUE
191	1:5e+06	1	5e+06	0.689623921436171	0.973876299034157	0.207807502642732	0.0435167021373037	0.00596742333867068	0.00422045024070583	-0.563518697624682	1.37757097144511	0.0932500759352268	0.565117498018905	TRUE
191	1:11500000	1	11500000	0.689623921436171	0.973876299034157	0.207807502642732	0.0435167021373037	0.00596742333867068	0.00422045024070583	-0.563518697624682	1.37757097144511	0.0932500759352268	0.565117498018905	TRUE
191	1:4e+06	1	4e+06	0.689623921436171	0.973876299034157	0.207807502642732	0.0435167021373037	0.00596742333867068	0.00422045024070583	-0.563518697624682	1.37757097144511	0.0932500759352268	0.565117498018905	TRUE
193	1:1.51e+08	1	1.51e+08	0.640557926858665	0.967942871503568	0.200401731537201	0.0481867537165883	0.00708644213312884	0.00415855495604543	-0.505598677138651	1.34578582536609	0.267690726360382	0.542984487946662	TRUE
193	1:1.57e+08	1	1.57e+08	0.640557926858665	0.967942871503568	0.200401731537201	0.0481867537165883	0.00708644213312884	0.00415855495604543	-0.505598677138651	1.34578582536609	0.267690726360382	0.542984487946662	TRUE
193	1:1.59e+08	1	1.59e+08	0.640557926858665	0.967942871503568	0.200401731537201	0.0481867537165883	0.00708644213312884	0.00415855495604543	-0.505598677138651	1.34578582536609	0.267690726360382	0.542984487946662	TRUE
193	1:150500000	1	150500000	0.640557926858665	0.967942871503568	0.200401731537201	0.0481867537165883	0.00708644213312884	0.00415855495604543	-0.505598677138651	1.34578582536609	0.267690726360382	0.542984487946662	TRUE
193	1:1.58e+08	1	1.58e+08	0.640557926858665	0.967942871503568	0.200401731537201	0.0481867537165883	0.00708644213312884	0.00415855495604543	-0.505598677138651	1.34578582536609	0.267690726360382	0.542984487946662	TRUE
193	1:158500000	1	158500000	0.640557926858665	0.967942871503568	0.200401731537201	0.0481867537165883	0.00708644213312884	0.00415855495604543	-0.505598677138651	1.34578582536609	0.267690726360382	0.542984487946662	TRUE
193	1:157500000	1	157500000	0.640557926858665	0.967942871503568	0.200401731537201	0.0481867537165883	0.00708644213312884	0.00415855495604543	-0.505598677138651	1.34578582536609	0.267690726360382	0.542984487946662	TRUE
193	1:149500000	1	149500000	0.640557926858665	0.967942871503568	0.200401731537201	0.0481867537165883	0.00708644213312884	0.00415855495604543	-0.505598677138651	1.34578582536609	0.267690726360382	0.542984487946662	TRUE
193	1:1.56e+08	1	1.56e+08	0.640557926858665	0.967942871503568	0.200401731537201	0.0481867537165883	0.00708644213312884	0.00415855495604543	-0.505598677138651	1.34578582536609	0.267690726360382	0.542984487946662	TRUE
193	1:1.5e+08	1	1.5e+08	0.640557926858665	0.967942871503568	0.200401731537201	0.0481867537165883	0.00708644213312884	0.00415855495604543	-0.505598677138651	1.34578582536609	0.267690726360382	0.542984487946662	TRUE
193	1:156500000	1	156500000	0.640557926858665	0.967942871503568	0.200401731537201	0.0481867537165883	0.00708644213312884	0.00415855495604543	-0.505598677138651	1.34578582536609	0.267690726360382	0.542984487946662	TRUE
193	1:1.54e+08	1	1.54e+08	0.640557926858665	0.967942871503568	0.200401731537201	0.0481867537165883	0.00708644213312884	0.00415855495604543	-0.505598677138651	1.34578582536609	0.267690726360382	0.542984487946662	TRUE
193	1:153500000	1	153500000	0.640557926858665	0.967942871503568	0.200401731537201	0.0481867537165883	0.00708644213312884	0.00415855495604543	-0.505598677138651	1.34578582536609	0.267690726360382	0.542984487946662	TRUE
193	1:154500000	1	154500000	0.640557926858665	0.967942871503568	0.200401731537201	0.0481867537165883	0.00708644213312884	0.00415855495604543	-0.505598677138651	1.34578582536609	0.267690726360382	0.542984487946662	TRUE
193	1:1.52e+08	1	1.52e+08	0.640557926858665	0.967942871503568	0.200401731537201	0.0481867537165883	0.00708644213312884	0.00415855495604543	-0.505598677138651	1.34578582536609	0.267690726360382	0.542984487946662	TRUE
193	1:155500000	1	155500000	0.640557926858665	0.967942871503568	0.200401731537201	0.0481867537165883	0.00708644213312884	0.00415855495604543	-0.505598677138651	1.34578582536609	0.267690726360382	0.542984487946662	TRUE
193	1:1.55e+08	1	1.55e+08	0.640557926858665	0.967942871503568	0.200401731537201	0.0481867537165883	0.00708644213312884	0.00415855495604543	-0.505598677138651	1.34578582536609	0.267690726360382	0.542984487946662	TRUE
193	1:151500000	1	151500000	0.640557926858665	0.967942871503568	0.200401731537201	0.0481867537165883	0.00708644213312884	0.00415855495604543	-0.505598677138651	1.34578582536609	0.267690726360382	0.542984487946662	TRUE
194	1:2.8e+08	1	2.8e+08	0.98283704962292	0.997903909928305	0.703503907607649	0.00342702949050857	0.000553058869133584	0.00498132721360137	-1.69891587524206	1.16441086613373	0.42040258883915	0.511009089696388	TRUE
194	1:278500000	1	278500000	0.98283704962292	0.997903909928305	0.703503907607649	0.00342702949050857	0.000553058869133584	0.00498132721360137	-1.69891587524206	1.16441086613373	0.42040258883915	0.511009089696388	TRUE
194	1:2.82e+08	1	2.82e+08	0.98283704962292	0.997903909928305	0.703503907607649	0.00342702949050857	0.000553058869133584	0.00498132721360137	-1.69891587524206	1.16441086613373	0.42040258883915	0.511009089696388	TRUE
194	1:265500000	1	265500000	0.98283704962292	0.997903909928305	0.703503907607649	0.00342702949050857	0.000553058869133584	0.00498132721360137	-1.69891587524206	1.16441086613373	0.42040258883915	0.511009089696388	TRUE
194	1:279500000	1	279500000	0.98283704962292	0.997903909928305	0.703503907607649	0.00342702949050857	0.000553058869133584	0.00498132721360137	-1.69891587524206	1.16441086613373	0.42040258883915	0.511009089696388	TRUE
194	1:306500000	1	306500000	0.98283704962292	0.997903909928305	0.703503907607649	0.00342702949050857	0.000553058869133584	0.00498132721360137	-1.69891587524206	1.16441086613373	0.42040258883915	0.511009089696388	TRUE
194	1:267500000	1	267500000	0.98283704962292	0.997903909928305	0.703503907607649	0.00342702949050857	0.000553058869133584	0.00498132721360137	-1.69891587524206	1.16441086613373	0.42040258883915	0.511009089696388	TRUE
194	1:2.94e+08	1	2.94e+08	0.98283704962292	0.997903909928305	0.703503907607649	0.00342702949050857	0.000553058869133584	0.00498132721360137	-1.69891587524206	1.16441086613373	0.42040258883915	0.511009089696388	TRUE
194	1:271500000	1	271500000	0.98283704962292	0.997903909928305	0.703503907607649	0.00342702949050857	0.000553058869133584	0.00498132721360137	-1.69891587524206	1.16441086613373	0.42040258883915	0.511009089696388	TRUE
194	1:2.75e+08	1	2.75e+08	0.98283704962292	0.997903909928305	0.703503907607649	0.00342702949050857	0.000553058869133584	0.00498132721360137	-1.69891587524206	1.16441086613373	0.42040258883915	0.511009089696388	TRUE
194	1:268500000	1	268500000	0.98283704962292	0.997903909928305	0.703503907607649	0.00342702949050857	0.000553058869133584	0.00498132721360137	-1.69891587524206	1.16441086613373	0.42040258883915	0.511009089696388	TRUE
194	1:2.71e+08	1	2.71e+08	0.98283704962292	0.997903909928305	0.703503907607649	0.00342702949050857	0.000553058869133584	0.00498132721360137	-1.69891587524206	1.16441086613373	0.42040258883915	0.511009089696388	TRUE
194	1:272500000	1	272500000	0.98283704962292	0.997903909928305	0.703503907607649	0.00342702949050857	0.000553058869133584	0.00498132721360137	-1.69891587524206	1.16441086613373	0.42040258883915	0.511009089696388	TRUE
194	1:2.69e+08	1	2.69e+08	0.98283704962292	0.997903909928305	0.703503907607649	0.00342702949050857	0.000553058869133584	0.00498132721360137	-1.69891587524206	1.16441086613373	0.42040258883915	0.511009089696388	TRUE
194	1:2.91e+08	1	2.91e+08	0.98283704962292	0.997903909928305	0.703503907607649	0.00342702949050857	0.000553058869133584	0.00498132721360137	-1.69891587524206	1.16441086613373	0.42040258883915	0.511009089696388	TRUE
194	1:2.88e+08	1	2.88e+08	0.98283704962292	0.997903909928305	0.703503907607649	0.00342702949050857	0.000553058869133584	0.00498132721360137	-1.69891587524206	1.16441086613373	0.42040258883915	0.511009089696388	TRUE
194	1:302500000	1	302500000	0.98283704962292	0.997903909928305	0.703503907607649	0.00342702949050857	0.000553058869133584	0.00498132721360137	-1.69891587524206	1.16441086613373	0.42040258883915	0.511009089696388	TRUE
194	1:2.89e+08	1	2.89e+08	0.98283704962292	0.997903909928305	0.703503907607649	0.00342702949050857	0.000553058869133584	0.00498132721360137	-1.69891587524206	1.16441086613373	0.42040258883915	0.511009089696388	TRUE
194	1:283500000	1	283500000	0.98283704962292	0.997903909928305	0.703503907607649	0.00342702949050857	0.000553058869133584	0.00498132721360137	-1.69891587524206	1.16441086613373	0.42040258883915	0.511009089696388	TRUE
194	1:264500000	1	264500000	0.98283704962292	0.997903909928305	0.703503907607649	0.00342702949050857	0.000553058869133584	0.00498132721360137	-1.69891587524206	1.16441086613373	0.42040258883915	0.511009089696388	TRUE
194	1:3.04e+08	1	3.04e+08	0.98283704962292	0.997903909928305	0.703503907607649	0.00342702949050857	0.000553058869133584	0.00498132721360137	-1.69891587524206	1.16441086613373	0.42040258883915	0.511009089696388	TRUE
194	1:2.95e+08	1	2.95e+08	0.98283704962292	0.997903909928305	0.703503907607649	0.00342702949050857	0.000553058869133584	0.00498132721360137	-1.69891587524206	1.16441086613373	0.42040258883915	0.511009089696388	TRUE
194	1:2.83e+08	1	2.83e+08	0.98283704962292	0.997903909928305	0.703503907607649	0.00342702949050857	0.000553058869133584	0.00498132721360137	-1.69891587524206	1.16441086613373	0.42040258883915	0.511009089696388	TRUE
194	1:2.78e+08	1	2.78e+08	0.98283704962292	0.997903909928305	0.703503907607649	0.00342702949050857	0.000553058869133584	0.00498132721360137	-1.69891587524206	1.16441086613373	0.42040258883915	0.511009089696388	TRUE
194	1:3.01e+08	1	3.01e+08	0.98283704962292	0.997903909928305	0.703503907607649	0.00342702949050857	0.000553058869133584	0.00498132721360137	-1.69891587524206	1.16441086613373	0.42040258883915	0.511009089696388	TRUE
194	1:2.84e+08	1	2.84e+08	0.98283704962292	0.997903909928305	0.703503907607649	0.00342702949050857	0.000553058869133584	0.00498132721360137	-1.69891587524206	1.16441086613373	0.42040258883915	0.511009089696388	TRUE
194	1:2.96e+08	1	2.96e+08	0.98283704962292	0.997903909928305	0.703503907607649	0.00342702949050857	0.000553058869133584	0.00498132721360137	-1.69891587524206	1.16441086613373	0.42040258883915	0.511009089696388	TRUE
194	1:305500000	1	305500000	0.98283704962292	0.997903909928305	0.703503907607649	0.00342702949050857	0.000553058869133584	0.00498132721360137	-1.69891587524206	1.16441086613373	0.42040258883915	0.511009089696388	TRUE
194	1:3.06e+08	1	3.06e+08	0.98283704962292	0.997903909928305	0.703503907607649	0.00342702949050857	0.000553058869133584	0.00498132721360137	-1.69891587524206	1.16441086613373	0.42040258883915	0.511009089696388	TRUE
194	1:2.76e+08	1	2.76e+08	0.98283704962292	0.997903909928305	0.703503907607649	0.00342702949050857	0.000553058869133584	0.00498132721360137	-1.69891587524206	1.16441086613373	0.42040258883915	0.511009089696388	TRUE
194	1:295500000	1	295500000	0.98283704962292	0.997903909928305	0.703503907607649	0.00342702949050857	0.000553058869133584	0.00498132721360137	-1.69891587524206	1.16441086613373	0.42040258883915	0.511009089696388	TRUE
194	1:3.03e+08	1	3.03e+08	0.98283704962292	0.997903909928305	0.703503907607649	0.00342702949050857	0.000553058869133584	0.00498132721360137	-1.69891587524206	1.16441086613373	0.42040258883915	0.511009089696388	TRUE
194	1:273500000	1	273500000	0.98283704962292	0.997903909928305	0.703503907607649	0.00342702949050857	0.000553058869133584	0.00498132721360137	-1.69891587524206	1.16441086613373	0.42040258883915	0.511009089696388	TRUE
194	1:3e+08	1	3e+08	0.98283704962292	0.997903909928305	0.703503907607649	0.00342702949050857	0.000553058869133584	0.00498132721360137	-1.69891587524206	1.16441086613373	0.42040258883915	0.511009089696388	TRUE
194	1:3.07e+08	1	3.07e+08	0.98283704962292	0.997903909928305	0.703503907607649	0.00342702949050857	0.000553058869133584	0.00498132721360137	-1.69891587524206	1.16441086613373	0.42040258883915	0.511009089696388	TRUE
194	1:2.65e+08	1	2.65e+08	0.98283704962292	0.997903909928305	0.703503907607649	0.00342702949050857	0.000553058869133584	0.00498132721360137	-1.69891587524206	1.16441086613373	0.42040258883915	0.511009089696388	TRUE
194	1:2.77e+08	1	2.77e+08	0.98283704962292	0.997903909928305	0.703503907607649	0.00342702949050857	0.000553058869133584	0.00498132721360137	-1.69891587524206	1.16441086613373	0.42040258883915	0.511009089696388	TRUE
194	1:307500000	1	307500000	0.98283704962292	0.997903909928305	0.703503907607649	0.00342702949050857	0.000553058869133584	0.00498132721360137	-1.69891587524206	1.16441086613373	0.42040258883915	0.511009089696388	TRUE
194	1:2.66e+08	1	2.66e+08	0.98283704962292	0.997903909928305	0.703503907607649	0.00342702949050857	0.000553058869133584	0.00498132721360137	-1.69891587524206	1.16441086613373	0.42040258883915	0.511009089696388	TRUE
194	1:2.86e+08	1	2.86e+08	0.98283704962292	0.997903909928305	0.703503907607649	0.00342702949050857	0.000553058869133584	0.00498132721360137	-1.69891587524206	1.16441086613373	0.42040258883915	0.511009089696388	TRUE
194	1:308500000	1	308500000	0.98283704962292	0.997903909928305	0.703503907607649	0.00342702949050857	0.000553058869133584	0.00498132721360137	-1.69891587524206	1.16441086613373	0.42040258883915	0.511009089696388	TRUE
194	1:3.05e+08	1	3.05e+08	0.98283704962292	0.997903909928305	0.703503907607649	0.00342702949050857	0.000553058869133584	0.00498132721360137	-1.69891587524206	1.16441086613373	0.42040258883915	0.511009089696388	TRUE
194	1:270500000	1	270500000	0.98283704962292	0.997903909928305	0.703503907607649	0.00342702949050857	0.000553058869133584	0.00498132721360137	-1.69891587524206	1.16441086613373	0.42040258883915	0.511009089696388	TRUE
194	1:289500000	1	289500000	0.98283704962292	0.997903909928305	0.703503907607649	0.00342702949050857	0.000553058869133584	0.00498132721360137	-1.69891587524206	1.16441086613373	0.42040258883915	0.511009089696388	TRUE
194	1:2.81e+08	1	2.81e+08	0.98283704962292	0.997903909928305	0.703503907607649	0.00342702949050857	0.000553058869133584	0.00498132721360137	-1.69891587524206	1.16441086613373	0.42040258883915	0.511009089696388	TRUE
194	1:298500000	1	298500000	0.98283704962292	0.997903909928305	0.703503907607649	0.00342702949050857	0.000553058869133584	0.00498132721360137	-1.69891587524206	1.16441086613373	0.42040258883915	0.511009089696388	TRUE
194	1:299500000	1	299500000	0.98283704962292	0.997903909928305	0.703503907607649	0.00342702949050857	0.000553058869133584	0.00498132721360137	-1.69891587524206	1.16441086613373	0.42040258883915	0.511009089696388	TRUE
194	1:2.85e+08	1	2.85e+08	0.98283704962292	0.997903909928305	0.703503907607649	0.00342702949050857	0.000553058869133584	0.00498132721360137	-1.69891587524206	1.16441086613373	0.42040258883915	0.511009089696388	TRUE
194	1:277500000	1	277500000	0.98283704962292	0.997903909928305	0.703503907607649	0.00342702949050857	0.000553058869133584	0.00498132721360137	-1.69891587524206	1.16441086613373	0.42040258883915	0.511009089696388	TRUE
194	1:275500000	1	275500000	0.98283704962292	0.997903909928305	0.703503907607649	0.00342702949050857	0.000553058869133584	0.00498132721360137	-1.69891587524206	1.16441086613373	0.42040258883915	0.511009089696388	TRUE
194	1:286500000	1	286500000	0.98283704962292	0.997903909928305	0.703503907607649	0.00342702949050857	0.000553058869133584	0.00498132721360137	-1.69891587524206	1.16441086613373	0.42040258883915	0.511009089696388	TRUE
194	1:293500000	1	293500000	0.98283704962292	0.997903909928305	0.703503907607649	0.00342702949050857	0.000553058869133584	0.00498132721360137	-1.69891587524206	1.16441086613373	0.42040258883915	0.511009089696388	TRUE
194	1:266500000	1	266500000	0.98283704962292	0.997903909928305	0.703503907607649	0.00342702949050857	0.000553058869133584	0.00498132721360137	-1.69891587524206	1.16441086613373	0.42040258883915	0.511009089696388	TRUE
194	1:304500000	1	304500000	0.98283704962292	0.997903909928305	0.703503907607649	0.00342702949050857	0.000553058869133584	0.00498132721360137	-1.69891587524206	1.16441086613373	0.42040258883915	0.511009089696388	TRUE
194	1:2.67e+08	1	2.67e+08	0.98283704962292	0.997903909928305	0.703503907607649	0.00342702949050857	0.000553058869133584	0.00498132721360137	-1.69891587524206	1.16441086613373	0.42040258883915	0.511009089696388	TRUE
194	1:2.99e+08	1	2.99e+08	0.98283704962292	0.997903909928305	0.703503907607649	0.00342702949050857	0.000553058869133584	0.00498132721360137	-1.69891587524206	1.16441086613373	0.42040258883915	0.511009089696388	TRUE
194	1:282500000	1	282500000	0.98283704962292	0.997903909928305	0.703503907607649	0.00342702949050857	0.000553058869133584	0.00498132721360137	-1.69891587524206	1.16441086613373	0.42040258883915	0.511009089696388	TRUE
194	1:2.79e+08	1	2.79e+08	0.98283704962292	0.997903909928305	0.703503907607649	0.00342702949050857	0.000553058869133584	0.00498132721360137	-1.69891587524206	1.16441086613373	0.42040258883915	0.511009089696388	TRUE
194	1:2.92e+08	1	2.92e+08	0.98283704962292	0.997903909928305	0.703503907607649	0.00342702949050857	0.000553058869133584	0.00498132721360137	-1.69891587524206	1.16441086613373	0.42040258883915	0.511009089696388	TRUE
194	1:2.93e+08	1	2.93e+08	0.98283704962292	0.997903909928305	0.703503907607649	0.00342702949050857	0.000553058869133584	0.00498132721360137	-1.69891587524206	1.16441086613373	0.42040258883915	0.511009089696388	TRUE
194	1:285500000	1	285500000	0.98283704962292	0.997903909928305	0.703503907607649	0.00342702949050857	0.000553058869133584	0.00498132721360137	-1.69891587524206	1.16441086613373	0.42040258883915	0.511009089696388	TRUE
194	1:2.68e+08	1	2.68e+08	0.98283704962292	0.997903909928305	0.703503907607649	0.00342702949050857	0.000553058869133584	0.00498132721360137	-1.69891587524206	1.16441086613373	0.42040258883915	0.511009089696388	TRUE
194	1:303500000	1	303500000	0.98283704962292	0.997903909928305	0.703503907607649	0.00342702949050857	0.000553058869133584	0.00498132721360137	-1.69891587524206	1.16441086613373	0.42040258883915	0.511009089696388	TRUE
194	1:300500000	1	300500000	0.98283704962292	0.997903909928305	0.703503907607649	0.00342702949050857	0.000553058869133584	0.00498132721360137	-1.69891587524206	1.16441086613373	0.42040258883915	0.511009089696388	TRUE
194	1:3.08e+08	1	3.08e+08	0.98283704962292	0.997903909928305	0.703503907607649	0.00342702949050857	0.000553058869133584	0.00498132721360137	-1.69891587524206	1.16441086613373	0.42040258883915	0.511009089696388	TRUE
194	1:287500000	1	287500000	0.98283704962292	0.997903909928305	0.703503907607649	0.00342702949050857	0.000553058869133584	0.00498132721360137	-1.69891587524206	1.16441086613373	0.42040258883915	0.511009089696388	TRUE
194	1:288500000	1	288500000	0.98283704962292	0.997903909928305	0.703503907607649	0.00342702949050857	0.000553058869133584	0.00498132721360137	-1.69891587524206	1.16441086613373	0.42040258883915	0.511009089696388	TRUE
194	1:3.02e+08	1	3.02e+08	0.98283704962292	0.997903909928305	0.703503907607649	0.00342702949050857	0.000553058869133584	0.00498132721360137	-1.69891587524206	1.16441086613373	0.42040258883915	0.511009089696388	TRUE
194	1:2.87e+08	1	2.87e+08	0.98283704962292	0.997903909928305	0.703503907607649	0.00342702949050857	0.000553058869133584	0.00498132721360137	-1.69891587524206	1.16441086613373	0.42040258883915	0.511009089696388	TRUE
194	1:276500000	1	276500000	0.98283704962292	0.997903909928305	0.703503907607649	0.00342702949050857	0.000553058869133584	0.00498132721360137	-1.69891587524206	1.16441086613373	0.42040258883915	0.511009089696388	TRUE
194	1:2.74e+08	1	2.74e+08	0.98283704962292	0.997903909928305	0.703503907607649	0.00342702949050857	0.000553058869133584	0.00498132721360137	-1.69891587524206	1.16441086613373	0.42040258883915	0.511009089696388	TRUE
194	1:2.9e+08	1	2.9e+08	0.98283704962292	0.997903909928305	0.703503907607649	0.00342702949050857	0.000553058869133584	0.00498132721360137	-1.69891587524206	1.16441086613373	0.42040258883915	0.511009089696388	TRUE
194	1:269500000	1	269500000	0.98283704962292	0.997903909928305	0.703503907607649	0.00342702949050857	0.000553058869133584	0.00498132721360137	-1.69891587524206	1.16441086613373	0.42040258883915	0.511009089696388	TRUE
194	1:284500000	1	284500000	0.98283704962292	0.997903909928305	0.703503907607649	0.00342702949050857	0.000553058869133584	0.00498132721360137	-1.69891587524206	1.16441086613373	0.42040258883915	0.511009089696388	TRUE
194	1:291500000	1	291500000	0.98283704962292	0.997903909928305	0.703503907607649	0.00342702949050857	0.000553058869133584	0.00498132721360137	-1.69891587524206	1.16441086613373	0.42040258883915	0.511009089696388	TRUE
194	1:301500000	1	301500000	0.98283704962292	0.997903909928305	0.703503907607649	0.00342702949050857	0.000553058869133584	0.00498132721360137	-1.69891587524206	1.16441086613373	0.42040258883915	0.511009089696388	TRUE
194	1:292500000	1	292500000	0.98283704962292	0.997903909928305	0.703503907607649	0.00342702949050857	0.000553058869133584	0.00498132721360137	-1.69891587524206	1.16441086613373	0.42040258883915	0.511009089696388	TRUE
194	1:290500000	1	290500000	0.98283704962292	0.997903909928305	0.703503907607649	0.00342702949050857	0.000553058869133584	0.00498132721360137	-1.69891587524206	1.16441086613373	0.42040258883915	0.511009089696388	TRUE
194	1:294500000	1	294500000	0.98283704962292	0.997903909928305	0.703503907607649	0.00342702949050857	0.000553058869133584	0.00498132721360137	-1.69891587524206	1.16441086613373	0.42040258883915	0.511009089696388	TRUE
194	1:280500000	1	280500000	0.98283704962292	0.997903909928305	0.703503907607649	0.00342702949050857	0.000553058869133584	0.00498132721360137	-1.69891587524206	1.16441086613373	0.42040258883915	0.511009089696388	TRUE
194	1:274500000	1	274500000	0.98283704962292	0.997903909928305	0.703503907607649	0.00342702949050857	0.000553058869133584	0.00498132721360137	-1.69891587524206	1.16441086613373	0.42040258883915	0.511009089696388	TRUE
194	1:2.7e+08	1	2.7e+08	0.98283704962292	0.997903909928305	0.703503907607649	0.00342702949050857	0.000553058869133584	0.00498132721360137	-1.69891587524206	1.16441086613373	0.42040258883915	0.511009089696388	TRUE
194	1:2.73e+08	1	2.73e+08	0.98283704962292	0.997903909928305	0.703503907607649	0.00342702949050857	0.000553058869133584	0.00498132721360137	-1.69891587524206	1.16441086613373	0.42040258883915	0.511009089696388	TRUE
194	1:281500000	1	281500000	0.98283704962292	0.997903909928305	0.703503907607649	0.00342702949050857	0.000553058869133584	0.00498132721360137	-1.69891587524206	1.16441086613373	0.42040258883915	0.511009089696388	TRUE
194	1:2.72e+08	1	2.72e+08	0.98283704962292	0.997903909928305	0.703503907607649	0.00342702949050857	0.000553058869133584	0.00498132721360137	-1.69891587524206	1.16441086613373	0.42040258883915	0.511009089696388	TRUE
208	1:206500000	1	206500000	0	0.985719114386073	0.00979699438624345	0	0.0132429516871567	0.00115912672862925	0.0722751769503177	2.26175792350849	0.584751102730396	0.721145099953483	TRUE
208	1:207500000	1	207500000	0	0.985719114386073	0.00979699438624345	0	0.0132429516871567	0.00115912672862925	0.0722751769503177	2.26175792350849	0.584751102730396	0.721145099953483	TRUE
208	1:2.06e+08	1	2.06e+08	0	0.985719114386073	0.00979699438624345	0	0.0132429516871567	0.00115912672862925	0.0722751769503177	2.26175792350849	0.584751102730396	0.721145099953483	TRUE
208	1:2.07e+08	1	2.07e+08	0	0.985719114386073	0.00979699438624345	0	0.0132429516871567	0.00115912672862925	0.0722751769503177	2.26175792350849	0.584751102730396	0.721145099953483	TRUE
208	1:2.08e+08	1	2.08e+08	0	0.985719114386073	0.00979699438624345	0	0.0132429516871567	0.00115912672862925	0.0722751769503177	2.26175792350849	0.584751102730396	0.721145099953483	TRUE
217	1:157500000	1	157500000	0.618951174648555	0.974948353611077	0.145155405498134	0.0581390367862968	0.00648895637562152	0.0036731915379831	-0.450820522930166	1.5082605518556	0.0341639049884636	0.55865660521296	TRUE
217	1:1.5e+08	1	1.5e+08	0.618951174648555	0.974948353611077	0.145155405498134	0.0581390367862968	0.00648895637562152	0.0036731915379831	-0.450820522930166	1.5082605518556	0.0341639049884636	0.55865660521296	TRUE
217	1:1.55e+08	1	1.55e+08	0.618951174648555	0.974948353611077	0.145155405498134	0.0581390367862968	0.00648895637562152	0.0036731915379831	-0.450820522930166	1.5082605518556	0.0341639049884636	0.55865660521296	TRUE
217	1:1.51e+08	1	1.51e+08	0.618951174648555	0.974948353611077	0.145155405498134	0.0581390367862968	0.00648895637562152	0.0036731915379831	-0.450820522930166	1.5082605518556	0.0341639049884636	0.55865660521296	TRUE
217	1:149500000	1	149500000	0.618951174648555	0.974948353611077	0.145155405498134	0.0581390367862968	0.00648895637562152	0.0036731915379831	-0.450820522930166	1.5082605518556	0.0341639049884636	0.55865660521296	TRUE
217	1:154500000	1	154500000	0.618951174648555	0.974948353611077	0.145155405498134	0.0581390367862968	0.00648895637562152	0.0036731915379831	-0.450820522930166	1.5082605518556	0.0341639049884636	0.55865660521296	TRUE
217	1:1.59e+08	1	1.59e+08	0.618951174648555	0.974948353611077	0.145155405498134	0.0581390367862968	0.00648895637562152	0.0036731915379831	-0.450820522930166	1.5082605518556	0.0341639049884636	0.55865660521296	TRUE
217	1:153500000	1	153500000	0.618951174648555	0.974948353611077	0.145155405498134	0.0581390367862968	0.00648895637562152	0.0036731915379831	-0.450820522930166	1.5082605518556	0.0341639049884636	0.55865660521296	TRUE
217	1:1.56e+08	1	1.56e+08	0.618951174648555	0.974948353611077	0.145155405498134	0.0581390367862968	0.00648895637562152	0.0036731915379831	-0.450820522930166	1.5082605518556	0.0341639049884636	0.55865660521296	TRUE
217	1:1.49e+08	1	1.49e+08	0.618951174648555	0.974948353611077	0.145155405498134	0.0581390367862968	0.00648895637562152	0.0036731915379831	-0.450820522930166	1.5082605518556	0.0341639049884636	0.55865660521296	TRUE
217	1:156500000	1	156500000	0.618951174648555	0.974948353611077	0.145155405498134	0.0581390367862968	0.00648895637562152	0.0036731915379831	-0.450820522930166	1.5082605518556	0.0341639049884636	0.55865660521296	TRUE
217	1:158500000	1	158500000	0.618951174648555	0.974948353611077	0.145155405498134	0.0581390367862968	0.00648895637562152	0.0036731915379831	-0.450820522930166	1.5082605518556	0.0341639049884636	0.55865660521296	TRUE
217	1:150500000	1	150500000	0.618951174648555	0.974948353611077	0.145155405498134	0.0581390367862968	0.00648895637562152	0.0036731915379831	-0.450820522930166	1.5082605518556	0.0341639049884636	0.55865660521296	TRUE
217	1:1.57e+08	1	1.57e+08	0.618951174648555	0.974948353611077	0.145155405498134	0.0581390367862968	0.00648895637562152	0.0036731915379831	-0.450820522930166	1.5082605518556	0.0341639049884636	0.55865660521296	TRUE
217	1:151500000	1	151500000	0.618951174648555	0.974948353611077	0.145155405498134	0.0581390367862968	0.00648895637562152	0.0036731915379831	-0.450820522930166	1.5082605518556	0.0341639049884636	0.55865660521296	TRUE
217	1:155500000	1	155500000	0.618951174648555	0.974948353611077	0.145155405498134	0.0581390367862968	0.00648895637562152	0.0036731915379831	-0.450820522930166	1.5082605518556	0.0341639049884636	0.55865660521296	TRUE
217	1:1.58e+08	1	1.58e+08	0.618951174648555	0.974948353611077	0.145155405498134	0.0581390367862968	0.00648895637562152	0.0036731915379831	-0.450820522930166	1.5082605518556	0.0341639049884636	0.55865660521296	TRUE
217	1:1.54e+08	1	1.54e+08	0.618951174648555	0.974948353611077	0.145155405498134	0.0581390367862968	0.00648895637562152	0.0036731915379831	-0.450820522930166	1.5082605518556	0.0341639049884636	0.55865660521296	TRUE
217	1:1.52e+08	1	1.52e+08	0.618951174648555	0.974948353611077	0.145155405498134	0.0581390367862968	0.00648895637562152	0.0036731915379831	-0.450820522930166	1.5082605518556	0.0341639049884636	0.55865660521296	TRUE
223	1:109500000	1	109500000	0.63495069979493	0.997589083309494	0.0162794066225534	0.233769287745707	0.00298714930451009	0.00183374042563048	-0.340609787759487	2.47809172588398	0.202438013566304	0.67775668337912	TRUE
223	1:1.08e+08	1	1.08e+08	0.63495069979493	0.997589083309494	0.0162794066225534	0.233769287745707	0.00298714930451009	0.00183374042563048	-0.340609787759487	2.47809172588398	0.202438013566304	0.67775668337912	TRUE
223	1:107500000	1	107500000	0.63495069979493	0.997589083309494	0.0162794066225534	0.233769287745707	0.00298714930451009	0.00183374042563048	-0.340609787759487	2.47809172588398	0.202438013566304	0.67775668337912	TRUE
223	1:1.07e+08	1	1.07e+08	0.63495069979493	0.997589083309494	0.0162794066225534	0.233769287745707	0.00298714930451009	0.00183374042563048	-0.340609787759487	2.47809172588398	0.202438013566304	0.67775668337912	TRUE
223	1:1.09e+08	1	1.09e+08	0.63495069979493	0.997589083309494	0.0162794066225534	0.233769287745707	0.00298714930451009	0.00183374042563048	-0.340609787759487	2.47809172588398	0.202438013566304	0.67775668337912	TRUE
223	1:108500000	1	108500000	0.63495069979493	0.997589083309494	0.0162794066225534	0.233769287745707	0.00298714930451009	0.00183374042563048	-0.340609787759487	2.47809172588398	0.202438013566304	0.67775668337912	TRUE
226	1:1.1e+07	1	1.1e+07	0.98009895043459	0.998407439150947	0.555457540979088	0.00390348611140564	0.00042890004053576	0.00534034547200382	-1.54437260124448	1.40491039368253	0.155669473552156	0.570393567486672	TRUE
226	1:11500000	1	11500000	0.98009895043459	0.998407439150947	0.555457540979088	0.00390348611140564	0.00042890004053576	0.00534034547200382	-1.54437260124448	1.40491039368253	0.155669473552156	0.570393567486672	TRUE
226	1:13500000	1	13500000	0.98009895043459	0.998407439150947	0.555457540979088	0.00390348611140564	0.00042890004053576	0.00534034547200382	-1.54437260124448	1.40491039368253	0.155669473552156	0.570393567486672	TRUE
226	1:6500000	1	6500000	0.98009895043459	0.998407439150947	0.555457540979088	0.00390348611140564	0.00042890004053576	0.00534034547200382	-1.54437260124448	1.40491039368253	0.155669473552156	0.570393567486672	TRUE
226	1:1500000	1	1500000	0.98009895043459	0.998407439150947	0.555457540979088	0.00390348611140564	0.00042890004053576	0.00534034547200382	-1.54437260124448	1.40491039368253	0.155669473552156	0.570393567486672	TRUE
226	1:7e+06	1	7e+06	0.98009895043459	0.998407439150947	0.555457540979088	0.00390348611140564	0.00042890004053576	0.00534034547200382	-1.54437260124448	1.40491039368253	0.155669473552156	0.570393567486672	TRUE
226	1:7500000	1	7500000	0.98009895043459	0.998407439150947	0.555457540979088	0.00390348611140564	0.00042890004053576	0.00534034547200382	-1.54437260124448	1.40491039368253	0.155669473552156	0.570393567486672	TRUE
226	1:1.4e+07	1	1.4e+07	0.98009895043459	0.998407439150947	0.555457540979088	0.00390348611140564	0.00042890004053576	0.00534034547200382	-1.54437260124448	1.40491039368253	0.155669473552156	0.570393567486672	TRUE
226	1:15500000	1	15500000	0.98009895043459	0.998407439150947	0.555457540979088	0.00390348611140564	0.00042890004053576	0.00534034547200382	-1.54437260124448	1.40491039368253	0.155669473552156	0.570393567486672	TRUE
226	1:6e+06	1	6e+06	0.98009895043459	0.998407439150947	0.555457540979088	0.00390348611140564	0.00042890004053576	0.00534034547200382	-1.54437260124448	1.40491039368253	0.155669473552156	0.570393567486672	TRUE
226	1:4500000	1	4500000	0.98009895043459	0.998407439150947	0.555457540979088	0.00390348611140564	0.00042890004053576	0.00534034547200382	-1.54437260124448	1.40491039368253	0.155669473552156	0.570393567486672	TRUE
226	1:14500000	1	14500000	0.98009895043459	0.998407439150947	0.555457540979088	0.00390348611140564	0.00042890004053576	0.00534034547200382	-1.54437260124448	1.40491039368253	0.155669473552156	0.570393567486672	TRUE
226	1:9500000	1	9500000	0.98009895043459	0.998407439150947	0.555457540979088	0.00390348611140564	0.00042890004053576	0.00534034547200382	-1.54437260124448	1.40491039368253	0.155669473552156	0.570393567486672	TRUE
226	1:5500000	1	5500000	0.98009895043459	0.998407439150947	0.555457540979088	0.00390348611140564	0.00042890004053576	0.00534034547200382	-1.54437260124448	1.40491039368253	0.155669473552156	0.570393567486672	TRUE
226	1:8500000	1	8500000	0.98009895043459	0.998407439150947	0.555457540979088	0.00390348611140564	0.00042890004053576	0.00534034547200382	-1.54437260124448	1.40491039368253	0.155669473552156	0.570393567486672	TRUE
226	1:2500000	1	2500000	0.98009895043459	0.998407439150947	0.555457540979088	0.00390348611140564	0.00042890004053576	0.00534034547200382	-1.54437260124448	1.40491039368253	0.155669473552156	0.570393567486672	TRUE
226	1:3500000	1	3500000	0.98009895043459	0.998407439150947	0.555457540979088	0.00390348611140564	0.00042890004053576	0.00534034547200382	-1.54437260124448	1.40491039368253	0.155669473552156	0.570393567486672	TRUE
226	1:1.2e+07	1	1.2e+07	0.98009895043459	0.998407439150947	0.555457540979088	0.00390348611140564	0.00042890004053576	0.00534034547200382	-1.54437260124448	1.40491039368253	0.155669473552156	0.570393567486672	TRUE
226	1:2e+06	1	2e+06	0.98009895043459	0.998407439150947	0.555457540979088	0.00390348611140564	0.00042890004053576	0.00534034547200382	-1.54437260124448	1.40491039368253	0.155669473552156	0.570393567486672	TRUE
226	1:8e+06	1	8e+06	0.98009895043459	0.998407439150947	0.555457540979088	0.00390348611140564	0.00042890004053576	0.00534034547200382	-1.54437260124448	1.40491039368253	0.155669473552156	0.570393567486672	TRUE
226	1:10500000	1	10500000	0.98009895043459	0.998407439150947	0.555457540979088	0.00390348611140564	0.00042890004053576	0.00534034547200382	-1.54437260124448	1.40491039368253	0.155669473552156	0.570393567486672	TRUE
226	1:5e+06	1	5e+06	0.98009895043459	0.998407439150947	0.555457540979088	0.00390348611140564	0.00042890004053576	0.00534034547200382	-1.54437260124448	1.40491039368253	0.155669473552156	0.570393567486672	TRUE
226	1:9e+06	1	9e+06	0.98009895043459	0.998407439150947	0.555457540979088	0.00390348611140564	0.00042890004053576	0.00534034547200382	-1.54437260124448	1.40491039368253	0.155669473552156	0.570393567486672	TRUE
226	1:1.5e+07	1	1.5e+07	0.98009895043459	0.998407439150947	0.555457540979088	0.00390348611140564	0.00042890004053576	0.00534034547200382	-1.54437260124448	1.40491039368253	0.155669473552156	0.570393567486672	TRUE
226	1:16500000	1	16500000	0.98009895043459	0.998407439150947	0.555457540979088	0.00390348611140564	0.00042890004053576	0.00534034547200382	-1.54437260124448	1.40491039368253	0.155669473552156	0.570393567486672	TRUE
226	1:4e+06	1	4e+06	0.98009895043459	0.998407439150947	0.555457540979088	0.00390348611140564	0.00042890004053576	0.00534034547200382	-1.54437260124448	1.40491039368253	0.155669473552156	0.570393567486672	TRUE
226	1:12500000	1	12500000	0.98009895043459	0.998407439150947	0.555457540979088	0.00390348611140564	0.00042890004053576	0.00534034547200382	-1.54437260124448	1.40491039368253	0.155669473552156	0.570393567486672	TRUE
226	1:1.6e+07	1	1.6e+07	0.98009895043459	0.998407439150947	0.555457540979088	0.00390348611140564	0.00042890004053576	0.00534034547200382	-1.54437260124448	1.40491039368253	0.155669473552156	0.570393567486672	TRUE
226	1:1e+07	1	1e+07	0.98009895043459	0.998407439150947	0.555457540979088	0.00390348611140564	0.00042890004053576	0.00534034547200382	-1.54437260124448	1.40491039368253	0.155669473552156	0.570393567486672	TRUE
226	1:1.3e+07	1	1.3e+07	0.98009895043459	0.998407439150947	0.555457540979088	0.00390348611140564	0.00042890004053576	0.00534034547200382	-1.54437260124448	1.40491039368253	0.155669473552156	0.570393567486672	TRUE
226	1:3e+06	1	3e+06	0.98009895043459	0.998407439150947	0.555457540979088	0.00390348611140564	0.00042890004053576	0.00534034547200382	-1.54437260124448	1.40491039368253	0.155669473552156	0.570393567486672	TRUE
238	1:197500000	1	197500000	0.994029539940815	0.999999954288465	0.00047438854005337	0.0519799007668063	7.48641835695626e-07	0.000722981715765502	-1.01885202520262	4.32414340242519	0.21706007996113	0.719808382701068	TRUE
238	1:1.94e+08	1	1.94e+08	0.994029539940815	0.999999954288465	0.00047438854005337	0.0519799007668063	7.48641835695626e-07	0.000722981715765502	-1.01885202520262	4.32414340242519	0.21706007996113	0.719808382701068	TRUE
238	1:196500000	1	196500000	0.994029539940815	0.999999954288465	0.00047438854005337	0.0519799007668063	7.48641835695626e-07	0.000722981715765502	-1.01885202520262	4.32414340242519	0.21706007996113	0.719808382701068	TRUE
238	1:1.97e+08	1	1.97e+08	0.994029539940815	0.999999954288465	0.00047438854005337	0.0519799007668063	7.48641835695626e-07	0.000722981715765502	-1.01885202520262	4.32414340242519	0.21706007996113	0.719808382701068	TRUE
238	1:1.93e+08	1	1.93e+08	0.994029539940815	0.999999954288465	0.00047438854005337	0.0519799007668063	7.48641835695626e-07	0.000722981715765502	-1.01885202520262	4.32414340242519	0.21706007996113	0.719808382701068	TRUE
238	1:193500000	1	193500000	0.994029539940815	0.999999954288465	0.00047438854005337	0.0519799007668063	7.48641835695626e-07	0.000722981715765502	-1.01885202520262	4.32414340242519	0.21706007996113	0.719808382701068	TRUE
238	1:194500000	1	194500000	0.994029539940815	0.999999954288465	0.00047438854005337	0.0519799007668063	7.48641835695626e-07	0.000722981715765502	-1.01885202520262	4.32414340242519	0.21706007996113	0.719808382701068	TRUE
238	1:1.95e+08	1	1.95e+08	0.994029539940815	0.999999954288465	0.00047438854005337	0.0519799007668063	7.48641835695626e-07	0.000722981715765502	-1.01885202520262	4.32414340242519	0.21706007996113	0.719808382701068	TRUE
255	1:1.39e+08	1	1.39e+08	0.99972705535427	0.999999999728163	0.000479063473360801	0.00252303334692864	4.52073248826577e-09	0.000649849075094989	-1.45170411827101	4.7542462459483	0.075852589231974	0.629513212156526	TRUE
255	1:138500000	1	138500000	0.99972705535427	0.999999999728163	0.000479063473360801	0.00252303334692864	4.52073248826577e-09	0.000649849075094989	-1.45170411827101	4.7542462459483	0.075852589231974	0.629513212156526	TRUE
255	1:1.38e+08	1	1.38e+08	0.99972705535427	0.999999999728163	0.000479063473360801	0.00252303334692864	4.52073248826577e-09	0.000649849075094989	-1.45170411827101	4.7542462459483	0.075852589231974	0.629513212156526	TRUE
255	1:137500000	1	137500000	0.99972705535427	0.999999999728163	0.000479063473360801	0.00252303334692864	4.52073248826577e-09	0.000649849075094989	-1.45170411827101	4.7542462459483	0.075852589231974	0.629513212156526	TRUE
255	1:1.37e+08	1	1.37e+08	0.99972705535427	0.999999999728163	0.000479063473360801	0.00252303334692864	4.52073248826577e-09	0.000649849075094989	-1.45170411827101	4.7542462459483	0.075852589231974	0.629513212156526	TRUE
271	1:1.1e+08	1	1.1e+08	0.950236834257434	0.999920365046387	0.0170272661039043	0.0446051734350966	0.000126758293450852	0.00195061847781065	-0.828363231945839	2.94778863077416	0.0421380343991751	0.689127416376146	TRUE
271	1:1.08e+08	1	1.08e+08	0.950236834257434	0.999920365046387	0.0170272661039043	0.0446051734350966	0.000126758293450852	0.00195061847781065	-0.828363231945839	2.94778863077416	0.0421380343991751	0.689127416376146	TRUE
271	1:109500000	1	109500000	0.950236834257434	0.999920365046387	0.0170272661039043	0.0446051734350966	0.000126758293450852	0.00195061847781065	-0.828363231945839	2.94778863077416	0.0421380343991751	0.689127416376146	TRUE
271	1:1.07e+08	1	1.07e+08	0.950236834257434	0.999920365046387	0.0170272661039043	0.0446051734350966	0.000126758293450852	0.00195061847781065	-0.828363231945839	2.94778863077416	0.0421380343991751	0.689127416376146	TRUE
271	1:1.09e+08	1	1.09e+08	0.950236834257434	0.999920365046387	0.0170272661039043	0.0446051734350966	0.000126758293450852	0.00195061847781065	-0.828363231945839	2.94778863077416	0.0421380343991751	0.689127416376146	TRUE
271	1:110500000	1	110500000	0.950236834257434	0.999920365046387	0.0170272661039043	0.0446051734350966	0.000126758293450852	0.00195061847781065	-0.828363231945839	2.94778863077416	0.0421380343991751	0.689127416376146	TRUE
271	1:107500000	1	107500000	0.950236834257434	0.999920365046387	0.0170272661039043	0.0446051734350966	0.000126758293450852	0.00195061847781065	-0.828363231945839	2.94778863077416	0.0421380343991751	0.689127416376146	TRUE
271	1:108500000	1	108500000	0.950236834257434	0.999920365046387	0.0170272661039043	0.0446051734350966	0.000126758293450852	0.00195061847781065	-0.828363231945839	2.94778863077416	0.0421380343991751	0.689127416376146	TRUE
280	1:2.46e+08	1	2.46e+08	0	0.954366281079693	0.00912859582678568	0	0.0323304254030868	0.00110765211350555	0.335805397658007	2.02455493605426	0.761117069601673	0.609572929238133	TRUE
280	1:241500000	1	241500000	0	0.954366281079693	0.00912859582678568	0	0.0323304254030868	0.00110765211350555	0.335805397658007	2.02455493605426	0.761117069601673	0.609572929238133	TRUE
280	1:2.41e+08	1	2.41e+08	0	0.954366281079693	0.00912859582678568	0	0.0323304254030868	0.00110765211350555	0.335805397658007	2.02455493605426	0.761117069601673	0.609572929238133	TRUE
280	1:245500000	1	245500000	0	0.954366281079693	0.00912859582678568	0	0.0323304254030868	0.00110765211350555	0.335805397658007	2.02455493605426	0.761117069601673	0.609572929238133	TRUE
280	1:2.42e+08	1	2.42e+08	0	0.954366281079693	0.00912859582678568	0	0.0323304254030868	0.00110765211350555	0.335805397658007	2.02455493605426	0.761117069601673	0.609572929238133	TRUE
29	1:302500000	1	302500000	0.92784276890644	0.987446542573749	0.641547099949822	0.0110377056474072	0.00261784905479691	0.00511888453725476	-1.30117546955744	0.938578266740996	0.494719560651431	0.239858880901275	TRUE
29	1:306500000	1	306500000	0.92784276890644	0.987446542573749	0.641547099949822	0.0110377056474072	0.00261784905479691	0.00511888453725476	-1.30117546955744	0.938578266740996	0.494719560651431	0.239858880901275	TRUE
29	1:3.06e+08	1	3.06e+08	0.92784276890644	0.987446542573749	0.641547099949822	0.0110377056474072	0.00261784905479691	0.00511888453725476	-1.30117546955744	0.938578266740996	0.494719560651431	0.239858880901275	TRUE
29	1:3.07e+08	1	3.07e+08	0.92784276890644	0.987446542573749	0.641547099949822	0.0110377056474072	0.00261784905479691	0.00511888453725476	-1.30117546955744	0.938578266740996	0.494719560651431	0.239858880901275	TRUE
29	1:304500000	1	304500000	0.92784276890644	0.987446542573749	0.641547099949822	0.0110377056474072	0.00261784905479691	0.00511888453725476	-1.30117546955744	0.938578266740996	0.494719560651431	0.239858880901275	TRUE
29	1:3.05e+08	1	3.05e+08	0.92784276890644	0.987446542573749	0.641547099949822	0.0110377056474072	0.00261784905479691	0.00511888453725476	-1.30117546955744	0.938578266740996	0.494719560651431	0.239858880901275	TRUE
29	1:301500000	1	301500000	0.92784276890644	0.987446542573749	0.641547099949822	0.0110377056474072	0.00261784905479691	0.00511888453725476	-1.30117546955744	0.938578266740996	0.494719560651431	0.239858880901275	TRUE
29	1:303500000	1	303500000	0.92784276890644	0.987446542573749	0.641547099949822	0.0110377056474072	0.00261784905479691	0.00511888453725476	-1.30117546955744	0.938578266740996	0.494719560651431	0.239858880901275	TRUE
29	1:3.02e+08	1	3.02e+08	0.92784276890644	0.987446542573749	0.641547099949822	0.0110377056474072	0.00261784905479691	0.00511888453725476	-1.30117546955744	0.938578266740996	0.494719560651431	0.239858880901275	TRUE
29	1:305500000	1	305500000	0.92784276890644	0.987446542573749	0.641547099949822	0.0110377056474072	0.00261784905479691	0.00511888453725476	-1.30117546955744	0.938578266740996	0.494719560651431	0.239858880901275	TRUE
29	1:3.04e+08	1	3.04e+08	0.92784276890644	0.987446542573749	0.641547099949822	0.0110377056474072	0.00261784905479691	0.00511888453725476	-1.30117546955744	0.938578266740996	0.494719560651431	0.239858880901275	TRUE
291	1:156500000	1	156500000	0	0.957567204574619	0.0386284082663108	0	0.016346783691692	0.00203442103370873	0.0218512429487555	1.74497807880365	0.68028748816456	0.582541948899328	TRUE
291	1:1.49e+08	1	1.49e+08	0	0.957567204574619	0.0386284082663108	0	0.016346783691692	0.00203442103370873	0.0218512429487555	1.74497807880365	0.68028748816456	0.582541948899328	TRUE
291	1:1.56e+08	1	1.56e+08	0	0.957567204574619	0.0386284082663108	0	0.016346783691692	0.00203442103370873	0.0218512429487555	1.74497807880365	0.68028748816456	0.582541948899328	TRUE
291	1:150500000	1	150500000	0	0.957567204574619	0.0386284082663108	0	0.016346783691692	0.00203442103370873	0.0218512429487555	1.74497807880365	0.68028748816456	0.582541948899328	TRUE
291	1:154500000	1	154500000	0	0.957567204574619	0.0386284082663108	0	0.016346783691692	0.00203442103370873	0.0218512429487555	1.74497807880365	0.68028748816456	0.582541948899328	TRUE
291	1:1.58e+08	1	1.58e+08	0	0.957567204574619	0.0386284082663108	0	0.016346783691692	0.00203442103370873	0.0218512429487555	1.74497807880365	0.68028748816456	0.582541948899328	TRUE
291	1:158500000	1	158500000	0	0.957567204574619	0.0386284082663108	0	0.016346783691692	0.00203442103370873	0.0218512429487555	1.74497807880365	0.68028748816456	0.582541948899328	TRUE
291	1:1.5e+08	1	1.5e+08	0	0.957567204574619	0.0386284082663108	0	0.016346783691692	0.00203442103370873	0.0218512429487555	1.74497807880365	0.68028748816456	0.582541948899328	TRUE
291	1:1.55e+08	1	1.55e+08	0	0.957567204574619	0.0386284082663108	0	0.016346783691692	0.00203442103370873	0.0218512429487555	1.74497807880365	0.68028748816456	0.582541948899328	TRUE
291	1:1.54e+08	1	1.54e+08	0	0.957567204574619	0.0386284082663108	0	0.016346783691692	0.00203442103370873	0.0218512429487555	1.74497807880365	0.68028748816456	0.582541948899328	TRUE
291	1:1.48e+08	1	1.48e+08	0	0.957567204574619	0.0386284082663108	0	0.016346783691692	0.00203442103370873	0.0218512429487555	1.74497807880365	0.68028748816456	0.582541948899328	TRUE
291	1:155500000	1	155500000	0	0.957567204574619	0.0386284082663108	0	0.016346783691692	0.00203442103370873	0.0218512429487555	1.74497807880365	0.68028748816456	0.582541948899328	TRUE
291	1:1.51e+08	1	1.51e+08	0	0.957567204574619	0.0386284082663108	0	0.016346783691692	0.00203442103370873	0.0218512429487555	1.74497807880365	0.68028748816456	0.582541948899328	TRUE
291	1:157500000	1	157500000	0	0.957567204574619	0.0386284082663108	0	0.016346783691692	0.00203442103370873	0.0218512429487555	1.74497807880365	0.68028748816456	0.582541948899328	TRUE
291	1:1.57e+08	1	1.57e+08	0	0.957567204574619	0.0386284082663108	0	0.016346783691692	0.00203442103370873	0.0218512429487555	1.74497807880365	0.68028748816456	0.582541948899328	TRUE
291	1:149500000	1	149500000	0	0.957567204574619	0.0386284082663108	0	0.016346783691692	0.00203442103370873	0.0218512429487555	1.74497807880365	0.68028748816456	0.582541948899328	TRUE
291	1:1.59e+08	1	1.59e+08	0	0.957567204574619	0.0386284082663108	0	0.016346783691692	0.00203442103370873	0.0218512429487555	1.74497807880365	0.68028748816456	0.582541948899328	TRUE
291	1:1.52e+08	1	1.52e+08	0	0.957567204574619	0.0386284082663108	0	0.016346783691692	0.00203442103370873	0.0218512429487555	1.74497807880365	0.68028748816456	0.582541948899328	TRUE
291	1:153500000	1	153500000	0	0.957567204574619	0.0386284082663108	0	0.016346783691692	0.00203442103370873	0.0218512429487555	1.74497807880365	0.68028748816456	0.582541948899328	TRUE
291	1:151500000	1	151500000	0	0.957567204574619	0.0386284082663108	0	0.016346783691692	0.00203442103370873	0.0218512429487555	1.74497807880365	0.68028748816456	0.582541948899328	TRUE
30	1:1.62e+08	1	1.62e+08	0.624337726885735	0.987070250041232	0.0791724976440437	0.0779406285916259	0.0047300405302718	0.00285349472133622	-0.408827803610242	1.81948744923454	0.257953989539123	0.319705136371179	TRUE
30	1:1.68e+08	1	1.68e+08	0.624337726885735	0.987070250041232	0.0791724976440437	0.0779406285916259	0.0047300405302718	0.00285349472133622	-0.408827803610242	1.81948744923454	0.257953989539123	0.319705136371179	TRUE
30	1:163500000	1	163500000	0.624337726885735	0.987070250041232	0.0791724976440437	0.0779406285916259	0.0047300405302718	0.00285349472133622	-0.408827803610242	1.81948744923454	0.257953989539123	0.319705136371179	TRUE
30	1:1.67e+08	1	1.67e+08	0.624337726885735	0.987070250041232	0.0791724976440437	0.0779406285916259	0.0047300405302718	0.00285349472133622	-0.408827803610242	1.81948744923454	0.257953989539123	0.319705136371179	TRUE
30	1:168500000	1	168500000	0.624337726885735	0.987070250041232	0.0791724976440437	0.0779406285916259	0.0047300405302718	0.00285349472133622	-0.408827803610242	1.81948744923454	0.257953989539123	0.319705136371179	TRUE
30	1:167500000	1	167500000	0.624337726885735	0.987070250041232	0.0791724976440437	0.0779406285916259	0.0047300405302718	0.00285349472133622	-0.408827803610242	1.81948744923454	0.257953989539123	0.319705136371179	TRUE
30	1:166500000	1	166500000	0.624337726885735	0.987070250041232	0.0791724976440437	0.0779406285916259	0.0047300405302718	0.00285349472133622	-0.408827803610242	1.81948744923454	0.257953989539123	0.319705136371179	TRUE
308	1:1.59e+08	1	1.59e+08	0.359543561931731	0.987113090321112	0.0305417002688442	0.200831391040484	0.00786430793115032	0.00194677405113065	-0.178355796987879	2.05124706999964	0.885135801992692	0.610164115496452	TRUE
308	1:149500000	1	149500000	0.359543561931731	0.987113090321112	0.0305417002688442	0.200831391040484	0.00786430793115032	0.00194677405113065	-0.178355796987879	2.05124706999964	0.885135801992692	0.610164115496452	TRUE
308	1:150500000	1	150500000	0.359543561931731	0.987113090321112	0.0305417002688442	0.200831391040484	0.00786430793115032	0.00194677405113065	-0.178355796987879	2.05124706999964	0.885135801992692	0.610164115496452	TRUE
308	1:154500000	1	154500000	0.359543561931731	0.987113090321112	0.0305417002688442	0.200831391040484	0.00786430793115032	0.00194677405113065	-0.178355796987879	2.05124706999964	0.885135801992692	0.610164115496452	TRUE
308	1:1.54e+08	1	1.54e+08	0.359543561931731	0.987113090321112	0.0305417002688442	0.200831391040484	0.00786430793115032	0.00194677405113065	-0.178355796987879	2.05124706999964	0.885135801992692	0.610164115496452	TRUE
308	1:151500000	1	151500000	0.359543561931731	0.987113090321112	0.0305417002688442	0.200831391040484	0.00786430793115032	0.00194677405113065	-0.178355796987879	2.05124706999964	0.885135801992692	0.610164115496452	TRUE
308	1:1.5e+08	1	1.5e+08	0.359543561931731	0.987113090321112	0.0305417002688442	0.200831391040484	0.00786430793115032	0.00194677405113065	-0.178355796987879	2.05124706999964	0.885135801992692	0.610164115496452	TRUE
308	1:1.55e+08	1	1.55e+08	0.359543561931731	0.987113090321112	0.0305417002688442	0.200831391040484	0.00786430793115032	0.00194677405113065	-0.178355796987879	2.05124706999964	0.885135801992692	0.610164115496452	TRUE
308	1:1.51e+08	1	1.51e+08	0.359543561931731	0.987113090321112	0.0305417002688442	0.200831391040484	0.00786430793115032	0.00194677405113065	-0.178355796987879	2.05124706999964	0.885135801992692	0.610164115496452	TRUE
308	1:1.52e+08	1	1.52e+08	0.359543561931731	0.987113090321112	0.0305417002688442	0.200831391040484	0.00786430793115032	0.00194677405113065	-0.178355796987879	2.05124706999964	0.885135801992692	0.610164115496452	TRUE
308	1:1.48e+08	1	1.48e+08	0.359543561931731	0.987113090321112	0.0305417002688442	0.200831391040484	0.00786430793115032	0.00194677405113065	-0.178355796987879	2.05124706999964	0.885135801992692	0.610164115496452	TRUE
308	1:155500000	1	155500000	0.359543561931731	0.987113090321112	0.0305417002688442	0.200831391040484	0.00786430793115032	0.00194677405113065	-0.178355796987879	2.05124706999964	0.885135801992692	0.610164115496452	TRUE
308	1:1.49e+08	1	1.49e+08	0.359543561931731	0.987113090321112	0.0305417002688442	0.200831391040484	0.00786430793115032	0.00194677405113065	-0.178355796987879	2.05124706999964	0.885135801992692	0.610164115496452	TRUE
308	1:159500000	1	159500000	0.359543561931731	0.987113090321112	0.0305417002688442	0.200831391040484	0.00786430793115032	0.00194677405113065	-0.178355796987879	2.05124706999964	0.885135801992692	0.610164115496452	TRUE
308	1:156500000	1	156500000	0.359543561931731	0.987113090321112	0.0305417002688442	0.200831391040484	0.00786430793115032	0.00194677405113065	-0.178355796987879	2.05124706999964	0.885135801992692	0.610164115496452	TRUE
308	1:157500000	1	157500000	0.359543561931731	0.987113090321112	0.0305417002688442	0.200831391040484	0.00786430793115032	0.00194677405113065	-0.178355796987879	2.05124706999964	0.885135801992692	0.610164115496452	TRUE
308	1:1.57e+08	1	1.57e+08	0.359543561931731	0.987113090321112	0.0305417002688442	0.200831391040484	0.00786430793115032	0.00194677405113065	-0.178355796987879	2.05124706999964	0.885135801992692	0.610164115496452	TRUE
308	1:153500000	1	153500000	0.359543561931731	0.987113090321112	0.0305417002688442	0.200831391040484	0.00786430793115032	0.00194677405113065	-0.178355796987879	2.05124706999964	0.885135801992692	0.610164115496452	TRUE
308	1:158500000	1	158500000	0.359543561931731	0.987113090321112	0.0305417002688442	0.200831391040484	0.00786430793115032	0.00194677405113065	-0.178355796987879	2.05124706999964	0.885135801992692	0.610164115496452	TRUE
308	1:1.56e+08	1	1.56e+08	0.359543561931731	0.987113090321112	0.0305417002688442	0.200831391040484	0.00786430793115032	0.00194677405113065	-0.178355796987879	2.05124706999964	0.885135801992692	0.610164115496452	TRUE
308	1:1.58e+08	1	1.58e+08	0.359543561931731	0.987113090321112	0.0305417002688442	0.200831391040484	0.00786430793115032	0.00194677405113065	-0.178355796987879	2.05124706999964	0.885135801992692	0.610164115496452	TRUE
308	1:1.6e+08	1	1.6e+08	0.359543561931731	0.987113090321112	0.0305417002688442	0.200831391040484	0.00786430793115032	0.00194677405113065	-0.178355796987879	2.05124706999964	0.885135801992692	0.610164115496452	TRUE
38	1:1.65e+08	1	1.65e+08	0.697832642483639	0.991077148049963	0.0797576527578361	0.0663884014869494	0.00340956243158315	0.00287567755406775	-0.481050253491404	1.88775382750618	0.211484088654006	0.330354871438174	TRUE
38	1:1.62e+08	1	1.62e+08	0.697832642483639	0.991077148049963	0.0797576527578361	0.0663884014869494	0.00340956243158315	0.00287567755406775	-0.481050253491404	1.88775382750618	0.211484088654006	0.330354871438174	TRUE
38	1:163500000	1	163500000	0.697832642483639	0.991077148049963	0.0797576527578361	0.0663884014869494	0.00340956243158315	0.00287567755406775	-0.481050253491404	1.88775382750618	0.211484088654006	0.330354871438174	TRUE
38	1:167500000	1	167500000	0.697832642483639	0.991077148049963	0.0797576527578361	0.0663884014869494	0.00340956243158315	0.00287567755406775	-0.481050253491404	1.88775382750618	0.211484088654006	0.330354871438174	TRUE
38	1:1.67e+08	1	1.67e+08	0.697832642483639	0.991077148049963	0.0797576527578361	0.0663884014869494	0.00340956243158315	0.00287567755406775	-0.481050253491404	1.88775382750618	0.211484088654006	0.330354871438174	TRUE
38	1:168500000	1	168500000	0.697832642483639	0.991077148049963	0.0797576527578361	0.0663884014869494	0.00340956243158315	0.00287567755406775	-0.481050253491404	1.88775382750618	0.211484088654006	0.330354871438174	TRUE
38	1:166500000	1	166500000	0.697832642483639	0.991077148049963	0.0797576527578361	0.0663884014869494	0.00340956243158315	0.00287567755406775	-0.481050253491404	1.88775382750618	0.211484088654006	0.330354871438174	TRUE
38	1:1.68e+08	1	1.68e+08	0.697832642483639	0.991077148049963	0.0797576527578361	0.0663884014869494	0.00340956243158315	0.00287567755406775	-0.481050253491404	1.88775382750618	0.211484088654006	0.330354871438174	TRUE
387	1:23500000	1	23500000	0.93687017718675	0.971649252875485	0.950494287659129	0.0148145163289765	0.00801898477036477	0.00245014680651369	-1.77763503478756	0.127969801093908	0.85639302557913	0.54186483220619	TRUE
387	1:2.6e+07	1	2.6e+07	0.93687017718675	0.971649252875485	0.950494287659129	0.0148145163289765	0.00801898477036477	0.00245014680651369	-1.77763503478756	0.127969801093908	0.85639302557913	0.54186483220619	TRUE
387	1:2.7e+07	1	2.7e+07	0.93687017718675	0.971649252875485	0.950494287659129	0.0148145163289765	0.00801898477036477	0.00245014680651369	-1.77763503478756	0.127969801093908	0.85639302557913	0.54186483220619	TRUE
387	1:25500000	1	25500000	0.93687017718675	0.971649252875485	0.950494287659129	0.0148145163289765	0.00801898477036477	0.00245014680651369	-1.77763503478756	0.127969801093908	0.85639302557913	0.54186483220619	TRUE
387	1:26500000	1	26500000	0.93687017718675	0.971649252875485	0.950494287659129	0.0148145163289765	0.00801898477036477	0.00245014680651369	-1.77763503478756	0.127969801093908	0.85639302557913	0.54186483220619	TRUE
387	1:24500000	1	24500000	0.93687017718675	0.971649252875485	0.950494287659129	0.0148145163289765	0.00801898477036477	0.00245014680651369	-1.77763503478756	0.127969801093908	0.85639302557913	0.54186483220619	TRUE
387	1:2.4e+07	1	2.4e+07	0.93687017718675	0.971649252875485	0.950494287659129	0.0148145163289765	0.00801898477036477	0.00245014680651369	-1.77763503478756	0.127969801093908	0.85639302557913	0.54186483220619	TRUE
387	1:2.5e+07	1	2.5e+07	0.93687017718675	0.971649252875485	0.950494287659129	0.0148145163289765	0.00801898477036477	0.00245014680651369	-1.77763503478756	0.127969801093908	0.85639302557913	0.54186483220619	TRUE
387	1:28500000	1	28500000	0.93687017718675	0.971649252875485	0.950494287659129	0.0148145163289765	0.00801898477036477	0.00245014680651369	-1.77763503478756	0.127969801093908	0.85639302557913	0.54186483220619	TRUE
387	1:27500000	1	27500000	0.93687017718675	0.971649252875485	0.950494287659129	0.0148145163289765	0.00801898477036477	0.00245014680651369	-1.77763503478756	0.127969801093908	0.85639302557913	0.54186483220619	TRUE
387	1:29500000	1	29500000	0.93687017718675	0.971649252875485	0.950494287659129	0.0148145163289765	0.00801898477036477	0.00245014680651369	-1.77763503478756	0.127969801093908	0.85639302557913	0.54186483220619	TRUE
387	1:2.9e+07	1	2.9e+07	0.93687017718675	0.971649252875485	0.950494287659129	0.0148145163289765	0.00801898477036477	0.00245014680651369	-1.77763503478756	0.127969801093908	0.85639302557913	0.54186483220619	TRUE
387	1:2.8e+07	1	2.8e+07	0.93687017718675	0.971649252875485	0.950494287659129	0.0148145163289765	0.00801898477036477	0.00245014680651369	-1.77763503478756	0.127969801093908	0.85639302557913	0.54186483220619	TRUE
4	1:156500000	1	156500000	0.962383111792997	0.982108292653437	0.975986481110599	0.0119391525936664	0.00666053343983178	0.00175942611632766	-2.03825456546914	0.0611254527952291	0.651106533197356	0.11536339495241	TRUE
4	1:158500000	1	158500000	0.962383111792997	0.982108292653437	0.975986481110599	0.0119391525936664	0.00666053343983178	0.00175942611632766	-2.03825456546914	0.0611254527952291	0.651106533197356	0.11536339495241	TRUE
4	1:157500000	1	157500000	0.962383111792997	0.982108292653437	0.975986481110599	0.0119391525936664	0.00666053343983178	0.00175942611632766	-2.03825456546914	0.0611254527952291	0.651106533197356	0.11536339495241	TRUE
4	1:1.59e+08	1	1.59e+08	0.962383111792997	0.982108292653437	0.975986481110599	0.0119391525936664	0.00666053343983178	0.00175942611632766	-2.03825456546914	0.0611254527952291	0.651106533197356	0.11536339495241	TRUE
4	1:1.58e+08	1	1.58e+08	0.962383111792997	0.982108292653437	0.975986481110599	0.0119391525936664	0.00666053343983178	0.00175942611632766	-2.03825456546914	0.0611254527952291	0.651106533197356	0.11536339495241	TRUE
402	1:1.05e+08	1	1.05e+08	0.691131324958516	0.999584378240899	0.00390987940194837	0.455908751886439	0.00122701187613149	0.00112088034978195	-0.341210639987425	3.0009653067825	0.985548086606887	0.749055830994627	TRUE
402	1:1.06e+08	1	1.06e+08	0.691131324958516	0.999584378240899	0.00390987940194837	0.455908751886439	0.00122701187613149	0.00112088034978195	-0.341210639987425	3.0009653067825	0.985548086606887	0.749055830994627	TRUE
402	1:1.07e+08	1	1.07e+08	0.691131324958516	0.999584378240899	0.00390987940194837	0.455908751886439	0.00122701187613149	0.00112088034978195	-0.341210639987425	3.0009653067825	0.985548086606887	0.749055830994627	TRUE
402	1:1.08e+08	1	1.08e+08	0.691131324958516	0.999584378240899	0.00390987940194837	0.455908751886439	0.00122701187613149	0.00112088034978195	-0.341210639987425	3.0009653067825	0.985548086606887	0.749055830994627	TRUE
402	1:108500000	1	108500000	0.691131324958516	0.999584378240899	0.00390987940194837	0.455908751886439	0.00122701187613149	0.00112088034978195	-0.341210639987425	3.0009653067825	0.985548086606887	0.749055830994627	TRUE
402	1:1.09e+08	1	1.09e+08	0.691131324958516	0.999584378240899	0.00390987940194837	0.455908751886439	0.00122701187613149	0.00112088034978195	-0.341210639987425	3.0009653067825	0.985548086606887	0.749055830994627	TRUE
402	1:110500000	1	110500000	0.691131324958516	0.999584378240899	0.00390987940194837	0.455908751886439	0.00122701187613149	0.00112088034978195	-0.341210639987425	3.0009653067825	0.985548086606887	0.749055830994627	TRUE
402	1:105500000	1	105500000	0.691131324958516	0.999584378240899	0.00390987940194837	0.455908751886439	0.00122701187613149	0.00112088034978195	-0.341210639987425	3.0009653067825	0.985548086606887	0.749055830994627	TRUE
402	1:109500000	1	109500000	0.691131324958516	0.999584378240899	0.00390987940194837	0.455908751886439	0.00122701187613149	0.00112088034978195	-0.341210639987425	3.0009653067825	0.985548086606887	0.749055830994627	TRUE
402	1:107500000	1	107500000	0.691131324958516	0.999584378240899	0.00390987940194837	0.455908751886439	0.00122701187613149	0.00112088034978195	-0.341210639987425	3.0009653067825	0.985548086606887	0.749055830994627	TRUE
402	1:1.1e+08	1	1.1e+08	0.691131324958516	0.999584378240899	0.00390987940194837	0.455908751886439	0.00122701187613149	0.00112088034978195	-0.341210639987425	3.0009653067825	0.985548086606887	0.749055830994627	TRUE
402	1:106500000	1	106500000	0.691131324958516	0.999584378240899	0.00390987940194837	0.455908751886439	0.00122701187613149	0.00112088034978195	-0.341210639987425	3.0009653067825	0.985548086606887	0.749055830994627	TRUE
411	1:7500000	1	7500000	0.939003325913281	0.995451958277438	0.390950819313175	0.0106386882689183	0.00115362033261935	0.00513905080247492	-1.16578995715546	1.44263168508818	0.314742231649241	0.576297266954652	TRUE
411	1:1.3e+07	1	1.3e+07	0.939003325913281	0.995451958277438	0.390950819313175	0.0106386882689183	0.00115362033261935	0.00513905080247492	-1.16578995715546	1.44263168508818	0.314742231649241	0.576297266954652	TRUE
411	1:4500000	1	4500000	0.939003325913281	0.995451958277438	0.390950819313175	0.0106386882689183	0.00115362033261935	0.00513905080247492	-1.16578995715546	1.44263168508818	0.314742231649241	0.576297266954652	TRUE
411	1:12500000	1	12500000	0.939003325913281	0.995451958277438	0.390950819313175	0.0106386882689183	0.00115362033261935	0.00513905080247492	-1.16578995715546	1.44263168508818	0.314742231649241	0.576297266954652	TRUE
411	1:11500000	1	11500000	0.939003325913281	0.995451958277438	0.390950819313175	0.0106386882689183	0.00115362033261935	0.00513905080247492	-1.16578995715546	1.44263168508818	0.314742231649241	0.576297266954652	TRUE
411	1:15500000	1	15500000	0.939003325913281	0.995451958277438	0.390950819313175	0.0106386882689183	0.00115362033261935	0.00513905080247492	-1.16578995715546	1.44263168508818	0.314742231649241	0.576297266954652	TRUE
411	1:1.4e+07	1	1.4e+07	0.939003325913281	0.995451958277438	0.390950819313175	0.0106386882689183	0.00115362033261935	0.00513905080247492	-1.16578995715546	1.44263168508818	0.314742231649241	0.576297266954652	TRUE
411	1:13500000	1	13500000	0.939003325913281	0.995451958277438	0.390950819313175	0.0106386882689183	0.00115362033261935	0.00513905080247492	-1.16578995715546	1.44263168508818	0.314742231649241	0.576297266954652	TRUE
411	1:5500000	1	5500000	0.939003325913281	0.995451958277438	0.390950819313175	0.0106386882689183	0.00115362033261935	0.00513905080247492	-1.16578995715546	1.44263168508818	0.314742231649241	0.576297266954652	TRUE
411	1:6e+06	1	6e+06	0.939003325913281	0.995451958277438	0.390950819313175	0.0106386882689183	0.00115362033261935	0.00513905080247492	-1.16578995715546	1.44263168508818	0.314742231649241	0.576297266954652	TRUE
411	1:1500000	1	1500000	0.939003325913281	0.995451958277438	0.390950819313175	0.0106386882689183	0.00115362033261935	0.00513905080247492	-1.16578995715546	1.44263168508818	0.314742231649241	0.576297266954652	TRUE
411	1:8e+06	1	8e+06	0.939003325913281	0.995451958277438	0.390950819313175	0.0106386882689183	0.00115362033261935	0.00513905080247492	-1.16578995715546	1.44263168508818	0.314742231649241	0.576297266954652	TRUE
411	1:14500000	1	14500000	0.939003325913281	0.995451958277438	0.390950819313175	0.0106386882689183	0.00115362033261935	0.00513905080247492	-1.16578995715546	1.44263168508818	0.314742231649241	0.576297266954652	TRUE
411	1:1.1e+07	1	1.1e+07	0.939003325913281	0.995451958277438	0.390950819313175	0.0106386882689183	0.00115362033261935	0.00513905080247492	-1.16578995715546	1.44263168508818	0.314742231649241	0.576297266954652	TRUE
411	1:1.6e+07	1	1.6e+07	0.939003325913281	0.995451958277438	0.390950819313175	0.0106386882689183	0.00115362033261935	0.00513905080247492	-1.16578995715546	1.44263168508818	0.314742231649241	0.576297266954652	TRUE
411	1:1.7e+07	1	1.7e+07	0.939003325913281	0.995451958277438	0.390950819313175	0.0106386882689183	0.00115362033261935	0.00513905080247492	-1.16578995715546	1.44263168508818	0.314742231649241	0.576297266954652	TRUE
411	1:1.5e+07	1	1.5e+07	0.939003325913281	0.995451958277438	0.390950819313175	0.0106386882689183	0.00115362033261935	0.00513905080247492	-1.16578995715546	1.44263168508818	0.314742231649241	0.576297266954652	TRUE
411	1:6500000	1	6500000	0.939003325913281	0.995451958277438	0.390950819313175	0.0106386882689183	0.00115362033261935	0.00513905080247492	-1.16578995715546	1.44263168508818	0.314742231649241	0.576297266954652	TRUE
411	1:2500000	1	2500000	0.939003325913281	0.995451958277438	0.390950819313175	0.0106386882689183	0.00115362033261935	0.00513905080247492	-1.16578995715546	1.44263168508818	0.314742231649241	0.576297266954652	TRUE
411	1:3500000	1	3500000	0.939003325913281	0.995451958277438	0.390950819313175	0.0106386882689183	0.00115362033261935	0.00513905080247492	-1.16578995715546	1.44263168508818	0.314742231649241	0.576297266954652	TRUE
411	1:4e+06	1	4e+06	0.939003325913281	0.995451958277438	0.390950819313175	0.0106386882689183	0.00115362033261935	0.00513905080247492	-1.16578995715546	1.44263168508818	0.314742231649241	0.576297266954652	TRUE
411	1:8500000	1	8500000	0.939003325913281	0.995451958277438	0.390950819313175	0.0106386882689183	0.00115362033261935	0.00513905080247492	-1.16578995715546	1.44263168508818	0.314742231649241	0.576297266954652	TRUE
411	1:3e+06	1	3e+06	0.939003325913281	0.995451958277438	0.390950819313175	0.0106386882689183	0.00115362033261935	0.00513905080247492	-1.16578995715546	1.44263168508818	0.314742231649241	0.576297266954652	TRUE
411	1:1.2e+07	1	1.2e+07	0.939003325913281	0.995451958277438	0.390950819313175	0.0106386882689183	0.00115362033261935	0.00513905080247492	-1.16578995715546	1.44263168508818	0.314742231649241	0.576297266954652	TRUE
411	1:1e+07	1	1e+07	0.939003325913281	0.995451958277438	0.390950819313175	0.0106386882689183	0.00115362033261935	0.00513905080247492	-1.16578995715546	1.44263168508818	0.314742231649241	0.576297266954652	TRUE
411	1:10500000	1	10500000	0.939003325913281	0.995451958277438	0.390950819313175	0.0106386882689183	0.00115362033261935	0.00513905080247492	-1.16578995715546	1.44263168508818	0.314742231649241	0.576297266954652	TRUE
411	1:5e+06	1	5e+06	0.939003325913281	0.995451958277438	0.390950819313175	0.0106386882689183	0.00115362033261935	0.00513905080247492	-1.16578995715546	1.44263168508818	0.314742231649241	0.576297266954652	TRUE
411	1:2e+06	1	2e+06	0.939003325913281	0.995451958277438	0.390950819313175	0.0106386882689183	0.00115362033261935	0.00513905080247492	-1.16578995715546	1.44263168508818	0.314742231649241	0.576297266954652	TRUE
411	1:9e+06	1	9e+06	0.939003325913281	0.995451958277438	0.390950819313175	0.0106386882689183	0.00115362033261935	0.00513905080247492	-1.16578995715546	1.44263168508818	0.314742231649241	0.576297266954652	TRUE
411	1:9500000	1	9500000	0.939003325913281	0.995451958277438	0.390950819313175	0.0106386882689183	0.00115362033261935	0.00513905080247492	-1.16578995715546	1.44263168508818	0.314742231649241	0.576297266954652	TRUE
411	1:16500000	1	16500000	0.939003325913281	0.995451958277438	0.390950819313175	0.0106386882689183	0.00115362033261935	0.00513905080247492	-1.16578995715546	1.44263168508818	0.314742231649241	0.576297266954652	TRUE
411	1:7e+06	1	7e+06	0.939003325913281	0.995451958277438	0.390950819313175	0.0106386882689183	0.00115362033261935	0.00513905080247492	-1.16578995715546	1.44263168508818	0.314742231649241	0.576297266954652	TRUE
46	1:3.03e+08	1	3.03e+08	0.846397129936243	0.974853210838406	0.499535366353534	0.0200679218371684	0.00473576120290721	0.00524892633346009	-0.978146952297449	0.979311616396326	0.0322301943986271	0.24828037187664	TRUE
46	1:304500000	1	304500000	0.846397129936243	0.974853210838406	0.499535366353534	0.0200679218371684	0.00473576120290721	0.00524892633346009	-0.978146952297449	0.979311616396326	0.0322301943986271	0.24828037187664	TRUE
46	1:3.06e+08	1	3.06e+08	0.846397129936243	0.974853210838406	0.499535366353534	0.0200679218371684	0.00473576120290721	0.00524892633346009	-0.978146952297449	0.979311616396326	0.0322301943986271	0.24828037187664	TRUE
46	1:303500000	1	303500000	0.846397129936243	0.974853210838406	0.499535366353534	0.0200679218371684	0.00473576120290721	0.00524892633346009	-0.978146952297449	0.979311616396326	0.0322301943986271	0.24828037187664	TRUE
46	1:305500000	1	305500000	0.846397129936243	0.974853210838406	0.499535366353534	0.0200679218371684	0.00473576120290721	0.00524892633346009	-0.978146952297449	0.979311616396326	0.0322301943986271	0.24828037187664	TRUE
46	1:3.04e+08	1	3.04e+08	0.846397129936243	0.974853210838406	0.499535366353534	0.0200679218371684	0.00473576120290721	0.00524892633346009	-0.978146952297449	0.979311616396326	0.0322301943986271	0.24828037187664	TRUE
46	1:302500000	1	302500000	0.846397129936243	0.974853210838406	0.499535366353534	0.0200679218371684	0.00473576120290721	0.00524892633346009	-0.978146952297449	0.979311616396326	0.0322301943986271	0.24828037187664	TRUE
46	1:3.07e+08	1	3.07e+08	0.846397129936243	0.974853210838406	0.499535366353534	0.0200679218371684	0.00473576120290721	0.00524892633346009	-0.978146952297449	0.979311616396326	0.0322301943986271	0.24828037187664	TRUE
46	1:307500000	1	307500000	0.846397129936243	0.974853210838406	0.499535366353534	0.0200679218371684	0.00473576120290721	0.00524892633346009	-0.978146952297449	0.979311616396326	0.0322301943986271	0.24828037187664	TRUE
46	1:306500000	1	306500000	0.846397129936243	0.974853210838406	0.499535366353534	0.0200679218371684	0.00473576120290721	0.00524892633346009	-0.978146952297449	0.979311616396326	0.0322301943986271	0.24828037187664	TRUE
46	1:3.05e+08	1	3.05e+08	0.846397129936243	0.974853210838406	0.499535366353534	0.0200679218371684	0.00473576120290721	0.00524892633346009	-0.978146952297449	0.979311616396326	0.0322301943986271	0.24828037187664	TRUE
46	1:3.02e+08	1	3.02e+08	0.846397129936243	0.974853210838406	0.499535366353534	0.0200679218371684	0.00473576120290721	0.00524892633346009	-0.978146952297449	0.979311616396326	0.0322301943986271	0.24828037187664	TRUE
46	1:301500000	1	301500000	0.846397129936243	0.974853210838406	0.499535366353534	0.0200679218371684	0.00473576120290721	0.00524892633346009	-0.978146952297449	0.979311616396326	0.0322301943986271	0.24828037187664	TRUE
49	1:2.73e+08	1	2.73e+08	0.96960596511026	0.993243027018575	0.826677488315567	0.00588031800017981	0.00167073825333862	0.00415833089635926	-1.70552342881634	0.764406660572777	0.493318656411591	0.262122713507232	TRUE
49	1:271500000	1	271500000	0.96960596511026	0.993243027018575	0.826677488315567	0.00588031800017981	0.00167073825333862	0.00415833089635926	-1.70552342881634	0.764406660572777	0.493318656411591	0.262122713507232	TRUE
49	1:2.72e+08	1	2.72e+08	0.96960596511026	0.993243027018575	0.826677488315567	0.00588031800017981	0.00167073825333862	0.00415833089635926	-1.70552342881634	0.764406660572777	0.493318656411591	0.262122713507232	TRUE
49	1:273500000	1	273500000	0.96960596511026	0.993243027018575	0.826677488315567	0.00588031800017981	0.00167073825333862	0.00415833089635926	-1.70552342881634	0.764406660572777	0.493318656411591	0.262122713507232	TRUE
49	1:272500000	1	272500000	0.96960596511026	0.993243027018575	0.826677488315567	0.00588031800017981	0.00167073825333862	0.00415833089635926	-1.70552342881634	0.764406660572777	0.493318656411591	0.262122713507232	TRUE
50	1:1.69e+08	1	1.69e+08	0.119044029753976	0.95212301330436	0.0614891453274482	0.133990128662746	0.0141306245963007	0.00251598298607696	-0.0617020482009196	1.6040943519824	0.11940084662611	0.344744553718593	TRUE
50	1:163500000	1	163500000	0.119044029753976	0.95212301330436	0.0614891453274482	0.133990128662746	0.0141306245963007	0.00251598298607696	-0.0617020482009196	1.6040943519824	0.11940084662611	0.344744553718593	TRUE
50	1:1.67e+08	1	1.67e+08	0.119044029753976	0.95212301330436	0.0614891453274482	0.133990128662746	0.0141306245963007	0.00251598298607696	-0.0617020482009196	1.6040943519824	0.11940084662611	0.344744553718593	TRUE
50	1:1.62e+08	1	1.62e+08	0.119044029753976	0.95212301330436	0.0614891453274482	0.133990128662746	0.0141306245963007	0.00251598298607696	-0.0617020482009196	1.6040943519824	0.11940084662611	0.344744553718593	TRUE
50	1:1.65e+08	1	1.65e+08	0.119044029753976	0.95212301330436	0.0614891453274482	0.133990128662746	0.0141306245963007	0.00251598298607696	-0.0617020482009196	1.6040943519824	0.11940084662611	0.344744553718593	TRUE
50	1:167500000	1	167500000	0.119044029753976	0.95212301330436	0.0614891453274482	0.133990128662746	0.0141306245963007	0.00251598298607696	-0.0617020482009196	1.6040943519824	0.11940084662611	0.344744553718593	TRUE
50	1:168500000	1	168500000	0.119044029753976	0.95212301330436	0.0614891453274482	0.133990128662746	0.0141306245963007	0.00251598298607696	-0.0617020482009196	1.6040943519824	0.11940084662611	0.344744553718593	TRUE
50	1:1.68e+08	1	1.68e+08	0.119044029753976	0.95212301330436	0.0614891453274482	0.133990128662746	0.0141306245963007	0.00251598298607696	-0.0617020482009196	1.6040943519824	0.11940084662611	0.344744553718593	TRUE
50	1:166500000	1	166500000	0.119044029753976	0.95212301330436	0.0614891453274482	0.133990128662746	0.0141306245963007	0.00251598298607696	-0.0617020482009196	1.6040943519824	0.11940084662611	0.344744553718593	TRUE
77	1:1.66e+08	1	1.66e+08	0.928284762376492	0.993023770799925	0.445924103683161	0.0116651292384358	0.00163057430163984	0.00523659476847632	-1.16125955736644	1.29722549666342	0.312121598443887	0.398258929462466	TRUE
77	1:1.62e+08	1	1.62e+08	0.928284762376492	0.993023770799925	0.445924103683161	0.0116651292384358	0.00163057430163984	0.00523659476847632	-1.16125955736644	1.29722549666342	0.312121598443887	0.398258929462466	TRUE
77	1:1.7e+08	1	1.7e+08	0.928284762376492	0.993023770799925	0.445924103683161	0.0116651292384358	0.00163057430163984	0.00523659476847632	-1.16125955736644	1.29722549666342	0.312121598443887	0.398258929462466	TRUE
77	1:1.68e+08	1	1.68e+08	0.928284762376492	0.993023770799925	0.445924103683161	0.0116651292384358	0.00163057430163984	0.00523659476847632	-1.16125955736644	1.29722549666342	0.312121598443887	0.398258929462466	TRUE
77	1:169500000	1	169500000	0.928284762376492	0.993023770799925	0.445924103683161	0.0116651292384358	0.00163057430163984	0.00523659476847632	-1.16125955736644	1.29722549666342	0.312121598443887	0.398258929462466	TRUE
77	1:1.65e+08	1	1.65e+08	0.928284762376492	0.993023770799925	0.445924103683161	0.0116651292384358	0.00163057430163984	0.00523659476847632	-1.16125955736644	1.29722549666342	0.312121598443887	0.398258929462466	TRUE
77	1:1.69e+08	1	1.69e+08	0.928284762376492	0.993023770799925	0.445924103683161	0.0116651292384358	0.00163057430163984	0.00523659476847632	-1.16125955736644	1.29722549666342	0.312121598443887	0.398258929462466	TRUE
77	1:168500000	1	168500000	0.928284762376492	0.993023770799925	0.445924103683161	0.0116651292384358	0.00163057430163984	0.00523659476847632	-1.16125955736644	1.29722549666342	0.312121598443887	0.398258929462466	TRUE
77	1:164500000	1	164500000	0.928284762376492	0.993023770799925	0.445924103683161	0.0116651292384358	0.00163057430163984	0.00523659476847632	-1.16125955736644	1.29722549666342	0.312121598443887	0.398258929462466	TRUE
77	1:166500000	1	166500000	0.928284762376492	0.993023770799925	0.445924103683161	0.0116651292384358	0.00163057430163984	0.00523659476847632	-1.16125955736644	1.29722549666342	0.312121598443887	0.398258929462466	TRUE
77	1:1.67e+08	1	1.67e+08	0.928284762376492	0.993023770799925	0.445924103683161	0.0116651292384358	0.00163057430163984	0.00523659476847632	-1.16125955736644	1.29722549666342	0.312121598443887	0.398258929462466	TRUE
77	1:167500000	1	167500000	0.928284762376492	0.993023770799925	0.445924103683161	0.0116651292384358	0.00163057430163984	0.00523659476847632	-1.16125955736644	1.29722549666342	0.312121598443887	0.398258929462466	TRUE
77	1:163500000	1	163500000	0.928284762376492	0.993023770799925	0.445924103683161	0.0116651292384358	0.00163057430163984	0.00523659476847632	-1.16125955736644	1.29722549666342	0.312121598443887	0.398258929462466	TRUE
77	1:165500000	1	165500000	0.928284762376492	0.993023770799925	0.445924103683161	0.0116651292384358	0.00163057430163984	0.00523659476847632	-1.16125955736644	1.29722549666342	0.312121598443887	0.398258929462466	TRUE
81	1:269500000	1	269500000	0.968637418505718	0.999998791571302	0.000707200262520834	0.160081207439146	1.18628797708076e-05	0.000662330925644985	-0.761662474286473	3.95335859447025	0.76135079648216	0.357769853542411	TRUE
81	1:268500000	1	268500000	0.968637418505718	0.999998791571302	0.000707200262520834	0.160081207439146	1.18628797708076e-05	0.000662330925644985	-0.761662474286473	3.95335859447025	0.76135079648216	0.357769853542411	TRUE
81	1:2.79e+08	1	2.79e+08	0.968637418505718	0.999998791571302	0.000707200262520834	0.160081207439146	1.18628797708076e-05	0.000662330925644985	-0.761662474286473	3.95335859447025	0.76135079648216	0.357769853542411	TRUE
81	1:278500000	1	278500000	0.968637418505718	0.999998791571302	0.000707200262520834	0.160081207439146	1.18628797708076e-05	0.000662330925644985	-0.761662474286473	3.95335859447025	0.76135079648216	0.357769853542411	TRUE
81	1:285500000	1	285500000	0.968637418505718	0.999998791571302	0.000707200262520834	0.160081207439146	1.18628797708076e-05	0.000662330925644985	-0.761662474286473	3.95335859447025	0.76135079648216	0.357769853542411	TRUE
81	1:2.82e+08	1	2.82e+08	0.968637418505718	0.999998791571302	0.000707200262520834	0.160081207439146	1.18628797708076e-05	0.000662330925644985	-0.761662474286473	3.95335859447025	0.76135079648216	0.357769853542411	TRUE
81	1:279500000	1	279500000	0.968637418505718	0.999998791571302	0.000707200262520834	0.160081207439146	1.18628797708076e-05	0.000662330925644985	-0.761662474286473	3.95335859447025	0.76135079648216	0.357769853542411	TRUE
81	1:270500000	1	270500000	0.968637418505718	0.999998791571302	0.000707200262520834	0.160081207439146	1.18628797708076e-05	0.000662330925644985	-0.761662474286473	3.95335859447025	0.76135079648216	0.357769853542411	TRUE
81	1:2.71e+08	1	2.71e+08	0.968637418505718	0.999998791571302	0.000707200262520834	0.160081207439146	1.18628797708076e-05	0.000662330925644985	-0.761662474286473	3.95335859447025	0.76135079648216	0.357769853542411	TRUE
81	1:277500000	1	277500000	0.968637418505718	0.999998791571302	0.000707200262520834	0.160081207439146	1.18628797708076e-05	0.000662330925644985	-0.761662474286473	3.95335859447025	0.76135079648216	0.357769853542411	TRUE
81	1:2.75e+08	1	2.75e+08	0.968637418505718	0.999998791571302	0.000707200262520834	0.160081207439146	1.18628797708076e-05	0.000662330925644985	-0.761662474286473	3.95335859447025	0.76135079648216	0.357769853542411	TRUE
81	1:2.76e+08	1	2.76e+08	0.968637418505718	0.999998791571302	0.000707200262520834	0.160081207439146	1.18628797708076e-05	0.000662330925644985	-0.761662474286473	3.95335859447025	0.76135079648216	0.357769853542411	TRUE
81	1:2.68e+08	1	2.68e+08	0.968637418505718	0.999998791571302	0.000707200262520834	0.160081207439146	1.18628797708076e-05	0.000662330925644985	-0.761662474286473	3.95335859447025	0.76135079648216	0.357769853542411	TRUE
81	1:2.67e+08	1	2.67e+08	0.968637418505718	0.999998791571302	0.000707200262520834	0.160081207439146	1.18628797708076e-05	0.000662330925644985	-0.761662474286473	3.95335859447025	0.76135079648216	0.357769853542411	TRUE
81	1:2.7e+08	1	2.7e+08	0.968637418505718	0.999998791571302	0.000707200262520834	0.160081207439146	1.18628797708076e-05	0.000662330925644985	-0.761662474286473	3.95335859447025	0.76135079648216	0.357769853542411	TRUE
81	1:267500000	1	267500000	0.968637418505718	0.999998791571302	0.000707200262520834	0.160081207439146	1.18628797708076e-05	0.000662330925644985	-0.761662474286473	3.95335859447025	0.76135079648216	0.357769853542411	TRUE
81	1:2.85e+08	1	2.85e+08	0.968637418505718	0.999998791571302	0.000707200262520834	0.160081207439146	1.18628797708076e-05	0.000662330925644985	-0.761662474286473	3.95335859447025	0.76135079648216	0.357769853542411	TRUE
9	1:1.59e+08	1	1.59e+08	0.881617364725833	0.968862488626473	0.724490493419978	0.016203366177517	0.00571979562000916	0.00476928892314681	-1.23028318639903	0.634049333311936	0.631798872860576	0.140336256781376	TRUE
9	1:1.58e+08	1	1.58e+08	0.881617364725833	0.968862488626473	0.724490493419978	0.016203366177517	0.00571979562000916	0.00476928892314681	-1.23028318639903	0.634049333311936	0.631798872860576	0.140336256781376	TRUE
9	1:156500000	1	156500000	0.881617364725833	0.968862488626473	0.724490493419978	0.016203366177517	0.00571979562000916	0.00476928892314681	-1.23028318639903	0.634049333311936	0.631798872860576	0.140336256781376	TRUE
9	1:158500000	1	158500000	0.881617364725833	0.968862488626473	0.724490493419978	0.016203366177517	0.00571979562000916	0.00476928892314681	-1.23028318639903	0.634049333311936	0.631798872860576	0.140336256781376	TRUE
9	1:1.57e+08	1	1.57e+08	0.881617364725833	0.968862488626473	0.724490493419978	0.016203366177517	0.00571979562000916	0.00476928892314681	-1.23028318639903	0.634049333311936	0.631798872860576	0.140336256781376	TRUE
9	1:157500000	1	157500000	0.881617364725833	0.968862488626473	0.724490493419978	0.016203366177517	0.00571979562000916	0.00476928892314681	-1.23028318639903	0.634049333311936	0.631798872860576	0.140336256781376	TRUE
