cluster	block	chrom	pos	si	au	bp	se.si	se.au	se.bp	v	c	pchi	meandist	lowdist
120	1:1.5e+07	1	1.5e+07	0.292545125039634	0.998813205920271	0.00234675417809366	1.76781252026123	0.00649411607051958	0.00154884053719534	-0.105829122907664	2.93317854115167	0.799100017115475	0.393611228448493	TRUE
120	1:13500000	1	13500000	0.292545125039634	0.998813205920271	0.00234675417809366	1.76781252026123	0.00649411607051958	0.00154884053719534	-0.105829122907664	2.93317854115167	0.799100017115475	0.393611228448493	TRUE
120	1:1e+07	1	1e+07	0.292545125039634	0.998813205920271	0.00234675417809366	1.76781252026123	0.00649411607051958	0.00154884053719534	-0.105829122907664	2.93317854115167	0.799100017115475	0.393611228448493	TRUE
120	1:15500000	1	15500000	0.292545125039634	0.998813205920271	0.00234675417809366	1.76781252026123	0.00649411607051958	0.00154884053719534	-0.105829122907664	2.93317854115167	0.799100017115475	0.393611228448493	TRUE
120	1:1.6e+07	1	1.6e+07	0.292545125039634	0.998813205920271	0.00234675417809366	1.76781252026123	0.00649411607051958	0.00154884053719534	-0.105829122907664	2.93317854115167	0.799100017115475	0.393611228448493	TRUE
120	1:1.4e+07	1	1.4e+07	0.292545125039634	0.998813205920271	0.00234675417809366	1.76781252026123	0.00649411607051958	0.00154884053719534	-0.105829122907664	2.93317854115167	0.799100017115475	0.393611228448493	TRUE
120	1:14500000	1	14500000	0.292545125039634	0.998813205920271	0.00234675417809366	1.76781252026123	0.00649411607051958	0.00154884053719534	-0.105829122907664	2.93317854115167	0.799100017115475	0.393611228448493	TRUE
125	1:251500000	1	251500000	0.511916640619272	0.953538135585006	0.173939912539358	0.0603965418370274	0.00980918478595299	0.00393170615933842	-0.370731488395516	1.30944116263888	0.350797510359444	0.493074193224437	TRUE
125	1:2.52e+08	1	2.52e+08	0.511916640619272	0.953538135585006	0.173939912539358	0.0603965418370274	0.00980918478595299	0.00393170615933842	-0.370731488395516	1.30944116263888	0.350797510359444	0.493074193224437	TRUE
125	1:2.49e+08	1	2.49e+08	0.511916640619272	0.953538135585006	0.173939912539358	0.0603965418370274	0.00980918478595299	0.00393170615933842	-0.370731488395516	1.30944116263888	0.350797510359444	0.493074193224437	TRUE
125	1:2.5e+08	1	2.5e+08	0.511916640619272	0.953538135585006	0.173939912539358	0.0603965418370274	0.00980918478595299	0.00393170615933842	-0.370731488395516	1.30944116263888	0.350797510359444	0.493074193224437	TRUE
125	1:250500000	1	250500000	0.511916640619272	0.953538135585006	0.173939912539358	0.0603965418370274	0.00980918478595299	0.00393170615933842	-0.370731488395516	1.30944116263888	0.350797510359444	0.493074193224437	TRUE
125	1:2.51e+08	1	2.51e+08	0.511916640619272	0.953538135585006	0.173939912539358	0.0603965418370274	0.00980918478595299	0.00393170615933842	-0.370731488395516	1.30944116263888	0.350797510359444	0.493074193224437	TRUE
125	1:249500000	1	249500000	0.511916640619272	0.953538135585006	0.173939912539358	0.0603965418370274	0.00980918478595299	0.00393170615933842	-0.370731488395516	1.30944116263888	0.350797510359444	0.493074193224437	TRUE
127	1:1.06e+08	1	1.06e+08	0.583682543154005	0.971356503577232	0.142663241312507	0.0611204721157962	0.00718623443016794	0.00364171047802133	-0.416342221627557	1.48477246095775	0.0486766380298187	0.528232129936256	TRUE
127	1:1.08e+08	1	1.08e+08	0.583682543154005	0.971356503577232	0.142663241312507	0.0611204721157962	0.00718623443016794	0.00364171047802133	-0.416342221627557	1.48477246095775	0.0486766380298187	0.528232129936256	TRUE
127	1:107500000	1	107500000	0.583682543154005	0.971356503577232	0.142663241312507	0.0611204721157962	0.00718623443016794	0.00364171047802133	-0.416342221627557	1.48477246095775	0.0486766380298187	0.528232129936256	TRUE
127	1:1.1e+08	1	1.1e+08	0.583682543154005	0.971356503577232	0.142663241312507	0.0611204721157962	0.00718623443016794	0.00364171047802133	-0.416342221627557	1.48477246095775	0.0486766380298187	0.528232129936256	TRUE
127	1:110500000	1	110500000	0.583682543154005	0.971356503577232	0.142663241312507	0.0611204721157962	0.00718623443016794	0.00364171047802133	-0.416342221627557	1.48477246095775	0.0486766380298187	0.528232129936256	TRUE
127	1:1.12e+08	1	1.12e+08	0.583682543154005	0.971356503577232	0.142663241312507	0.0611204721157962	0.00718623443016794	0.00364171047802133	-0.416342221627557	1.48477246095775	0.0486766380298187	0.528232129936256	TRUE
127	1:1.07e+08	1	1.07e+08	0.583682543154005	0.971356503577232	0.142663241312507	0.0611204721157962	0.00718623443016794	0.00364171047802133	-0.416342221627557	1.48477246095775	0.0486766380298187	0.528232129936256	TRUE
127	1:106500000	1	106500000	0.583682543154005	0.971356503577232	0.142663241312507	0.0611204721157962	0.00718623443016794	0.00364171047802133	-0.416342221627557	1.48477246095775	0.0486766380298187	0.528232129936256	TRUE
127	1:108500000	1	108500000	0.583682543154005	0.971356503577232	0.142663241312507	0.0611204721157962	0.00718623443016794	0.00364171047802133	-0.416342221627557	1.48477246095775	0.0486766380298187	0.528232129936256	TRUE
127	1:1.11e+08	1	1.11e+08	0.583682543154005	0.971356503577232	0.142663241312507	0.0611204721157962	0.00718623443016794	0.00364171047802133	-0.416342221627557	1.48477246095775	0.0486766380298187	0.528232129936256	TRUE
127	1:111500000	1	111500000	0.583682543154005	0.971356503577232	0.142663241312507	0.0611204721157962	0.00718623443016794	0.00364171047802133	-0.416342221627557	1.48477246095775	0.0486766380298187	0.528232129936256	TRUE
127	1:109500000	1	109500000	0.583682543154005	0.971356503577232	0.142663241312507	0.0611204721157962	0.00718623443016794	0.00364171047802133	-0.416342221627557	1.48477246095775	0.0486766380298187	0.528232129936256	TRUE
136	1:109500000	1	109500000	0.870651020749525	0.993646771770837	0.207518747465354	0.0241149772007871	0.00186157068766581	0.00425688450797596	-0.838415731733774	1.65347655554444	0.0951776695924413	0.537515633368577	TRUE
136	1:1.11e+08	1	1.11e+08	0.870651020749525	0.993646771770837	0.207518747465354	0.0241149772007871	0.00186157068766581	0.00425688450797596	-0.838415731733774	1.65347655554444	0.0951776695924413	0.537515633368577	TRUE
136	1:1.06e+08	1	1.06e+08	0.870651020749525	0.993646771770837	0.207518747465354	0.0241149772007871	0.00186157068766581	0.00425688450797596	-0.838415731733774	1.65347655554444	0.0951776695924413	0.537515633368577	TRUE
136	1:106500000	1	106500000	0.870651020749525	0.993646771770837	0.207518747465354	0.0241149772007871	0.00186157068766581	0.00425688450797596	-0.838415731733774	1.65347655554444	0.0951776695924413	0.537515633368577	TRUE
136	1:1.12e+08	1	1.12e+08	0.870651020749525	0.993646771770837	0.207518747465354	0.0241149772007871	0.00186157068766581	0.00425688450797596	-0.838415731733774	1.65347655554444	0.0951776695924413	0.537515633368577	TRUE
136	1:108500000	1	108500000	0.870651020749525	0.993646771770837	0.207518747465354	0.0241149772007871	0.00186157068766581	0.00425688450797596	-0.838415731733774	1.65347655554444	0.0951776695924413	0.537515633368577	TRUE
136	1:111500000	1	111500000	0.870651020749525	0.993646771770837	0.207518747465354	0.0241149772007871	0.00186157068766581	0.00425688450797596	-0.838415731733774	1.65347655554444	0.0951776695924413	0.537515633368577	TRUE
136	1:1.08e+08	1	1.08e+08	0.870651020749525	0.993646771770837	0.207518747465354	0.0241149772007871	0.00186157068766581	0.00425688450797596	-0.838415731733774	1.65347655554444	0.0951776695924413	0.537515633368577	TRUE
136	1:105500000	1	105500000	0.870651020749525	0.993646771770837	0.207518747465354	0.0241149772007871	0.00186157068766581	0.00425688450797596	-0.838415731733774	1.65347655554444	0.0951776695924413	0.537515633368577	TRUE
136	1:1.1e+08	1	1.1e+08	0.870651020749525	0.993646771770837	0.207518747465354	0.0241149772007871	0.00186157068766581	0.00425688450797596	-0.838415731733774	1.65347655554444	0.0951776695924413	0.537515633368577	TRUE
136	1:107500000	1	107500000	0.870651020749525	0.993646771770837	0.207518747465354	0.0241149772007871	0.00186157068766581	0.00425688450797596	-0.838415731733774	1.65347655554444	0.0951776695924413	0.537515633368577	TRUE
136	1:1.07e+08	1	1.07e+08	0.870651020749525	0.993646771770837	0.207518747465354	0.0241149772007871	0.00186157068766581	0.00425688450797596	-0.838415731733774	1.65347655554444	0.0951776695924413	0.537515633368577	TRUE
136	1:110500000	1	110500000	0.870651020749525	0.993646771770837	0.207518747465354	0.0241149772007871	0.00186157068766581	0.00425688450797596	-0.838415731733774	1.65347655554444	0.0951776695924413	0.537515633368577	TRUE
144	1:2.64e+08	1	2.64e+08	0.900838025840869	0.964709309264839	0.857515815106464	0.0155926949994628	0.0070809786309959	0.00377984615332632	-1.43869312746382	0.369468290688193	0.143531839258497	0.403415022267217	TRUE
144	1:2.65e+08	1	2.65e+08	0.900838025840869	0.964709309264839	0.857515815106464	0.0155926949994628	0.0070809786309959	0.00377984615332632	-1.43869312746382	0.369468290688193	0.143531839258497	0.403415022267217	TRUE
144	1:264500000	1	264500000	0.900838025840869	0.964709309264839	0.857515815106464	0.0155926949994628	0.0070809786309959	0.00377984615332632	-1.43869312746382	0.369468290688193	0.143531839258497	0.403415022267217	TRUE
144	1:2.66e+08	1	2.66e+08	0.900838025840869	0.964709309264839	0.857515815106464	0.0155926949994628	0.0070809786309959	0.00377984615332632	-1.43869312746382	0.369468290688193	0.143531839258497	0.403415022267217	TRUE
144	1:265500000	1	265500000	0.900838025840869	0.964709309264839	0.857515815106464	0.0155926949994628	0.0070809786309959	0.00377984615332632	-1.43869312746382	0.369468290688193	0.143531839258497	0.403415022267217	TRUE
161	1:155500000	1	155500000	0.390449815270202	0.957052500449624	0.109851045280787	0.0839167751331283	0.0106270126404586	0.00325214894488858	-0.245070098485763	1.47239076616114	0.206886484012861	0.582241607311204	TRUE
161	1:158500000	1	158500000	0.390449815270202	0.957052500449624	0.109851045280787	0.0839167751331283	0.0106270126404586	0.00325214894488858	-0.245070098485763	1.47239076616114	0.206886484012861	0.582241607311204	TRUE
161	1:157500000	1	157500000	0.390449815270202	0.957052500449624	0.109851045280787	0.0839167751331283	0.0106270126404586	0.00325214894488858	-0.245070098485763	1.47239076616114	0.206886484012861	0.582241607311204	TRUE
161	1:1.56e+08	1	1.56e+08	0.390449815270202	0.957052500449624	0.109851045280787	0.0839167751331283	0.0106270126404586	0.00325214894488858	-0.245070098485763	1.47239076616114	0.206886484012861	0.582241607311204	TRUE
161	1:1.57e+08	1	1.57e+08	0.390449815270202	0.957052500449624	0.109851045280787	0.0839167751331283	0.0106270126404586	0.00325214894488858	-0.245070098485763	1.47239076616114	0.206886484012861	0.582241607311204	TRUE
161	1:161500000	1	161500000	0.390449815270202	0.957052500449624	0.109851045280787	0.0839167751331283	0.0106270126404586	0.00325214894488858	-0.245070098485763	1.47239076616114	0.206886484012861	0.582241607311204	TRUE
161	1:156500000	1	156500000	0.390449815270202	0.957052500449624	0.109851045280787	0.0839167751331283	0.0106270126404586	0.00325214894488858	-0.245070098485763	1.47239076616114	0.206886484012861	0.582241607311204	TRUE
161	1:1.6e+08	1	1.6e+08	0.390449815270202	0.957052500449624	0.109851045280787	0.0839167751331283	0.0106270126404586	0.00325214894488858	-0.245070098485763	1.47239076616114	0.206886484012861	0.582241607311204	TRUE
161	1:1.58e+08	1	1.58e+08	0.390449815270202	0.957052500449624	0.109851045280787	0.0839167751331283	0.0106270126404586	0.00325214894488858	-0.245070098485763	1.47239076616114	0.206886484012861	0.582241607311204	TRUE
161	1:1.61e+08	1	1.61e+08	0.390449815270202	0.957052500449624	0.109851045280787	0.0839167751331283	0.0106270126404586	0.00325214894488858	-0.245070098485763	1.47239076616114	0.206886484012861	0.582241607311204	TRUE
161	1:1.59e+08	1	1.59e+08	0.390449815270202	0.957052500449624	0.109851045280787	0.0839167751331283	0.0106270126404586	0.00325214894488858	-0.245070098485763	1.47239076616114	0.206886484012861	0.582241607311204	TRUE
162	1:195500000	1	195500000	0.681349870223124	0.963571948258707	0.269604672659767	0.0393760655130155	0.00717622120445094	0.00461141310386518	-0.589861009319927	1.20387006170226	0.195276561522644	0.484433662681918	TRUE
162	1:1.95e+08	1	1.95e+08	0.681349870223124	0.963571948258707	0.269604672659767	0.0393760655130155	0.00717622120445094	0.00461141310386518	-0.589861009319927	1.20387006170226	0.195276561522644	0.484433662681918	TRUE
162	1:197500000	1	197500000	0.681349870223124	0.963571948258707	0.269604672659767	0.0393760655130155	0.00717622120445094	0.00461141310386518	-0.589861009319927	1.20387006170226	0.195276561522644	0.484433662681918	TRUE
162	1:196500000	1	196500000	0.681349870223124	0.963571948258707	0.269604672659767	0.0393760655130155	0.00717622120445094	0.00461141310386518	-0.589861009319927	1.20387006170226	0.195276561522644	0.484433662681918	TRUE
162	1:1.97e+08	1	1.97e+08	0.681349870223124	0.963571948258707	0.269604672659767	0.0393760655130155	0.00717622120445094	0.00461141310386518	-0.589861009319927	1.20387006170226	0.195276561522644	0.484433662681918	TRUE
162	1:1.96e+08	1	1.96e+08	0.681349870223124	0.963571948258707	0.269604672659767	0.0393760655130155	0.00717622120445094	0.00461141310386518	-0.589861009319927	1.20387006170226	0.195276561522644	0.484433662681918	TRUE
163	1:276500000	1	276500000	0.916281335161265	0.986135438245118	0.601707909818646	0.0124063465698972	0.0028377071959737	0.0052093231689352	-1.22943389547467	0.971663586589527	0.277604637301828	0.492200342445876	TRUE
163	1:2.77e+08	1	2.77e+08	0.916281335161265	0.986135438245118	0.601707909818646	0.0124063465698972	0.0028377071959737	0.0052093231689352	-1.22943389547467	0.971663586589527	0.277604637301828	0.492200342445876	TRUE
163	1:277500000	1	277500000	0.916281335161265	0.986135438245118	0.601707909818646	0.0124063465698972	0.0028377071959737	0.0052093231689352	-1.22943389547467	0.971663586589527	0.277604637301828	0.492200342445876	TRUE
163	1:2.78e+08	1	2.78e+08	0.916281335161265	0.986135438245118	0.601707909818646	0.0124063465698972	0.0028377071959737	0.0052093231689352	-1.22943389547467	0.971663586589527	0.277604637301828	0.492200342445876	TRUE
163	1:278500000	1	278500000	0.916281335161265	0.986135438245118	0.601707909818646	0.0124063465698972	0.0028377071959737	0.0052093231689352	-1.22943389547467	0.971663586589527	0.277604637301828	0.492200342445876	TRUE
167	1:241500000	1	241500000	0.584875577617716	0.970821825045032	0.145874921054812	0.0610994434280652	0.00733036032957943	0.00367181219437076	-0.419360359845933	1.47365106677016	0.500274055473676	0.466495082438614	TRUE
167	1:2.4e+08	1	2.4e+08	0.584875577617716	0.970821825045032	0.145874921054812	0.0610994434280652	0.00733036032957943	0.00367181219437076	-0.419360359845933	1.47365106677016	0.500274055473676	0.466495082438614	TRUE
167	1:2.41e+08	1	2.41e+08	0.584875577617716	0.970821825045032	0.145874921054812	0.0610994434280652	0.00733036032957943	0.00367181219437076	-0.419360359845933	1.47365106677016	0.500274055473676	0.466495082438614	TRUE
167	1:2.39e+08	1	2.39e+08	0.584875577617716	0.970821825045032	0.145874921054812	0.0610994434280652	0.00733036032957943	0.00367181219437076	-0.419360359845933	1.47365106677016	0.500274055473676	0.466495082438614	TRUE
167	1:239500000	1	239500000	0.584875577617716	0.970821825045032	0.145874921054812	0.0610994434280652	0.00733036032957943	0.00367181219437076	-0.419360359845933	1.47365106677016	0.500274055473676	0.466495082438614	TRUE
167	1:240500000	1	240500000	0.584875577617716	0.970821825045032	0.145874921054812	0.0610994434280652	0.00733036032957943	0.00367181219437076	-0.419360359845933	1.47365106677016	0.500274055473676	0.466495082438614	TRUE
17	1:307500000	1	307500000	0.896181516507725	0.970960536168223	0.766606865536535	0.0149937345024185	0.0055393855293086	0.00454428338873743	-1.31140982458352	0.583691889182516	0.480733452919079	0.285421831204016	TRUE
17	1:306500000	1	306500000	0.896181516507725	0.970960536168223	0.766606865536535	0.0149937345024185	0.0055393855293086	0.00454428338873743	-1.31140982458352	0.583691889182516	0.480733452919079	0.285421831204016	TRUE
17	1:3.06e+08	1	3.06e+08	0.896181516507725	0.970960536168223	0.766606865536535	0.0149937345024185	0.0055393855293086	0.00454428338873743	-1.31140982458352	0.583691889182516	0.480733452919079	0.285421831204016	TRUE
17	1:302500000	1	302500000	0.896181516507725	0.970960536168223	0.766606865536535	0.0149937345024185	0.0055393855293086	0.00454428338873743	-1.31140982458352	0.583691889182516	0.480733452919079	0.285421831204016	TRUE
17	1:3.07e+08	1	3.07e+08	0.896181516507725	0.970960536168223	0.766606865536535	0.0149937345024185	0.0055393855293086	0.00454428338873743	-1.31140982458352	0.583691889182516	0.480733452919079	0.285421831204016	TRUE
17	1:305500000	1	305500000	0.896181516507725	0.970960536168223	0.766606865536535	0.0149937345024185	0.0055393855293086	0.00454428338873743	-1.31140982458352	0.583691889182516	0.480733452919079	0.285421831204016	TRUE
17	1:3.05e+08	1	3.05e+08	0.896181516507725	0.970960536168223	0.766606865536535	0.0149937345024185	0.0055393855293086	0.00454428338873743	-1.31140982458352	0.583691889182516	0.480733452919079	0.285421831204016	TRUE
17	1:304500000	1	304500000	0.896181516507725	0.970960536168223	0.766606865536535	0.0149937345024185	0.0055393855293086	0.00454428338873743	-1.31140982458352	0.583691889182516	0.480733452919079	0.285421831204016	TRUE
171	1:169500000	1	169500000	0.673347140687279	0.988804844637308	0.0870514316488208	0.0691580718858157	0.0041255119035872	0.00298509510490086	-0.462271285358921	1.82140928553653	0.253634909243213	0.518066914952166	TRUE
171	1:167500000	1	167500000	0.673347140687279	0.988804844637308	0.0870514316488208	0.0691580718858157	0.0041255119035872	0.00298509510490086	-0.462271285358921	1.82140928553653	0.253634909243213	0.518066914952166	TRUE
171	1:170500000	1	170500000	0.673347140687279	0.988804844637308	0.0870514316488208	0.0691580718858157	0.0041255119035872	0.00298509510490086	-0.462271285358921	1.82140928553653	0.253634909243213	0.518066914952166	TRUE
171	1:166500000	1	166500000	0.673347140687279	0.988804844637308	0.0870514316488208	0.0691580718858157	0.0041255119035872	0.00298509510490086	-0.462271285358921	1.82140928553653	0.253634909243213	0.518066914952166	TRUE
171	1:172500000	1	172500000	0.673347140687279	0.988804844637308	0.0870514316488208	0.0691580718858157	0.0041255119035872	0.00298509510490086	-0.462271285358921	1.82140928553653	0.253634909243213	0.518066914952166	TRUE
171	1:171500000	1	171500000	0.673347140687279	0.988804844637308	0.0870514316488208	0.0691580718858157	0.0041255119035872	0.00298509510490086	-0.462271285358921	1.82140928553653	0.253634909243213	0.518066914952166	TRUE
171	1:1.67e+08	1	1.67e+08	0.673347140687279	0.988804844637308	0.0870514316488208	0.0691580718858157	0.0041255119035872	0.00298509510490086	-0.462271285358921	1.82140928553653	0.253634909243213	0.518066914952166	TRUE
171	1:168500000	1	168500000	0.673347140687279	0.988804844637308	0.0870514316488208	0.0691580718858157	0.0041255119035872	0.00298509510490086	-0.462271285358921	1.82140928553653	0.253634909243213	0.518066914952166	TRUE
171	1:1.72e+08	1	1.72e+08	0.673347140687279	0.988804844637308	0.0870514316488208	0.0691580718858157	0.0041255119035872	0.00298509510490086	-0.462271285358921	1.82140928553653	0.253634909243213	0.518066914952166	TRUE
186	1:1.17e+08	1	1.17e+08	0.58424853602042	0.979730588586611	0.102773763037965	0.0739829922949931	0.00631150406945962	0.00318295820059918	-0.391156184876957	1.65705998403617	0.540995989156598	0.456671064241737	TRUE
186	1:117500000	1	117500000	0.58424853602042	0.979730588586611	0.102773763037965	0.0739829922949931	0.00631150406945962	0.00318295820059918	-0.391156184876957	1.65705998403617	0.540995989156598	0.456671064241737	TRUE
186	1:115500000	1	115500000	0.58424853602042	0.979730588586611	0.102773763037965	0.0739829922949931	0.00631150406945962	0.00318295820059918	-0.391156184876957	1.65705998403617	0.540995989156598	0.456671064241737	TRUE
186	1:1.14e+08	1	1.14e+08	0.58424853602042	0.979730588586611	0.102773763037965	0.0739829922949931	0.00631150406945962	0.00318295820059918	-0.391156184876957	1.65705998403617	0.540995989156598	0.456671064241737	TRUE
186	1:114500000	1	114500000	0.58424853602042	0.979730588586611	0.102773763037965	0.0739829922949931	0.00631150406945962	0.00318295820059918	-0.391156184876957	1.65705998403617	0.540995989156598	0.456671064241737	TRUE
186	1:1.15e+08	1	1.15e+08	0.58424853602042	0.979730588586611	0.102773763037965	0.0739829922949931	0.00631150406945962	0.00318295820059918	-0.391156184876957	1.65705998403617	0.540995989156598	0.456671064241737	TRUE
186	1:1.16e+08	1	1.16e+08	0.58424853602042	0.979730588586611	0.102773763037965	0.0739829922949931	0.00631150406945962	0.00318295820059918	-0.391156184876957	1.65705998403617	0.540995989156598	0.456671064241737	TRUE
186	1:116500000	1	116500000	0.58424853602042	0.979730588586611	0.102773763037965	0.0739829922949931	0.00631150406945962	0.00318295820059918	-0.391156184876957	1.65705998403617	0.540995989156598	0.456671064241737	TRUE
200	1:240500000	1	240500000	0.415416574685928	0.983581088705288	0.0459633171634644	0.132181192339886	0.00696465347501177	0.00223240721769484	-0.224369730711496	1.90969084430858	0.366792969708804	0.547597971219085	TRUE
200	1:2.39e+08	1	2.39e+08	0.415416574685928	0.983581088705288	0.0459633171634644	0.132181192339886	0.00696465347501177	0.00223240721769484	-0.224369730711496	1.90969084430858	0.366792969708804	0.547597971219085	TRUE
200	1:239500000	1	239500000	0.415416574685928	0.983581088705288	0.0459633171634644	0.132181192339886	0.00696465347501177	0.00223240721769484	-0.224369730711496	1.90969084430858	0.366792969708804	0.547597971219085	TRUE
200	1:241500000	1	241500000	0.415416574685928	0.983581088705288	0.0459633171634644	0.132181192339886	0.00696465347501177	0.00223240721769484	-0.224369730711496	1.90969084430858	0.366792969708804	0.547597971219085	TRUE
200	1:2.4e+08	1	2.4e+08	0.415416574685928	0.983581088705288	0.0459633171634644	0.132181192339886	0.00696465347501177	0.00223240721769484	-0.224369730711496	1.90969084430858	0.366792969708804	0.547597971219085	TRUE
200	1:2.43e+08	1	2.43e+08	0.415416574685928	0.983581088705288	0.0459633171634644	0.132181192339886	0.00696465347501177	0.00223240721769484	-0.224369730711496	1.90969084430858	0.366792969708804	0.547597971219085	TRUE
200	1:242500000	1	242500000	0.415416574685928	0.983581088705288	0.0459633171634644	0.132181192339886	0.00696465347501177	0.00223240721769484	-0.224369730711496	1.90969084430858	0.366792969708804	0.547597971219085	TRUE
200	1:2.41e+08	1	2.41e+08	0.415416574685928	0.983581088705288	0.0459633171634644	0.132181192339886	0.00696465347501177	0.00223240721769484	-0.224369730711496	1.90969084430858	0.366792969708804	0.547597971219085	TRUE
200	1:2.42e+08	1	2.42e+08	0.415416574685928	0.983581088705288	0.0459633171634644	0.132181192339886	0.00696465347501177	0.00223240721769484	-0.224369730711496	1.90969084430858	0.366792969708804	0.547597971219085	TRUE
206	1:2.34e+08	1	2.34e+08	0.682540851296439	0.977488473476534	0.175246840618846	0.0471270429409044	0.00552439779712633	0.00395955050019882	-0.535403440485984	1.46903557898153	0.0925272681880791	0.494302774278728	TRUE
206	1:2.33e+08	1	2.33e+08	0.682540851296439	0.977488473476534	0.175246840618846	0.0471270429409044	0.00552439779712633	0.00395955050019882	-0.535403440485984	1.46903557898153	0.0925272681880791	0.494302774278728	TRUE
206	1:234500000	1	234500000	0.682540851296439	0.977488473476534	0.175246840618846	0.0471270429409044	0.00552439779712633	0.00395955050019882	-0.535403440485984	1.46903557898153	0.0925272681880791	0.494302774278728	TRUE
206	1:233500000	1	233500000	0.682540851296439	0.977488473476534	0.175246840618846	0.0471270429409044	0.00552439779712633	0.00395955050019882	-0.535403440485984	1.46903557898153	0.0925272681880791	0.494302774278728	TRUE
206	1:232500000	1	232500000	0.682540851296439	0.977488473476534	0.175246840618846	0.0471270429409044	0.00552439779712633	0.00395955050019882	-0.535403440485984	1.46903557898153	0.0925272681880791	0.494302774278728	TRUE
215	1:1.97e+08	1	1.97e+08	0.609571204698544	0.983761832999875	0.0923304696510694	0.072792878629506	0.00530102412645989	0.00304100593746748	-0.405979142811997	1.73251900866531	0.704379419145844	0.537283043041772	TRUE
215	1:1.96e+08	1	1.96e+08	0.609571204698544	0.983761832999875	0.0923304696510694	0.072792878629506	0.00530102412645989	0.00304100593746748	-0.405979142811997	1.73251900866531	0.704379419145844	0.537283043041772	TRUE
215	1:197500000	1	197500000	0.609571204698544	0.983761832999875	0.0923304696510694	0.072792878629506	0.00530102412645989	0.00304100593746748	-0.405979142811997	1.73251900866531	0.704379419145844	0.537283043041772	TRUE
215	1:1.95e+08	1	1.95e+08	0.609571204698544	0.983761832999875	0.0923304696510694	0.072792878629506	0.00530102412645989	0.00304100593746748	-0.405979142811997	1.73251900866531	0.704379419145844	0.537283043041772	TRUE
215	1:195500000	1	195500000	0.609571204698544	0.983761832999875	0.0923304696510694	0.072792878629506	0.00530102412645989	0.00304100593746748	-0.405979142811997	1.73251900866531	0.704379419145844	0.537283043041772	TRUE
215	1:1.99e+08	1	1.99e+08	0.609571204698544	0.983761832999875	0.0923304696510694	0.072792878629506	0.00530102412645989	0.00304100593746748	-0.405979142811997	1.73251900866531	0.704379419145844	0.537283043041772	TRUE
215	1:196500000	1	196500000	0.609571204698544	0.983761832999875	0.0923304696510694	0.072792878629506	0.00530102412645989	0.00304100593746748	-0.405979142811997	1.73251900866531	0.704379419145844	0.537283043041772	TRUE
215	1:1.98e+08	1	1.98e+08	0.609571204698544	0.983761832999875	0.0923304696510694	0.072792878629506	0.00530102412645989	0.00304100593746748	-0.405979142811997	1.73251900866531	0.704379419145844	0.537283043041772	TRUE
215	1:198500000	1	198500000	0.609571204698544	0.983761832999875	0.0923304696510694	0.072792878629506	0.00530102412645989	0.00304100593746748	-0.405979142811997	1.73251900866531	0.704379419145844	0.537283043041772	TRUE
236	1:2.82e+08	1	2.82e+08	0.713887592395798	0.980196228459937	0.182605335388747	0.043940445707157	0.00498582748005966	0.00402556833038112	-0.576168882375495	1.48164978861324	0.176759619216798	0.55335918612891	TRUE
236	1:2.81e+08	1	2.81e+08	0.713887592395798	0.980196228459937	0.182605335388747	0.043940445707157	0.00498582748005966	0.00402556833038112	-0.576168882375495	1.48164978861324	0.176759619216798	0.55335918612891	TRUE
236	1:280500000	1	280500000	0.713887592395798	0.980196228459937	0.182605335388747	0.043940445707157	0.00498582748005966	0.00402556833038112	-0.576168882375495	1.48164978861324	0.176759619216798	0.55335918612891	TRUE
236	1:282500000	1	282500000	0.713887592395798	0.980196228459937	0.182605335388747	0.043940445707157	0.00498582748005966	0.00402556833038112	-0.576168882375495	1.48164978861324	0.176759619216798	0.55335918612891	TRUE
236	1:281500000	1	281500000	0.713887592395798	0.980196228459937	0.182605335388747	0.043940445707157	0.00498582748005966	0.00402556833038112	-0.576168882375495	1.48164978861324	0.176759619216798	0.55335918612891	TRUE
239	1:198500000	1	198500000	0.673355884461958	0.993385160465138	0.0526524053457591	0.0865254242041827	0.00313498253563265	0.00240822670752339	-0.428931755903001	2.04859418676114	0.753953910696629	0.551128891723963	TRUE
239	1:1.96e+08	1	1.96e+08	0.673355884461958	0.993385160465138	0.0526524053457591	0.0865254242041827	0.00313498253563265	0.00240822670752339	-0.428931755903001	2.04859418676114	0.753953910696629	0.551128891723963	TRUE
239	1:1.95e+08	1	1.95e+08	0.673355884461958	0.993385160465138	0.0526524053457591	0.0865254242041827	0.00313498253563265	0.00240822670752339	-0.428931755903001	2.04859418676114	0.753953910696629	0.551128891723963	TRUE
239	1:195500000	1	195500000	0.673355884461958	0.993385160465138	0.0526524053457591	0.0865254242041827	0.00313498253563265	0.00240822670752339	-0.428931755903001	2.04859418676114	0.753953910696629	0.551128891723963	TRUE
239	1:199500000	1	199500000	0.673355884461958	0.993385160465138	0.0526524053457591	0.0865254242041827	0.00313498253563265	0.00240822670752339	-0.428931755903001	2.04859418676114	0.753953910696629	0.551128891723963	TRUE
239	1:1.97e+08	1	1.97e+08	0.673355884461958	0.993385160465138	0.0526524053457591	0.0865254242041827	0.00313498253563265	0.00240822670752339	-0.428931755903001	2.04859418676114	0.753953910696629	0.551128891723963	TRUE
239	1:1.98e+08	1	1.98e+08	0.673355884461958	0.993385160465138	0.0526524053457591	0.0865254242041827	0.00313498253563265	0.00240822670752339	-0.428931755903001	2.04859418676114	0.753953910696629	0.551128891723963	TRUE
239	1:1.99e+08	1	1.99e+08	0.673355884461958	0.993385160465138	0.0526524053457591	0.0865254242041827	0.00313498253563265	0.00240822670752339	-0.428931755903001	2.04859418676114	0.753953910696629	0.551128891723963	TRUE
239	1:197500000	1	197500000	0.673355884461958	0.993385160465138	0.0526524053457591	0.0865254242041827	0.00313498253563265	0.00240822670752339	-0.428931755903001	2.04859418676114	0.753953910696629	0.551128891723963	TRUE
239	1:196500000	1	196500000	0.673355884461958	0.993385160465138	0.0526524053457591	0.0865254242041827	0.00313498253563265	0.00240822670752339	-0.428931755903001	2.04859418676114	0.753953910696629	0.551128891723963	TRUE
249	1:1.17e+08	1	1.17e+08	0	0.970900841814522	0.0246325004067422	0	0.01621790323641	0.00173107129828786	0.036044949917792	1.93024609367859	0.509796624298179	0.556371381874349	TRUE
249	1:114500000	1	114500000	0	0.970900841814522	0.0246325004067422	0	0.01621790323641	0.00173107129828786	0.036044949917792	1.93024609367859	0.509796624298179	0.556371381874349	TRUE
249	1:118500000	1	118500000	0	0.970900841814522	0.0246325004067422	0	0.01621790323641	0.00173107129828786	0.036044949917792	1.93024609367859	0.509796624298179	0.556371381874349	TRUE
249	1:115500000	1	115500000	0	0.970900841814522	0.0246325004067422	0	0.01621790323641	0.00173107129828786	0.036044949917792	1.93024609367859	0.509796624298179	0.556371381874349	TRUE
249	1:116500000	1	116500000	0	0.970900841814522	0.0246325004067422	0	0.01621790323641	0.00173107129828786	0.036044949917792	1.93024609367859	0.509796624298179	0.556371381874349	TRUE
249	1:119500000	1	119500000	0	0.970900841814522	0.0246325004067422	0	0.01621790323641	0.00173107129828786	0.036044949917792	1.93024609367859	0.509796624298179	0.556371381874349	TRUE
249	1:1.15e+08	1	1.15e+08	0	0.970900841814522	0.0246325004067422	0	0.01621790323641	0.00173107129828786	0.036044949917792	1.93024609367859	0.509796624298179	0.556371381874349	TRUE
249	1:121500000	1	121500000	0	0.970900841814522	0.0246325004067422	0	0.01621790323641	0.00173107129828786	0.036044949917792	1.93024609367859	0.509796624298179	0.556371381874349	TRUE
249	1:1.19e+08	1	1.19e+08	0	0.970900841814522	0.0246325004067422	0	0.01621790323641	0.00173107129828786	0.036044949917792	1.93024609367859	0.509796624298179	0.556371381874349	TRUE
249	1:117500000	1	117500000	0	0.970900841814522	0.0246325004067422	0	0.01621790323641	0.00173107129828786	0.036044949917792	1.93024609367859	0.509796624298179	0.556371381874349	TRUE
249	1:1.14e+08	1	1.14e+08	0	0.970900841814522	0.0246325004067422	0	0.01621790323641	0.00173107129828786	0.036044949917792	1.93024609367859	0.509796624298179	0.556371381874349	TRUE
249	1:1.16e+08	1	1.16e+08	0	0.970900841814522	0.0246325004067422	0	0.01621790323641	0.00173107129828786	0.036044949917792	1.93024609367859	0.509796624298179	0.556371381874349	TRUE
249	1:1.21e+08	1	1.21e+08	0	0.970900841814522	0.0246325004067422	0	0.01621790323641	0.00173107129828786	0.036044949917792	1.93024609367859	0.509796624298179	0.556371381874349	TRUE
249	1:120500000	1	120500000	0	0.970900841814522	0.0246325004067422	0	0.01621790323641	0.00173107129828786	0.036044949917792	1.93024609367859	0.509796624298179	0.556371381874349	TRUE
251	1:2.82e+08	1	2.82e+08	0.365815264488097	0.953356500975207	0.110964954964739	0.0852529044857352	0.0113158841445072	0.00326721687894157	-0.228447765783904	1.44986017811383	0.038924959689233	0.595668438998453	FALSE
251	1:282500000	1	282500000	0.365815264488097	0.953356500975207	0.110964954964739	0.0852529044857352	0.0113158841445072	0.00326721687894157	-0.228447765783904	1.44986017811383	0.038924959689233	0.595668438998453	FALSE
251	1:280500000	1	280500000	0.365815264488097	0.953356500975207	0.110964954964739	0.0852529044857352	0.0113158841445072	0.00326721687894157	-0.228447765783904	1.44986017811383	0.038924959689233	0.595668438998453	FALSE
251	1:2.83e+08	1	2.83e+08	0.365815264488097	0.953356500975207	0.110964954964739	0.0852529044857352	0.0113158841445072	0.00326721687894157	-0.228447765783904	1.44986017811383	0.038924959689233	0.595668438998453	FALSE
251	1:281500000	1	281500000	0.365815264488097	0.953356500975207	0.110964954964739	0.0852529044857352	0.0113158841445072	0.00326721687894157	-0.228447765783904	1.44986017811383	0.038924959689233	0.595668438998453	FALSE
251	1:2.81e+08	1	2.81e+08	0.365815264488097	0.953356500975207	0.110964954964739	0.0852529044857352	0.0113158841445072	0.00326721687894157	-0.228447765783904	1.44986017811383	0.038924959689233	0.595668438998453	FALSE
264	1:1.4e+07	1	1.4e+07	0	0.954080316038691	0.00560622750640471	0	0.0559774834689209	0.0012416992569144	0.425116489586234	2.11089033142848	0.754307173347008	0.477258557964366	TRUE
264	1:4e+06	1	4e+06	0	0.954080316038691	0.00560622750640471	0	0.0559774834689209	0.0012416992569144	0.425116489586234	2.11089033142848	0.754307173347008	0.477258557964366	TRUE
264	1:12500000	1	12500000	0	0.954080316038691	0.00560622750640471	0	0.0559774834689209	0.0012416992569144	0.425116489586234	2.11089033142848	0.754307173347008	0.477258557964366	TRUE
264	1:10500000	1	10500000	0	0.954080316038691	0.00560622750640471	0	0.0559774834689209	0.0012416992569144	0.425116489586234	2.11089033142848	0.754307173347008	0.477258557964366	TRUE
264	1:11500000	1	11500000	0	0.954080316038691	0.00560622750640471	0	0.0559774834689209	0.0012416992569144	0.425116489586234	2.11089033142848	0.754307173347008	0.477258557964366	TRUE
264	1:1e+07	1	1e+07	0	0.954080316038691	0.00560622750640471	0	0.0559774834689209	0.0012416992569144	0.425116489586234	2.11089033142848	0.754307173347008	0.477258557964366	TRUE
264	1:3e+06	1	3e+06	0	0.954080316038691	0.00560622750640471	0	0.0559774834689209	0.0012416992569144	0.425116489586234	2.11089033142848	0.754307173347008	0.477258557964366	TRUE
264	1:1.1e+07	1	1.1e+07	0	0.954080316038691	0.00560622750640471	0	0.0559774834689209	0.0012416992569144	0.425116489586234	2.11089033142848	0.754307173347008	0.477258557964366	TRUE
264	1:2e+06	1	2e+06	0	0.954080316038691	0.00560622750640471	0	0.0559774834689209	0.0012416992569144	0.425116489586234	2.11089033142848	0.754307173347008	0.477258557964366	TRUE
264	1:3500000	1	3500000	0	0.954080316038691	0.00560622750640471	0	0.0559774834689209	0.0012416992569144	0.425116489586234	2.11089033142848	0.754307173347008	0.477258557964366	TRUE
264	1:1.2e+07	1	1.2e+07	0	0.954080316038691	0.00560622750640471	0	0.0559774834689209	0.0012416992569144	0.425116489586234	2.11089033142848	0.754307173347008	0.477258557964366	TRUE
264	1:2500000	1	2500000	0	0.954080316038691	0.00560622750640471	0	0.0559774834689209	0.0012416992569144	0.425116489586234	2.11089033142848	0.754307173347008	0.477258557964366	TRUE
264	1:15500000	1	15500000	0	0.954080316038691	0.00560622750640471	0	0.0559774834689209	0.0012416992569144	0.425116489586234	2.11089033142848	0.754307173347008	0.477258557964366	TRUE
264	1:9500000	1	9500000	0	0.954080316038691	0.00560622750640471	0	0.0559774834689209	0.0012416992569144	0.425116489586234	2.11089033142848	0.754307173347008	0.477258557964366	TRUE
264	1:5e+06	1	5e+06	0	0.954080316038691	0.00560622750640471	0	0.0559774834689209	0.0012416992569144	0.425116489586234	2.11089033142848	0.754307173347008	0.477258557964366	TRUE
264	1:1.6e+07	1	1.6e+07	0	0.954080316038691	0.00560622750640471	0	0.0559774834689209	0.0012416992569144	0.425116489586234	2.11089033142848	0.754307173347008	0.477258557964366	TRUE
264	1:13500000	1	13500000	0	0.954080316038691	0.00560622750640471	0	0.0559774834689209	0.0012416992569144	0.425116489586234	2.11089033142848	0.754307173347008	0.477258557964366	TRUE
264	1:1.5e+07	1	1.5e+07	0	0.954080316038691	0.00560622750640471	0	0.0559774834689209	0.0012416992569144	0.425116489586234	2.11089033142848	0.754307173347008	0.477258557964366	TRUE
264	1:4500000	1	4500000	0	0.954080316038691	0.00560622750640471	0	0.0559774834689209	0.0012416992569144	0.425116489586234	2.11089033142848	0.754307173347008	0.477258557964366	TRUE
264	1:1.3e+07	1	1.3e+07	0	0.954080316038691	0.00560622750640471	0	0.0559774834689209	0.0012416992569144	0.425116489586234	2.11089033142848	0.754307173347008	0.477258557964366	TRUE
264	1:14500000	1	14500000	0	0.954080316038691	0.00560622750640471	0	0.0559774834689209	0.0012416992569144	0.425116489586234	2.11089033142848	0.754307173347008	0.477258557964366	TRUE
270	1:1.68e+08	1	1.68e+08	0.889779298378692	0.995668878510608	0.185995844993942	0.0220923668033235	0.00136896478908388	0.00409700267690939	-0.8661777277961	1.75892656616189	0.32072447612014	0.639401629130013	FALSE
270	1:163500000	1	163500000	0.889779298378692	0.995668878510608	0.185995844993942	0.0220923668033235	0.00136896478908388	0.00409700267690939	-0.8661777277961	1.75892656616189	0.32072447612014	0.639401629130013	FALSE
270	1:166500000	1	166500000	0.889779298378692	0.995668878510608	0.185995844993942	0.0220923668033235	0.00136896478908388	0.00409700267690939	-0.8661777277961	1.75892656616189	0.32072447612014	0.639401629130013	FALSE
270	1:1.64e+08	1	1.64e+08	0.889779298378692	0.995668878510608	0.185995844993942	0.0220923668033235	0.00136896478908388	0.00409700267690939	-0.8661777277961	1.75892656616189	0.32072447612014	0.639401629130013	FALSE
270	1:170500000	1	170500000	0.889779298378692	0.995668878510608	0.185995844993942	0.0220923668033235	0.00136896478908388	0.00409700267690939	-0.8661777277961	1.75892656616189	0.32072447612014	0.639401629130013	FALSE
270	1:1.63e+08	1	1.63e+08	0.889779298378692	0.995668878510608	0.185995844993942	0.0220923668033235	0.00136896478908388	0.00409700267690939	-0.8661777277961	1.75892656616189	0.32072447612014	0.639401629130013	FALSE
270	1:1.71e+08	1	1.71e+08	0.889779298378692	0.995668878510608	0.185995844993942	0.0220923668033235	0.00136896478908388	0.00409700267690939	-0.8661777277961	1.75892656616189	0.32072447612014	0.639401629130013	FALSE
270	1:165500000	1	165500000	0.889779298378692	0.995668878510608	0.185995844993942	0.0220923668033235	0.00136896478908388	0.00409700267690939	-0.8661777277961	1.75892656616189	0.32072447612014	0.639401629130013	FALSE
270	1:167500000	1	167500000	0.889779298378692	0.995668878510608	0.185995844993942	0.0220923668033235	0.00136896478908388	0.00409700267690939	-0.8661777277961	1.75892656616189	0.32072447612014	0.639401629130013	FALSE
270	1:1.72e+08	1	1.72e+08	0.889779298378692	0.995668878510608	0.185995844993942	0.0220923668033235	0.00136896478908388	0.00409700267690939	-0.8661777277961	1.75892656616189	0.32072447612014	0.639401629130013	FALSE
270	1:172500000	1	172500000	0.889779298378692	0.995668878510608	0.185995844993942	0.0220923668033235	0.00136896478908388	0.00409700267690939	-0.8661777277961	1.75892656616189	0.32072447612014	0.639401629130013	FALSE
270	1:169500000	1	169500000	0.889779298378692	0.995668878510608	0.185995844993942	0.0220923668033235	0.00136896478908388	0.00409700267690939	-0.8661777277961	1.75892656616189	0.32072447612014	0.639401629130013	FALSE
270	1:1.67e+08	1	1.67e+08	0.889779298378692	0.995668878510608	0.185995844993942	0.0220923668033235	0.00136896478908388	0.00409700267690939	-0.8661777277961	1.75892656616189	0.32072447612014	0.639401629130013	FALSE
270	1:1.73e+08	1	1.73e+08	0.889779298378692	0.995668878510608	0.185995844993942	0.0220923668033235	0.00136896478908388	0.00409700267690939	-0.8661777277961	1.75892656616189	0.32072447612014	0.639401629130013	FALSE
270	1:164500000	1	164500000	0.889779298378692	0.995668878510608	0.185995844993942	0.0220923668033235	0.00136896478908388	0.00409700267690939	-0.8661777277961	1.75892656616189	0.32072447612014	0.639401629130013	FALSE
270	1:1.7e+08	1	1.7e+08	0.889779298378692	0.995668878510608	0.185995844993942	0.0220923668033235	0.00136896478908388	0.00409700267690939	-0.8661777277961	1.75892656616189	0.32072447612014	0.639401629130013	FALSE
270	1:1.66e+08	1	1.66e+08	0.889779298378692	0.995668878510608	0.185995844993942	0.0220923668033235	0.00136896478908388	0.00409700267690939	-0.8661777277961	1.75892656616189	0.32072447612014	0.639401629130013	FALSE
270	1:168500000	1	168500000	0.889779298378692	0.995668878510608	0.185995844993942	0.0220923668033235	0.00136896478908388	0.00409700267690939	-0.8661777277961	1.75892656616189	0.32072447612014	0.639401629130013	FALSE
270	1:1.65e+08	1	1.65e+08	0.889779298378692	0.995668878510608	0.185995844993942	0.0220923668033235	0.00136896478908388	0.00409700267690939	-0.8661777277961	1.75892656616189	0.32072447612014	0.639401629130013	FALSE
270	1:162500000	1	162500000	0.889779298378692	0.995668878510608	0.185995844993942	0.0220923668033235	0.00136896478908388	0.00409700267690939	-0.8661777277961	1.75892656616189	0.32072447612014	0.639401629130013	FALSE
270	1:171500000	1	171500000	0.889779298378692	0.995668878510608	0.185995844993942	0.0220923668033235	0.00136896478908388	0.00409700267690939	-0.8661777277961	1.75892656616189	0.32072447612014	0.639401629130013	FALSE
276	1:1.4e+07	1	1.4e+07	0	0.985928972166828	0.0125207615948785	0	0.0114452559753128	0.00128254806030324	0.0227305833565167	2.21803099135718	0.643972232447609	0.494753485463342	TRUE
276	1:3500000	1	3500000	0	0.985928972166828	0.0125207615948785	0	0.0114452559753128	0.00128254806030324	0.0227305833565167	2.21803099135718	0.643972232447609	0.494753485463342	TRUE
276	1:2500000	1	2500000	0	0.985928972166828	0.0125207615948785	0	0.0114452559753128	0.00128254806030324	0.0227305833565167	2.21803099135718	0.643972232447609	0.494753485463342	TRUE
276	1:13500000	1	13500000	0	0.985928972166828	0.0125207615948785	0	0.0114452559753128	0.00128254806030324	0.0227305833565167	2.21803099135718	0.643972232447609	0.494753485463342	TRUE
276	1:12500000	1	12500000	0	0.985928972166828	0.0125207615948785	0	0.0114452559753128	0.00128254806030324	0.0227305833565167	2.21803099135718	0.643972232447609	0.494753485463342	TRUE
276	1:1.5e+07	1	1.5e+07	0	0.985928972166828	0.0125207615948785	0	0.0114452559753128	0.00128254806030324	0.0227305833565167	2.21803099135718	0.643972232447609	0.494753485463342	TRUE
276	1:3e+06	1	3e+06	0	0.985928972166828	0.0125207615948785	0	0.0114452559753128	0.00128254806030324	0.0227305833565167	2.21803099135718	0.643972232447609	0.494753485463342	TRUE
276	1:6e+06	1	6e+06	0	0.985928972166828	0.0125207615948785	0	0.0114452559753128	0.00128254806030324	0.0227305833565167	2.21803099135718	0.643972232447609	0.494753485463342	TRUE
276	1:14500000	1	14500000	0	0.985928972166828	0.0125207615948785	0	0.0114452559753128	0.00128254806030324	0.0227305833565167	2.21803099135718	0.643972232447609	0.494753485463342	TRUE
276	1:9500000	1	9500000	0	0.985928972166828	0.0125207615948785	0	0.0114452559753128	0.00128254806030324	0.0227305833565167	2.21803099135718	0.643972232447609	0.494753485463342	TRUE
276	1:1.2e+07	1	1.2e+07	0	0.985928972166828	0.0125207615948785	0	0.0114452559753128	0.00128254806030324	0.0227305833565167	2.21803099135718	0.643972232447609	0.494753485463342	TRUE
276	1:5500000	1	5500000	0	0.985928972166828	0.0125207615948785	0	0.0114452559753128	0.00128254806030324	0.0227305833565167	2.21803099135718	0.643972232447609	0.494753485463342	TRUE
276	1:15500000	1	15500000	0	0.985928972166828	0.0125207615948785	0	0.0114452559753128	0.00128254806030324	0.0227305833565167	2.21803099135718	0.643972232447609	0.494753485463342	TRUE
276	1:10500000	1	10500000	0	0.985928972166828	0.0125207615948785	0	0.0114452559753128	0.00128254806030324	0.0227305833565167	2.21803099135718	0.643972232447609	0.494753485463342	TRUE
276	1:4500000	1	4500000	0	0.985928972166828	0.0125207615948785	0	0.0114452559753128	0.00128254806030324	0.0227305833565167	2.21803099135718	0.643972232447609	0.494753485463342	TRUE
276	1:6500000	1	6500000	0	0.985928972166828	0.0125207615948785	0	0.0114452559753128	0.00128254806030324	0.0227305833565167	2.21803099135718	0.643972232447609	0.494753485463342	TRUE
276	1:5e+06	1	5e+06	0	0.985928972166828	0.0125207615948785	0	0.0114452559753128	0.00128254806030324	0.0227305833565167	2.21803099135718	0.643972232447609	0.494753485463342	TRUE
276	1:4e+06	1	4e+06	0	0.985928972166828	0.0125207615948785	0	0.0114452559753128	0.00128254806030324	0.0227305833565167	2.21803099135718	0.643972232447609	0.494753485463342	TRUE
276	1:1.3e+07	1	1.3e+07	0	0.985928972166828	0.0125207615948785	0	0.0114452559753128	0.00128254806030324	0.0227305833565167	2.21803099135718	0.643972232447609	0.494753485463342	TRUE
276	1:2e+06	1	2e+06	0	0.985928972166828	0.0125207615948785	0	0.0114452559753128	0.00128254806030324	0.0227305833565167	2.21803099135718	0.643972232447609	0.494753485463342	TRUE
276	1:1e+07	1	1e+07	0	0.985928972166828	0.0125207615948785	0	0.0114452559753128	0.00128254806030324	0.0227305833565167	2.21803099135718	0.643972232447609	0.494753485463342	TRUE
276	1:1.1e+07	1	1.1e+07	0	0.985928972166828	0.0125207615948785	0	0.0114452559753128	0.00128254806030324	0.0227305833565167	2.21803099135718	0.643972232447609	0.494753485463342	TRUE
276	1:1.6e+07	1	1.6e+07	0	0.985928972166828	0.0125207615948785	0	0.0114452559753128	0.00128254806030324	0.0227305833565167	2.21803099135718	0.643972232447609	0.494753485463342	TRUE
276	1:7e+06	1	7e+06	0	0.985928972166828	0.0125207615948785	0	0.0114452559753128	0.00128254806030324	0.0227305833565167	2.21803099135718	0.643972232447609	0.494753485463342	TRUE
276	1:11500000	1	11500000	0	0.985928972166828	0.0125207615948785	0	0.0114452559753128	0.00128254806030324	0.0227305833565167	2.21803099135718	0.643972232447609	0.494753485463342	TRUE
283	1:250500000	1	250500000	0.784871542492611	0.985206881185314	0.213442960561596	0.0340660614312708	0.00373992668793694	0.00427299014367042	-0.690527071345229	1.48505884164871	0.673541145631373	0.535240613059045	TRUE
283	1:251500000	1	251500000	0.784871542492611	0.985206881185314	0.213442960561596	0.0340660614312708	0.00373992668793694	0.00427299014367042	-0.690527071345229	1.48505884164871	0.673541145631373	0.535240613059045	TRUE
283	1:2.51e+08	1	2.51e+08	0.784871542492611	0.985206881185314	0.213442960561596	0.0340660614312708	0.00373992668793694	0.00427299014367042	-0.690527071345229	1.48505884164871	0.673541145631373	0.535240613059045	TRUE
283	1:249500000	1	249500000	0.784871542492611	0.985206881185314	0.213442960561596	0.0340660614312708	0.00373992668793694	0.00427299014367042	-0.690527071345229	1.48505884164871	0.673541145631373	0.535240613059045	TRUE
283	1:2.52e+08	1	2.52e+08	0.784871542492611	0.985206881185314	0.213442960561596	0.0340660614312708	0.00373992668793694	0.00427299014367042	-0.690527071345229	1.48505884164871	0.673541145631373	0.535240613059045	TRUE
283	1:2.5e+08	1	2.5e+08	0.784871542492611	0.985206881185314	0.213442960561596	0.0340660614312708	0.00373992668793694	0.00427299014367042	-0.690527071345229	1.48505884164871	0.673541145631373	0.535240613059045	TRUE
283	1:252500000	1	252500000	0.784871542492611	0.985206881185314	0.213442960561596	0.0340660614312708	0.00373992668793694	0.00427299014367042	-0.690527071345229	1.48505884164871	0.673541145631373	0.535240613059045	TRUE
283	1:248500000	1	248500000	0.784871542492611	0.985206881185314	0.213442960561596	0.0340660614312708	0.00373992668793694	0.00427299014367042	-0.690527071345229	1.48505884164871	0.673541145631373	0.535240613059045	TRUE
283	1:2.49e+08	1	2.49e+08	0.784871542492611	0.985206881185314	0.213442960561596	0.0340660614312708	0.00373992668793694	0.00427299014367042	-0.690527071345229	1.48505884164871	0.673541145631373	0.535240613059045	TRUE
283	1:2.53e+08	1	2.53e+08	0.784871542492611	0.985206881185314	0.213442960561596	0.0340660614312708	0.00373992668793694	0.00427299014367042	-0.690527071345229	1.48505884164871	0.673541145631373	0.535240613059045	TRUE
287	1:239500000	1	239500000	0.212650248082109	0.981094869960253	0.030229025081365	0.193287995416819	0.009132658177653	0.00184240266350772	-0.0997337329076445	1.9771720049455	0.462048758864119	0.572198299002731	TRUE
287	1:2.4e+08	1	2.4e+08	0.212650248082109	0.981094869960253	0.030229025081365	0.193287995416819	0.009132658177653	0.00184240266350772	-0.0997337329076445	1.9771720049455	0.462048758864119	0.572198299002731	TRUE
287	1:2.41e+08	1	2.41e+08	0.212650248082109	0.981094869960253	0.030229025081365	0.193287995416819	0.009132658177653	0.00184240266350772	-0.0997337329076445	1.9771720049455	0.462048758864119	0.572198299002731	TRUE
287	1:240500000	1	240500000	0.212650248082109	0.981094869960253	0.030229025081365	0.193287995416819	0.009132658177653	0.00184240266350772	-0.0997337329076445	1.9771720049455	0.462048758864119	0.572198299002731	TRUE
287	1:241500000	1	241500000	0.212650248082109	0.981094869960253	0.030229025081365	0.193287995416819	0.009132658177653	0.00184240266350772	-0.0997337329076445	1.9771720049455	0.462048758864119	0.572198299002731	TRUE
287	1:237500000	1	237500000	0.212650248082109	0.981094869960253	0.030229025081365	0.193287995416819	0.009132658177653	0.00184240266350772	-0.0997337329076445	1.9771720049455	0.462048758864119	0.572198299002731	TRUE
287	1:2.43e+08	1	2.43e+08	0.212650248082109	0.981094869960253	0.030229025081365	0.193287995416819	0.009132658177653	0.00184240266350772	-0.0997337329076445	1.9771720049455	0.462048758864119	0.572198299002731	TRUE
287	1:242500000	1	242500000	0.212650248082109	0.981094869960253	0.030229025081365	0.193287995416819	0.009132658177653	0.00184240266350772	-0.0997337329076445	1.9771720049455	0.462048758864119	0.572198299002731	TRUE
287	1:2.39e+08	1	2.39e+08	0.212650248082109	0.981094869960253	0.030229025081365	0.193287995416819	0.009132658177653	0.00184240266350772	-0.0997337329076445	1.9771720049455	0.462048758864119	0.572198299002731	TRUE
287	1:2.38e+08	1	2.38e+08	0.212650248082109	0.981094869960253	0.030229025081365	0.193287995416819	0.009132658177653	0.00184240266350772	-0.0997337329076445	1.9771720049455	0.462048758864119	0.572198299002731	TRUE
287	1:2.42e+08	1	2.42e+08	0.212650248082109	0.981094869960253	0.030229025081365	0.193287995416819	0.009132658177653	0.00184240266350772	-0.0997337329076445	1.9771720049455	0.462048758864119	0.572198299002731	TRUE
287	1:2.37e+08	1	2.37e+08	0.212650248082109	0.981094869960253	0.030229025081365	0.193287995416819	0.009132658177653	0.00184240266350772	-0.0997337329076445	1.9771720049455	0.462048758864119	0.572198299002731	TRUE
302	1:202500000	1	202500000	0.196876216332049	0.973814109421825	0.0402696884849728	0.169521096250665	0.0107865970070881	0.0020894720056097	-0.096250030361116	1.84381504988113	0.494208465660877	0.528110372405336	TRUE
302	1:2.02e+08	1	2.02e+08	0.196876216332049	0.973814109421825	0.0402696884849728	0.169521096250665	0.0107865970070881	0.0020894720056097	-0.096250030361116	1.84381504988113	0.494208465660877	0.528110372405336	TRUE
302	1:203500000	1	203500000	0.196876216332049	0.973814109421825	0.0402696884849728	0.169521096250665	0.0107865970070881	0.0020894720056097	-0.096250030361116	1.84381504988113	0.494208465660877	0.528110372405336	TRUE
302	1:200500000	1	200500000	0.196876216332049	0.973814109421825	0.0402696884849728	0.169521096250665	0.0107865970070881	0.0020894720056097	-0.096250030361116	1.84381504988113	0.494208465660877	0.528110372405336	TRUE
302	1:2.03e+08	1	2.03e+08	0.196876216332049	0.973814109421825	0.0402696884849728	0.169521096250665	0.0107865970070881	0.0020894720056097	-0.096250030361116	1.84381504988113	0.494208465660877	0.528110372405336	TRUE
302	1:201500000	1	201500000	0.196876216332049	0.973814109421825	0.0402696884849728	0.169521096250665	0.0107865970070881	0.0020894720056097	-0.096250030361116	1.84381504988113	0.494208465660877	0.528110372405336	TRUE
302	1:2.04e+08	1	2.04e+08	0.196876216332049	0.973814109421825	0.0402696884849728	0.169521096250665	0.0107865970070881	0.0020894720056097	-0.096250030361116	1.84381504988113	0.494208465660877	0.528110372405336	TRUE
309	1:292500000	1	292500000	0.727971560075745	0.967509449708422	0.304951127097525	0.0336106809434746	0.00625940758130953	0.00480355643112402	-0.667587564324183	1.17780055199836	3.17883105511138e-05	0.53580527820103	TRUE
309	1:2.91e+08	1	2.91e+08	0.727971560075745	0.967509449708422	0.304951127097525	0.0336106809434746	0.00625940758130953	0.00480355643112402	-0.667587564324183	1.17780055199836	3.17883105511138e-05	0.53580527820103	TRUE
309	1:2.92e+08	1	2.92e+08	0.727971560075745	0.967509449708422	0.304951127097525	0.0336106809434746	0.00625940758130953	0.00480355643112402	-0.667587564324183	1.17780055199836	3.17883105511138e-05	0.53580527820103	TRUE
309	1:293500000	1	293500000	0.727971560075745	0.967509449708422	0.304951127097525	0.0336106809434746	0.00625940758130953	0.00480355643112402	-0.667587564324183	1.17780055199836	3.17883105511138e-05	0.53580527820103	TRUE
309	1:291500000	1	291500000	0.727971560075745	0.967509449708422	0.304951127097525	0.0336106809434746	0.00625940758130953	0.00480355643112402	-0.667587564324183	1.17780055199836	3.17883105511138e-05	0.53580527820103	TRUE
309	1:2.93e+08	1	2.93e+08	0.727971560075745	0.967509449708422	0.304951127097525	0.0336106809434746	0.00625940758130953	0.00480355643112402	-0.667587564324183	1.17780055199836	3.17883105511138e-05	0.53580527820103	TRUE
31	1:303500000	1	303500000	1	1	1	0	0	0	0	0	0	0.309750812299033	TRUE
31	1:3.04e+08	1	3.04e+08	1	1	1	0	0	0	0	0	0	0.309750812299033	TRUE
31	1:3.06e+08	1	3.06e+08	1	1	1	0	0	0	0	0	0	0.309750812299033	TRUE
31	1:307500000	1	307500000	1	1	1	0	0	0	0	0	0	0.309750812299033	TRUE
31	1:3.03e+08	1	3.03e+08	1	1	1	0	0	0	0	0	0	0.309750812299033	TRUE
31	1:302500000	1	302500000	1	1	1	0	0	0	0	0	0	0.309750812299033	TRUE
31	1:3.07e+08	1	3.07e+08	1	1	1	0	0	0	0	0	0	0.309750812299033	TRUE
31	1:3.05e+08	1	3.05e+08	1	1	1	0	0	0	0	0	0	0.309750812299033	TRUE
31	1:304500000	1	304500000	1	1	1	0	0	0	0	0	0	0.309750812299033	TRUE
31	1:305500000	1	305500000	1	1	1	0	0	0	0	0	0	0.309750812299033	TRUE
31	1:306500000	1	306500000	1	1	1	0	0	0	0	0	0	0.309750812299033	TRUE
315	1:228500000	1	228500000	0.677375814008511	0.977750918002858	0.169093820029872	0.0475402473444959	0.00543470870237062	0.00391009579359124	-0.525807611443016	1.48355998531985	0.00138856770806676	0.509745756385881	TRUE
315	1:230500000	1	230500000	0.677375814008511	0.977750918002858	0.169093820029872	0.0475402473444959	0.00543470870237062	0.00391009579359124	-0.525807611443016	1.48355998531985	0.00138856770806676	0.509745756385881	TRUE
315	1:2.3e+08	1	2.3e+08	0.677375814008511	0.977750918002858	0.169093820029872	0.0475402473444959	0.00543470870237062	0.00391009579359124	-0.525807611443016	1.48355998531985	0.00138856770806676	0.509745756385881	TRUE
315	1:2.28e+08	1	2.28e+08	0.677375814008511	0.977750918002858	0.169093820029872	0.0475402473444959	0.00543470870237062	0.00391009579359124	-0.525807611443016	1.48355998531985	0.00138856770806676	0.509745756385881	TRUE
315	1:2.29e+08	1	2.29e+08	0.677375814008511	0.977750918002858	0.169093820029872	0.0475402473444959	0.00543470870237062	0.00391009579359124	-0.525807611443016	1.48355998531985	0.00138856770806676	0.509745756385881	TRUE
315	1:229500000	1	229500000	0.677375814008511	0.977750918002858	0.169093820029872	0.0475402473444959	0.00543470870237062	0.00391009579359124	-0.525807611443016	1.48355998531985	0.00138856770806676	0.509745756385881	TRUE
319	1:117500000	1	117500000	0	0.980956808794467	0.00964284394182936	0	0.0163925194586277	0.00114236849570449	0.133019205395299	2.20694306870719	0.358538759289598	0.650753453442785	FALSE
319	1:116500000	1	116500000	0	0.980956808794467	0.00964284394182936	0	0.0163925194586277	0.00114236849570449	0.133019205395299	2.20694306870719	0.358538759289598	0.650753453442785	FALSE
319	1:106500000	1	106500000	0	0.980956808794467	0.00964284394182936	0	0.0163925194586277	0.00114236849570449	0.133019205395299	2.20694306870719	0.358538759289598	0.650753453442785	FALSE
319	1:112500000	1	112500000	0	0.980956808794467	0.00964284394182936	0	0.0163925194586277	0.00114236849570449	0.133019205395299	2.20694306870719	0.358538759289598	0.650753453442785	FALSE
319	1:113500000	1	113500000	0	0.980956808794467	0.00964284394182936	0	0.0163925194586277	0.00114236849570449	0.133019205395299	2.20694306870719	0.358538759289598	0.650753453442785	FALSE
319	1:108500000	1	108500000	0	0.980956808794467	0.00964284394182936	0	0.0163925194586277	0.00114236849570449	0.133019205395299	2.20694306870719	0.358538759289598	0.650753453442785	FALSE
319	1:1.06e+08	1	1.06e+08	0	0.980956808794467	0.00964284394182936	0	0.0163925194586277	0.00114236849570449	0.133019205395299	2.20694306870719	0.358538759289598	0.650753453442785	FALSE
319	1:1.09e+08	1	1.09e+08	0	0.980956808794467	0.00964284394182936	0	0.0163925194586277	0.00114236849570449	0.133019205395299	2.20694306870719	0.358538759289598	0.650753453442785	FALSE
319	1:1.19e+08	1	1.19e+08	0	0.980956808794467	0.00964284394182936	0	0.0163925194586277	0.00114236849570449	0.133019205395299	2.20694306870719	0.358538759289598	0.650753453442785	FALSE
319	1:1.16e+08	1	1.16e+08	0	0.980956808794467	0.00964284394182936	0	0.0163925194586277	0.00114236849570449	0.133019205395299	2.20694306870719	0.358538759289598	0.650753453442785	FALSE
319	1:1.15e+08	1	1.15e+08	0	0.980956808794467	0.00964284394182936	0	0.0163925194586277	0.00114236849570449	0.133019205395299	2.20694306870719	0.358538759289598	0.650753453442785	FALSE
319	1:111500000	1	111500000	0	0.980956808794467	0.00964284394182936	0	0.0163925194586277	0.00114236849570449	0.133019205395299	2.20694306870719	0.358538759289598	0.650753453442785	FALSE
319	1:1.07e+08	1	1.07e+08	0	0.980956808794467	0.00964284394182936	0	0.0163925194586277	0.00114236849570449	0.133019205395299	2.20694306870719	0.358538759289598	0.650753453442785	FALSE
319	1:107500000	1	107500000	0	0.980956808794467	0.00964284394182936	0	0.0163925194586277	0.00114236849570449	0.133019205395299	2.20694306870719	0.358538759289598	0.650753453442785	FALSE
319	1:119500000	1	119500000	0	0.980956808794467	0.00964284394182936	0	0.0163925194586277	0.00114236849570449	0.133019205395299	2.20694306870719	0.358538759289598	0.650753453442785	FALSE
319	1:1.12e+08	1	1.12e+08	0	0.980956808794467	0.00964284394182936	0	0.0163925194586277	0.00114236849570449	0.133019205395299	2.20694306870719	0.358538759289598	0.650753453442785	FALSE
319	1:1.17e+08	1	1.17e+08	0	0.980956808794467	0.00964284394182936	0	0.0163925194586277	0.00114236849570449	0.133019205395299	2.20694306870719	0.358538759289598	0.650753453442785	FALSE
319	1:1.08e+08	1	1.08e+08	0	0.980956808794467	0.00964284394182936	0	0.0163925194586277	0.00114236849570449	0.133019205395299	2.20694306870719	0.358538759289598	0.650753453442785	FALSE
319	1:1.1e+08	1	1.1e+08	0	0.980956808794467	0.00964284394182936	0	0.0163925194586277	0.00114236849570449	0.133019205395299	2.20694306870719	0.358538759289598	0.650753453442785	FALSE
319	1:115500000	1	115500000	0	0.980956808794467	0.00964284394182936	0	0.0163925194586277	0.00114236849570449	0.133019205395299	2.20694306870719	0.358538759289598	0.650753453442785	FALSE
319	1:105500000	1	105500000	0	0.980956808794467	0.00964284394182936	0	0.0163925194586277	0.00114236849570449	0.133019205395299	2.20694306870719	0.358538759289598	0.650753453442785	FALSE
319	1:109500000	1	109500000	0	0.980956808794467	0.00964284394182936	0	0.0163925194586277	0.00114236849570449	0.133019205395299	2.20694306870719	0.358538759289598	0.650753453442785	FALSE
319	1:1.13e+08	1	1.13e+08	0	0.980956808794467	0.00964284394182936	0	0.0163925194586277	0.00114236849570449	0.133019205395299	2.20694306870719	0.358538759289598	0.650753453442785	FALSE
319	1:1.21e+08	1	1.21e+08	0	0.980956808794467	0.00964284394182936	0	0.0163925194586277	0.00114236849570449	0.133019205395299	2.20694306870719	0.358538759289598	0.650753453442785	FALSE
319	1:1.11e+08	1	1.11e+08	0	0.980956808794467	0.00964284394182936	0	0.0163925194586277	0.00114236849570449	0.133019205395299	2.20694306870719	0.358538759289598	0.650753453442785	FALSE
319	1:110500000	1	110500000	0	0.980956808794467	0.00964284394182936	0	0.0163925194586277	0.00114236849570449	0.133019205395299	2.20694306870719	0.358538759289598	0.650753453442785	FALSE
319	1:118500000	1	118500000	0	0.980956808794467	0.00964284394182936	0	0.0163925194586277	0.00114236849570449	0.133019205395299	2.20694306870719	0.358538759289598	0.650753453442785	FALSE
319	1:114500000	1	114500000	0	0.980956808794467	0.00964284394182936	0	0.0163925194586277	0.00114236849570449	0.133019205395299	2.20694306870719	0.358538759289598	0.650753453442785	FALSE
319	1:1.14e+08	1	1.14e+08	0	0.980956808794467	0.00964284394182936	0	0.0163925194586277	0.00114236849570449	0.133019205395299	2.20694306870719	0.358538759289598	0.650753453442785	FALSE
319	1:120500000	1	120500000	0	0.980956808794467	0.00964284394182936	0	0.0163925194586277	0.00114236849570449	0.133019205395299	2.20694306870719	0.358538759289598	0.650753453442785	FALSE
319	1:121500000	1	121500000	0	0.980956808794467	0.00964284394182936	0	0.0163925194586277	0.00114236849570449	0.133019205395299	2.20694306870719	0.358538759289598	0.650753453442785	FALSE
325	1:2.59e+08	1	2.59e+08	0.781933981500021	0.969218509068982	0.389415301035523	0.0269530011949961	0.00572369901463976	0.00509629314412035	-0.79429347293482	1.07513675846429	0.0924860671351416	0.510354608322981	TRUE
325	1:259500000	1	259500000	0.781933981500021	0.969218509068982	0.389415301035523	0.0269530011949961	0.00572369901463976	0.00509629314412035	-0.79429347293482	1.07513675846429	0.0924860671351416	0.510354608322981	TRUE
325	1:257500000	1	257500000	0.781933981500021	0.969218509068982	0.389415301035523	0.0269530011949961	0.00572369901463976	0.00509629314412035	-0.79429347293482	1.07513675846429	0.0924860671351416	0.510354608322981	TRUE
325	1:2.6e+08	1	2.6e+08	0.781933981500021	0.969218509068982	0.389415301035523	0.0269530011949961	0.00572369901463976	0.00509629314412035	-0.79429347293482	1.07513675846429	0.0924860671351416	0.510354608322981	TRUE
325	1:258500000	1	258500000	0.781933981500021	0.969218509068982	0.389415301035523	0.0269530011949961	0.00572369901463976	0.00509629314412035	-0.79429347293482	1.07513675846429	0.0924860671351416	0.510354608322981	TRUE
333	1:1.16e+08	1	1.16e+08	0	0.983497443025466	0.00211750698339961	0	0.0416710064730619	0.000784531790564898	0.364041724675161	2.49606280107903	0.952282190412024	0.654747549343495	FALSE
333	1:108500000	1	108500000	0	0.983497443025466	0.00211750698339961	0	0.0416710064730619	0.000784531790564898	0.364041724675161	2.49606280107903	0.952282190412024	0.654747549343495	FALSE
333	1:109500000	1	109500000	0	0.983497443025466	0.00211750698339961	0	0.0416710064730619	0.000784531790564898	0.364041724675161	2.49606280107903	0.952282190412024	0.654747549343495	FALSE
333	1:119500000	1	119500000	0	0.983497443025466	0.00211750698339961	0	0.0416710064730619	0.000784531790564898	0.364041724675161	2.49606280107903	0.952282190412024	0.654747549343495	FALSE
333	1:1.08e+08	1	1.08e+08	0	0.983497443025466	0.00211750698339961	0	0.0416710064730619	0.000784531790564898	0.364041724675161	2.49606280107903	0.952282190412024	0.654747549343495	FALSE
333	1:1.1e+08	1	1.1e+08	0	0.983497443025466	0.00211750698339961	0	0.0416710064730619	0.000784531790564898	0.364041724675161	2.49606280107903	0.952282190412024	0.654747549343495	FALSE
333	1:105500000	1	105500000	0	0.983497443025466	0.00211750698339961	0	0.0416710064730619	0.000784531790564898	0.364041724675161	2.49606280107903	0.952282190412024	0.654747549343495	FALSE
333	1:117500000	1	117500000	0	0.983497443025466	0.00211750698339961	0	0.0416710064730619	0.000784531790564898	0.364041724675161	2.49606280107903	0.952282190412024	0.654747549343495	FALSE
333	1:114500000	1	114500000	0	0.983497443025466	0.00211750698339961	0	0.0416710064730619	0.000784531790564898	0.364041724675161	2.49606280107903	0.952282190412024	0.654747549343495	FALSE
333	1:1.21e+08	1	1.21e+08	0	0.983497443025466	0.00211750698339961	0	0.0416710064730619	0.000784531790564898	0.364041724675161	2.49606280107903	0.952282190412024	0.654747549343495	FALSE
333	1:1.11e+08	1	1.11e+08	0	0.983497443025466	0.00211750698339961	0	0.0416710064730619	0.000784531790564898	0.364041724675161	2.49606280107903	0.952282190412024	0.654747549343495	FALSE
333	1:1.17e+08	1	1.17e+08	0	0.983497443025466	0.00211750698339961	0	0.0416710064730619	0.000784531790564898	0.364041724675161	2.49606280107903	0.952282190412024	0.654747549343495	FALSE
333	1:116500000	1	116500000	0	0.983497443025466	0.00211750698339961	0	0.0416710064730619	0.000784531790564898	0.364041724675161	2.49606280107903	0.952282190412024	0.654747549343495	FALSE
333	1:1.07e+08	1	1.07e+08	0	0.983497443025466	0.00211750698339961	0	0.0416710064730619	0.000784531790564898	0.364041724675161	2.49606280107903	0.952282190412024	0.654747549343495	FALSE
333	1:1.22e+08	1	1.22e+08	0	0.983497443025466	0.00211750698339961	0	0.0416710064730619	0.000784531790564898	0.364041724675161	2.49606280107903	0.952282190412024	0.654747549343495	FALSE
333	1:1.19e+08	1	1.19e+08	0	0.983497443025466	0.00211750698339961	0	0.0416710064730619	0.000784531790564898	0.364041724675161	2.49606280107903	0.952282190412024	0.654747549343495	FALSE
333	1:1.15e+08	1	1.15e+08	0	0.983497443025466	0.00211750698339961	0	0.0416710064730619	0.000784531790564898	0.364041724675161	2.49606280107903	0.952282190412024	0.654747549343495	FALSE
333	1:115500000	1	115500000	0	0.983497443025466	0.00211750698339961	0	0.0416710064730619	0.000784531790564898	0.364041724675161	2.49606280107903	0.952282190412024	0.654747549343495	FALSE
333	1:1.09e+08	1	1.09e+08	0	0.983497443025466	0.00211750698339961	0	0.0416710064730619	0.000784531790564898	0.364041724675161	2.49606280107903	0.952282190412024	0.654747549343495	FALSE
333	1:107500000	1	107500000	0	0.983497443025466	0.00211750698339961	0	0.0416710064730619	0.000784531790564898	0.364041724675161	2.49606280107903	0.952282190412024	0.654747549343495	FALSE
333	1:121500000	1	121500000	0	0.983497443025466	0.00211750698339961	0	0.0416710064730619	0.000784531790564898	0.364041724675161	2.49606280107903	0.952282190412024	0.654747549343495	FALSE
333	1:1.14e+08	1	1.14e+08	0	0.983497443025466	0.00211750698339961	0	0.0416710064730619	0.000784531790564898	0.364041724675161	2.49606280107903	0.952282190412024	0.654747549343495	FALSE
333	1:118500000	1	118500000	0	0.983497443025466	0.00211750698339961	0	0.0416710064730619	0.000784531790564898	0.364041724675161	2.49606280107903	0.952282190412024	0.654747549343495	FALSE
333	1:110500000	1	110500000	0	0.983497443025466	0.00211750698339961	0	0.0416710064730619	0.000784531790564898	0.364041724675161	2.49606280107903	0.952282190412024	0.654747549343495	FALSE
333	1:112500000	1	112500000	0	0.983497443025466	0.00211750698339961	0	0.0416710064730619	0.000784531790564898	0.364041724675161	2.49606280107903	0.952282190412024	0.654747549343495	FALSE
333	1:106500000	1	106500000	0	0.983497443025466	0.00211750698339961	0	0.0416710064730619	0.000784531790564898	0.364041724675161	2.49606280107903	0.952282190412024	0.654747549343495	FALSE
333	1:113500000	1	113500000	0	0.983497443025466	0.00211750698339961	0	0.0416710064730619	0.000784531790564898	0.364041724675161	2.49606280107903	0.952282190412024	0.654747549343495	FALSE
333	1:1.13e+08	1	1.13e+08	0	0.983497443025466	0.00211750698339961	0	0.0416710064730619	0.000784531790564898	0.364041724675161	2.49606280107903	0.952282190412024	0.654747549343495	FALSE
333	1:120500000	1	120500000	0	0.983497443025466	0.00211750698339961	0	0.0416710064730619	0.000784531790564898	0.364041724675161	2.49606280107903	0.952282190412024	0.654747549343495	FALSE
333	1:111500000	1	111500000	0	0.983497443025466	0.00211750698339961	0	0.0416710064730619	0.000784531790564898	0.364041724675161	2.49606280107903	0.952282190412024	0.654747549343495	FALSE
333	1:1.12e+08	1	1.12e+08	0	0.983497443025466	0.00211750698339961	0	0.0416710064730619	0.000784531790564898	0.364041724675161	2.49606280107903	0.952282190412024	0.654747549343495	FALSE
333	1:1.06e+08	1	1.06e+08	0	0.983497443025466	0.00211750698339961	0	0.0416710064730619	0.000784531790564898	0.364041724675161	2.49606280107903	0.952282190412024	0.654747549343495	FALSE
340	1:264500000	1	264500000	0.726688778935771	0.957811818446611	0.378284952918114	0.0315084764141468	0.00742118059071018	0.0050551540750893	-0.707925435079255	1.01791366647901	0.433830923797905	0.474593402705917	TRUE
340	1:2.63e+08	1	2.63e+08	0.726688778935771	0.957811818446611	0.378284952918114	0.0315084764141468	0.00742118059071018	0.0050551540750893	-0.707925435079255	1.01791366647901	0.433830923797905	0.474593402705917	TRUE
340	1:263500000	1	263500000	0.726688778935771	0.957811818446611	0.378284952918114	0.0315084764141468	0.00742118059071018	0.0050551540750893	-0.707925435079255	1.01791366647901	0.433830923797905	0.474593402705917	TRUE
340	1:2.65e+08	1	2.65e+08	0.726688778935771	0.957811818446611	0.378284952918114	0.0315084764141468	0.00742118059071018	0.0050551540750893	-0.707925435079255	1.01791366647901	0.433830923797905	0.474593402705917	TRUE
340	1:2.66e+08	1	2.66e+08	0.726688778935771	0.957811818446611	0.378284952918114	0.0315084764141468	0.00742118059071018	0.0050551540750893	-0.707925435079255	1.01791366647901	0.433830923797905	0.474593402705917	TRUE
340	1:2.64e+08	1	2.64e+08	0.726688778935771	0.957811818446611	0.378284952918114	0.0315084764141468	0.00742118059071018	0.0050551540750893	-0.707925435079255	1.01791366647901	0.433830923797905	0.474593402705917	TRUE
340	1:265500000	1	265500000	0.726688778935771	0.957811818446611	0.378284952918114	0.0315084764141468	0.00742118059071018	0.0050551540750893	-0.707925435079255	1.01791366647901	0.433830923797905	0.474593402705917	TRUE
341	1:283500000	1	283500000	0.43428393944669	0.969835293330807	0.0887391119696554	0.0903321992189969	0.00870040012795306	0.00297155076253309	-0.264909043718047	1.61346939226644	0.250804366694974	0.665455047640929	FALSE
341	1:284500000	1	284500000	0.43428393944669	0.969835293330807	0.0887391119696554	0.0903321992189969	0.00870040012795306	0.00297155076253309	-0.264909043718047	1.61346939226644	0.250804366694974	0.665455047640929	FALSE
341	1:281500000	1	281500000	0.43428393944669	0.969835293330807	0.0887391119696554	0.0903321992189969	0.00870040012795306	0.00297155076253309	-0.264909043718047	1.61346939226644	0.250804366694974	0.665455047640929	FALSE
341	1:2.85e+08	1	2.85e+08	0.43428393944669	0.969835293330807	0.0887391119696554	0.0903321992189969	0.00870040012795306	0.00297155076253309	-0.264909043718047	1.61346939226644	0.250804366694974	0.665455047640929	FALSE
341	1:280500000	1	280500000	0.43428393944669	0.969835293330807	0.0887391119696554	0.0903321992189969	0.00870040012795306	0.00297155076253309	-0.264909043718047	1.61346939226644	0.250804366694974	0.665455047640929	FALSE
341	1:2.81e+08	1	2.81e+08	0.43428393944669	0.969835293330807	0.0887391119696554	0.0903321992189969	0.00870040012795306	0.00297155076253309	-0.264909043718047	1.61346939226644	0.250804366694974	0.665455047640929	FALSE
341	1:2.82e+08	1	2.82e+08	0.43428393944669	0.969835293330807	0.0887391119696554	0.0903321992189969	0.00870040012795306	0.00297155076253309	-0.264909043718047	1.61346939226644	0.250804366694974	0.665455047640929	FALSE
341	1:2.83e+08	1	2.83e+08	0.43428393944669	0.969835293330807	0.0887391119696554	0.0903321992189969	0.00870040012795306	0.00297155076253309	-0.264909043718047	1.61346939226644	0.250804366694974	0.665455047640929	FALSE
341	1:282500000	1	282500000	0.43428393944669	0.969835293330807	0.0887391119696554	0.0903321992189969	0.00870040012795306	0.00297155076253309	-0.264909043718047	1.61346939226644	0.250804366694974	0.665455047640929	FALSE
341	1:2.84e+08	1	2.84e+08	0.43428393944669	0.969835293330807	0.0887391119696554	0.0903321992189969	0.00870040012795306	0.00297155076253309	-0.264909043718047	1.61346939226644	0.250804366694974	0.665455047640929	FALSE
346	1:2.86e+08	1	2.86e+08	0.693594975220123	0.993175732229714	0.0603926554166261	0.0761105776605926	0.00299841773337089	0.00255723285091792	-0.457448545803754	2.00893433279574	0.363566765947787	0.700834980930652	FALSE
346	1:2.84e+08	1	2.84e+08	0.693594975220123	0.993175732229714	0.0603926554166261	0.0761105776605926	0.00299841773337089	0.00255723285091792	-0.457448545803754	2.00893433279574	0.363566765947787	0.700834980930652	FALSE
346	1:2.82e+08	1	2.82e+08	0.693594975220123	0.993175732229714	0.0603926554166261	0.0761105776605926	0.00299841773337089	0.00255723285091792	-0.457448545803754	2.00893433279574	0.363566765947787	0.700834980930652	FALSE
346	1:2.81e+08	1	2.81e+08	0.693594975220123	0.993175732229714	0.0603926554166261	0.0761105776605926	0.00299841773337089	0.00255723285091792	-0.457448545803754	2.00893433279574	0.363566765947787	0.700834980930652	FALSE
346	1:2.83e+08	1	2.83e+08	0.693594975220123	0.993175732229714	0.0603926554166261	0.0761105776605926	0.00299841773337089	0.00255723285091792	-0.457448545803754	2.00893433279574	0.363566765947787	0.700834980930652	FALSE
346	1:283500000	1	283500000	0.693594975220123	0.993175732229714	0.0603926554166261	0.0761105776605926	0.00299841773337089	0.00255723285091792	-0.457448545803754	2.00893433279574	0.363566765947787	0.700834980930652	FALSE
346	1:285500000	1	285500000	0.693594975220123	0.993175732229714	0.0603926554166261	0.0761105776605926	0.00299841773337089	0.00255723285091792	-0.457448545803754	2.00893433279574	0.363566765947787	0.700834980930652	FALSE
346	1:284500000	1	284500000	0.693594975220123	0.993175732229714	0.0603926554166261	0.0761105776605926	0.00299841773337089	0.00255723285091792	-0.457448545803754	2.00893433279574	0.363566765947787	0.700834980930652	FALSE
346	1:280500000	1	280500000	0.693594975220123	0.993175732229714	0.0603926554166261	0.0761105776605926	0.00299841773337089	0.00255723285091792	-0.457448545803754	2.00893433279574	0.363566765947787	0.700834980930652	FALSE
346	1:2.85e+08	1	2.85e+08	0.693594975220123	0.993175732229714	0.0603926554166261	0.0761105776605926	0.00299841773337089	0.00255723285091792	-0.457448545803754	2.00893433279574	0.363566765947787	0.700834980930652	FALSE
346	1:282500000	1	282500000	0.693594975220123	0.993175732229714	0.0603926554166261	0.0761105776605926	0.00299841773337089	0.00255723285091792	-0.457448545803754	2.00893433279574	0.363566765947787	0.700834980930652	FALSE
346	1:281500000	1	281500000	0.693594975220123	0.993175732229714	0.0603926554166261	0.0761105776605926	0.00299841773337089	0.00255723285091792	-0.457448545803754	2.00893433279574	0.363566765947787	0.700834980930652	FALSE
350	1:1.06e+08	1	1.06e+08	0	0.969437812892127	0.00266635708097904	0	0.0936933019520568	0.00140010862067991	0.456811206164896	2.32940590292761	0.784773878077499	0.66003445139331	FALSE
350	1:1.07e+08	1	1.07e+08	0	0.969437812892127	0.00266635708097904	0	0.0936933019520568	0.00140010862067991	0.456811206164896	2.32940590292761	0.784773878077499	0.66003445139331	FALSE
350	1:1.19e+08	1	1.19e+08	0	0.969437812892127	0.00266635708097904	0	0.0936933019520568	0.00140010862067991	0.456811206164896	2.32940590292761	0.784773878077499	0.66003445139331	FALSE
350	1:1.12e+08	1	1.12e+08	0	0.969437812892127	0.00266635708097904	0	0.0936933019520568	0.00140010862067991	0.456811206164896	2.32940590292761	0.784773878077499	0.66003445139331	FALSE
350	1:119500000	1	119500000	0	0.969437812892127	0.00266635708097904	0	0.0936933019520568	0.00140010862067991	0.456811206164896	2.32940590292761	0.784773878077499	0.66003445139331	FALSE
350	1:109500000	1	109500000	0	0.969437812892127	0.00266635708097904	0	0.0936933019520568	0.00140010862067991	0.456811206164896	2.32940590292761	0.784773878077499	0.66003445139331	FALSE
350	1:1.13e+08	1	1.13e+08	0	0.969437812892127	0.00266635708097904	0	0.0936933019520568	0.00140010862067991	0.456811206164896	2.32940590292761	0.784773878077499	0.66003445139331	FALSE
350	1:115500000	1	115500000	0	0.969437812892127	0.00266635708097904	0	0.0936933019520568	0.00140010862067991	0.456811206164896	2.32940590292761	0.784773878077499	0.66003445139331	FALSE
350	1:1.16e+08	1	1.16e+08	0	0.969437812892127	0.00266635708097904	0	0.0936933019520568	0.00140010862067991	0.456811206164896	2.32940590292761	0.784773878077499	0.66003445139331	FALSE
350	1:121500000	1	121500000	0	0.969437812892127	0.00266635708097904	0	0.0936933019520568	0.00140010862067991	0.456811206164896	2.32940590292761	0.784773878077499	0.66003445139331	FALSE
350	1:111500000	1	111500000	0	0.969437812892127	0.00266635708097904	0	0.0936933019520568	0.00140010862067991	0.456811206164896	2.32940590292761	0.784773878077499	0.66003445139331	FALSE
350	1:1.17e+08	1	1.17e+08	0	0.969437812892127	0.00266635708097904	0	0.0936933019520568	0.00140010862067991	0.456811206164896	2.32940590292761	0.784773878077499	0.66003445139331	FALSE
350	1:1.1e+08	1	1.1e+08	0	0.969437812892127	0.00266635708097904	0	0.0936933019520568	0.00140010862067991	0.456811206164896	2.32940590292761	0.784773878077499	0.66003445139331	FALSE
350	1:112500000	1	112500000	0	0.969437812892127	0.00266635708097904	0	0.0936933019520568	0.00140010862067991	0.456811206164896	2.32940590292761	0.784773878077499	0.66003445139331	FALSE
350	1:110500000	1	110500000	0	0.969437812892127	0.00266635708097904	0	0.0936933019520568	0.00140010862067991	0.456811206164896	2.32940590292761	0.784773878077499	0.66003445139331	FALSE
350	1:117500000	1	117500000	0	0.969437812892127	0.00266635708097904	0	0.0936933019520568	0.00140010862067991	0.456811206164896	2.32940590292761	0.784773878077499	0.66003445139331	FALSE
350	1:1.15e+08	1	1.15e+08	0	0.969437812892127	0.00266635708097904	0	0.0936933019520568	0.00140010862067991	0.456811206164896	2.32940590292761	0.784773878077499	0.66003445139331	FALSE
350	1:108500000	1	108500000	0	0.969437812892127	0.00266635708097904	0	0.0936933019520568	0.00140010862067991	0.456811206164896	2.32940590292761	0.784773878077499	0.66003445139331	FALSE
350	1:1.11e+08	1	1.11e+08	0	0.969437812892127	0.00266635708097904	0	0.0936933019520568	0.00140010862067991	0.456811206164896	2.32940590292761	0.784773878077499	0.66003445139331	FALSE
350	1:120500000	1	120500000	0	0.969437812892127	0.00266635708097904	0	0.0936933019520568	0.00140010862067991	0.456811206164896	2.32940590292761	0.784773878077499	0.66003445139331	FALSE
350	1:1.14e+08	1	1.14e+08	0	0.969437812892127	0.00266635708097904	0	0.0936933019520568	0.00140010862067991	0.456811206164896	2.32940590292761	0.784773878077499	0.66003445139331	FALSE
350	1:114500000	1	114500000	0	0.969437812892127	0.00266635708097904	0	0.0936933019520568	0.00140010862067991	0.456811206164896	2.32940590292761	0.784773878077499	0.66003445139331	FALSE
350	1:1.08e+08	1	1.08e+08	0	0.969437812892127	0.00266635708097904	0	0.0936933019520568	0.00140010862067991	0.456811206164896	2.32940590292761	0.784773878077499	0.66003445139331	FALSE
350	1:116500000	1	116500000	0	0.969437812892127	0.00266635708097904	0	0.0936933019520568	0.00140010862067991	0.456811206164896	2.32940590292761	0.784773878077499	0.66003445139331	FALSE
350	1:113500000	1	113500000	0	0.969437812892127	0.00266635708097904	0	0.0936933019520568	0.00140010862067991	0.456811206164896	2.32940590292761	0.784773878077499	0.66003445139331	FALSE
350	1:105500000	1	105500000	0	0.969437812892127	0.00266635708097904	0	0.0936933019520568	0.00140010862067991	0.456811206164896	2.32940590292761	0.784773878077499	0.66003445139331	FALSE
350	1:118500000	1	118500000	0	0.969437812892127	0.00266635708097904	0	0.0936933019520568	0.00140010862067991	0.456811206164896	2.32940590292761	0.784773878077499	0.66003445139331	FALSE
350	1:106500000	1	106500000	0	0.969437812892127	0.00266635708097904	0	0.0936933019520568	0.00140010862067991	0.456811206164896	2.32940590292761	0.784773878077499	0.66003445139331	FALSE
350	1:1.09e+08	1	1.09e+08	0	0.969437812892127	0.00266635708097904	0	0.0936933019520568	0.00140010862067991	0.456811206164896	2.32940590292761	0.784773878077499	0.66003445139331	FALSE
350	1:1.2e+08	1	1.2e+08	0	0.969437812892127	0.00266635708097904	0	0.0936933019520568	0.00140010862067991	0.456811206164896	2.32940590292761	0.784773878077499	0.66003445139331	FALSE
350	1:107500000	1	107500000	0	0.969437812892127	0.00266635708097904	0	0.0936933019520568	0.00140010862067991	0.456811206164896	2.32940590292761	0.784773878077499	0.66003445139331	FALSE
350	1:1.22e+08	1	1.22e+08	0	0.969437812892127	0.00266635708097904	0	0.0936933019520568	0.00140010862067991	0.456811206164896	2.32940590292761	0.784773878077499	0.66003445139331	FALSE
350	1:1.21e+08	1	1.21e+08	0	0.969437812892127	0.00266635708097904	0	0.0936933019520568	0.00140010862067991	0.456811206164896	2.32940590292761	0.784773878077499	0.66003445139331	FALSE
359	1:2.89e+08	1	2.89e+08	0.54912090547929	0.959281574033969	0.174816761851624	0.0584731529979146	0.00895215422795913	0.00393966470256162	-0.403554457781776	1.33885482969279	0.863504186824576	0.565347044118014	TRUE
359	1:287500000	1	287500000	0.54912090547929	0.959281574033969	0.174816761851624	0.0584731529979146	0.00895215422795913	0.00393966470256162	-0.403554457781776	1.33885482969279	0.863504186824576	0.565347044118014	TRUE
359	1:288500000	1	288500000	0.54912090547929	0.959281574033969	0.174816761851624	0.0584731529979146	0.00895215422795913	0.00393966470256162	-0.403554457781776	1.33885482969279	0.863504186824576	0.565347044118014	TRUE
359	1:2.88e+08	1	2.88e+08	0.54912090547929	0.959281574033969	0.174816761851624	0.0584731529979146	0.00895215422795913	0.00393966470256162	-0.403554457781776	1.33885482969279	0.863504186824576	0.565347044118014	TRUE
359	1:286500000	1	286500000	0.54912090547929	0.959281574033969	0.174816761851624	0.0584731529979146	0.00895215422795913	0.00393966470256162	-0.403554457781776	1.33885482969279	0.863504186824576	0.565347044118014	TRUE
359	1:2.87e+08	1	2.87e+08	0.54912090547929	0.959281574033969	0.174816761851624	0.0584731529979146	0.00895215422795913	0.00393966470256162	-0.403554457781776	1.33885482969279	0.863504186824576	0.565347044118014	TRUE
366	1:9.9e+07	1	9.9e+07	0	0.960806314621177	0.013703480422747	0	0.0219209218507074	0.00125617910719195	0.222775821967154	1.98289636255697	0.64414266145397	0.518587067229713	TRUE
366	1:97500000	1	97500000	0	0.960806314621177	0.013703480422747	0	0.0219209218507074	0.00125617910719195	0.222775821967154	1.98289636255697	0.64414266145397	0.518587067229713	TRUE
366	1:98500000	1	98500000	0	0.960806314621177	0.013703480422747	0	0.0219209218507074	0.00125617910719195	0.222775821967154	1.98289636255697	0.64414266145397	0.518587067229713	TRUE
366	1:99500000	1	99500000	0	0.960806314621177	0.013703480422747	0	0.0219209218507074	0.00125617910719195	0.222775821967154	1.98289636255697	0.64414266145397	0.518587067229713	TRUE
366	1:96500000	1	96500000	0	0.960806314621177	0.013703480422747	0	0.0219209218507074	0.00125617910719195	0.222775821967154	1.98289636255697	0.64414266145397	0.518587067229713	TRUE
366	1:9.7e+07	1	9.7e+07	0	0.960806314621177	0.013703480422747	0	0.0219209218507074	0.00125617910719195	0.222775821967154	1.98289636255697	0.64414266145397	0.518587067229713	TRUE
366	1:9.8e+07	1	9.8e+07	0	0.960806314621177	0.013703480422747	0	0.0219209218507074	0.00125617910719195	0.222775821967154	1.98289636255697	0.64414266145397	0.518587067229713	TRUE
367	1:1.95e+08	1	1.95e+08	0.214154022056308	0.994584848746176	0.00871098329107151	0.521593878804839	0.00752641710583716	0.00133042549678838	-0.0852238235828295	2.46290321013612	0.295960375672044	0.623712859079739	FALSE
367	1:2e+08	1	2e+08	0.214154022056308	0.994584848746176	0.00871098329107151	0.521593878804839	0.00752641710583716	0.00133042549678838	-0.0852238235828295	2.46290321013612	0.295960375672044	0.623712859079739	FALSE
367	1:1.97e+08	1	1.97e+08	0.214154022056308	0.994584848746176	0.00871098329107151	0.521593878804839	0.00752641710583716	0.00133042549678838	-0.0852238235828295	2.46290321013612	0.295960375672044	0.623712859079739	FALSE
367	1:195500000	1	195500000	0.214154022056308	0.994584848746176	0.00871098329107151	0.521593878804839	0.00752641710583716	0.00133042549678838	-0.0852238235828295	2.46290321013612	0.295960375672044	0.623712859079739	FALSE
367	1:203500000	1	203500000	0.214154022056308	0.994584848746176	0.00871098329107151	0.521593878804839	0.00752641710583716	0.00133042549678838	-0.0852238235828295	2.46290321013612	0.295960375672044	0.623712859079739	FALSE
367	1:201500000	1	201500000	0.214154022056308	0.994584848746176	0.00871098329107151	0.521593878804839	0.00752641710583716	0.00133042549678838	-0.0852238235828295	2.46290321013612	0.295960375672044	0.623712859079739	FALSE
367	1:2.03e+08	1	2.03e+08	0.214154022056308	0.994584848746176	0.00871098329107151	0.521593878804839	0.00752641710583716	0.00133042549678838	-0.0852238235828295	2.46290321013612	0.295960375672044	0.623712859079739	FALSE
367	1:2.02e+08	1	2.02e+08	0.214154022056308	0.994584848746176	0.00871098329107151	0.521593878804839	0.00752641710583716	0.00133042549678838	-0.0852238235828295	2.46290321013612	0.295960375672044	0.623712859079739	FALSE
367	1:199500000	1	199500000	0.214154022056308	0.994584848746176	0.00871098329107151	0.521593878804839	0.00752641710583716	0.00133042549678838	-0.0852238235828295	2.46290321013612	0.295960375672044	0.623712859079739	FALSE
367	1:197500000	1	197500000	0.214154022056308	0.994584848746176	0.00871098329107151	0.521593878804839	0.00752641710583716	0.00133042549678838	-0.0852238235828295	2.46290321013612	0.295960375672044	0.623712859079739	FALSE
367	1:200500000	1	200500000	0.214154022056308	0.994584848746176	0.00871098329107151	0.521593878804839	0.00752641710583716	0.00133042549678838	-0.0852238235828295	2.46290321013612	0.295960375672044	0.623712859079739	FALSE
367	1:202500000	1	202500000	0.214154022056308	0.994584848746176	0.00871098329107151	0.521593878804839	0.00752641710583716	0.00133042549678838	-0.0852238235828295	2.46290321013612	0.295960375672044	0.623712859079739	FALSE
367	1:198500000	1	198500000	0.214154022056308	0.994584848746176	0.00871098329107151	0.521593878804839	0.00752641710583716	0.00133042549678838	-0.0852238235828295	2.46290321013612	0.295960375672044	0.623712859079739	FALSE
367	1:2.04e+08	1	2.04e+08	0.214154022056308	0.994584848746176	0.00871098329107151	0.521593878804839	0.00752641710583716	0.00133042549678838	-0.0852238235828295	2.46290321013612	0.295960375672044	0.623712859079739	FALSE
367	1:196500000	1	196500000	0.214154022056308	0.994584848746176	0.00871098329107151	0.521593878804839	0.00752641710583716	0.00133042549678838	-0.0852238235828295	2.46290321013612	0.295960375672044	0.623712859079739	FALSE
367	1:1.96e+08	1	1.96e+08	0.214154022056308	0.994584848746176	0.00871098329107151	0.521593878804839	0.00752641710583716	0.00133042549678838	-0.0852238235828295	2.46290321013612	0.295960375672044	0.623712859079739	FALSE
367	1:204500000	1	204500000	0.214154022056308	0.994584848746176	0.00871098329107151	0.521593878804839	0.00752641710583716	0.00133042549678838	-0.0852238235828295	2.46290321013612	0.295960375672044	0.623712859079739	FALSE
367	1:1.98e+08	1	1.98e+08	0.214154022056308	0.994584848746176	0.00871098329107151	0.521593878804839	0.00752641710583716	0.00133042549678838	-0.0852238235828295	2.46290321013612	0.295960375672044	0.623712859079739	FALSE
367	1:1.99e+08	1	1.99e+08	0.214154022056308	0.994584848746176	0.00871098329107151	0.521593878804839	0.00752641710583716	0.00133042549678838	-0.0852238235828295	2.46290321013612	0.295960375672044	0.623712859079739	FALSE
369	1:9500000	1	9500000	0.972752116486916	0.997819672758305	0.516321267609966	0.0051489275081816	0.000573351294984468	0.00532700244970898	-1.44587175876625	1.4049489887222	0.175947729083025	0.530559622453562	TRUE
369	1:11500000	1	11500000	0.972752116486916	0.997819672758305	0.516321267609966	0.0051489275081816	0.000573351294984468	0.00532700244970898	-1.44587175876625	1.4049489887222	0.175947729083025	0.530559622453562	TRUE
369	1:1e+07	1	1e+07	0.972752116486916	0.997819672758305	0.516321267609966	0.0051489275081816	0.000573351294984468	0.00532700244970898	-1.44587175876625	1.4049489887222	0.175947729083025	0.530559622453562	TRUE
369	1:6500000	1	6500000	0.972752116486916	0.997819672758305	0.516321267609966	0.0051489275081816	0.000573351294984468	0.00532700244970898	-1.44587175876625	1.4049489887222	0.175947729083025	0.530559622453562	TRUE
369	1:1.4e+07	1	1.4e+07	0.972752116486916	0.997819672758305	0.516321267609966	0.0051489275081816	0.000573351294984468	0.00532700244970898	-1.44587175876625	1.4049489887222	0.175947729083025	0.530559622453562	TRUE
369	1:13500000	1	13500000	0.972752116486916	0.997819672758305	0.516321267609966	0.0051489275081816	0.000573351294984468	0.00532700244970898	-1.44587175876625	1.4049489887222	0.175947729083025	0.530559622453562	TRUE
369	1:10500000	1	10500000	0.972752116486916	0.997819672758305	0.516321267609966	0.0051489275081816	0.000573351294984468	0.00532700244970898	-1.44587175876625	1.4049489887222	0.175947729083025	0.530559622453562	TRUE
369	1:7500000	1	7500000	0.972752116486916	0.997819672758305	0.516321267609966	0.0051489275081816	0.000573351294984468	0.00532700244970898	-1.44587175876625	1.4049489887222	0.175947729083025	0.530559622453562	TRUE
369	1:8e+06	1	8e+06	0.972752116486916	0.997819672758305	0.516321267609966	0.0051489275081816	0.000573351294984468	0.00532700244970898	-1.44587175876625	1.4049489887222	0.175947729083025	0.530559622453562	TRUE
369	1:5e+06	1	5e+06	0.972752116486916	0.997819672758305	0.516321267609966	0.0051489275081816	0.000573351294984468	0.00532700244970898	-1.44587175876625	1.4049489887222	0.175947729083025	0.530559622453562	TRUE
369	1:12500000	1	12500000	0.972752116486916	0.997819672758305	0.516321267609966	0.0051489275081816	0.000573351294984468	0.00532700244970898	-1.44587175876625	1.4049489887222	0.175947729083025	0.530559622453562	TRUE
369	1:1.2e+07	1	1.2e+07	0.972752116486916	0.997819672758305	0.516321267609966	0.0051489275081816	0.000573351294984468	0.00532700244970898	-1.44587175876625	1.4049489887222	0.175947729083025	0.530559622453562	TRUE
369	1:2e+06	1	2e+06	0.972752116486916	0.997819672758305	0.516321267609966	0.0051489275081816	0.000573351294984468	0.00532700244970898	-1.44587175876625	1.4049489887222	0.175947729083025	0.530559622453562	TRUE
369	1:1.1e+07	1	1.1e+07	0.972752116486916	0.997819672758305	0.516321267609966	0.0051489275081816	0.000573351294984468	0.00532700244970898	-1.44587175876625	1.4049489887222	0.175947729083025	0.530559622453562	TRUE
369	1:3e+06	1	3e+06	0.972752116486916	0.997819672758305	0.516321267609966	0.0051489275081816	0.000573351294984468	0.00532700244970898	-1.44587175876625	1.4049489887222	0.175947729083025	0.530559622453562	TRUE
369	1:6e+06	1	6e+06	0.972752116486916	0.997819672758305	0.516321267609966	0.0051489275081816	0.000573351294984468	0.00532700244970898	-1.44587175876625	1.4049489887222	0.175947729083025	0.530559622453562	TRUE
369	1:4500000	1	4500000	0.972752116486916	0.997819672758305	0.516321267609966	0.0051489275081816	0.000573351294984468	0.00532700244970898	-1.44587175876625	1.4049489887222	0.175947729083025	0.530559622453562	TRUE
369	1:15500000	1	15500000	0.972752116486916	0.997819672758305	0.516321267609966	0.0051489275081816	0.000573351294984468	0.00532700244970898	-1.44587175876625	1.4049489887222	0.175947729083025	0.530559622453562	TRUE
369	1:5500000	1	5500000	0.972752116486916	0.997819672758305	0.516321267609966	0.0051489275081816	0.000573351294984468	0.00532700244970898	-1.44587175876625	1.4049489887222	0.175947729083025	0.530559622453562	TRUE
369	1:9e+06	1	9e+06	0.972752116486916	0.997819672758305	0.516321267609966	0.0051489275081816	0.000573351294984468	0.00532700244970898	-1.44587175876625	1.4049489887222	0.175947729083025	0.530559622453562	TRUE
369	1:1.6e+07	1	1.6e+07	0.972752116486916	0.997819672758305	0.516321267609966	0.0051489275081816	0.000573351294984468	0.00532700244970898	-1.44587175876625	1.4049489887222	0.175947729083025	0.530559622453562	TRUE
369	1:14500000	1	14500000	0.972752116486916	0.997819672758305	0.516321267609966	0.0051489275081816	0.000573351294984468	0.00532700244970898	-1.44587175876625	1.4049489887222	0.175947729083025	0.530559622453562	TRUE
369	1:4e+06	1	4e+06	0.972752116486916	0.997819672758305	0.516321267609966	0.0051489275081816	0.000573351294984468	0.00532700244970898	-1.44587175876625	1.4049489887222	0.175947729083025	0.530559622453562	TRUE
369	1:1.3e+07	1	1.3e+07	0.972752116486916	0.997819672758305	0.516321267609966	0.0051489275081816	0.000573351294984468	0.00532700244970898	-1.44587175876625	1.4049489887222	0.175947729083025	0.530559622453562	TRUE
369	1:8500000	1	8500000	0.972752116486916	0.997819672758305	0.516321267609966	0.0051489275081816	0.000573351294984468	0.00532700244970898	-1.44587175876625	1.4049489887222	0.175947729083025	0.530559622453562	TRUE
369	1:2500000	1	2500000	0.972752116486916	0.997819672758305	0.516321267609966	0.0051489275081816	0.000573351294984468	0.00532700244970898	-1.44587175876625	1.4049489887222	0.175947729083025	0.530559622453562	TRUE
369	1:3500000	1	3500000	0.972752116486916	0.997819672758305	0.516321267609966	0.0051489275081816	0.000573351294984468	0.00532700244970898	-1.44587175876625	1.4049489887222	0.175947729083025	0.530559622453562	TRUE
369	1:7e+06	1	7e+06	0.972752116486916	0.997819672758305	0.516321267609966	0.0051489275081816	0.000573351294984468	0.00532700244970898	-1.44587175876625	1.4049489887222	0.175947729083025	0.530559622453562	TRUE
369	1:16500000	1	16500000	0.972752116486916	0.997819672758305	0.516321267609966	0.0051489275081816	0.000573351294984468	0.00532700244970898	-1.44587175876625	1.4049489887222	0.175947729083025	0.530559622453562	TRUE
369	1:1.5e+07	1	1.5e+07	0.972752116486916	0.997819672758305	0.516321267609966	0.0051489275081816	0.000573351294984468	0.00532700244970898	-1.44587175876625	1.4049489887222	0.175947729083025	0.530559622453562	TRUE
374	1:239500000	1	239500000	0	0.97009089799772	0.00867038474023257	0	0.0240985854988905	0.00106103682913482	0.248635227358542	2.13076642810602	0.536803520636026	0.576647237082811	TRUE
374	1:240500000	1	240500000	0	0.97009089799772	0.00867038474023257	0	0.0240985854988905	0.00106103682913482	0.248635227358542	2.13076642810602	0.536803520636026	0.576647237082811	TRUE
374	1:2.43e+08	1	2.43e+08	0	0.97009089799772	0.00867038474023257	0	0.0240985854988905	0.00106103682913482	0.248635227358542	2.13076642810602	0.536803520636026	0.576647237082811	TRUE
374	1:2.41e+08	1	2.41e+08	0	0.97009089799772	0.00867038474023257	0	0.0240985854988905	0.00106103682913482	0.248635227358542	2.13076642810602	0.536803520636026	0.576647237082811	TRUE
374	1:2.37e+08	1	2.37e+08	0	0.97009089799772	0.00867038474023257	0	0.0240985854988905	0.00106103682913482	0.248635227358542	2.13076642810602	0.536803520636026	0.576647237082811	TRUE
374	1:241500000	1	241500000	0	0.97009089799772	0.00867038474023257	0	0.0240985854988905	0.00106103682913482	0.248635227358542	2.13076642810602	0.536803520636026	0.576647237082811	TRUE
374	1:2.4e+08	1	2.4e+08	0	0.97009089799772	0.00867038474023257	0	0.0240985854988905	0.00106103682913482	0.248635227358542	2.13076642810602	0.536803520636026	0.576647237082811	TRUE
374	1:2.42e+08	1	2.42e+08	0	0.97009089799772	0.00867038474023257	0	0.0240985854988905	0.00106103682913482	0.248635227358542	2.13076642810602	0.536803520636026	0.576647237082811	TRUE
374	1:2.39e+08	1	2.39e+08	0	0.97009089799772	0.00867038474023257	0	0.0240985854988905	0.00106103682913482	0.248635227358542	2.13076642810602	0.536803520636026	0.576647237082811	TRUE
374	1:242500000	1	242500000	0	0.97009089799772	0.00867038474023257	0	0.0240985854988905	0.00106103682913482	0.248635227358542	2.13076642810602	0.536803520636026	0.576647237082811	TRUE
374	1:237500000	1	237500000	0	0.97009089799772	0.00867038474023257	0	0.0240985854988905	0.00106103682913482	0.248635227358542	2.13076642810602	0.536803520636026	0.576647237082811	TRUE
374	1:243500000	1	243500000	0	0.97009089799772	0.00867038474023257	0	0.0240985854988905	0.00106103682913482	0.248635227358542	2.13076642810602	0.536803520636026	0.576647237082811	TRUE
374	1:2.38e+08	1	2.38e+08	0	0.97009089799772	0.00867038474023257	0	0.0240985854988905	0.00106103682913482	0.248635227358542	2.13076642810602	0.536803520636026	0.576647237082811	TRUE
376	1:247500000	1	247500000	0.856156816038619	0.994090432329205	0.168779187569257	0.0281027918768465	0.00184991545176783	0.00394111084894709	-0.779249060639544	1.73824979519718	0.195747562119378	0.568974100133243	TRUE
376	1:250500000	1	250500000	0.856156816038619	0.994090432329205	0.168779187569257	0.0281027918768465	0.00184991545176783	0.00394111084894709	-0.779249060639544	1.73824979519718	0.195747562119378	0.568974100133243	TRUE
376	1:2.48e+08	1	2.48e+08	0.856156816038619	0.994090432329205	0.168779187569257	0.0281027918768465	0.00184991545176783	0.00394111084894709	-0.779249060639544	1.73824979519718	0.195747562119378	0.568974100133243	TRUE
376	1:248500000	1	248500000	0.856156816038619	0.994090432329205	0.168779187569257	0.0281027918768465	0.00184991545176783	0.00394111084894709	-0.779249060639544	1.73824979519718	0.195747562119378	0.568974100133243	TRUE
376	1:251500000	1	251500000	0.856156816038619	0.994090432329205	0.168779187569257	0.0281027918768465	0.00184991545176783	0.00394111084894709	-0.779249060639544	1.73824979519718	0.195747562119378	0.568974100133243	TRUE
376	1:2.53e+08	1	2.53e+08	0.856156816038619	0.994090432329205	0.168779187569257	0.0281027918768465	0.00184991545176783	0.00394111084894709	-0.779249060639544	1.73824979519718	0.195747562119378	0.568974100133243	TRUE
376	1:249500000	1	249500000	0.856156816038619	0.994090432329205	0.168779187569257	0.0281027918768465	0.00184991545176783	0.00394111084894709	-0.779249060639544	1.73824979519718	0.195747562119378	0.568974100133243	TRUE
376	1:252500000	1	252500000	0.856156816038619	0.994090432329205	0.168779187569257	0.0281027918768465	0.00184991545176783	0.00394111084894709	-0.779249060639544	1.73824979519718	0.195747562119378	0.568974100133243	TRUE
376	1:2.5e+08	1	2.5e+08	0.856156816038619	0.994090432329205	0.168779187569257	0.0281027918768465	0.00184991545176783	0.00394111084894709	-0.779249060639544	1.73824979519718	0.195747562119378	0.568974100133243	TRUE
376	1:2.52e+08	1	2.52e+08	0.856156816038619	0.994090432329205	0.168779187569257	0.0281027918768465	0.00184991545176783	0.00394111084894709	-0.779249060639544	1.73824979519718	0.195747562119378	0.568974100133243	TRUE
376	1:2.47e+08	1	2.47e+08	0.856156816038619	0.994090432329205	0.168779187569257	0.0281027918768465	0.00184991545176783	0.00394111084894709	-0.779249060639544	1.73824979519718	0.195747562119378	0.568974100133243	TRUE
376	1:2.51e+08	1	2.51e+08	0.856156816038619	0.994090432329205	0.168779187569257	0.0281027918768465	0.00184991545176783	0.00394111084894709	-0.779249060639544	1.73824979519718	0.195747562119378	0.568974100133243	TRUE
376	1:2.49e+08	1	2.49e+08	0.856156816038619	0.994090432329205	0.168779187569257	0.0281027918768465	0.00184991545176783	0.00394111084894709	-0.779249060639544	1.73824979519718	0.195747562119378	0.568974100133243	TRUE
378	1:2.69e+08	1	2.69e+08	0.797858399874908	0.983673058806074	0.253501719488013	0.030033674891982	0.00380145362134515	0.00453822992269518	-0.736401249051052	1.39991208951375	0.109380405475	0.57940049393054	TRUE
378	1:270500000	1	270500000	0.797858399874908	0.983673058806074	0.253501719488013	0.030033674891982	0.00380145362134515	0.00453822992269518	-0.736401249051052	1.39991208951375	0.109380405475	0.57940049393054	TRUE
378	1:267500000	1	267500000	0.797858399874908	0.983673058806074	0.253501719488013	0.030033674891982	0.00380145362134515	0.00453822992269518	-0.736401249051052	1.39991208951375	0.109380405475	0.57940049393054	TRUE
378	1:2.68e+08	1	2.68e+08	0.797858399874908	0.983673058806074	0.253501719488013	0.030033674891982	0.00380145362134515	0.00453822992269518	-0.736401249051052	1.39991208951375	0.109380405475	0.57940049393054	TRUE
378	1:2.7e+08	1	2.7e+08	0.797858399874908	0.983673058806074	0.253501719488013	0.030033674891982	0.00380145362134515	0.00453822992269518	-0.736401249051052	1.39991208951375	0.109380405475	0.57940049393054	TRUE
378	1:2.71e+08	1	2.71e+08	0.797858399874908	0.983673058806074	0.253501719488013	0.030033674891982	0.00380145362134515	0.00453822992269518	-0.736401249051052	1.39991208951375	0.109380405475	0.57940049393054	TRUE
378	1:268500000	1	268500000	0.797858399874908	0.983673058806074	0.253501719488013	0.030033674891982	0.00380145362134515	0.00453822992269518	-0.736401249051052	1.39991208951375	0.109380405475	0.57940049393054	TRUE
378	1:269500000	1	269500000	0.797858399874908	0.983673058806074	0.253501719488013	0.030033674891982	0.00380145362134515	0.00453822992269518	-0.736401249051052	1.39991208951375	0.109380405475	0.57940049393054	TRUE
383	1:1.97e+08	1	1.97e+08	0.71500739908169	0.99973878688301	0.00286323348304176	0.5093658929049	0.000943499640685501	0.00108273270067221	-0.352970040650936	3.11601618724556	0.799593388261704	0.644582006930472	FALSE
383	1:203500000	1	203500000	0.71500739908169	0.99973878688301	0.00286323348304176	0.5093658929049	0.000943499640685501	0.00108273270067221	-0.352970040650936	3.11601618724556	0.799593388261704	0.644582006930472	FALSE
383	1:1.99e+08	1	1.99e+08	0.71500739908169	0.99973878688301	0.00286323348304176	0.5093658929049	0.000943499640685501	0.00108273270067221	-0.352970040650936	3.11601618724556	0.799593388261704	0.644582006930472	FALSE
383	1:2.03e+08	1	2.03e+08	0.71500739908169	0.99973878688301	0.00286323348304176	0.5093658929049	0.000943499640685501	0.00108273270067221	-0.352970040650936	3.11601618724556	0.799593388261704	0.644582006930472	FALSE
383	1:2.04e+08	1	2.04e+08	0.71500739908169	0.99973878688301	0.00286323348304176	0.5093658929049	0.000943499640685501	0.00108273270067221	-0.352970040650936	3.11601618724556	0.799593388261704	0.644582006930472	FALSE
383	1:1.96e+08	1	1.96e+08	0.71500739908169	0.99973878688301	0.00286323348304176	0.5093658929049	0.000943499640685501	0.00108273270067221	-0.352970040650936	3.11601618724556	0.799593388261704	0.644582006930472	FALSE
383	1:2.02e+08	1	2.02e+08	0.71500739908169	0.99973878688301	0.00286323348304176	0.5093658929049	0.000943499640685501	0.00108273270067221	-0.352970040650936	3.11601618724556	0.799593388261704	0.644582006930472	FALSE
383	1:200500000	1	200500000	0.71500739908169	0.99973878688301	0.00286323348304176	0.5093658929049	0.000943499640685501	0.00108273270067221	-0.352970040650936	3.11601618724556	0.799593388261704	0.644582006930472	FALSE
383	1:192500000	1	192500000	0.71500739908169	0.99973878688301	0.00286323348304176	0.5093658929049	0.000943499640685501	0.00108273270067221	-0.352970040650936	3.11601618724556	0.799593388261704	0.644582006930472	FALSE
383	1:199500000	1	199500000	0.71500739908169	0.99973878688301	0.00286323348304176	0.5093658929049	0.000943499640685501	0.00108273270067221	-0.352970040650936	3.11601618724556	0.799593388261704	0.644582006930472	FALSE
383	1:198500000	1	198500000	0.71500739908169	0.99973878688301	0.00286323348304176	0.5093658929049	0.000943499640685501	0.00108273270067221	-0.352970040650936	3.11601618724556	0.799593388261704	0.644582006930472	FALSE
383	1:196500000	1	196500000	0.71500739908169	0.99973878688301	0.00286323348304176	0.5093658929049	0.000943499640685501	0.00108273270067221	-0.352970040650936	3.11601618724556	0.799593388261704	0.644582006930472	FALSE
383	1:2e+08	1	2e+08	0.71500739908169	0.99973878688301	0.00286323348304176	0.5093658929049	0.000943499640685501	0.00108273270067221	-0.352970040650936	3.11601618724556	0.799593388261704	0.644582006930472	FALSE
383	1:191500000	1	191500000	0.71500739908169	0.99973878688301	0.00286323348304176	0.5093658929049	0.000943499640685501	0.00108273270067221	-0.352970040650936	3.11601618724556	0.799593388261704	0.644582006930472	FALSE
383	1:204500000	1	204500000	0.71500739908169	0.99973878688301	0.00286323348304176	0.5093658929049	0.000943499640685501	0.00108273270067221	-0.352970040650936	3.11601618724556	0.799593388261704	0.644582006930472	FALSE
383	1:1.92e+08	1	1.92e+08	0.71500739908169	0.99973878688301	0.00286323348304176	0.5093658929049	0.000943499640685501	0.00108273270067221	-0.352970040650936	3.11601618724556	0.799593388261704	0.644582006930472	FALSE
383	1:1.93e+08	1	1.93e+08	0.71500739908169	0.99973878688301	0.00286323348304176	0.5093658929049	0.000943499640685501	0.00108273270067221	-0.352970040650936	3.11601618724556	0.799593388261704	0.644582006930472	FALSE
383	1:202500000	1	202500000	0.71500739908169	0.99973878688301	0.00286323348304176	0.5093658929049	0.000943499640685501	0.00108273270067221	-0.352970040650936	3.11601618724556	0.799593388261704	0.644582006930472	FALSE
383	1:197500000	1	197500000	0.71500739908169	0.99973878688301	0.00286323348304176	0.5093658929049	0.000943499640685501	0.00108273270067221	-0.352970040650936	3.11601618724556	0.799593388261704	0.644582006930472	FALSE
383	1:195500000	1	195500000	0.71500739908169	0.99973878688301	0.00286323348304176	0.5093658929049	0.000943499640685501	0.00108273270067221	-0.352970040650936	3.11601618724556	0.799593388261704	0.644582006930472	FALSE
383	1:1.98e+08	1	1.98e+08	0.71500739908169	0.99973878688301	0.00286323348304176	0.5093658929049	0.000943499640685501	0.00108273270067221	-0.352970040650936	3.11601618724556	0.799593388261704	0.644582006930472	FALSE
383	1:201500000	1	201500000	0.71500739908169	0.99973878688301	0.00286323348304176	0.5093658929049	0.000943499640685501	0.00108273270067221	-0.352970040650936	3.11601618724556	0.799593388261704	0.644582006930472	FALSE
383	1:1.91e+08	1	1.91e+08	0.71500739908169	0.99973878688301	0.00286323348304176	0.5093658929049	0.000943499640685501	0.00108273270067221	-0.352970040650936	3.11601618724556	0.799593388261704	0.644582006930472	FALSE
383	1:1.95e+08	1	1.95e+08	0.71500739908169	0.99973878688301	0.00286323348304176	0.5093658929049	0.000943499640685501	0.00108273270067221	-0.352970040650936	3.11601618724556	0.799593388261704	0.644582006930472	FALSE
388	1:1.52e+08	1	1.52e+08	0.880237508528563	0.993148524808696	0.244364836665261	0.0213512852228474	0.00188920542527251	0.00450026056439599	-0.886313398868605	1.57864410131528	0.877087733148456	0.749278599234618	FALSE
388	1:1.51e+08	1	1.51e+08	0.880237508528563	0.993148524808696	0.244364836665261	0.0213512852228474	0.00188920542527251	0.00450026056439599	-0.886313398868605	1.57864410131528	0.877087733148456	0.749278599234618	FALSE
388	1:151500000	1	151500000	0.880237508528563	0.993148524808696	0.244364836665261	0.0213512852228474	0.00188920542527251	0.00450026056439599	-0.886313398868605	1.57864410131528	0.877087733148456	0.749278599234618	FALSE
388	1:1.59e+08	1	1.59e+08	0.880237508528563	0.993148524808696	0.244364836665261	0.0213512852228474	0.00188920542527251	0.00450026056439599	-0.886313398868605	1.57864410131528	0.877087733148456	0.749278599234618	FALSE
388	1:155500000	1	155500000	0.880237508528563	0.993148524808696	0.244364836665261	0.0213512852228474	0.00188920542527251	0.00450026056439599	-0.886313398868605	1.57864410131528	0.877087733148456	0.749278599234618	FALSE
388	1:149500000	1	149500000	0.880237508528563	0.993148524808696	0.244364836665261	0.0213512852228474	0.00188920542527251	0.00450026056439599	-0.886313398868605	1.57864410131528	0.877087733148456	0.749278599234618	FALSE
388	1:157500000	1	157500000	0.880237508528563	0.993148524808696	0.244364836665261	0.0213512852228474	0.00188920542527251	0.00450026056439599	-0.886313398868605	1.57864410131528	0.877087733148456	0.749278599234618	FALSE
388	1:153500000	1	153500000	0.880237508528563	0.993148524808696	0.244364836665261	0.0213512852228474	0.00188920542527251	0.00450026056439599	-0.886313398868605	1.57864410131528	0.877087733148456	0.749278599234618	FALSE
388	1:150500000	1	150500000	0.880237508528563	0.993148524808696	0.244364836665261	0.0213512852228474	0.00188920542527251	0.00450026056439599	-0.886313398868605	1.57864410131528	0.877087733148456	0.749278599234618	FALSE
388	1:154500000	1	154500000	0.880237508528563	0.993148524808696	0.244364836665261	0.0213512852228474	0.00188920542527251	0.00450026056439599	-0.886313398868605	1.57864410131528	0.877087733148456	0.749278599234618	FALSE
388	1:156500000	1	156500000	0.880237508528563	0.993148524808696	0.244364836665261	0.0213512852228474	0.00188920542527251	0.00450026056439599	-0.886313398868605	1.57864410131528	0.877087733148456	0.749278599234618	FALSE
388	1:1.58e+08	1	1.58e+08	0.880237508528563	0.993148524808696	0.244364836665261	0.0213512852228474	0.00188920542527251	0.00450026056439599	-0.886313398868605	1.57864410131528	0.877087733148456	0.749278599234618	FALSE
388	1:1.54e+08	1	1.54e+08	0.880237508528563	0.993148524808696	0.244364836665261	0.0213512852228474	0.00188920542527251	0.00450026056439599	-0.886313398868605	1.57864410131528	0.877087733148456	0.749278599234618	FALSE
388	1:1.5e+08	1	1.5e+08	0.880237508528563	0.993148524808696	0.244364836665261	0.0213512852228474	0.00188920542527251	0.00450026056439599	-0.886313398868605	1.57864410131528	0.877087733148456	0.749278599234618	FALSE
388	1:1.57e+08	1	1.57e+08	0.880237508528563	0.993148524808696	0.244364836665261	0.0213512852228474	0.00188920542527251	0.00450026056439599	-0.886313398868605	1.57864410131528	0.877087733148456	0.749278599234618	FALSE
388	1:1.56e+08	1	1.56e+08	0.880237508528563	0.993148524808696	0.244364836665261	0.0213512852228474	0.00188920542527251	0.00450026056439599	-0.886313398868605	1.57864410131528	0.877087733148456	0.749278599234618	FALSE
388	1:1.6e+08	1	1.6e+08	0.880237508528563	0.993148524808696	0.244364836665261	0.0213512852228474	0.00188920542527251	0.00450026056439599	-0.886313398868605	1.57864410131528	0.877087733148456	0.749278599234618	FALSE
388	1:160500000	1	160500000	0.880237508528563	0.993148524808696	0.244364836665261	0.0213512852228474	0.00188920542527251	0.00450026056439599	-0.886313398868605	1.57864410131528	0.877087733148456	0.749278599234618	FALSE
388	1:1.61e+08	1	1.61e+08	0.880237508528563	0.993148524808696	0.244364836665261	0.0213512852228474	0.00188920542527251	0.00450026056439599	-0.886313398868605	1.57864410131528	0.877087733148456	0.749278599234618	FALSE
388	1:148500000	1	148500000	0.880237508528563	0.993148524808696	0.244364836665261	0.0213512852228474	0.00188920542527251	0.00450026056439599	-0.886313398868605	1.57864410131528	0.877087733148456	0.749278599234618	FALSE
388	1:1.62e+08	1	1.62e+08	0.880237508528563	0.993148524808696	0.244364836665261	0.0213512852228474	0.00188920542527251	0.00450026056439599	-0.886313398868605	1.57864410131528	0.877087733148456	0.749278599234618	FALSE
388	1:1.48e+08	1	1.48e+08	0.880237508528563	0.993148524808696	0.244364836665261	0.0213512852228474	0.00188920542527251	0.00450026056439599	-0.886313398868605	1.57864410131528	0.877087733148456	0.749278599234618	FALSE
388	1:1.49e+08	1	1.49e+08	0.880237508528563	0.993148524808696	0.244364836665261	0.0213512852228474	0.00188920542527251	0.00450026056439599	-0.886313398868605	1.57864410131528	0.877087733148456	0.749278599234618	FALSE
388	1:161500000	1	161500000	0.880237508528563	0.993148524808696	0.244364836665261	0.0213512852228474	0.00188920542527251	0.00450026056439599	-0.886313398868605	1.57864410131528	0.877087733148456	0.749278599234618	FALSE
388	1:158500000	1	158500000	0.880237508528563	0.993148524808696	0.244364836665261	0.0213512852228474	0.00188920542527251	0.00450026056439599	-0.886313398868605	1.57864410131528	0.877087733148456	0.749278599234618	FALSE
388	1:159500000	1	159500000	0.880237508528563	0.993148524808696	0.244364836665261	0.0213512852228474	0.00188920542527251	0.00450026056439599	-0.886313398868605	1.57864410131528	0.877087733148456	0.749278599234618	FALSE
388	1:1.55e+08	1	1.55e+08	0.880237508528563	0.993148524808696	0.244364836665261	0.0213512852228474	0.00188920542527251	0.00450026056439599	-0.886313398868605	1.57864410131528	0.877087733148456	0.749278599234618	FALSE
406	1:2.52e+08	1	2.52e+08	0	0.951190412513237	0.0466568137453562	0	0.0166363235513055	0.00221638314806511	0.0108322066575083	1.66733927430644	0.502706336299237	0.625780790267047	FALSE
406	1:249500000	1	249500000	0	0.951190412513237	0.0466568137453562	0	0.0166363235513055	0.00221638314806511	0.0108322066575083	1.66733927430644	0.502706336299237	0.625780790267047	FALSE
406	1:248500000	1	248500000	0	0.951190412513237	0.0466568137453562	0	0.0166363235513055	0.00221638314806511	0.0108322066575083	1.66733927430644	0.502706336299237	0.625780790267047	FALSE
406	1:252500000	1	252500000	0	0.951190412513237	0.0466568137453562	0	0.0166363235513055	0.00221638314806511	0.0108322066575083	1.66733927430644	0.502706336299237	0.625780790267047	FALSE
406	1:2.48e+08	1	2.48e+08	0	0.951190412513237	0.0466568137453562	0	0.0166363235513055	0.00221638314806511	0.0108322066575083	1.66733927430644	0.502706336299237	0.625780790267047	FALSE
406	1:247500000	1	247500000	0	0.951190412513237	0.0466568137453562	0	0.0166363235513055	0.00221638314806511	0.0108322066575083	1.66733927430644	0.502706336299237	0.625780790267047	FALSE
406	1:251500000	1	251500000	0	0.951190412513237	0.0466568137453562	0	0.0166363235513055	0.00221638314806511	0.0108322066575083	1.66733927430644	0.502706336299237	0.625780790267047	FALSE
406	1:2.5e+08	1	2.5e+08	0	0.951190412513237	0.0466568137453562	0	0.0166363235513055	0.00221638314806511	0.0108322066575083	1.66733927430644	0.502706336299237	0.625780790267047	FALSE
406	1:2.49e+08	1	2.49e+08	0	0.951190412513237	0.0466568137453562	0	0.0166363235513055	0.00221638314806511	0.0108322066575083	1.66733927430644	0.502706336299237	0.625780790267047	FALSE
406	1:250500000	1	250500000	0	0.951190412513237	0.0466568137453562	0	0.0166363235513055	0.00221638314806511	0.0108322066575083	1.66733927430644	0.502706336299237	0.625780790267047	FALSE
406	1:2.47e+08	1	2.47e+08	0	0.951190412513237	0.0466568137453562	0	0.0166363235513055	0.00221638314806511	0.0108322066575083	1.66733927430644	0.502706336299237	0.625780790267047	FALSE
406	1:2.53e+08	1	2.53e+08	0	0.951190412513237	0.0466568137453562	0	0.0166363235513055	0.00221638314806511	0.0108322066575083	1.66733927430644	0.502706336299237	0.625780790267047	FALSE
406	1:254500000	1	254500000	0	0.951190412513237	0.0466568137453562	0	0.0166363235513055	0.00221638314806511	0.0108322066575083	1.66733927430644	0.502706336299237	0.625780790267047	FALSE
406	1:2.54e+08	1	2.54e+08	0	0.951190412513237	0.0466568137453562	0	0.0166363235513055	0.00221638314806511	0.0108322066575083	1.66733927430644	0.502706336299237	0.625780790267047	FALSE
406	1:253500000	1	253500000	0	0.951190412513237	0.0466568137453562	0	0.0166363235513055	0.00221638314806511	0.0108322066575083	1.66733927430644	0.502706336299237	0.625780790267047	FALSE
406	1:2.51e+08	1	2.51e+08	0	0.951190412513237	0.0466568137453562	0	0.0166363235513055	0.00221638314806511	0.0108322066575083	1.66733927430644	0.502706336299237	0.625780790267047	FALSE
410	1:2.52e+08	1	2.52e+08	0.273550062042885	0.982093485540164	0.0334046514952474	0.190541898225147	0.00916424199935486	0.00195305790420579	-0.133044594920511	1.96599932908298	0.337785502122609	0.646142589863636	FALSE
410	1:2.47e+08	1	2.47e+08	0.273550062042885	0.982093485540164	0.0334046514952474	0.190541898225147	0.00916424199935486	0.00195305790420579	-0.133044594920511	1.96599932908298	0.337785502122609	0.646142589863636	FALSE
410	1:250500000	1	250500000	0.273550062042885	0.982093485540164	0.0334046514952474	0.190541898225147	0.00916424199935486	0.00195305790420579	-0.133044594920511	1.96599932908298	0.337785502122609	0.646142589863636	FALSE
410	1:2.49e+08	1	2.49e+08	0.273550062042885	0.982093485540164	0.0334046514952474	0.190541898225147	0.00916424199935486	0.00195305790420579	-0.133044594920511	1.96599932908298	0.337785502122609	0.646142589863636	FALSE
410	1:2.48e+08	1	2.48e+08	0.273550062042885	0.982093485540164	0.0334046514952474	0.190541898225147	0.00916424199935486	0.00195305790420579	-0.133044594920511	1.96599932908298	0.337785502122609	0.646142589863636	FALSE
410	1:2.54e+08	1	2.54e+08	0.273550062042885	0.982093485540164	0.0334046514952474	0.190541898225147	0.00916424199935486	0.00195305790420579	-0.133044594920511	1.96599932908298	0.337785502122609	0.646142589863636	FALSE
410	1:254500000	1	254500000	0.273550062042885	0.982093485540164	0.0334046514952474	0.190541898225147	0.00916424199935486	0.00195305790420579	-0.133044594920511	1.96599932908298	0.337785502122609	0.646142589863636	FALSE
410	1:248500000	1	248500000	0.273550062042885	0.982093485540164	0.0334046514952474	0.190541898225147	0.00916424199935486	0.00195305790420579	-0.133044594920511	1.96599932908298	0.337785502122609	0.646142589863636	FALSE
410	1:2.51e+08	1	2.51e+08	0.273550062042885	0.982093485540164	0.0334046514952474	0.190541898225147	0.00916424199935486	0.00195305790420579	-0.133044594920511	1.96599932908298	0.337785502122609	0.646142589863636	FALSE
410	1:2.55e+08	1	2.55e+08	0.273550062042885	0.982093485540164	0.0334046514952474	0.190541898225147	0.00916424199935486	0.00195305790420579	-0.133044594920511	1.96599932908298	0.337785502122609	0.646142589863636	FALSE
410	1:2.53e+08	1	2.53e+08	0.273550062042885	0.982093485540164	0.0334046514952474	0.190541898225147	0.00916424199935486	0.00195305790420579	-0.133044594920511	1.96599932908298	0.337785502122609	0.646142589863636	FALSE
410	1:247500000	1	247500000	0.273550062042885	0.982093485540164	0.0334046514952474	0.190541898225147	0.00916424199935486	0.00195305790420579	-0.133044594920511	1.96599932908298	0.337785502122609	0.646142589863636	FALSE
410	1:253500000	1	253500000	0.273550062042885	0.982093485540164	0.0334046514952474	0.190541898225147	0.00916424199935486	0.00195305790420579	-0.133044594920511	1.96599932908298	0.337785502122609	0.646142589863636	FALSE
410	1:252500000	1	252500000	0.273550062042885	0.982093485540164	0.0334046514952474	0.190541898225147	0.00916424199935486	0.00195305790420579	-0.133044594920511	1.96599932908298	0.337785502122609	0.646142589863636	FALSE
410	1:249500000	1	249500000	0.273550062042885	0.982093485540164	0.0334046514952474	0.190541898225147	0.00916424199935486	0.00195305790420579	-0.133044594920511	1.96599932908298	0.337785502122609	0.646142589863636	FALSE
410	1:251500000	1	251500000	0.273550062042885	0.982093485540164	0.0334046514952474	0.190541898225147	0.00916424199935486	0.00195305790420579	-0.133044594920511	1.96599932908298	0.337785502122609	0.646142589863636	FALSE
410	1:255500000	1	255500000	0.273550062042885	0.982093485540164	0.0334046514952474	0.190541898225147	0.00916424199935486	0.00195305790420579	-0.133044594920511	1.96599932908298	0.337785502122609	0.646142589863636	FALSE
410	1:2.5e+08	1	2.5e+08	0.273550062042885	0.982093485540164	0.0334046514952474	0.190541898225147	0.00916424199935486	0.00195305790420579	-0.133044594920511	1.96599932908298	0.337785502122609	0.646142589863636	FALSE
413	1:163500000	1	163500000	0.587979787825818	0.971080851863629	0.146433457096774	0.0608154562086603	0.00728252995395837	0.00368005111509389	-0.422534170176767	1.47438735342288	0.233904600041063	0.646305914451382	FALSE
413	1:164500000	1	164500000	0.587979787825818	0.971080851863629	0.146433457096774	0.0608154562086603	0.00728252995395837	0.00368005111509389	-0.422534170176767	1.47438735342288	0.233904600041063	0.646305914451382	FALSE
413	1:1.64e+08	1	1.64e+08	0.587979787825818	0.971080851863629	0.146433457096774	0.0608154562086603	0.00728252995395837	0.00368005111509389	-0.422534170176767	1.47438735342288	0.233904600041063	0.646305914451382	FALSE
413	1:166500000	1	166500000	0.587979787825818	0.971080851863629	0.146433457096774	0.0608154562086603	0.00728252995395837	0.00368005111509389	-0.422534170176767	1.47438735342288	0.233904600041063	0.646305914451382	FALSE
413	1:1.69e+08	1	1.69e+08	0.587979787825818	0.971080851863629	0.146433457096774	0.0608154562086603	0.00728252995395837	0.00368005111509389	-0.422534170176767	1.47438735342288	0.233904600041063	0.646305914451382	FALSE
413	1:1.72e+08	1	1.72e+08	0.587979787825818	0.971080851863629	0.146433457096774	0.0608154562086603	0.00728252995395837	0.00368005111509389	-0.422534170176767	1.47438735342288	0.233904600041063	0.646305914451382	FALSE
413	1:162500000	1	162500000	0.587979787825818	0.971080851863629	0.146433457096774	0.0608154562086603	0.00728252995395837	0.00368005111509389	-0.422534170176767	1.47438735342288	0.233904600041063	0.646305914451382	FALSE
413	1:167500000	1	167500000	0.587979787825818	0.971080851863629	0.146433457096774	0.0608154562086603	0.00728252995395837	0.00368005111509389	-0.422534170176767	1.47438735342288	0.233904600041063	0.646305914451382	FALSE
413	1:1.68e+08	1	1.68e+08	0.587979787825818	0.971080851863629	0.146433457096774	0.0608154562086603	0.00728252995395837	0.00368005111509389	-0.422534170176767	1.47438735342288	0.233904600041063	0.646305914451382	FALSE
413	1:169500000	1	169500000	0.587979787825818	0.971080851863629	0.146433457096774	0.0608154562086603	0.00728252995395837	0.00368005111509389	-0.422534170176767	1.47438735342288	0.233904600041063	0.646305914451382	FALSE
413	1:171500000	1	171500000	0.587979787825818	0.971080851863629	0.146433457096774	0.0608154562086603	0.00728252995395837	0.00368005111509389	-0.422534170176767	1.47438735342288	0.233904600041063	0.646305914451382	FALSE
413	1:1.71e+08	1	1.71e+08	0.587979787825818	0.971080851863629	0.146433457096774	0.0608154562086603	0.00728252995395837	0.00368005111509389	-0.422534170176767	1.47438735342288	0.233904600041063	0.646305914451382	FALSE
413	1:1.7e+08	1	1.7e+08	0.587979787825818	0.971080851863629	0.146433457096774	0.0608154562086603	0.00728252995395837	0.00368005111509389	-0.422534170176767	1.47438735342288	0.233904600041063	0.646305914451382	FALSE
413	1:1.63e+08	1	1.63e+08	0.587979787825818	0.971080851863629	0.146433457096774	0.0608154562086603	0.00728252995395837	0.00368005111509389	-0.422534170176767	1.47438735342288	0.233904600041063	0.646305914451382	FALSE
413	1:1.73e+08	1	1.73e+08	0.587979787825818	0.971080851863629	0.146433457096774	0.0608154562086603	0.00728252995395837	0.00368005111509389	-0.422534170176767	1.47438735342288	0.233904600041063	0.646305914451382	FALSE
413	1:1.67e+08	1	1.67e+08	0.587979787825818	0.971080851863629	0.146433457096774	0.0608154562086603	0.00728252995395837	0.00368005111509389	-0.422534170176767	1.47438735342288	0.233904600041063	0.646305914451382	FALSE
413	1:170500000	1	170500000	0.587979787825818	0.971080851863629	0.146433457096774	0.0608154562086603	0.00728252995395837	0.00368005111509389	-0.422534170176767	1.47438735342288	0.233904600041063	0.646305914451382	FALSE
413	1:1.65e+08	1	1.65e+08	0.587979787825818	0.971080851863629	0.146433457096774	0.0608154562086603	0.00728252995395837	0.00368005111509389	-0.422534170176767	1.47438735342288	0.233904600041063	0.646305914451382	FALSE
413	1:1.66e+08	1	1.66e+08	0.587979787825818	0.971080851863629	0.146433457096774	0.0608154562086603	0.00728252995395837	0.00368005111509389	-0.422534170176767	1.47438735342288	0.233904600041063	0.646305914451382	FALSE
413	1:172500000	1	172500000	0.587979787825818	0.971080851863629	0.146433457096774	0.0608154562086603	0.00728252995395837	0.00368005111509389	-0.422534170176767	1.47438735342288	0.233904600041063	0.646305914451382	FALSE
413	1:168500000	1	168500000	0.587979787825818	0.971080851863629	0.146433457096774	0.0608154562086603	0.00728252995395837	0.00368005111509389	-0.422534170176767	1.47438735342288	0.233904600041063	0.646305914451382	FALSE
413	1:165500000	1	165500000	0.587979787825818	0.971080851863629	0.146433457096774	0.0608154562086603	0.00728252995395837	0.00368005111509389	-0.422534170176767	1.47438735342288	0.233904600041063	0.646305914451382	FALSE
418	1:241500000	1	241500000	0.354690285163032	0.988795897608567	0.0262061700776123	0.19671833418473	0.0066417076962659	0.00175757281098474	-0.17182250667166	2.11155391720192	0.760100075316199	0.601929766423567	FALSE
418	1:2.37e+08	1	2.37e+08	0.354690285163032	0.988795897608567	0.0262061700776123	0.19671833418473	0.0066417076962659	0.00175757281098474	-0.17182250667166	2.11155391720192	0.760100075316199	0.601929766423567	FALSE
418	1:243500000	1	243500000	0.354690285163032	0.988795897608567	0.0262061700776123	0.19671833418473	0.0066417076962659	0.00175757281098474	-0.17182250667166	2.11155391720192	0.760100075316199	0.601929766423567	FALSE
418	1:2.42e+08	1	2.42e+08	0.354690285163032	0.988795897608567	0.0262061700776123	0.19671833418473	0.0066417076962659	0.00175757281098474	-0.17182250667166	2.11155391720192	0.760100075316199	0.601929766423567	FALSE
418	1:242500000	1	242500000	0.354690285163032	0.988795897608567	0.0262061700776123	0.19671833418473	0.0066417076962659	0.00175757281098474	-0.17182250667166	2.11155391720192	0.760100075316199	0.601929766423567	FALSE
418	1:2.43e+08	1	2.43e+08	0.354690285163032	0.988795897608567	0.0262061700776123	0.19671833418473	0.0066417076962659	0.00175757281098474	-0.17182250667166	2.11155391720192	0.760100075316199	0.601929766423567	FALSE
418	1:2.41e+08	1	2.41e+08	0.354690285163032	0.988795897608567	0.0262061700776123	0.19671833418473	0.0066417076962659	0.00175757281098474	-0.17182250667166	2.11155391720192	0.760100075316199	0.601929766423567	FALSE
418	1:237500000	1	237500000	0.354690285163032	0.988795897608567	0.0262061700776123	0.19671833418473	0.0066417076962659	0.00175757281098474	-0.17182250667166	2.11155391720192	0.760100075316199	0.601929766423567	FALSE
418	1:244500000	1	244500000	0.354690285163032	0.988795897608567	0.0262061700776123	0.19671833418473	0.0066417076962659	0.00175757281098474	-0.17182250667166	2.11155391720192	0.760100075316199	0.601929766423567	FALSE
418	1:2.45e+08	1	2.45e+08	0.354690285163032	0.988795897608567	0.0262061700776123	0.19671833418473	0.0066417076962659	0.00175757281098474	-0.17182250667166	2.11155391720192	0.760100075316199	0.601929766423567	FALSE
418	1:2.39e+08	1	2.39e+08	0.354690285163032	0.988795897608567	0.0262061700776123	0.19671833418473	0.0066417076962659	0.00175757281098474	-0.17182250667166	2.11155391720192	0.760100075316199	0.601929766423567	FALSE
418	1:2.38e+08	1	2.38e+08	0.354690285163032	0.988795897608567	0.0262061700776123	0.19671833418473	0.0066417076962659	0.00175757281098474	-0.17182250667166	2.11155391720192	0.760100075316199	0.601929766423567	FALSE
418	1:239500000	1	239500000	0.354690285163032	0.988795897608567	0.0262061700776123	0.19671833418473	0.0066417076962659	0.00175757281098474	-0.17182250667166	2.11155391720192	0.760100075316199	0.601929766423567	FALSE
418	1:2.44e+08	1	2.44e+08	0.354690285163032	0.988795897608567	0.0262061700776123	0.19671833418473	0.0066417076962659	0.00175757281098474	-0.17182250667166	2.11155391720192	0.760100075316199	0.601929766423567	FALSE
418	1:2.4e+08	1	2.4e+08	0.354690285163032	0.988795897608567	0.0262061700776123	0.19671833418473	0.0066417076962659	0.00175757281098474	-0.17182250667166	2.11155391720192	0.760100075316199	0.601929766423567	FALSE
418	1:240500000	1	240500000	0.354690285163032	0.988795897608567	0.0262061700776123	0.19671833418473	0.0066417076962659	0.00175757281098474	-0.17182250667166	2.11155391720192	0.760100075316199	0.601929766423567	FALSE
419	1:2.45e+08	1	2.45e+08	0.160130055441036	0.976837521325689	0.0326754701788547	0.228962877585039	0.0126573640680899	0.0020003380930829	-0.0747852600139825	1.917635081111	0.116703879296896	0.634512528499568	FALSE
419	1:237500000	1	237500000	0.160130055441036	0.976837521325689	0.0326754701788547	0.228962877585039	0.0126573640680899	0.0020003380930829	-0.0747852600139825	1.917635081111	0.116703879296896	0.634512528499568	FALSE
419	1:235500000	1	235500000	0.160130055441036	0.976837521325689	0.0326754701788547	0.228962877585039	0.0126573640680899	0.0020003380930829	-0.0747852600139825	1.917635081111	0.116703879296896	0.634512528499568	FALSE
419	1:2.43e+08	1	2.43e+08	0.160130055441036	0.976837521325689	0.0326754701788547	0.228962877585039	0.0126573640680899	0.0020003380930829	-0.0747852600139825	1.917635081111	0.116703879296896	0.634512528499568	FALSE
419	1:241500000	1	241500000	0.160130055441036	0.976837521325689	0.0326754701788547	0.228962877585039	0.0126573640680899	0.0020003380930829	-0.0747852600139825	1.917635081111	0.116703879296896	0.634512528499568	FALSE
419	1:2.41e+08	1	2.41e+08	0.160130055441036	0.976837521325689	0.0326754701788547	0.228962877585039	0.0126573640680899	0.0020003380930829	-0.0747852600139825	1.917635081111	0.116703879296896	0.634512528499568	FALSE
419	1:242500000	1	242500000	0.160130055441036	0.976837521325689	0.0326754701788547	0.228962877585039	0.0126573640680899	0.0020003380930829	-0.0747852600139825	1.917635081111	0.116703879296896	0.634512528499568	FALSE
419	1:244500000	1	244500000	0.160130055441036	0.976837521325689	0.0326754701788547	0.228962877585039	0.0126573640680899	0.0020003380930829	-0.0747852600139825	1.917635081111	0.116703879296896	0.634512528499568	FALSE
419	1:2.37e+08	1	2.37e+08	0.160130055441036	0.976837521325689	0.0326754701788547	0.228962877585039	0.0126573640680899	0.0020003380930829	-0.0747852600139825	1.917635081111	0.116703879296896	0.634512528499568	FALSE
419	1:240500000	1	240500000	0.160130055441036	0.976837521325689	0.0326754701788547	0.228962877585039	0.0126573640680899	0.0020003380930829	-0.0747852600139825	1.917635081111	0.116703879296896	0.634512528499568	FALSE
419	1:2.34e+08	1	2.34e+08	0.160130055441036	0.976837521325689	0.0326754701788547	0.228962877585039	0.0126573640680899	0.0020003380930829	-0.0747852600139825	1.917635081111	0.116703879296896	0.634512528499568	FALSE
419	1:243500000	1	243500000	0.160130055441036	0.976837521325689	0.0326754701788547	0.228962877585039	0.0126573640680899	0.0020003380930829	-0.0747852600139825	1.917635081111	0.116703879296896	0.634512528499568	FALSE
419	1:232500000	1	232500000	0.160130055441036	0.976837521325689	0.0326754701788547	0.228962877585039	0.0126573640680899	0.0020003380930829	-0.0747852600139825	1.917635081111	0.116703879296896	0.634512528499568	FALSE
419	1:2.44e+08	1	2.44e+08	0.160130055441036	0.976837521325689	0.0326754701788547	0.228962877585039	0.0126573640680899	0.0020003380930829	-0.0747852600139825	1.917635081111	0.116703879296896	0.634512528499568	FALSE
419	1:2.38e+08	1	2.38e+08	0.160130055441036	0.976837521325689	0.0326754701788547	0.228962877585039	0.0126573640680899	0.0020003380930829	-0.0747852600139825	1.917635081111	0.116703879296896	0.634512528499568	FALSE
419	1:2.33e+08	1	2.33e+08	0.160130055441036	0.976837521325689	0.0326754701788547	0.228962877585039	0.0126573640680899	0.0020003380930829	-0.0747852600139825	1.917635081111	0.116703879296896	0.634512528499568	FALSE
419	1:233500000	1	233500000	0.160130055441036	0.976837521325689	0.0326754701788547	0.228962877585039	0.0126573640680899	0.0020003380930829	-0.0747852600139825	1.917635081111	0.116703879296896	0.634512528499568	FALSE
419	1:2.4e+08	1	2.4e+08	0.160130055441036	0.976837521325689	0.0326754701788547	0.228962877585039	0.0126573640680899	0.0020003380930829	-0.0747852600139825	1.917635081111	0.116703879296896	0.634512528499568	FALSE
419	1:2.42e+08	1	2.42e+08	0.160130055441036	0.976837521325689	0.0326754701788547	0.228962877585039	0.0126573640680899	0.0020003380930829	-0.0747852600139825	1.917635081111	0.116703879296896	0.634512528499568	FALSE
419	1:234500000	1	234500000	0.160130055441036	0.976837521325689	0.0326754701788547	0.228962877585039	0.0126573640680899	0.0020003380930829	-0.0747852600139825	1.917635081111	0.116703879296896	0.634512528499568	FALSE
419	1:239500000	1	239500000	0.160130055441036	0.976837521325689	0.0326754701788547	0.228962877585039	0.0126573640680899	0.0020003380930829	-0.0747852600139825	1.917635081111	0.116703879296896	0.634512528499568	FALSE
419	1:2.39e+08	1	2.39e+08	0.160130055441036	0.976837521325689	0.0326754701788547	0.228962877585039	0.0126573640680899	0.0020003380930829	-0.0747852600139825	1.917635081111	0.116703879296896	0.634512528499568	FALSE
419	1:2.35e+08	1	2.35e+08	0.160130055441036	0.976837521325689	0.0326754701788547	0.228962877585039	0.0126573640680899	0.0020003380930829	-0.0747852600139825	1.917635081111	0.116703879296896	0.634512528499568	FALSE
427	1:88500000	1	88500000	0.229138415838152	0.976047559911133	0.0398599060839672	0.165781234776953	0.0100110263490498	0.00209130632706205	-0.112948572791337	1.86526267670672	0.0550651831552161	0.581795484543858	TRUE
427	1:8.9e+07	1	8.9e+07	0.229138415838152	0.976047559911133	0.0398599060839672	0.165781234776953	0.0100110263490498	0.00209130632706205	-0.112948572791337	1.86526267670672	0.0550651831552161	0.581795484543858	TRUE
427	1:8.8e+07	1	8.8e+07	0.229138415838152	0.976047559911133	0.0398599060839672	0.165781234776953	0.0100110263490498	0.00209130632706205	-0.112948572791337	1.86526267670672	0.0550651831552161	0.581795484543858	TRUE
427	1:87500000	1	87500000	0.229138415838152	0.976047559911133	0.0398599060839672	0.165781234776953	0.0100110263490498	0.00209130632706205	-0.112948572791337	1.86526267670672	0.0550651831552161	0.581795484543858	TRUE
427	1:89500000	1	89500000	0.229138415838152	0.976047559911133	0.0398599060839672	0.165781234776953	0.0100110263490498	0.00209130632706205	-0.112948572791337	1.86526267670672	0.0550651831552161	0.581795484543858	TRUE
429	1:253500000	1	253500000	0.551079029043239	0.994586954259298	0.0248640289250598	0.157877214485295	0.00360314749539952	0.00173947341262903	-0.292983454802411	2.25527923817108	0.715833015963056	0.65445959376987	FALSE
429	1:250500000	1	250500000	0.551079029043239	0.994586954259298	0.0248640289250598	0.157877214485295	0.00360314749539952	0.00173947341262903	-0.292983454802411	2.25527923817108	0.715833015963056	0.65445959376987	FALSE
429	1:2.47e+08	1	2.47e+08	0.551079029043239	0.994586954259298	0.0248640289250598	0.157877214485295	0.00360314749539952	0.00173947341262903	-0.292983454802411	2.25527923817108	0.715833015963056	0.65445959376987	FALSE
429	1:2.52e+08	1	2.52e+08	0.551079029043239	0.994586954259298	0.0248640289250598	0.157877214485295	0.00360314749539952	0.00173947341262903	-0.292983454802411	2.25527923817108	0.715833015963056	0.65445959376987	FALSE
429	1:2.56e+08	1	2.56e+08	0.551079029043239	0.994586954259298	0.0248640289250598	0.157877214485295	0.00360314749539952	0.00173947341262903	-0.292983454802411	2.25527923817108	0.715833015963056	0.65445959376987	FALSE
429	1:2.53e+08	1	2.53e+08	0.551079029043239	0.994586954259298	0.0248640289250598	0.157877214485295	0.00360314749539952	0.00173947341262903	-0.292983454802411	2.25527923817108	0.715833015963056	0.65445959376987	FALSE
429	1:2.49e+08	1	2.49e+08	0.551079029043239	0.994586954259298	0.0248640289250598	0.157877214485295	0.00360314749539952	0.00173947341262903	-0.292983454802411	2.25527923817108	0.715833015963056	0.65445959376987	FALSE
429	1:2.51e+08	1	2.51e+08	0.551079029043239	0.994586954259298	0.0248640289250598	0.157877214485295	0.00360314749539952	0.00173947341262903	-0.292983454802411	2.25527923817108	0.715833015963056	0.65445959376987	FALSE
429	1:249500000	1	249500000	0.551079029043239	0.994586954259298	0.0248640289250598	0.157877214485295	0.00360314749539952	0.00173947341262903	-0.292983454802411	2.25527923817108	0.715833015963056	0.65445959376987	FALSE
429	1:254500000	1	254500000	0.551079029043239	0.994586954259298	0.0248640289250598	0.157877214485295	0.00360314749539952	0.00173947341262903	-0.292983454802411	2.25527923817108	0.715833015963056	0.65445959376987	FALSE
429	1:251500000	1	251500000	0.551079029043239	0.994586954259298	0.0248640289250598	0.157877214485295	0.00360314749539952	0.00173947341262903	-0.292983454802411	2.25527923817108	0.715833015963056	0.65445959376987	FALSE
429	1:247500000	1	247500000	0.551079029043239	0.994586954259298	0.0248640289250598	0.157877214485295	0.00360314749539952	0.00173947341262903	-0.292983454802411	2.25527923817108	0.715833015963056	0.65445959376987	FALSE
429	1:2.48e+08	1	2.48e+08	0.551079029043239	0.994586954259298	0.0248640289250598	0.157877214485295	0.00360314749539952	0.00173947341262903	-0.292983454802411	2.25527923817108	0.715833015963056	0.65445959376987	FALSE
429	1:2.54e+08	1	2.54e+08	0.551079029043239	0.994586954259298	0.0248640289250598	0.157877214485295	0.00360314749539952	0.00173947341262903	-0.292983454802411	2.25527923817108	0.715833015963056	0.65445959376987	FALSE
429	1:2.55e+08	1	2.55e+08	0.551079029043239	0.994586954259298	0.0248640289250598	0.157877214485295	0.00360314749539952	0.00173947341262903	-0.292983454802411	2.25527923817108	0.715833015963056	0.65445959376987	FALSE
429	1:255500000	1	255500000	0.551079029043239	0.994586954259298	0.0248640289250598	0.157877214485295	0.00360314749539952	0.00173947341262903	-0.292983454802411	2.25527923817108	0.715833015963056	0.65445959376987	FALSE
429	1:252500000	1	252500000	0.551079029043239	0.994586954259298	0.0248640289250598	0.157877214485295	0.00360314749539952	0.00173947341262903	-0.292983454802411	2.25527923817108	0.715833015963056	0.65445959376987	FALSE
429	1:2.5e+08	1	2.5e+08	0.551079029043239	0.994586954259298	0.0248640289250598	0.157877214485295	0.00360314749539952	0.00173947341262903	-0.292983454802411	2.25527923817108	0.715833015963056	0.65445959376987	FALSE
429	1:248500000	1	248500000	0.551079029043239	0.994586954259298	0.0248640289250598	0.157877214485295	0.00360314749539952	0.00173947341262903	-0.292983454802411	2.25527923817108	0.715833015963056	0.65445959376987	FALSE
433	1:2.34e+08	1	2.34e+08	0	0.964044947772518	0.0178755766476132	0	0.0227618188428804	0.00150912765496833	0.150029806169146	1.94971661941092	0.234541550332355	0.631619701959861	FALSE
433	1:2.41e+08	1	2.41e+08	0	0.964044947772518	0.0178755766476132	0	0.0227618188428804	0.00150912765496833	0.150029806169146	1.94971661941092	0.234541550332355	0.631619701959861	FALSE
433	1:237500000	1	237500000	0	0.964044947772518	0.0178755766476132	0	0.0227618188428804	0.00150912765496833	0.150029806169146	1.94971661941092	0.234541550332355	0.631619701959861	FALSE
433	1:234500000	1	234500000	0	0.964044947772518	0.0178755766476132	0	0.0227618188428804	0.00150912765496833	0.150029806169146	1.94971661941092	0.234541550332355	0.631619701959861	FALSE
433	1:242500000	1	242500000	0	0.964044947772518	0.0178755766476132	0	0.0227618188428804	0.00150912765496833	0.150029806169146	1.94971661941092	0.234541550332355	0.631619701959861	FALSE
433	1:239500000	1	239500000	0	0.964044947772518	0.0178755766476132	0	0.0227618188428804	0.00150912765496833	0.150029806169146	1.94971661941092	0.234541550332355	0.631619701959861	FALSE
433	1:238500000	1	238500000	0	0.964044947772518	0.0178755766476132	0	0.0227618188428804	0.00150912765496833	0.150029806169146	1.94971661941092	0.234541550332355	0.631619701959861	FALSE
433	1:233500000	1	233500000	0	0.964044947772518	0.0178755766476132	0	0.0227618188428804	0.00150912765496833	0.150029806169146	1.94971661941092	0.234541550332355	0.631619701959861	FALSE
433	1:243500000	1	243500000	0	0.964044947772518	0.0178755766476132	0	0.0227618188428804	0.00150912765496833	0.150029806169146	1.94971661941092	0.234541550332355	0.631619701959861	FALSE
433	1:2.38e+08	1	2.38e+08	0	0.964044947772518	0.0178755766476132	0	0.0227618188428804	0.00150912765496833	0.150029806169146	1.94971661941092	0.234541550332355	0.631619701959861	FALSE
433	1:2.4e+08	1	2.4e+08	0	0.964044947772518	0.0178755766476132	0	0.0227618188428804	0.00150912765496833	0.150029806169146	1.94971661941092	0.234541550332355	0.631619701959861	FALSE
433	1:2.42e+08	1	2.42e+08	0	0.964044947772518	0.0178755766476132	0	0.0227618188428804	0.00150912765496833	0.150029806169146	1.94971661941092	0.234541550332355	0.631619701959861	FALSE
433	1:2.39e+08	1	2.39e+08	0	0.964044947772518	0.0178755766476132	0	0.0227618188428804	0.00150912765496833	0.150029806169146	1.94971661941092	0.234541550332355	0.631619701959861	FALSE
433	1:2.33e+08	1	2.33e+08	0	0.964044947772518	0.0178755766476132	0	0.0227618188428804	0.00150912765496833	0.150029806169146	1.94971661941092	0.234541550332355	0.631619701959861	FALSE
433	1:235500000	1	235500000	0	0.964044947772518	0.0178755766476132	0	0.0227618188428804	0.00150912765496833	0.150029806169146	1.94971661941092	0.234541550332355	0.631619701959861	FALSE
433	1:2.45e+08	1	2.45e+08	0	0.964044947772518	0.0178755766476132	0	0.0227618188428804	0.00150912765496833	0.150029806169146	1.94971661941092	0.234541550332355	0.631619701959861	FALSE
433	1:241500000	1	241500000	0	0.964044947772518	0.0178755766476132	0	0.0227618188428804	0.00150912765496833	0.150029806169146	1.94971661941092	0.234541550332355	0.631619701959861	FALSE
433	1:2.35e+08	1	2.35e+08	0	0.964044947772518	0.0178755766476132	0	0.0227618188428804	0.00150912765496833	0.150029806169146	1.94971661941092	0.234541550332355	0.631619701959861	FALSE
433	1:244500000	1	244500000	0	0.964044947772518	0.0178755766476132	0	0.0227618188428804	0.00150912765496833	0.150029806169146	1.94971661941092	0.234541550332355	0.631619701959861	FALSE
433	1:2.37e+08	1	2.37e+08	0	0.964044947772518	0.0178755766476132	0	0.0227618188428804	0.00150912765496833	0.150029806169146	1.94971661941092	0.234541550332355	0.631619701959861	FALSE
433	1:240500000	1	240500000	0	0.964044947772518	0.0178755766476132	0	0.0227618188428804	0.00150912765496833	0.150029806169146	1.94971661941092	0.234541550332355	0.631619701959861	FALSE
433	1:2.44e+08	1	2.44e+08	0	0.964044947772518	0.0178755766476132	0	0.0227618188428804	0.00150912765496833	0.150029806169146	1.94971661941092	0.234541550332355	0.631619701959861	FALSE
433	1:2.43e+08	1	2.43e+08	0	0.964044947772518	0.0178755766476132	0	0.0227618188428804	0.00150912765496833	0.150029806169146	1.94971661941092	0.234541550332355	0.631619701959861	FALSE
433	1:232500000	1	232500000	0	0.964044947772518	0.0178755766476132	0	0.0227618188428804	0.00150912765496833	0.150029806169146	1.94971661941092	0.234541550332355	0.631619701959861	FALSE
434	1:2.34e+08	1	2.34e+08	0.690881841724242	0.997211008250044	0.0251276748245458	0.135900221421409	0.00227834246584517	0.00184896141598513	-0.406912903183557	2.36469702246609	0.546542296889813	0.629928853754024	FALSE
434	1:2.41e+08	1	2.41e+08	0.690881841724242	0.997211008250044	0.0251276748245458	0.135900221421409	0.00227834246584517	0.00184896141598513	-0.406912903183557	2.36469702246609	0.546542296889813	0.629928853754024	FALSE
434	1:2.4e+08	1	2.4e+08	0.690881841724242	0.997211008250044	0.0251276748245458	0.135900221421409	0.00227834246584517	0.00184896141598513	-0.406912903183557	2.36469702246609	0.546542296889813	0.629928853754024	FALSE
434	1:243500000	1	243500000	0.690881841724242	0.997211008250044	0.0251276748245458	0.135900221421409	0.00227834246584517	0.00184896141598513	-0.406912903183557	2.36469702246609	0.546542296889813	0.629928853754024	FALSE
434	1:2.38e+08	1	2.38e+08	0.690881841724242	0.997211008250044	0.0251276748245458	0.135900221421409	0.00227834246584517	0.00184896141598513	-0.406912903183557	2.36469702246609	0.546542296889813	0.629928853754024	FALSE
434	1:236500000	1	236500000	0.690881841724242	0.997211008250044	0.0251276748245458	0.135900221421409	0.00227834246584517	0.00184896141598513	-0.406912903183557	2.36469702246609	0.546542296889813	0.629928853754024	FALSE
434	1:2.45e+08	1	2.45e+08	0.690881841724242	0.997211008250044	0.0251276748245458	0.135900221421409	0.00227834246584517	0.00184896141598513	-0.406912903183557	2.36469702246609	0.546542296889813	0.629928853754024	FALSE
434	1:2.37e+08	1	2.37e+08	0.690881841724242	0.997211008250044	0.0251276748245458	0.135900221421409	0.00227834246584517	0.00184896141598513	-0.406912903183557	2.36469702246609	0.546542296889813	0.629928853754024	FALSE
434	1:242500000	1	242500000	0.690881841724242	0.997211008250044	0.0251276748245458	0.135900221421409	0.00227834246584517	0.00184896141598513	-0.406912903183557	2.36469702246609	0.546542296889813	0.629928853754024	FALSE
434	1:241500000	1	241500000	0.690881841724242	0.997211008250044	0.0251276748245458	0.135900221421409	0.00227834246584517	0.00184896141598513	-0.406912903183557	2.36469702246609	0.546542296889813	0.629928853754024	FALSE
434	1:237500000	1	237500000	0.690881841724242	0.997211008250044	0.0251276748245458	0.135900221421409	0.00227834246584517	0.00184896141598513	-0.406912903183557	2.36469702246609	0.546542296889813	0.629928853754024	FALSE
434	1:239500000	1	239500000	0.690881841724242	0.997211008250044	0.0251276748245458	0.135900221421409	0.00227834246584517	0.00184896141598513	-0.406912903183557	2.36469702246609	0.546542296889813	0.629928853754024	FALSE
434	1:2.43e+08	1	2.43e+08	0.690881841724242	0.997211008250044	0.0251276748245458	0.135900221421409	0.00227834246584517	0.00184896141598513	-0.406912903183557	2.36469702246609	0.546542296889813	0.629928853754024	FALSE
434	1:2.42e+08	1	2.42e+08	0.690881841724242	0.997211008250044	0.0251276748245458	0.135900221421409	0.00227834246584517	0.00184896141598513	-0.406912903183557	2.36469702246609	0.546542296889813	0.629928853754024	FALSE
434	1:244500000	1	244500000	0.690881841724242	0.997211008250044	0.0251276748245458	0.135900221421409	0.00227834246584517	0.00184896141598513	-0.406912903183557	2.36469702246609	0.546542296889813	0.629928853754024	FALSE
434	1:2.36e+08	1	2.36e+08	0.690881841724242	0.997211008250044	0.0251276748245458	0.135900221421409	0.00227834246584517	0.00184896141598513	-0.406912903183557	2.36469702246609	0.546542296889813	0.629928853754024	FALSE
434	1:2.33e+08	1	2.33e+08	0.690881841724242	0.997211008250044	0.0251276748245458	0.135900221421409	0.00227834246584517	0.00184896141598513	-0.406912903183557	2.36469702246609	0.546542296889813	0.629928853754024	FALSE
434	1:234500000	1	234500000	0.690881841724242	0.997211008250044	0.0251276748245458	0.135900221421409	0.00227834246584517	0.00184896141598513	-0.406912903183557	2.36469702246609	0.546542296889813	0.629928853754024	FALSE
434	1:2.44e+08	1	2.44e+08	0.690881841724242	0.997211008250044	0.0251276748245458	0.135900221421409	0.00227834246584517	0.00184896141598513	-0.406912903183557	2.36469702246609	0.546542296889813	0.629928853754024	FALSE
434	1:238500000	1	238500000	0.690881841724242	0.997211008250044	0.0251276748245458	0.135900221421409	0.00227834246584517	0.00184896141598513	-0.406912903183557	2.36469702246609	0.546542296889813	0.629928853754024	FALSE
434	1:233500000	1	233500000	0.690881841724242	0.997211008250044	0.0251276748245458	0.135900221421409	0.00227834246584517	0.00184896141598513	-0.406912903183557	2.36469702246609	0.546542296889813	0.629928853754024	FALSE
434	1:240500000	1	240500000	0.690881841724242	0.997211008250044	0.0251276748245458	0.135900221421409	0.00227834246584517	0.00184896141598513	-0.406912903183557	2.36469702246609	0.546542296889813	0.629928853754024	FALSE
434	1:2.35e+08	1	2.35e+08	0.690881841724242	0.997211008250044	0.0251276748245458	0.135900221421409	0.00227834246584517	0.00184896141598513	-0.406912903183557	2.36469702246609	0.546542296889813	0.629928853754024	FALSE
434	1:2.39e+08	1	2.39e+08	0.690881841724242	0.997211008250044	0.0251276748245458	0.135900221421409	0.00227834246584517	0.00184896141598513	-0.406912903183557	2.36469702246609	0.546542296889813	0.629928853754024	FALSE
434	1:235500000	1	235500000	0.690881841724242	0.997211008250044	0.0251276748245458	0.135900221421409	0.00227834246584517	0.00184896141598513	-0.406912903183557	2.36469702246609	0.546542296889813	0.629928853754024	FALSE
434	1:232500000	1	232500000	0.690881841724242	0.997211008250044	0.0251276748245458	0.135900221421409	0.00227834246584517	0.00184896141598513	-0.406912903183557	2.36469702246609	0.546542296889813	0.629928853754024	FALSE
436	1:302500000	1	302500000	0.999997801650615	0.999999436973603	0.999812781719984	1.19171690392585e-05	3.34721305645339e-06	0.000247330796396716	-4.21284988344255	0.655374768394109	0.941501855789733	0.337946982077449	TRUE
436	1:3.03e+08	1	3.03e+08	0.999997801650615	0.999999436973603	0.999812781719984	1.19171690392585e-05	3.34721305645339e-06	0.000247330796396716	-4.21284988344255	0.655374768394109	0.941501855789733	0.337946982077449	TRUE
436	1:305500000	1	305500000	0.999997801650615	0.999999436973603	0.999812781719984	1.19171690392585e-05	3.34721305645339e-06	0.000247330796396716	-4.21284988344255	0.655374768394109	0.941501855789733	0.337946982077449	TRUE
436	1:3.02e+08	1	3.02e+08	0.999997801650615	0.999999436973603	0.999812781719984	1.19171690392585e-05	3.34721305645339e-06	0.000247330796396716	-4.21284988344255	0.655374768394109	0.941501855789733	0.337946982077449	TRUE
436	1:303500000	1	303500000	0.999997801650615	0.999999436973603	0.999812781719984	1.19171690392585e-05	3.34721305645339e-06	0.000247330796396716	-4.21284988344255	0.655374768394109	0.941501855789733	0.337946982077449	TRUE
436	1:307500000	1	307500000	0.999997801650615	0.999999436973603	0.999812781719984	1.19171690392585e-05	3.34721305645339e-06	0.000247330796396716	-4.21284988344255	0.655374768394109	0.941501855789733	0.337946982077449	TRUE
436	1:3.05e+08	1	3.05e+08	0.999997801650615	0.999999436973603	0.999812781719984	1.19171690392585e-05	3.34721305645339e-06	0.000247330796396716	-4.21284988344255	0.655374768394109	0.941501855789733	0.337946982077449	TRUE
436	1:3.06e+08	1	3.06e+08	0.999997801650615	0.999999436973603	0.999812781719984	1.19171690392585e-05	3.34721305645339e-06	0.000247330796396716	-4.21284988344255	0.655374768394109	0.941501855789733	0.337946982077449	TRUE
436	1:306500000	1	306500000	0.999997801650615	0.999999436973603	0.999812781719984	1.19171690392585e-05	3.34721305645339e-06	0.000247330796396716	-4.21284988344255	0.655374768394109	0.941501855789733	0.337946982077449	TRUE
436	1:3.04e+08	1	3.04e+08	0.999997801650615	0.999999436973603	0.999812781719984	1.19171690392585e-05	3.34721305645339e-06	0.000247330796396716	-4.21284988344255	0.655374768394109	0.941501855789733	0.337946982077449	TRUE
436	1:304500000	1	304500000	0.999997801650615	0.999999436973603	0.999812781719984	1.19171690392585e-05	3.34721305645339e-06	0.000247330796396716	-4.21284988344255	0.655374768394109	0.941501855789733	0.337946982077449	TRUE
436	1:3.07e+08	1	3.07e+08	0.999997801650615	0.999999436973603	0.999812781719984	1.19171690392585e-05	3.34721305645339e-06	0.000247330796396716	-4.21284988344255	0.655374768394109	0.941501855789733	0.337946982077449	TRUE
447	1:2.31e+08	1	2.31e+08	0.454148818878152	0.993866268596396	0.0196914378673032	0.226163336956752	0.00495977425591125	0.00165363160036561	-0.222095914448464	2.28225980428194	0.0645875256557322	0.649084884351218	FALSE
447	1:2.43e+08	1	2.43e+08	0.454148818878152	0.993866268596396	0.0196914378673032	0.226163336956752	0.00495977425591125	0.00165363160036561	-0.222095914448464	2.28225980428194	0.0645875256557322	0.649084884351218	FALSE
447	1:239500000	1	239500000	0.454148818878152	0.993866268596396	0.0196914378673032	0.226163336956752	0.00495977425591125	0.00165363160036561	-0.222095914448464	2.28225980428194	0.0645875256557322	0.649084884351218	FALSE
447	1:238500000	1	238500000	0.454148818878152	0.993866268596396	0.0196914378673032	0.226163336956752	0.00495977425591125	0.00165363160036561	-0.222095914448464	2.28225980428194	0.0645875256557322	0.649084884351218	FALSE
447	1:244500000	1	244500000	0.454148818878152	0.993866268596396	0.0196914378673032	0.226163336956752	0.00495977425591125	0.00165363160036561	-0.222095914448464	2.28225980428194	0.0645875256557322	0.649084884351218	FALSE
447	1:243500000	1	243500000	0.454148818878152	0.993866268596396	0.0196914378673032	0.226163336956752	0.00495977425591125	0.00165363160036561	-0.222095914448464	2.28225980428194	0.0645875256557322	0.649084884351218	FALSE
447	1:2.33e+08	1	2.33e+08	0.454148818878152	0.993866268596396	0.0196914378673032	0.226163336956752	0.00495977425591125	0.00165363160036561	-0.222095914448464	2.28225980428194	0.0645875256557322	0.649084884351218	FALSE
447	1:236500000	1	236500000	0.454148818878152	0.993866268596396	0.0196914378673032	0.226163336956752	0.00495977425591125	0.00165363160036561	-0.222095914448464	2.28225980428194	0.0645875256557322	0.649084884351218	FALSE
447	1:237500000	1	237500000	0.454148818878152	0.993866268596396	0.0196914378673032	0.226163336956752	0.00495977425591125	0.00165363160036561	-0.222095914448464	2.28225980428194	0.0645875256557322	0.649084884351218	FALSE
447	1:2.34e+08	1	2.34e+08	0.454148818878152	0.993866268596396	0.0196914378673032	0.226163336956752	0.00495977425591125	0.00165363160036561	-0.222095914448464	2.28225980428194	0.0645875256557322	0.649084884351218	FALSE
447	1:2.37e+08	1	2.37e+08	0.454148818878152	0.993866268596396	0.0196914378673032	0.226163336956752	0.00495977425591125	0.00165363160036561	-0.222095914448464	2.28225980428194	0.0645875256557322	0.649084884351218	FALSE
447	1:234500000	1	234500000	0.454148818878152	0.993866268596396	0.0196914378673032	0.226163336956752	0.00495977425591125	0.00165363160036561	-0.222095914448464	2.28225980428194	0.0645875256557322	0.649084884351218	FALSE
447	1:242500000	1	242500000	0.454148818878152	0.993866268596396	0.0196914378673032	0.226163336956752	0.00495977425591125	0.00165363160036561	-0.222095914448464	2.28225980428194	0.0645875256557322	0.649084884351218	FALSE
447	1:2.32e+08	1	2.32e+08	0.454148818878152	0.993866268596396	0.0196914378673032	0.226163336956752	0.00495977425591125	0.00165363160036561	-0.222095914448464	2.28225980428194	0.0645875256557322	0.649084884351218	FALSE
447	1:2.42e+08	1	2.42e+08	0.454148818878152	0.993866268596396	0.0196914378673032	0.226163336956752	0.00495977425591125	0.00165363160036561	-0.222095914448464	2.28225980428194	0.0645875256557322	0.649084884351218	FALSE
447	1:2.36e+08	1	2.36e+08	0.454148818878152	0.993866268596396	0.0196914378673032	0.226163336956752	0.00495977425591125	0.00165363160036561	-0.222095914448464	2.28225980428194	0.0645875256557322	0.649084884351218	FALSE
447	1:2.39e+08	1	2.39e+08	0.454148818878152	0.993866268596396	0.0196914378673032	0.226163336956752	0.00495977425591125	0.00165363160036561	-0.222095914448464	2.28225980428194	0.0645875256557322	0.649084884351218	FALSE
447	1:2.44e+08	1	2.44e+08	0.454148818878152	0.993866268596396	0.0196914378673032	0.226163336956752	0.00495977425591125	0.00165363160036561	-0.222095914448464	2.28225980428194	0.0645875256557322	0.649084884351218	FALSE
447	1:241500000	1	241500000	0.454148818878152	0.993866268596396	0.0196914378673032	0.226163336956752	0.00495977425591125	0.00165363160036561	-0.222095914448464	2.28225980428194	0.0645875256557322	0.649084884351218	FALSE
447	1:2.4e+08	1	2.4e+08	0.454148818878152	0.993866268596396	0.0196914378673032	0.226163336956752	0.00495977425591125	0.00165363160036561	-0.222095914448464	2.28225980428194	0.0645875256557322	0.649084884351218	FALSE
447	1:235500000	1	235500000	0.454148818878152	0.993866268596396	0.0196914378673032	0.226163336956752	0.00495977425591125	0.00165363160036561	-0.222095914448464	2.28225980428194	0.0645875256557322	0.649084884351218	FALSE
447	1:2.41e+08	1	2.41e+08	0.454148818878152	0.993866268596396	0.0196914378673032	0.226163336956752	0.00495977425591125	0.00165363160036561	-0.222095914448464	2.28225980428194	0.0645875256557322	0.649084884351218	FALSE
447	1:233500000	1	233500000	0.454148818878152	0.993866268596396	0.0196914378673032	0.226163336956752	0.00495977425591125	0.00165363160036561	-0.222095914448464	2.28225980428194	0.0645875256557322	0.649084884351218	FALSE
447	1:2.38e+08	1	2.38e+08	0.454148818878152	0.993866268596396	0.0196914378673032	0.226163336956752	0.00495977425591125	0.00165363160036561	-0.222095914448464	2.28225980428194	0.0645875256557322	0.649084884351218	FALSE
447	1:2.45e+08	1	2.45e+08	0.454148818878152	0.993866268596396	0.0196914378673032	0.226163336956752	0.00495977425591125	0.00165363160036561	-0.222095914448464	2.28225980428194	0.0645875256557322	0.649084884351218	FALSE
447	1:231500000	1	231500000	0.454148818878152	0.993866268596396	0.0196914378673032	0.226163336956752	0.00495977425591125	0.00165363160036561	-0.222095914448464	2.28225980428194	0.0645875256557322	0.649084884351218	FALSE
447	1:240500000	1	240500000	0.454148818878152	0.993866268596396	0.0196914378673032	0.226163336956752	0.00495977425591125	0.00165363160036561	-0.222095914448464	2.28225980428194	0.0645875256557322	0.649084884351218	FALSE
447	1:2.35e+08	1	2.35e+08	0.454148818878152	0.993866268596396	0.0196914378673032	0.226163336956752	0.00495977425591125	0.00165363160036561	-0.222095914448464	2.28225980428194	0.0645875256557322	0.649084884351218	FALSE
447	1:232500000	1	232500000	0.454148818878152	0.993866268596396	0.0196914378673032	0.226163336956752	0.00495977425591125	0.00165363160036561	-0.222095914448464	2.28225980428194	0.0645875256557322	0.649084884351218	FALSE
449	1:2.75e+08	1	2.75e+08	0.153256155207136	0.952062394068403	0.0664827877830999	0.125802547102679	0.0136693374174609	0.00260369802865311	-0.0813393548748316	1.58384885789213	0.0423437392787166	0.62264200991211	FALSE
449	1:276500000	1	276500000	0.153256155207136	0.952062394068403	0.0664827877830999	0.125802547102679	0.0136693374174609	0.00260369802865311	-0.0813393548748316	1.58384885789213	0.0423437392787166	0.62264200991211	FALSE
449	1:2.76e+08	1	2.76e+08	0.153256155207136	0.952062394068403	0.0664827877830999	0.125802547102679	0.0136693374174609	0.00260369802865311	-0.0813393548748316	1.58384885789213	0.0423437392787166	0.62264200991211	FALSE
449	1:2.74e+08	1	2.74e+08	0.153256155207136	0.952062394068403	0.0664827877830999	0.125802547102679	0.0136693374174609	0.00260369802865311	-0.0813393548748316	1.58384885789213	0.0423437392787166	0.62264200991211	FALSE
449	1:277500000	1	277500000	0.153256155207136	0.952062394068403	0.0664827877830999	0.125802547102679	0.0136693374174609	0.00260369802865311	-0.0813393548748316	1.58384885789213	0.0423437392787166	0.62264200991211	FALSE
449	1:278500000	1	278500000	0.153256155207136	0.952062394068403	0.0664827877830999	0.125802547102679	0.0136693374174609	0.00260369802865311	-0.0813393548748316	1.58384885789213	0.0423437392787166	0.62264200991211	FALSE
449	1:2.78e+08	1	2.78e+08	0.153256155207136	0.952062394068403	0.0664827877830999	0.125802547102679	0.0136693374174609	0.00260369802865311	-0.0813393548748316	1.58384885789213	0.0423437392787166	0.62264200991211	FALSE
449	1:274500000	1	274500000	0.153256155207136	0.952062394068403	0.0664827877830999	0.125802547102679	0.0136693374174609	0.00260369802865311	-0.0813393548748316	1.58384885789213	0.0423437392787166	0.62264200991211	FALSE
449	1:2.77e+08	1	2.77e+08	0.153256155207136	0.952062394068403	0.0664827877830999	0.125802547102679	0.0136693374174609	0.00260369802865311	-0.0813393548748316	1.58384885789213	0.0423437392787166	0.62264200991211	FALSE
449	1:273500000	1	273500000	0.153256155207136	0.952062394068403	0.0664827877830999	0.125802547102679	0.0136693374174609	0.00260369802865311	-0.0813393548748316	1.58384885789213	0.0423437392787166	0.62264200991211	FALSE
449	1:2.73e+08	1	2.73e+08	0.153256155207136	0.952062394068403	0.0664827877830999	0.125802547102679	0.0136693374174609	0.00260369802865311	-0.0813393548748316	1.58384885789213	0.0423437392787166	0.62264200991211	FALSE
449	1:275500000	1	275500000	0.153256155207136	0.952062394068403	0.0664827877830999	0.125802547102679	0.0136693374174609	0.00260369802865311	-0.0813393548748316	1.58384885789213	0.0423437392787166	0.62264200991211	FALSE
451	1:250500000	1	250500000	0.723823572067557	0.999397481901101	0.00687799945452144	0.273195940716499	0.00116037867618683	0.00122968766153696	-0.387056333427907	2.85062904982327	0.923786387874362	0.663977660213273	FALSE
451	1:256500000	1	256500000	0.723823572067557	0.999397481901101	0.00687799945452144	0.273195940716499	0.00116037867618683	0.00122968766153696	-0.387056333427907	2.85062904982327	0.923786387874362	0.663977660213273	FALSE
451	1:2.47e+08	1	2.47e+08	0.723823572067557	0.999397481901101	0.00687799945452144	0.273195940716499	0.00116037867618683	0.00122968766153696	-0.387056333427907	2.85062904982327	0.923786387874362	0.663977660213273	FALSE
451	1:2.52e+08	1	2.52e+08	0.723823572067557	0.999397481901101	0.00687799945452144	0.273195940716499	0.00116037867618683	0.00122968766153696	-0.387056333427907	2.85062904982327	0.923786387874362	0.663977660213273	FALSE
451	1:2.54e+08	1	2.54e+08	0.723823572067557	0.999397481901101	0.00687799945452144	0.273195940716499	0.00116037867618683	0.00122968766153696	-0.387056333427907	2.85062904982327	0.923786387874362	0.663977660213273	FALSE
451	1:2.56e+08	1	2.56e+08	0.723823572067557	0.999397481901101	0.00687799945452144	0.273195940716499	0.00116037867618683	0.00122968766153696	-0.387056333427907	2.85062904982327	0.923786387874362	0.663977660213273	FALSE
451	1:251500000	1	251500000	0.723823572067557	0.999397481901101	0.00687799945452144	0.273195940716499	0.00116037867618683	0.00122968766153696	-0.387056333427907	2.85062904982327	0.923786387874362	0.663977660213273	FALSE
451	1:2.5e+08	1	2.5e+08	0.723823572067557	0.999397481901101	0.00687799945452144	0.273195940716499	0.00116037867618683	0.00122968766153696	-0.387056333427907	2.85062904982327	0.923786387874362	0.663977660213273	FALSE
451	1:2.49e+08	1	2.49e+08	0.723823572067557	0.999397481901101	0.00687799945452144	0.273195940716499	0.00116037867618683	0.00122968766153696	-0.387056333427907	2.85062904982327	0.923786387874362	0.663977660213273	FALSE
451	1:249500000	1	249500000	0.723823572067557	0.999397481901101	0.00687799945452144	0.273195940716499	0.00116037867618683	0.00122968766153696	-0.387056333427907	2.85062904982327	0.923786387874362	0.663977660213273	FALSE
451	1:2.51e+08	1	2.51e+08	0.723823572067557	0.999397481901101	0.00687799945452144	0.273195940716499	0.00116037867618683	0.00122968766153696	-0.387056333427907	2.85062904982327	0.923786387874362	0.663977660213273	FALSE
451	1:253500000	1	253500000	0.723823572067557	0.999397481901101	0.00687799945452144	0.273195940716499	0.00116037867618683	0.00122968766153696	-0.387056333427907	2.85062904982327	0.923786387874362	0.663977660213273	FALSE
451	1:255500000	1	255500000	0.723823572067557	0.999397481901101	0.00687799945452144	0.273195940716499	0.00116037867618683	0.00122968766153696	-0.387056333427907	2.85062904982327	0.923786387874362	0.663977660213273	FALSE
451	1:248500000	1	248500000	0.723823572067557	0.999397481901101	0.00687799945452144	0.273195940716499	0.00116037867618683	0.00122968766153696	-0.387056333427907	2.85062904982327	0.923786387874362	0.663977660213273	FALSE
451	1:254500000	1	254500000	0.723823572067557	0.999397481901101	0.00687799945452144	0.273195940716499	0.00116037867618683	0.00122968766153696	-0.387056333427907	2.85062904982327	0.923786387874362	0.663977660213273	FALSE
451	1:247500000	1	247500000	0.723823572067557	0.999397481901101	0.00687799945452144	0.273195940716499	0.00116037867618683	0.00122968766153696	-0.387056333427907	2.85062904982327	0.923786387874362	0.663977660213273	FALSE
451	1:2.53e+08	1	2.53e+08	0.723823572067557	0.999397481901101	0.00687799945452144	0.273195940716499	0.00116037867618683	0.00122968766153696	-0.387056333427907	2.85062904982327	0.923786387874362	0.663977660213273	FALSE
451	1:252500000	1	252500000	0.723823572067557	0.999397481901101	0.00687799945452144	0.273195940716499	0.00116037867618683	0.00122968766153696	-0.387056333427907	2.85062904982327	0.923786387874362	0.663977660213273	FALSE
451	1:2.55e+08	1	2.55e+08	0.723823572067557	0.999397481901101	0.00687799945452144	0.273195940716499	0.00116037867618683	0.00122968766153696	-0.387056333427907	2.85062904982327	0.923786387874362	0.663977660213273	FALSE
451	1:2.57e+08	1	2.57e+08	0.723823572067557	0.999397481901101	0.00687799945452144	0.273195940716499	0.00116037867618683	0.00122968766153696	-0.387056333427907	2.85062904982327	0.923786387874362	0.663977660213273	FALSE
451	1:2.48e+08	1	2.48e+08	0.723823572067557	0.999397481901101	0.00687799945452144	0.273195940716499	0.00116037867618683	0.00122968766153696	-0.387056333427907	2.85062904982327	0.923786387874362	0.663977660213273	FALSE
452	1:288500000	1	288500000	0.648315293083641	0.986475371186336	0.0922609432809965	0.069514237566134	0.00465402125411378	0.00305040931481383	-0.441923076717726	1.7688831621504	0.407005296549849	0.586059432200995	TRUE
452	1:289500000	1	289500000	0.648315293083641	0.986475371186336	0.0922609432809965	0.069514237566134	0.00465402125411378	0.00305040931481383	-0.441923076717726	1.7688831621504	0.407005296549849	0.586059432200995	TRUE
452	1:286500000	1	286500000	0.648315293083641	0.986475371186336	0.0922609432809965	0.069514237566134	0.00465402125411378	0.00305040931481383	-0.441923076717726	1.7688831621504	0.407005296549849	0.586059432200995	TRUE
452	1:287500000	1	287500000	0.648315293083641	0.986475371186336	0.0922609432809965	0.069514237566134	0.00465402125411378	0.00305040931481383	-0.441923076717726	1.7688831621504	0.407005296549849	0.586059432200995	TRUE
452	1:2.88e+08	1	2.88e+08	0.648315293083641	0.986475371186336	0.0922609432809965	0.069514237566134	0.00465402125411378	0.00305040931481383	-0.441923076717726	1.7688831621504	0.407005296549849	0.586059432200995	TRUE
452	1:2.89e+08	1	2.89e+08	0.648315293083641	0.986475371186336	0.0922609432809965	0.069514237566134	0.00465402125411378	0.00305040931481383	-0.441923076717726	1.7688831621504	0.407005296549849	0.586059432200995	TRUE
452	1:2.87e+08	1	2.87e+08	0.648315293083641	0.986475371186336	0.0922609432809965	0.069514237566134	0.00465402125411378	0.00305040931481383	-0.441923076717726	1.7688831621504	0.407005296549849	0.586059432200995	TRUE
456	1:227500000	1	227500000	0.485423640564992	0.992353528730257	0.0272870531461271	0.160964696121276	0.00454664277137338	0.00178769817460774	-0.25155740806837	2.17380901282109	0.689598870688967	0.576538317423767	TRUE
456	1:228500000	1	228500000	0.485423640564992	0.992353528730257	0.0272870531461271	0.160964696121276	0.00454664277137338	0.00178769817460774	-0.25155740806837	2.17380901282109	0.689598870688967	0.576538317423767	TRUE
456	1:229500000	1	229500000	0.485423640564992	0.992353528730257	0.0272870531461271	0.160964696121276	0.00454664277137338	0.00178769817460774	-0.25155740806837	2.17380901282109	0.689598870688967	0.576538317423767	TRUE
456	1:2.3e+08	1	2.3e+08	0.485423640564992	0.992353528730257	0.0272870531461271	0.160964696121276	0.00454664277137338	0.00178769817460774	-0.25155740806837	2.17380901282109	0.689598870688967	0.576538317423767	TRUE
456	1:230500000	1	230500000	0.485423640564992	0.992353528730257	0.0272870531461271	0.160964696121276	0.00454664277137338	0.00178769817460774	-0.25155740806837	2.17380901282109	0.689598870688967	0.576538317423767	TRUE
456	1:2.28e+08	1	2.28e+08	0.485423640564992	0.992353528730257	0.0272870531461271	0.160964696121276	0.00454664277137338	0.00178769817460774	-0.25155740806837	2.17380901282109	0.689598870688967	0.576538317423767	TRUE
456	1:2.29e+08	1	2.29e+08	0.485423640564992	0.992353528730257	0.0272870531461271	0.160964696121276	0.00454664277137338	0.00178769817460774	-0.25155740806837	2.17380901282109	0.689598870688967	0.576538317423767	TRUE
456	1:2.27e+08	1	2.27e+08	0.485423640564992	0.992353528730257	0.0272870531461271	0.160964696121276	0.00454664277137338	0.00178769817460774	-0.25155740806837	2.17380901282109	0.689598870688967	0.576538317423767	TRUE
456	1:2.26e+08	1	2.26e+08	0.485423640564992	0.992353528730257	0.0272870531461271	0.160964696121276	0.00454664277137338	0.00178769817460774	-0.25155740806837	2.17380901282109	0.689598870688967	0.576538317423767	TRUE
456	1:226500000	1	226500000	0.485423640564992	0.992353528730257	0.0272870531461271	0.160964696121276	0.00454664277137338	0.00178769817460774	-0.25155740806837	2.17380901282109	0.689598870688967	0.576538317423767	TRUE
476	1:221500000	1	221500000	0	0.993880503156823	0.00419993402165146	0	0.0102608022806258	0.000924334590883437	0.0651910080591035	2.57036856140392	0.463979732838768	0.602084479867607	FALSE
476	1:220500000	1	220500000	0	0.993880503156823	0.00419993402165146	0	0.0102608022806258	0.000924334590883437	0.0651910080591035	2.57036856140392	0.463979732838768	0.602084479867607	FALSE
476	1:2.19e+08	1	2.19e+08	0	0.993880503156823	0.00419993402165146	0	0.0102608022806258	0.000924334590883437	0.0651910080591035	2.57036856140392	0.463979732838768	0.602084479867607	FALSE
476	1:2.22e+08	1	2.22e+08	0	0.993880503156823	0.00419993402165146	0	0.0102608022806258	0.000924334590883437	0.0651910080591035	2.57036856140392	0.463979732838768	0.602084479867607	FALSE
476	1:2.2e+08	1	2.2e+08	0	0.993880503156823	0.00419993402165146	0	0.0102608022806258	0.000924334590883437	0.0651910080591035	2.57036856140392	0.463979732838768	0.602084479867607	FALSE
476	1:218500000	1	218500000	0	0.993880503156823	0.00419993402165146	0	0.0102608022806258	0.000924334590883437	0.0651910080591035	2.57036856140392	0.463979732838768	0.602084479867607	FALSE
476	1:2.21e+08	1	2.21e+08	0	0.993880503156823	0.00419993402165146	0	0.0102608022806258	0.000924334590883437	0.0651910080591035	2.57036856140392	0.463979732838768	0.602084479867607	FALSE
476	1:2.23e+08	1	2.23e+08	0	0.993880503156823	0.00419993402165146	0	0.0102608022806258	0.000924334590883437	0.0651910080591035	2.57036856140392	0.463979732838768	0.602084479867607	FALSE
476	1:222500000	1	222500000	0	0.993880503156823	0.00419993402165146	0	0.0102608022806258	0.000924334590883437	0.0651910080591035	2.57036856140392	0.463979732838768	0.602084479867607	FALSE
476	1:219500000	1	219500000	0	0.993880503156823	0.00419993402165146	0	0.0102608022806258	0.000924334590883437	0.0651910080591035	2.57036856140392	0.463979732838768	0.602084479867607	FALSE
485	1:1.97e+08	1	1.97e+08	0	0.95841531790294	0.0045507563478083	0	0.133385275337514	0.00245575027960355	0.437815943421577	2.17040146657521	0.885445619210669	0.642078065453101	FALSE
485	1:203500000	1	203500000	0	0.95841531790294	0.0045507563478083	0	0.133385275337514	0.00245575027960355	0.437815943421577	2.17040146657521	0.885445619210669	0.642078065453101	FALSE
485	1:195500000	1	195500000	0	0.95841531790294	0.0045507563478083	0	0.133385275337514	0.00245575027960355	0.437815943421577	2.17040146657521	0.885445619210669	0.642078065453101	FALSE
485	1:1.96e+08	1	1.96e+08	0	0.95841531790294	0.0045507563478083	0	0.133385275337514	0.00245575027960355	0.437815943421577	2.17040146657521	0.885445619210669	0.642078065453101	FALSE
485	1:196500000	1	196500000	0	0.95841531790294	0.0045507563478083	0	0.133385275337514	0.00245575027960355	0.437815943421577	2.17040146657521	0.885445619210669	0.642078065453101	FALSE
485	1:1.98e+08	1	1.98e+08	0	0.95841531790294	0.0045507563478083	0	0.133385275337514	0.00245575027960355	0.437815943421577	2.17040146657521	0.885445619210669	0.642078065453101	FALSE
485	1:204500000	1	204500000	0	0.95841531790294	0.0045507563478083	0	0.133385275337514	0.00245575027960355	0.437815943421577	2.17040146657521	0.885445619210669	0.642078065453101	FALSE
485	1:2.02e+08	1	2.02e+08	0	0.95841531790294	0.0045507563478083	0	0.133385275337514	0.00245575027960355	0.437815943421577	2.17040146657521	0.885445619210669	0.642078065453101	FALSE
485	1:1.95e+08	1	1.95e+08	0	0.95841531790294	0.0045507563478083	0	0.133385275337514	0.00245575027960355	0.437815943421577	2.17040146657521	0.885445619210669	0.642078065453101	FALSE
485	1:2.01e+08	1	2.01e+08	0	0.95841531790294	0.0045507563478083	0	0.133385275337514	0.00245575027960355	0.437815943421577	2.17040146657521	0.885445619210669	0.642078065453101	FALSE
485	1:202500000	1	202500000	0	0.95841531790294	0.0045507563478083	0	0.133385275337514	0.00245575027960355	0.437815943421577	2.17040146657521	0.885445619210669	0.642078065453101	FALSE
485	1:2e+08	1	2e+08	0	0.95841531790294	0.0045507563478083	0	0.133385275337514	0.00245575027960355	0.437815943421577	2.17040146657521	0.885445619210669	0.642078065453101	FALSE
485	1:1.93e+08	1	1.93e+08	0	0.95841531790294	0.0045507563478083	0	0.133385275337514	0.00245575027960355	0.437815943421577	2.17040146657521	0.885445619210669	0.642078065453101	FALSE
485	1:197500000	1	197500000	0	0.95841531790294	0.0045507563478083	0	0.133385275337514	0.00245575027960355	0.437815943421577	2.17040146657521	0.885445619210669	0.642078065453101	FALSE
485	1:191500000	1	191500000	0	0.95841531790294	0.0045507563478083	0	0.133385275337514	0.00245575027960355	0.437815943421577	2.17040146657521	0.885445619210669	0.642078065453101	FALSE
485	1:1.99e+08	1	1.99e+08	0	0.95841531790294	0.0045507563478083	0	0.133385275337514	0.00245575027960355	0.437815943421577	2.17040146657521	0.885445619210669	0.642078065453101	FALSE
485	1:1.91e+08	1	1.91e+08	0	0.95841531790294	0.0045507563478083	0	0.133385275337514	0.00245575027960355	0.437815943421577	2.17040146657521	0.885445619210669	0.642078065453101	FALSE
485	1:1.92e+08	1	1.92e+08	0	0.95841531790294	0.0045507563478083	0	0.133385275337514	0.00245575027960355	0.437815943421577	2.17040146657521	0.885445619210669	0.642078065453101	FALSE
485	1:192500000	1	192500000	0	0.95841531790294	0.0045507563478083	0	0.133385275337514	0.00245575027960355	0.437815943421577	2.17040146657521	0.885445619210669	0.642078065453101	FALSE
485	1:199500000	1	199500000	0	0.95841531790294	0.0045507563478083	0	0.133385275337514	0.00245575027960355	0.437815943421577	2.17040146657521	0.885445619210669	0.642078065453101	FALSE
485	1:2.03e+08	1	2.03e+08	0	0.95841531790294	0.0045507563478083	0	0.133385275337514	0.00245575027960355	0.437815943421577	2.17040146657521	0.885445619210669	0.642078065453101	FALSE
485	1:2.04e+08	1	2.04e+08	0	0.95841531790294	0.0045507563478083	0	0.133385275337514	0.00245575027960355	0.437815943421577	2.17040146657521	0.885445619210669	0.642078065453101	FALSE
485	1:198500000	1	198500000	0	0.95841531790294	0.0045507563478083	0	0.133385275337514	0.00245575027960355	0.437815943421577	2.17040146657521	0.885445619210669	0.642078065453101	FALSE
485	1:200500000	1	200500000	0	0.95841531790294	0.0045507563478083	0	0.133385275337514	0.00245575027960355	0.437815943421577	2.17040146657521	0.885445619210669	0.642078065453101	FALSE
485	1:201500000	1	201500000	0	0.95841531790294	0.0045507563478083	0	0.133385275337514	0.00245575027960355	0.437815943421577	2.17040146657521	0.885445619210669	0.642078065453101	FALSE
500	1:257500000	1	257500000	0	0.971490084865255	0.0114962053775708	0	0.0217505270837475	0.0012855884809255	0.185200976939508	2.08835975434297	0.162668437329421	0.56434702267834	TRUE
500	1:2.61e+08	1	2.61e+08	0	0.971490084865255	0.0114962053775708	0	0.0217505270837475	0.0012855884809255	0.185200976939508	2.08835975434297	0.162668437329421	0.56434702267834	TRUE
500	1:260500000	1	260500000	0	0.971490084865255	0.0114962053775708	0	0.0217505270837475	0.0012855884809255	0.185200976939508	2.08835975434297	0.162668437329421	0.56434702267834	TRUE
500	1:259500000	1	259500000	0	0.971490084865255	0.0114962053775708	0	0.0217505270837475	0.0012855884809255	0.185200976939508	2.08835975434297	0.162668437329421	0.56434702267834	TRUE
500	1:2.58e+08	1	2.58e+08	0	0.971490084865255	0.0114962053775708	0	0.0217505270837475	0.0012855884809255	0.185200976939508	2.08835975434297	0.162668437329421	0.56434702267834	TRUE
500	1:2.6e+08	1	2.6e+08	0	0.971490084865255	0.0114962053775708	0	0.0217505270837475	0.0012855884809255	0.185200976939508	2.08835975434297	0.162668437329421	0.56434702267834	TRUE
500	1:2.59e+08	1	2.59e+08	0	0.971490084865255	0.0114962053775708	0	0.0217505270837475	0.0012855884809255	0.185200976939508	2.08835975434297	0.162668437329421	0.56434702267834	TRUE
500	1:258500000	1	258500000	0	0.971490084865255	0.0114962053775708	0	0.0217505270837475	0.0012855884809255	0.185200976939508	2.08835975434297	0.162668437329421	0.56434702267834	TRUE
509	1:2.69e+08	1	2.69e+08	0.846637856852125	0.998668448187146	0.0397481066012359	0.0645707332059155	0.000990053071928129	0.00232639955507348	-0.625274448096579	2.37889111501313	0.741128724931298	0.587880244953601	TRUE
509	1:2.7e+08	1	2.7e+08	0.846637856852125	0.998668448187146	0.0397481066012359	0.0645707332059155	0.000990053071928129	0.00232639955507348	-0.625274448096579	2.37889111501313	0.741128724931298	0.587880244953601	TRUE
509	1:268500000	1	268500000	0.846637856852125	0.998668448187146	0.0397481066012359	0.0645707332059155	0.000990053071928129	0.00232639955507348	-0.625274448096579	2.37889111501313	0.741128724931298	0.587880244953601	TRUE
509	1:2.71e+08	1	2.71e+08	0.846637856852125	0.998668448187146	0.0397481066012359	0.0645707332059155	0.000990053071928129	0.00232639955507348	-0.625274448096579	2.37889111501313	0.741128724931298	0.587880244953601	TRUE
509	1:269500000	1	269500000	0.846637856852125	0.998668448187146	0.0397481066012359	0.0645707332059155	0.000990053071928129	0.00232639955507348	-0.625274448096579	2.37889111501313	0.741128724931298	0.587880244953601	TRUE
509	1:270500000	1	270500000	0.846637856852125	0.998668448187146	0.0397481066012359	0.0645707332059155	0.000990053071928129	0.00232639955507348	-0.625274448096579	2.37889111501313	0.741128724931298	0.587880244953601	TRUE
509	1:267500000	1	267500000	0.846637856852125	0.998668448187146	0.0397481066012359	0.0645707332059155	0.000990053071928129	0.00232639955507348	-0.625274448096579	2.37889111501313	0.741128724931298	0.587880244953601	TRUE
509	1:266500000	1	266500000	0.846637856852125	0.998668448187146	0.0397481066012359	0.0645707332059155	0.000990053071928129	0.00232639955507348	-0.625274448096579	2.37889111501313	0.741128724931298	0.587880244953601	TRUE
509	1:2.68e+08	1	2.68e+08	0.846637856852125	0.998668448187146	0.0397481066012359	0.0645707332059155	0.000990053071928129	0.00232639955507348	-0.625274448096579	2.37889111501313	0.741128724931298	0.587880244953601	TRUE
509	1:2.67e+08	1	2.67e+08	0.846637856852125	0.998668448187146	0.0397481066012359	0.0645707332059155	0.000990053071928129	0.00232639955507348	-0.625274448096579	2.37889111501313	0.741128724931298	0.587880244953601	TRUE
510	1:1.72e+08	1	1.72e+08	0.693678927399902	0.983119356510963	0.141963226092095	0.0523096921078057	0.00483874561441347	0.0036471310531034	-0.525685370018347	1.59722591076986	0.498139097244179	0.655030378526542	FALSE
510	1:166500000	1	166500000	0.693678927399902	0.983119356510963	0.141963226092095	0.0523096921078057	0.00483874561441347	0.0036471310531034	-0.525685370018347	1.59722591076986	0.498139097244179	0.655030378526542	FALSE
510	1:1.69e+08	1	1.69e+08	0.693678927399902	0.983119356510963	0.141963226092095	0.0523096921078057	0.00483874561441347	0.0036471310531034	-0.525685370018347	1.59722591076986	0.498139097244179	0.655030378526542	FALSE
510	1:163500000	1	163500000	0.693678927399902	0.983119356510963	0.141963226092095	0.0523096921078057	0.00483874561441347	0.0036471310531034	-0.525685370018347	1.59722591076986	0.498139097244179	0.655030378526542	FALSE
510	1:1.68e+08	1	1.68e+08	0.693678927399902	0.983119356510963	0.141963226092095	0.0523096921078057	0.00483874561441347	0.0036471310531034	-0.525685370018347	1.59722591076986	0.498139097244179	0.655030378526542	FALSE
510	1:1.71e+08	1	1.71e+08	0.693678927399902	0.983119356510963	0.141963226092095	0.0523096921078057	0.00483874561441347	0.0036471310531034	-0.525685370018347	1.59722591076986	0.498139097244179	0.655030378526542	FALSE
510	1:1.64e+08	1	1.64e+08	0.693678927399902	0.983119356510963	0.141963226092095	0.0523096921078057	0.00483874561441347	0.0036471310531034	-0.525685370018347	1.59722591076986	0.498139097244179	0.655030378526542	FALSE
510	1:1.65e+08	1	1.65e+08	0.693678927399902	0.983119356510963	0.141963226092095	0.0523096921078057	0.00483874561441347	0.0036471310531034	-0.525685370018347	1.59722591076986	0.498139097244179	0.655030378526542	FALSE
510	1:173500000	1	173500000	0.693678927399902	0.983119356510963	0.141963226092095	0.0523096921078057	0.00483874561441347	0.0036471310531034	-0.525685370018347	1.59722591076986	0.498139097244179	0.655030378526542	FALSE
510	1:170500000	1	170500000	0.693678927399902	0.983119356510963	0.141963226092095	0.0523096921078057	0.00483874561441347	0.0036471310531034	-0.525685370018347	1.59722591076986	0.498139097244179	0.655030378526542	FALSE
510	1:169500000	1	169500000	0.693678927399902	0.983119356510963	0.141963226092095	0.0523096921078057	0.00483874561441347	0.0036471310531034	-0.525685370018347	1.59722591076986	0.498139097244179	0.655030378526542	FALSE
510	1:1.7e+08	1	1.7e+08	0.693678927399902	0.983119356510963	0.141963226092095	0.0523096921078057	0.00483874561441347	0.0036471310531034	-0.525685370018347	1.59722591076986	0.498139097244179	0.655030378526542	FALSE
510	1:172500000	1	172500000	0.693678927399902	0.983119356510963	0.141963226092095	0.0523096921078057	0.00483874561441347	0.0036471310531034	-0.525685370018347	1.59722591076986	0.498139097244179	0.655030378526542	FALSE
510	1:1.63e+08	1	1.63e+08	0.693678927399902	0.983119356510963	0.141963226092095	0.0523096921078057	0.00483874561441347	0.0036471310531034	-0.525685370018347	1.59722591076986	0.498139097244179	0.655030378526542	FALSE
510	1:168500000	1	168500000	0.693678927399902	0.983119356510963	0.141963226092095	0.0523096921078057	0.00483874561441347	0.0036471310531034	-0.525685370018347	1.59722591076986	0.498139097244179	0.655030378526542	FALSE
510	1:1.67e+08	1	1.67e+08	0.693678927399902	0.983119356510963	0.141963226092095	0.0523096921078057	0.00483874561441347	0.0036471310531034	-0.525685370018347	1.59722591076986	0.498139097244179	0.655030378526542	FALSE
510	1:162500000	1	162500000	0.693678927399902	0.983119356510963	0.141963226092095	0.0523096921078057	0.00483874561441347	0.0036471310531034	-0.525685370018347	1.59722591076986	0.498139097244179	0.655030378526542	FALSE
510	1:165500000	1	165500000	0.693678927399902	0.983119356510963	0.141963226092095	0.0523096921078057	0.00483874561441347	0.0036471310531034	-0.525685370018347	1.59722591076986	0.498139097244179	0.655030378526542	FALSE
510	1:1.73e+08	1	1.73e+08	0.693678927399902	0.983119356510963	0.141963226092095	0.0523096921078057	0.00483874561441347	0.0036471310531034	-0.525685370018347	1.59722591076986	0.498139097244179	0.655030378526542	FALSE
510	1:167500000	1	167500000	0.693678927399902	0.983119356510963	0.141963226092095	0.0523096921078057	0.00483874561441347	0.0036471310531034	-0.525685370018347	1.59722591076986	0.498139097244179	0.655030378526542	FALSE
510	1:171500000	1	171500000	0.693678927399902	0.983119356510963	0.141963226092095	0.0523096921078057	0.00483874561441347	0.0036471310531034	-0.525685370018347	1.59722591076986	0.498139097244179	0.655030378526542	FALSE
510	1:1.66e+08	1	1.66e+08	0.693678927399902	0.983119356510963	0.141963226092095	0.0523096921078057	0.00483874561441347	0.0036471310531034	-0.525685370018347	1.59722591076986	0.498139097244179	0.655030378526542	FALSE
510	1:164500000	1	164500000	0.693678927399902	0.983119356510963	0.141963226092095	0.0523096921078057	0.00483874561441347	0.0036471310531034	-0.525685370018347	1.59722591076986	0.498139097244179	0.655030378526542	FALSE
513	1:227500000	1	227500000	0.00480660945621503	0.995961330313034	0.00407776610819339	0.889077119474417	0.00782612834555074	0.00093290749981359	-0.00162885000179081	2.64719092406166	0.413084062167939	0.586496721480496	TRUE
513	1:2.29e+08	1	2.29e+08	0.00480660945621503	0.995961330313034	0.00407776610819339	0.889077119474417	0.00782612834555074	0.00093290749981359	-0.00162885000179081	2.64719092406166	0.413084062167939	0.586496721480496	TRUE
513	1:229500000	1	229500000	0.00480660945621503	0.995961330313034	0.00407776610819339	0.889077119474417	0.00782612834555074	0.00093290749981359	-0.00162885000179081	2.64719092406166	0.413084062167939	0.586496721480496	TRUE
513	1:2.27e+08	1	2.27e+08	0.00480660945621503	0.995961330313034	0.00407776610819339	0.889077119474417	0.00782612834555074	0.00093290749981359	-0.00162885000179081	2.64719092406166	0.413084062167939	0.586496721480496	TRUE
513	1:2.3e+08	1	2.3e+08	0.00480660945621503	0.995961330313034	0.00407776610819339	0.889077119474417	0.00782612834555074	0.00093290749981359	-0.00162885000179081	2.64719092406166	0.413084062167939	0.586496721480496	TRUE
513	1:228500000	1	228500000	0.00480660945621503	0.995961330313034	0.00407776610819339	0.889077119474417	0.00782612834555074	0.00093290749981359	-0.00162885000179081	2.64719092406166	0.413084062167939	0.586496721480496	TRUE
513	1:225500000	1	225500000	0.00480660945621503	0.995961330313034	0.00407776610819339	0.889077119474417	0.00782612834555074	0.00093290749981359	-0.00162885000179081	2.64719092406166	0.413084062167939	0.586496721480496	TRUE
513	1:230500000	1	230500000	0.00480660945621503	0.995961330313034	0.00407776610819339	0.889077119474417	0.00782612834555074	0.00093290749981359	-0.00162885000179081	2.64719092406166	0.413084062167939	0.586496721480496	TRUE
513	1:226500000	1	226500000	0.00480660945621503	0.995961330313034	0.00407776610819339	0.889077119474417	0.00782612834555074	0.00093290749981359	-0.00162885000179081	2.64719092406166	0.413084062167939	0.586496721480496	TRUE
513	1:2.26e+08	1	2.26e+08	0.00480660945621503	0.995961330313034	0.00407776610819339	0.889077119474417	0.00782612834555074	0.00093290749981359	-0.00162885000179081	2.64719092406166	0.413084062167939	0.586496721480496	TRUE
513	1:2.28e+08	1	2.28e+08	0.00480660945621503	0.995961330313034	0.00407776610819339	0.889077119474417	0.00782612834555074	0.00093290749981359	-0.00162885000179081	2.64719092406166	0.413084062167939	0.586496721480496	TRUE
514	1:230500000	1	230500000	0.181274761016332	0.991510918260384	0.0126012046325789	0.365311332995262	0.00776307276627109	0.00131368420221949	-0.0744471286836032	2.31273314750249	0.776780499043361	0.616180965685098	FALSE
514	1:2.29e+08	1	2.29e+08	0.181274761016332	0.991510918260384	0.0126012046325789	0.365311332995262	0.00776307276627109	0.00131368420221949	-0.0744471286836032	2.31273314750249	0.776780499043361	0.616180965685098	FALSE
514	1:2.26e+08	1	2.26e+08	0.181274761016332	0.991510918260384	0.0126012046325789	0.365311332995262	0.00776307276627109	0.00131368420221949	-0.0744471286836032	2.31273314750249	0.776780499043361	0.616180965685098	FALSE
514	1:226500000	1	226500000	0.181274761016332	0.991510918260384	0.0126012046325789	0.365311332995262	0.00776307276627109	0.00131368420221949	-0.0744471286836032	2.31273314750249	0.776780499043361	0.616180965685098	FALSE
514	1:228500000	1	228500000	0.181274761016332	0.991510918260384	0.0126012046325789	0.365311332995262	0.00776307276627109	0.00131368420221949	-0.0744471286836032	2.31273314750249	0.776780499043361	0.616180965685098	FALSE
514	1:225500000	1	225500000	0.181274761016332	0.991510918260384	0.0126012046325789	0.365311332995262	0.00776307276627109	0.00131368420221949	-0.0744471286836032	2.31273314750249	0.776780499043361	0.616180965685098	FALSE
514	1:2.27e+08	1	2.27e+08	0.181274761016332	0.991510918260384	0.0126012046325789	0.365311332995262	0.00776307276627109	0.00131368420221949	-0.0744471286836032	2.31273314750249	0.776780499043361	0.616180965685098	FALSE
514	1:2.3e+08	1	2.3e+08	0.181274761016332	0.991510918260384	0.0126012046325789	0.365311332995262	0.00776307276627109	0.00131368420221949	-0.0744471286836032	2.31273314750249	0.776780499043361	0.616180965685098	FALSE
514	1:227500000	1	227500000	0.181274761016332	0.991510918260384	0.0126012046325789	0.365311332995262	0.00776307276627109	0.00131368420221949	-0.0744471286836032	2.31273314750249	0.776780499043361	0.616180965685098	FALSE
514	1:2.25e+08	1	2.25e+08	0.181274761016332	0.991510918260384	0.0126012046325789	0.365311332995262	0.00776307276627109	0.00131368420221949	-0.0744471286836032	2.31273314750249	0.776780499043361	0.616180965685098	FALSE
514	1:2.28e+08	1	2.28e+08	0.181274761016332	0.991510918260384	0.0126012046325789	0.365311332995262	0.00776307276627109	0.00131368420221949	-0.0744471286836032	2.31273314750249	0.776780499043361	0.616180965685098	FALSE
514	1:2.24e+08	1	2.24e+08	0.181274761016332	0.991510918260384	0.0126012046325789	0.365311332995262	0.00776307276627109	0.00131368420221949	-0.0744471286836032	2.31273314750249	0.776780499043361	0.616180965685098	FALSE
514	1:223500000	1	223500000	0.181274761016332	0.991510918260384	0.0126012046325789	0.365311332995262	0.00776307276627109	0.00131368420221949	-0.0744471286836032	2.31273314750249	0.776780499043361	0.616180965685098	FALSE
514	1:224500000	1	224500000	0.181274761016332	0.991510918260384	0.0126012046325789	0.365311332995262	0.00776307276627109	0.00131368420221949	-0.0744471286836032	2.31273314750249	0.776780499043361	0.616180965685098	FALSE
514	1:229500000	1	229500000	0.181274761016332	0.991510918260384	0.0126012046325789	0.365311332995262	0.00776307276627109	0.00131368420221949	-0.0744471286836032	2.31273314750249	0.776780499043361	0.616180965685098	FALSE
540	1:256500000	1	256500000	0	0.991320151149535	0.00357134692030538	0	0.020066598555277	0.00105050398182553	0.155558808973075	2.53455834746769	0.844401377788295	0.671065536633004	FALSE
540	1:249500000	1	249500000	0	0.991320151149535	0.00357134692030538	0	0.020066598555277	0.00105050398182553	0.155558808973075	2.53455834746769	0.844401377788295	0.671065536633004	FALSE
540	1:2.48e+08	1	2.48e+08	0	0.991320151149535	0.00357134692030538	0	0.020066598555277	0.00105050398182553	0.155558808973075	2.53455834746769	0.844401377788295	0.671065536633004	FALSE
540	1:2.52e+08	1	2.52e+08	0	0.991320151149535	0.00357134692030538	0	0.020066598555277	0.00105050398182553	0.155558808973075	2.53455834746769	0.844401377788295	0.671065536633004	FALSE
540	1:2.56e+08	1	2.56e+08	0	0.991320151149535	0.00357134692030538	0	0.020066598555277	0.00105050398182553	0.155558808973075	2.53455834746769	0.844401377788295	0.671065536633004	FALSE
540	1:246500000	1	246500000	0	0.991320151149535	0.00357134692030538	0	0.020066598555277	0.00105050398182553	0.155558808973075	2.53455834746769	0.844401377788295	0.671065536633004	FALSE
540	1:254500000	1	254500000	0	0.991320151149535	0.00357134692030538	0	0.020066598555277	0.00105050398182553	0.155558808973075	2.53455834746769	0.844401377788295	0.671065536633004	FALSE
540	1:2.54e+08	1	2.54e+08	0	0.991320151149535	0.00357134692030538	0	0.020066598555277	0.00105050398182553	0.155558808973075	2.53455834746769	0.844401377788295	0.671065536633004	FALSE
540	1:2.57e+08	1	2.57e+08	0	0.991320151149535	0.00357134692030538	0	0.020066598555277	0.00105050398182553	0.155558808973075	2.53455834746769	0.844401377788295	0.671065536633004	FALSE
540	1:253500000	1	253500000	0	0.991320151149535	0.00357134692030538	0	0.020066598555277	0.00105050398182553	0.155558808973075	2.53455834746769	0.844401377788295	0.671065536633004	FALSE
540	1:2.47e+08	1	2.47e+08	0	0.991320151149535	0.00357134692030538	0	0.020066598555277	0.00105050398182553	0.155558808973075	2.53455834746769	0.844401377788295	0.671065536633004	FALSE
540	1:2.53e+08	1	2.53e+08	0	0.991320151149535	0.00357134692030538	0	0.020066598555277	0.00105050398182553	0.155558808973075	2.53455834746769	0.844401377788295	0.671065536633004	FALSE
540	1:2.55e+08	1	2.55e+08	0	0.991320151149535	0.00357134692030538	0	0.020066598555277	0.00105050398182553	0.155558808973075	2.53455834746769	0.844401377788295	0.671065536633004	FALSE
540	1:248500000	1	248500000	0	0.991320151149535	0.00357134692030538	0	0.020066598555277	0.00105050398182553	0.155558808973075	2.53455834746769	0.844401377788295	0.671065536633004	FALSE
540	1:2.5e+08	1	2.5e+08	0	0.991320151149535	0.00357134692030538	0	0.020066598555277	0.00105050398182553	0.155558808973075	2.53455834746769	0.844401377788295	0.671065536633004	FALSE
540	1:255500000	1	255500000	0	0.991320151149535	0.00357134692030538	0	0.020066598555277	0.00105050398182553	0.155558808973075	2.53455834746769	0.844401377788295	0.671065536633004	FALSE
540	1:2.51e+08	1	2.51e+08	0	0.991320151149535	0.00357134692030538	0	0.020066598555277	0.00105050398182553	0.155558808973075	2.53455834746769	0.844401377788295	0.671065536633004	FALSE
540	1:252500000	1	252500000	0	0.991320151149535	0.00357134692030538	0	0.020066598555277	0.00105050398182553	0.155558808973075	2.53455834746769	0.844401377788295	0.671065536633004	FALSE
540	1:250500000	1	250500000	0	0.991320151149535	0.00357134692030538	0	0.020066598555277	0.00105050398182553	0.155558808973075	2.53455834746769	0.844401377788295	0.671065536633004	FALSE
540	1:247500000	1	247500000	0	0.991320151149535	0.00357134692030538	0	0.020066598555277	0.00105050398182553	0.155558808973075	2.53455834746769	0.844401377788295	0.671065536633004	FALSE
540	1:251500000	1	251500000	0	0.991320151149535	0.00357134692030538	0	0.020066598555277	0.00105050398182553	0.155558808973075	2.53455834746769	0.844401377788295	0.671065536633004	FALSE
540	1:2.49e+08	1	2.49e+08	0	0.991320151149535	0.00357134692030538	0	0.020066598555277	0.00105050398182553	0.155558808973075	2.53455834746769	0.844401377788295	0.671065536633004	FALSE
57	1:107500000	1	107500000	0.646960695002537	0.958575593847633	0.260299062188262	0.042032785515759	0.00793421094418938	0.00455950547934787	-0.545983427162951	1.18840711359453	0.139058700739597	0.434764274991294	TRUE
57	1:1.06e+08	1	1.06e+08	0.646960695002537	0.958575593847633	0.260299062188262	0.042032785515759	0.00793421094418938	0.00455950547934787	-0.545983427162951	1.18840711359453	0.139058700739597	0.434764274991294	TRUE
57	1:106500000	1	106500000	0.646960695002537	0.958575593847633	0.260299062188262	0.042032785515759	0.00793421094418938	0.00455950547934787	-0.545983427162951	1.18840711359453	0.139058700739597	0.434764274991294	TRUE
57	1:108500000	1	108500000	0.646960695002537	0.958575593847633	0.260299062188262	0.042032785515759	0.00793421094418938	0.00455950547934787	-0.545983427162951	1.18840711359453	0.139058700739597	0.434764274991294	TRUE
57	1:1.07e+08	1	1.07e+08	0.646960695002537	0.958575593847633	0.260299062188262	0.042032785515759	0.00793421094418938	0.00455950547934787	-0.545983427162951	1.18840711359453	0.139058700739597	0.434764274991294	TRUE
57	1:1.08e+08	1	1.08e+08	0.646960695002537	0.958575593847633	0.260299062188262	0.042032785515759	0.00793421094418938	0.00455950547934787	-0.545983427162951	1.18840711359453	0.139058700739597	0.434764274991294	TRUE
585	1:15500000	1	15500000	0.898316715646435	0.992981480885819	0.305062611507343	0.0173754830893017	0.00180935706431521	0.00482555205702355	-0.973209723196883	1.4831044406539	0.145711109871944	0.543128952819815	TRUE
585	1:3500000	1	3500000	0.898316715646435	0.992981480885819	0.305062611507343	0.0173754830893017	0.00180935706431521	0.00482555205702355	-0.973209723196883	1.4831044406539	0.145711109871944	0.543128952819815	TRUE
585	1:2500000	1	2500000	0.898316715646435	0.992981480885819	0.305062611507343	0.0173754830893017	0.00180935706431521	0.00482555205702355	-0.973209723196883	1.4831044406539	0.145711109871944	0.543128952819815	TRUE
585	1:6500000	1	6500000	0.898316715646435	0.992981480885819	0.305062611507343	0.0173754830893017	0.00180935706431521	0.00482555205702355	-0.973209723196883	1.4831044406539	0.145711109871944	0.543128952819815	TRUE
585	1:11500000	1	11500000	0.898316715646435	0.992981480885819	0.305062611507343	0.0173754830893017	0.00180935706431521	0.00482555205702355	-0.973209723196883	1.4831044406539	0.145711109871944	0.543128952819815	TRUE
585	1:1e+07	1	1e+07	0.898316715646435	0.992981480885819	0.305062611507343	0.0173754830893017	0.00180935706431521	0.00482555205702355	-0.973209723196883	1.4831044406539	0.145711109871944	0.543128952819815	TRUE
585	1:16500000	1	16500000	0.898316715646435	0.992981480885819	0.305062611507343	0.0173754830893017	0.00180935706431521	0.00482555205702355	-0.973209723196883	1.4831044406539	0.145711109871944	0.543128952819815	TRUE
585	1:8500000	1	8500000	0.898316715646435	0.992981480885819	0.305062611507343	0.0173754830893017	0.00180935706431521	0.00482555205702355	-0.973209723196883	1.4831044406539	0.145711109871944	0.543128952819815	TRUE
585	1:1500000	1	1500000	0.898316715646435	0.992981480885819	0.305062611507343	0.0173754830893017	0.00180935706431521	0.00482555205702355	-0.973209723196883	1.4831044406539	0.145711109871944	0.543128952819815	TRUE
585	1:6e+06	1	6e+06	0.898316715646435	0.992981480885819	0.305062611507343	0.0173754830893017	0.00180935706431521	0.00482555205702355	-0.973209723196883	1.4831044406539	0.145711109871944	0.543128952819815	TRUE
585	1:1.4e+07	1	1.4e+07	0.898316715646435	0.992981480885819	0.305062611507343	0.0173754830893017	0.00180935706431521	0.00482555205702355	-0.973209723196883	1.4831044406539	0.145711109871944	0.543128952819815	TRUE
585	1:1.1e+07	1	1.1e+07	0.898316715646435	0.992981480885819	0.305062611507343	0.0173754830893017	0.00180935706431521	0.00482555205702355	-0.973209723196883	1.4831044406539	0.145711109871944	0.543128952819815	TRUE
585	1:7500000	1	7500000	0.898316715646435	0.992981480885819	0.305062611507343	0.0173754830893017	0.00180935706431521	0.00482555205702355	-0.973209723196883	1.4831044406539	0.145711109871944	0.543128952819815	TRUE
585	1:13500000	1	13500000	0.898316715646435	0.992981480885819	0.305062611507343	0.0173754830893017	0.00180935706431521	0.00482555205702355	-0.973209723196883	1.4831044406539	0.145711109871944	0.543128952819815	TRUE
585	1:4500000	1	4500000	0.898316715646435	0.992981480885819	0.305062611507343	0.0173754830893017	0.00180935706431521	0.00482555205702355	-0.973209723196883	1.4831044406539	0.145711109871944	0.543128952819815	TRUE
585	1:2e+06	1	2e+06	0.898316715646435	0.992981480885819	0.305062611507343	0.0173754830893017	0.00180935706431521	0.00482555205702355	-0.973209723196883	1.4831044406539	0.145711109871944	0.543128952819815	TRUE
585	1:7e+06	1	7e+06	0.898316715646435	0.992981480885819	0.305062611507343	0.0173754830893017	0.00180935706431521	0.00482555205702355	-0.973209723196883	1.4831044406539	0.145711109871944	0.543128952819815	TRUE
585	1:14500000	1	14500000	0.898316715646435	0.992981480885819	0.305062611507343	0.0173754830893017	0.00180935706431521	0.00482555205702355	-0.973209723196883	1.4831044406539	0.145711109871944	0.543128952819815	TRUE
585	1:1.6e+07	1	1.6e+07	0.898316715646435	0.992981480885819	0.305062611507343	0.0173754830893017	0.00180935706431521	0.00482555205702355	-0.973209723196883	1.4831044406539	0.145711109871944	0.543128952819815	TRUE
585	1:12500000	1	12500000	0.898316715646435	0.992981480885819	0.305062611507343	0.0173754830893017	0.00180935706431521	0.00482555205702355	-0.973209723196883	1.4831044406539	0.145711109871944	0.543128952819815	TRUE
585	1:5500000	1	5500000	0.898316715646435	0.992981480885819	0.305062611507343	0.0173754830893017	0.00180935706431521	0.00482555205702355	-0.973209723196883	1.4831044406539	0.145711109871944	0.543128952819815	TRUE
585	1:1.2e+07	1	1.2e+07	0.898316715646435	0.992981480885819	0.305062611507343	0.0173754830893017	0.00180935706431521	0.00482555205702355	-0.973209723196883	1.4831044406539	0.145711109871944	0.543128952819815	TRUE
585	1:3e+06	1	3e+06	0.898316715646435	0.992981480885819	0.305062611507343	0.0173754830893017	0.00180935706431521	0.00482555205702355	-0.973209723196883	1.4831044406539	0.145711109871944	0.543128952819815	TRUE
585	1:9500000	1	9500000	0.898316715646435	0.992981480885819	0.305062611507343	0.0173754830893017	0.00180935706431521	0.00482555205702355	-0.973209723196883	1.4831044406539	0.145711109871944	0.543128952819815	TRUE
585	1:9e+06	1	9e+06	0.898316715646435	0.992981480885819	0.305062611507343	0.0173754830893017	0.00180935706431521	0.00482555205702355	-0.973209723196883	1.4831044406539	0.145711109871944	0.543128952819815	TRUE
585	1:5e+06	1	5e+06	0.898316715646435	0.992981480885819	0.305062611507343	0.0173754830893017	0.00180935706431521	0.00482555205702355	-0.973209723196883	1.4831044406539	0.145711109871944	0.543128952819815	TRUE
585	1:1.3e+07	1	1.3e+07	0.898316715646435	0.992981480885819	0.305062611507343	0.0173754830893017	0.00180935706431521	0.00482555205702355	-0.973209723196883	1.4831044406539	0.145711109871944	0.543128952819815	TRUE
585	1:1.5e+07	1	1.5e+07	0.898316715646435	0.992981480885819	0.305062611507343	0.0173754830893017	0.00180935706431521	0.00482555205702355	-0.973209723196883	1.4831044406539	0.145711109871944	0.543128952819815	TRUE
585	1:4e+06	1	4e+06	0.898316715646435	0.992981480885819	0.305062611507343	0.0173754830893017	0.00180935706431521	0.00482555205702355	-0.973209723196883	1.4831044406539	0.145711109871944	0.543128952819815	TRUE
585	1:10500000	1	10500000	0.898316715646435	0.992981480885819	0.305062611507343	0.0173754830893017	0.00180935706431521	0.00482555205702355	-0.973209723196883	1.4831044406539	0.145711109871944	0.543128952819815	TRUE
585	1:1e+06	1	1e+06	0.898316715646435	0.992981480885819	0.305062611507343	0.0173754830893017	0.00180935706431521	0.00482555205702355	-0.973209723196883	1.4831044406539	0.145711109871944	0.543128952819815	TRUE
585	1:8e+06	1	8e+06	0.898316715646435	0.992981480885819	0.305062611507343	0.0173754830893017	0.00180935706431521	0.00482555205702355	-0.973209723196883	1.4831044406539	0.145711109871944	0.543128952819815	TRUE
593	1:13500000	1	13500000	0.79462543050331	0.999691048106254	0.00603535149214037	0.250530945465944	0.000732976955207807	0.00136959331499718	-0.456780387958991	2.96685097692823	0.0480413310933107	0.563935238323191	TRUE
593	1:3e+06	1	3e+06	0.79462543050331	0.999691048106254	0.00603535149214037	0.250530945465944	0.000732976955207807	0.00136959331499718	-0.456780387958991	2.96685097692823	0.0480413310933107	0.563935238323191	TRUE
593	1:11500000	1	11500000	0.79462543050331	0.999691048106254	0.00603535149214037	0.250530945465944	0.000732976955207807	0.00136959331499718	-0.456780387958991	2.96685097692823	0.0480413310933107	0.563935238323191	TRUE
593	1:4500000	1	4500000	0.79462543050331	0.999691048106254	0.00603535149214037	0.250530945465944	0.000732976955207807	0.00136959331499718	-0.456780387958991	2.96685097692823	0.0480413310933107	0.563935238323191	TRUE
593	1:1.4e+07	1	1.4e+07	0.79462543050331	0.999691048106254	0.00603535149214037	0.250530945465944	0.000732976955207807	0.00136959331499718	-0.456780387958991	2.96685097692823	0.0480413310933107	0.563935238323191	TRUE
593	1:1.5e+07	1	1.5e+07	0.79462543050331	0.999691048106254	0.00603535149214037	0.250530945465944	0.000732976955207807	0.00136959331499718	-0.456780387958991	2.96685097692823	0.0480413310933107	0.563935238323191	TRUE
593	1:1e+07	1	1e+07	0.79462543050331	0.999691048106254	0.00603535149214037	0.250530945465944	0.000732976955207807	0.00136959331499718	-0.456780387958991	2.96685097692823	0.0480413310933107	0.563935238323191	TRUE
593	1:5e+06	1	5e+06	0.79462543050331	0.999691048106254	0.00603535149214037	0.250530945465944	0.000732976955207807	0.00136959331499718	-0.456780387958991	2.96685097692823	0.0480413310933107	0.563935238323191	TRUE
593	1:12500000	1	12500000	0.79462543050331	0.999691048106254	0.00603535149214037	0.250530945465944	0.000732976955207807	0.00136959331499718	-0.456780387958991	2.96685097692823	0.0480413310933107	0.563935238323191	TRUE
593	1:8500000	1	8500000	0.79462543050331	0.999691048106254	0.00603535149214037	0.250530945465944	0.000732976955207807	0.00136959331499718	-0.456780387958991	2.96685097692823	0.0480413310933107	0.563935238323191	TRUE
593	1:6e+06	1	6e+06	0.79462543050331	0.999691048106254	0.00603535149214037	0.250530945465944	0.000732976955207807	0.00136959331499718	-0.456780387958991	2.96685097692823	0.0480413310933107	0.563935238323191	TRUE
593	1:15500000	1	15500000	0.79462543050331	0.999691048106254	0.00603535149214037	0.250530945465944	0.000732976955207807	0.00136959331499718	-0.456780387958991	2.96685097692823	0.0480413310933107	0.563935238323191	TRUE
593	1:1500000	1	1500000	0.79462543050331	0.999691048106254	0.00603535149214037	0.250530945465944	0.000732976955207807	0.00136959331499718	-0.456780387958991	2.96685097692823	0.0480413310933107	0.563935238323191	TRUE
593	1:5e+05	1	5e+05	0.79462543050331	0.999691048106254	0.00603535149214037	0.250530945465944	0.000732976955207807	0.00136959331499718	-0.456780387958991	2.96685097692823	0.0480413310933107	0.563935238323191	TRUE
593	1:2e+06	1	2e+06	0.79462543050331	0.999691048106254	0.00603535149214037	0.250530945465944	0.000732976955207807	0.00136959331499718	-0.456780387958991	2.96685097692823	0.0480413310933107	0.563935238323191	TRUE
593	1:7500000	1	7500000	0.79462543050331	0.999691048106254	0.00603535149214037	0.250530945465944	0.000732976955207807	0.00136959331499718	-0.456780387958991	2.96685097692823	0.0480413310933107	0.563935238323191	TRUE
593	1:9500000	1	9500000	0.79462543050331	0.999691048106254	0.00603535149214037	0.250530945465944	0.000732976955207807	0.00136959331499718	-0.456780387958991	2.96685097692823	0.0480413310933107	0.563935238323191	TRUE
593	1:1.1e+07	1	1.1e+07	0.79462543050331	0.999691048106254	0.00603535149214037	0.250530945465944	0.000732976955207807	0.00136959331499718	-0.456780387958991	2.96685097692823	0.0480413310933107	0.563935238323191	TRUE
593	1:7e+06	1	7e+06	0.79462543050331	0.999691048106254	0.00603535149214037	0.250530945465944	0.000732976955207807	0.00136959331499718	-0.456780387958991	2.96685097692823	0.0480413310933107	0.563935238323191	TRUE
593	1:16500000	1	16500000	0.79462543050331	0.999691048106254	0.00603535149214037	0.250530945465944	0.000732976955207807	0.00136959331499718	-0.456780387958991	2.96685097692823	0.0480413310933107	0.563935238323191	TRUE
593	1:2500000	1	2500000	0.79462543050331	0.999691048106254	0.00603535149214037	0.250530945465944	0.000732976955207807	0.00136959331499718	-0.456780387958991	2.96685097692823	0.0480413310933107	0.563935238323191	TRUE
593	1:5500000	1	5500000	0.79462543050331	0.999691048106254	0.00603535149214037	0.250530945465944	0.000732976955207807	0.00136959331499718	-0.456780387958991	2.96685097692823	0.0480413310933107	0.563935238323191	TRUE
593	1:8e+06	1	8e+06	0.79462543050331	0.999691048106254	0.00603535149214037	0.250530945465944	0.000732976955207807	0.00136959331499718	-0.456780387958991	2.96685097692823	0.0480413310933107	0.563935238323191	TRUE
593	1:1.2e+07	1	1.2e+07	0.79462543050331	0.999691048106254	0.00603535149214037	0.250530945465944	0.000732976955207807	0.00136959331499718	-0.456780387958991	2.96685097692823	0.0480413310933107	0.563935238323191	TRUE
593	1:6500000	1	6500000	0.79462543050331	0.999691048106254	0.00603535149214037	0.250530945465944	0.000732976955207807	0.00136959331499718	-0.456780387958991	2.96685097692823	0.0480413310933107	0.563935238323191	TRUE
593	1:14500000	1	14500000	0.79462543050331	0.999691048106254	0.00603535149214037	0.250530945465944	0.000732976955207807	0.00136959331499718	-0.456780387958991	2.96685097692823	0.0480413310933107	0.563935238323191	TRUE
593	1:10500000	1	10500000	0.79462543050331	0.999691048106254	0.00603535149214037	0.250530945465944	0.000732976955207807	0.00136959331499718	-0.456780387958991	2.96685097692823	0.0480413310933107	0.563935238323191	TRUE
593	1:1e+06	1	1e+06	0.79462543050331	0.999691048106254	0.00603535149214037	0.250530945465944	0.000732976955207807	0.00136959331499718	-0.456780387958991	2.96685097692823	0.0480413310933107	0.563935238323191	TRUE
593	1:9e+06	1	9e+06	0.79462543050331	0.999691048106254	0.00603535149214037	0.250530945465944	0.000732976955207807	0.00136959331499718	-0.456780387958991	2.96685097692823	0.0480413310933107	0.563935238323191	TRUE
593	1:4e+06	1	4e+06	0.79462543050331	0.999691048106254	0.00603535149214037	0.250530945465944	0.000732976955207807	0.00136959331499718	-0.456780387958991	2.96685097692823	0.0480413310933107	0.563935238323191	TRUE
593	1:3500000	1	3500000	0.79462543050331	0.999691048106254	0.00603535149214037	0.250530945465944	0.000732976955207807	0.00136959331499718	-0.456780387958991	2.96685097692823	0.0480413310933107	0.563935238323191	TRUE
593	1:1.6e+07	1	1.6e+07	0.79462543050331	0.999691048106254	0.00603535149214037	0.250530945465944	0.000732976955207807	0.00136959331499718	-0.456780387958991	2.96685097692823	0.0480413310933107	0.563935238323191	TRUE
593	1:1.3e+07	1	1.3e+07	0.79462543050331	0.999691048106254	0.00603535149214037	0.250530945465944	0.000732976955207807	0.00136959331499718	-0.456780387958991	2.96685097692823	0.0480413310933107	0.563935238323191	TRUE
65	1:111500000	1	111500000	0.771394832688784	0.987720255100028	0.165668072068535	0.0392478753650201	0.0034422466928082	0.00388648197506485	-0.638417945571078	1.60984403061845	0.621612685120308	0.478526551988911	TRUE
65	1:1.11e+08	1	1.11e+08	0.771394832688784	0.987720255100028	0.165668072068535	0.0392478753650201	0.0034422466928082	0.00388648197506485	-0.638417945571078	1.60984403061845	0.621612685120308	0.478526551988911	TRUE
65	1:110500000	1	110500000	0.771394832688784	0.987720255100028	0.165668072068535	0.0392478753650201	0.0034422466928082	0.00388648197506485	-0.638417945571078	1.60984403061845	0.621612685120308	0.478526551988911	TRUE
65	1:109500000	1	109500000	0.771394832688784	0.987720255100028	0.165668072068535	0.0392478753650201	0.0034422466928082	0.00388648197506485	-0.638417945571078	1.60984403061845	0.621612685120308	0.478526551988911	TRUE
65	1:1.1e+08	1	1.1e+08	0.771394832688784	0.987720255100028	0.165668072068535	0.0392478753650201	0.0034422466928082	0.00388648197506485	-0.638417945571078	1.60984403061845	0.621612685120308	0.478526551988911	TRUE
65	1:1.12e+08	1	1.12e+08	0.771394832688784	0.987720255100028	0.165668072068535	0.0392478753650201	0.0034422466928082	0.00388648197506485	-0.638417945571078	1.60984403061845	0.621612685120308	0.478526551988911	TRUE
82	1:1.16e+08	1	1.16e+08	0.787810055852488	0.972078889306017	0.372366985969507	0.026800462408299	0.00532592833929639	0.00505257987704896	-0.793337064746171	1.11892786716726	0.0216412452336902	0.431931043331821	TRUE
82	1:117500000	1	117500000	0.787810055852488	0.972078889306017	0.372366985969507	0.026800462408299	0.00532592833929639	0.00505257987704896	-0.793337064746171	1.11892786716726	0.0216412452336902	0.431931043331821	TRUE
82	1:1.17e+08	1	1.17e+08	0.787810055852488	0.972078889306017	0.372366985969507	0.026800462408299	0.00532592833929639	0.00505257987704896	-0.793337064746171	1.11892786716726	0.0216412452336902	0.431931043331821	TRUE
82	1:116500000	1	116500000	0.787810055852488	0.972078889306017	0.372366985969507	0.026800462408299	0.00532592833929639	0.00505257987704896	-0.793337064746171	1.11892786716726	0.0216412452336902	0.431931043331821	TRUE
82	1:1.15e+08	1	1.15e+08	0.787810055852488	0.972078889306017	0.372366985969507	0.026800462408299	0.00532592833929639	0.00505257987704896	-0.793337064746171	1.11892786716726	0.0216412452336902	0.431931043331821	TRUE
82	1:114500000	1	114500000	0.787810055852488	0.972078889306017	0.372366985969507	0.026800462408299	0.00532592833929639	0.00505257987704896	-0.793337064746171	1.11892786716726	0.0216412452336902	0.431931043331821	TRUE
82	1:115500000	1	115500000	0.787810055852488	0.972078889306017	0.372366985969507	0.026800462408299	0.00532592833929639	0.00505257987704896	-0.793337064746171	1.11892786716726	0.0216412452336902	0.431931043331821	TRUE
