File LD Dist value ci_l ci_u
aegy.wgs.non-AfrI3.AfrI3.unrel.n1206.mapQ20.JntSNPs.dMM4.Ngoye.6.1MBs.beagle.gz.mm05.50kb.rnd10.ld.gz r2 1 0.492520437917018 0.491339605582572 0.492982088470431
aegy.wgs.non-AfrI3.AfrI3.unrel.n1206.mapQ20.JntSNPs.dMM4.Ngoye.6.1MBs.beagle.gz.mm05.50kb.rnd10.ld.gz r2 30.7787787787788 0.460269586040369 0.431249632481051 0.472823158616508
aegy.wgs.non-AfrI3.AfrI3.unrel.n1206.mapQ20.JntSNPs.dMM4.Ngoye.6.1MBs.beagle.gz.mm05.50kb.rnd10.ld.gz r2 60.5575575575576 0.432452296046753 0.385720533034105 0.454440632091809
aegy.wgs.non-AfrI3.AfrI3.unrel.n1206.mapQ20.JntSNPs.dMM4.Ngoye.6.1MBs.beagle.gz.mm05.50kb.rnd10.ld.gz r2 90.3363363363363 0.408212352285598 0.35002715377752 0.43760941512458
aegy.wgs.non-AfrI3.AfrI3.unrel.n1206.mapQ20.JntSNPs.dMM4.Ngoye.6.1MBs.beagle.gz.mm05.50kb.rnd10.ld.gz r2 120.115115115115 0.386900657204584 0.321289349881096 0.422140895923111
aegy.wgs.non-AfrI3.AfrI3.unrel.n1206.mapQ20.JntSNPs.dMM4.Ngoye.6.1MBs.beagle.gz.mm05.50kb.rnd10.ld.gz r2 149.893893893894 0.368016191878674 0.297651661497783 0.407875844174339
aegy.wgs.non-AfrI3.AfrI3.unrel.n1206.mapQ20.JntSNPs.dMM4.Ngoye.6.1MBs.beagle.gz.mm05.50kb.rnd10.ld.gz r2 179.672672672673 0.351166076809708 0.277864864553265 0.394678906125469
aegy.wgs.non-AfrI3.AfrI3.unrel.n1206.mapQ20.JntSNPs.dMM4.Ngoye.6.1MBs.beagle.gz.mm05.50kb.rnd10.ld.gz r2 209.451451451451 0.336037894644797 0.261057074604193 0.382434292203555
aegy.wgs.non-AfrI3.AfrI3.unrel.n1206.mapQ20.JntSNPs.dMM4.Ngoye.6.1MBs.beagle.gz.mm05.50kb.rnd10.ld.gz r2 239.23023023023 0.322380097644914 0.246601270343383 0.371042366385077
aegy.wgs.non-AfrI3.AfrI3.unrel.n1206.mapQ20.JntSNPs.dMM4.Ngoye.6.1MBs.beagle.gz.mm05.50kb.rnd10.ld.gz r2 269.009009009009 0.30998787317951 0.234034964548208 0.360416924806629
aegy.wgs.non-AfrI3.AfrI3.unrel.n1206.mapQ20.JntSNPs.dMM4.Ngoye.6.1MBs.beagle.gz.mm05.50kb.rnd10.ld.gz r2 298.787787787788 0.298692772398036 0.223009550301106 0.35048300646014
aegy.wgs.non-AfrI3.AfrI3.unrel.n1206.mapQ20.JntSNPs.dMM4.Ngoye.6.1MBs.beagle.gz.mm05.50kb.rnd10.ld.gz r2 328.566566566567 0.288354983046228 0.213257275170538 0.341175118465047
aegy.wgs.non-AfrI3.AfrI3.unrel.n1206.mapQ20.JntSNPs.dMM4.Ngoye.6.1MBs.beagle.gz.mm05.50kb.rnd10.ld.gz r2 358.345345345345 0.27885749213143 0.204569078858345 0.332435787152704
aegy.wgs.non-AfrI3.AfrI3.unrel.n1206.mapQ20.JntSNPs.dMM4.Ngoye.6.1MBs.beagle.gz.mm05.50kb.rnd10.ld.gz r2 388.124124124124 0.270101620392572 0.196779342104502 0.324214367268501
aegy.wgs.non-AfrI3.AfrI3.unrel.n1206.mapQ20.JntSNPs.dMM4.Ngoye.6.1MBs.beagle.gz.mm05.50kb.rnd10.ld.gz r2 417.902902902903 0.262003566684875 0.189755156638292 0.316466057204266
aegy.wgs.non-AfrI3.AfrI3.unrel.n1206.mapQ20.JntSNPs.dMM4.Ngoye.6.1MBs.beagle.gz.mm05.50kb.rnd10.ld.gz r2 447.681681681682 0.254491705520265 0.183388626186978 0.309151079846934
aegy.wgs.non-AfrI3.AfrI3.unrel.n1206.mapQ20.JntSNPs.dMM4.Ngoye.6.1MBs.beagle.gz.mm05.50kb.rnd10.ld.gz r2 477.46046046046 0.24750445298472 0.17759124450874 0.302233997440559
aegy.wgs.non-AfrI3.AfrI3.unrel.n1206.mapQ20.JntSNPs.dMM4.Ngoye.6.1MBs.beagle.gz.mm05.50kb.rnd10.ld.gz r2 507.239239239239 0.24098856630381 0.172289724827534 0.295683135566477
aegy.wgs.non-AfrI3.AfrI3.unrel.n1206.mapQ20.JntSNPs.dMM4.Ngoye.6.1MBs.beagle.gz.mm05.50kb.rnd10.ld.gz r2 537.018018018018 0.23489777762732 0.167422861526842 0.289470096494178
aegy.wgs.non-AfrI3.AfrI3.unrel.n1206.mapQ20.JntSNPs.dMM4.Ngoye.6.1MBs.beagle.gz.mm05.50kb.rnd10.ld.gz r2 566.796796796797 0.229191687829679 0.16293913781325 0.283569346136137
aegy.wgs.non-AfrI3.AfrI3.unrel.n1206.mapQ20.JntSNPs.dMM4.Ngoye.6.1MBs.beagle.gz.mm05.50kb.rnd10.ld.gz r2 596.575575575576 0.22383486437078 0.158794880346898 0.277957861940072
aegy.wgs.non-AfrI3.AfrI3.unrel.n1206.mapQ20.JntSNPs.dMM4.Ngoye.6.1MBs.beagle.gz.mm05.50kb.rnd10.ld.gz r2 626.354354354354 0.218796100612131 0.154952820282266 0.272614831483176
aegy.wgs.non-AfrI3.AfrI3.unrel.n1206.mapQ20.JntSNPs.dMM4.Ngoye.6.1MBs.beagle.gz.mm05.50kb.rnd10.ld.gz r2 656.133133133133 0.214047803854369 0.151380959981858 0.267521393451334
aegy.wgs.non-AfrI3.AfrI3.unrel.n1206.mapQ20.JntSNPs.dMM4.Ngoye.6.1MBs.beagle.gz.mm05.50kb.rnd10.ld.gz r2 685.911911911912 0.209565486732876 0.148051672227745 0.26266041420962
aegy.wgs.non-AfrI3.AfrI3.unrel.n1206.mapQ20.JntSNPs.dMM4.Ngoye.6.1MBs.beagle.gz.mm05.50kb.rnd10.ld.gz r2 715.690690690691 0.20532734216313 0.144940978114907 0.258016294386865
aegy.wgs.non-AfrI3.AfrI3.unrel.n1206.mapQ20.JntSNPs.dMM4.Ngoye.6.1MBs.beagle.gz.mm05.50kb.rnd10.ld.gz r2 745.469469469469 0.201313886250142 0.14202796359185 0.253574800873874
aegy.wgs.non-AfrI3.AfrI3.unrel.n1206.mapQ20.JntSNPs.dMM4.Ngoye.6.1MBs.beagle.gz.mm05.50kb.rnd10.ld.gz r2 775.248248248248 0.197507656812707 0.139294304548182 0.249322920423407
aegy.wgs.non-AfrI3.AfrI3.unrel.n1206.mapQ20.JntSNPs.dMM4.Ngoye.6.1MBs.beagle.gz.mm05.50kb.rnd10.ld.gz r2 805.027027027027 0.193892957672696 0.136723877593136 0.245248731679677
aegy.wgs.non-AfrI3.AfrI3.unrel.n1206.mapQ20.JntSNPs.dMM4.Ngoye.6.1MBs.beagle.gz.mm05.50kb.rnd10.ld.gz r2 834.805805805806 0.190455640804023 0.134302439009127 0.241341292986546
aegy.wgs.non-AfrI3.AfrI3.unrel.n1206.mapQ20.JntSNPs.dMM4.Ngoye.6.1MBs.beagle.gz.mm05.50kb.rnd10.ld.gz r2 864.584584584585 0.187182919958956 0.13201735834064 0.237590543750495
aegy.wgs.non-AfrI3.AfrI3.unrel.n1206.mapQ20.JntSNPs.dMM4.Ngoye.6.1MBs.beagle.gz.mm05.50kb.rnd10.ld.gz r2 894.363363363363 0.184063210590131 0.129857396067512 0.233987217485632
aegy.wgs.non-AfrI3.AfrI3.unrel.n1206.mapQ20.JntSNPs.dMM4.Ngoye.6.1MBs.beagle.gz.mm05.50kb.rnd10.ld.gz r2 924.142142142142 0.181085991839045 0.127812517078072 0.230522764957893
aegy.wgs.non-AfrI3.AfrI3.unrel.n1206.mapQ20.JntSNPs.dMM4.Ngoye.6.1MBs.beagle.gz.mm05.50kb.rnd10.ld.gz r2 953.920920920921 0.178241687121726 0.125873733390631 0.227189286086057
aegy.wgs.non-AfrI3.AfrI3.unrel.n1206.mapQ20.JntSNPs.dMM4.Ngoye.6.1MBs.beagle.gz.mm05.50kb.rnd10.ld.gz r2 983.6996996997 0.175521560451938 0.12403297090732 0.223979469457296
aegy.wgs.non-AfrI3.AfrI3.unrel.n1206.mapQ20.JntSNPs.dMM4.Ngoye.6.1MBs.beagle.gz.mm05.50kb.rnd10.ld.gz r2 1013.47847847848 0.17291762613403 0.122282956021155 0.220886538482133
aegy.wgs.non-AfrI3.AfrI3.unrel.n1206.mapQ20.JntSNPs.dMM4.Ngoye.6.1MBs.beagle.gz.mm05.50kb.rnd10.ld.gz r2 1043.25725725726 0.170422569856138 0.120617118707732 0.217904203353827
aegy.wgs.non-AfrI3.AfrI3.unrel.n1206.mapQ20.JntSNPs.dMM4.Ngoye.6.1MBs.beagle.gz.mm05.50kb.rnd10.ld.gz r2 1073.03603603604 0.168029679539147 0.119029509370865 0.215026618095097
aegy.wgs.non-AfrI3.AfrI3.unrel.n1206.mapQ20.JntSNPs.dMM4.Ngoye.6.1MBs.beagle.gz.mm05.50kb.rnd10.ld.gz r2 1102.81481481481 0.165732784562464 0.11751472721658 0.212248342074569
aegy.wgs.non-AfrI3.AfrI3.unrel.n1206.mapQ20.JntSNPs.dMM4.Ngoye.6.1MBs.beagle.gz.mm05.50kb.rnd10.ld.gz r2 1132.59359359359 0.163526202206036 0.116067858332241 0.209564305459563
aegy.wgs.non-AfrI3.AfrI3.unrel.n1206.mapQ20.JntSNPs.dMM4.Ngoye.6.1MBs.beagle.gz.mm05.50kb.rnd10.ld.gz r2 1162.37237237237 0.161404690328217 0.114684421969915 0.206969778143364
aegy.wgs.non-AfrI3.AfrI3.unrel.n1206.mapQ20.JntSNPs.dMM4.Ngoye.6.1MBs.beagle.gz.mm05.50kb.rnd10.ld.gz r2 1192.15115115115 0.159363405448458 0.113360323792689 0.204460341746005
aegy.wgs.non-AfrI3.AfrI3.unrel.n1206.mapQ20.JntSNPs.dMM4.Ngoye.6.1MBs.beagle.gz.mm05.50kb.rnd10.ld.gz r2 1221.92992992993 0.157397865527956 0.11209181505278 0.20203186433965
aegy.wgs.non-AfrI3.AfrI3.unrel.n1206.mapQ20.JntSNPs.dMM4.Ngoye.6.1MBs.beagle.gz.mm05.50kb.rnd10.ld.gz r2 1251.70870870871 0.155503916845172 0.110875456841238 0.199680477594174
aegy.wgs.non-AfrI3.AfrI3.unrel.n1206.mapQ20.JntSNPs.dMM4.Ngoye.6.1MBs.beagle.gz.mm05.50kb.rnd10.ld.gz r2 1281.48748748749 0.153677704449974 0.109708088688745 0.197402556076822
aegy.wgs.non-AfrI3.AfrI3.unrel.n1206.mapQ20.JntSNPs.dMM4.Ngoye.6.1MBs.beagle.gz.mm05.50kb.rnd10.ld.gz r2 1311.26626626627 0.151915645753262 0.108586800911708 0.195194698472726
aegy.wgs.non-AfrI3.AfrI3.unrel.n1206.mapQ20.JntSNPs.dMM4.Ngoye.6.1MBs.beagle.gz.mm05.50kb.rnd10.ld.gz r2 1341.04504504505 0.150214406870546 0.107508910192361 0.193053710521501
aegy.wgs.non-AfrI3.AfrI3.unrel.n1206.mapQ20.JntSNPs.dMM4.Ngoye.6.1MBs.beagle.gz.mm05.50kb.rnd10.ld.gz r2 1370.82382382382 0.148570881390104 0.106471937959877 0.190976589489701
aegy.wgs.non-AfrI3.AfrI3.unrel.n1206.mapQ20.JntSNPs.dMM4.Ngoye.6.1MBs.beagle.gz.mm05.50kb.rnd10.ld.gz r2 1400.6026026026 0.146982171280621 0.105473591204525 0.188960510020229
aegy.wgs.non-AfrI3.AfrI3.unrel.n1206.mapQ20.JntSNPs.dMM4.Ngoye.6.1MBs.beagle.gz.mm05.50kb.rnd10.ld.gz r2 1430.38138138138 0.145445569690885 0.10451174541113 0.187002811218316
aegy.wgs.non-AfrI3.AfrI3.unrel.n1206.mapQ20.JntSNPs.dMM4.Ngoye.6.1MBs.beagle.gz.mm05.50kb.rnd10.ld.gz r2 1460.16016016016 0.143958545426296 0.103584429343531 0.185100984849794
aegy.wgs.non-AfrI3.AfrI3.unrel.n1206.mapQ20.JntSNPs.dMM4.Ngoye.6.1MBs.beagle.gz.mm05.50kb.rnd10.ld.gz r2 1489.93893893894 0.142518728914484 0.102689811449857 0.183252664541481
aegy.wgs.non-AfrI3.AfrI3.unrel.n1206.mapQ20.JntSNPs.dMM4.Ngoye.6.1MBs.beagle.gz.mm05.50kb.rnd10.ld.gz r2 1519.71771771772 0.14112389949596 0.101826187690611 0.18145561588577
aegy.wgs.non-AfrI3.AfrI3.unrel.n1206.mapQ20.JntSNPs.dMM4.Ngoye.6.1MBs.beagle.gz.mm05.50kb.rnd10.ld.gz r2 1549.4964964965 0.139771973896085 0.100991970618715 0.179707727362318
aegy.wgs.non-AfrI3.AfrI3.unrel.n1206.mapQ20.JntSNPs.dMM4.Ngoye.6.1MBs.beagle.gz.mm05.50kb.rnd10.ld.gz r2 1579.27527527528 0.138460995752165 0.10018567956374 0.178007001999176
aegy.wgs.non-AfrI3.AfrI3.unrel.n1206.mapQ20.JntSNPs.dMM4.Ngoye.6.1MBs.beagle.gz.mm05.50kb.rnd10.ld.gz r2 1609.05405405405 0.13718912608468 0.0994059317921561 0.17635154970403
aegy.wgs.non-AfrI3.AfrI3.unrel.n1206.mapQ20.JntSNPs.dMM4.Ngoye.6.1MBs.beagle.gz.mm05.50kb.rnd10.ld.gz r2 1638.83283283283 0.135954634614782 0.0986514345321517 0.174739580203555
aegy.wgs.non-AfrI3.AfrI3.unrel.n1206.mapQ20.JntSNPs.dMM4.Ngoye.6.1MBs.beagle.gz.mm05.50kb.rnd10.ld.gz r2 1668.61161161161 0.134755891841636 0.0979209777659123 0.173169396535342
aegy.wgs.non-AfrI3.AfrI3.unrel.n1206.mapQ20.JntSNPs.dMM4.Ngoye.6.1MBs.beagle.gz.mm05.50kb.rnd10.ld.gz r2 1698.39039039039 0.133591361803112 0.0972134277045014 0.171639389042608
aegy.wgs.non-AfrI3.AfrI3.unrel.n1206.mapQ20.JntSNPs.dMM4.Ngoye.6.1MBs.beagle.gz.mm05.50kb.rnd10.ld.gz r2 1728.16916916917 0.132459595452026 0.096527720871058 0.170148029826926
aegy.wgs.non-AfrI3.AfrI3.unrel.n1206.mapQ20.JntSNPs.dMM4.Ngoye.6.1MBs.beagle.gz.mm05.50kb.rnd10.ld.gz r2 1757.94794794795 0.131359224587695 0.0958628587271213 0.168693867618734
aegy.wgs.non-AfrI3.AfrI3.unrel.n1206.mapQ20.JntSNPs.dMM4.Ngoye.6.1MBs.beagle.gz.mm05.50kb.rnd10.ld.gz r2 1787.72672672673 0.130288956289227 0.0952179027847629 0.167275523029366
aegy.wgs.non-AfrI3.AfrI3.unrel.n1206.mapQ20.JntSNPs.dMM4.Ngoye.6.1MBs.beagle.gz.mm05.50kb.rnd10.ld.gz r2 1817.50550550551 0.12924756780279 0.0945919701540173 0.165891684151902
aegy.wgs.non-AfrI3.AfrI3.unrel.n1206.mapQ20.JntSNPs.dMM4.Ngoye.6.1MBs.beagle.gz.mm05.50kb.rnd10.ld.gz r2 1847.28428428428 0.12823390184023 0.0939842294810203 0.164541102481291
aegy.wgs.non-AfrI3.AfrI3.unrel.n1206.mapQ20.JntSNPs.dMM4.Ngoye.6.1MBs.beagle.gz.mm05.50kb.rnd10.ld.gz r2 1877.06306306306 0.127246862250926 0.0933938972374103 0.163222589127036
aegy.wgs.non-AfrI3.AfrI3.unrel.n1206.mapQ20.JntSNPs.dMM4.Ngoye.6.1MBs.beagle.gz.mm05.50kb.rnd10.ld.gz r2 1906.84184184184 0.126285410032759 0.0928202343260358 0.161935011294253
aegy.wgs.non-AfrI3.AfrI3.unrel.n1206.mapQ20.JntSNPs.dMM4.Ngoye.6.1MBs.beagle.gz.mm05.50kb.rnd10.ld.gz r2 1936.62062062062 0.125348559651566 0.0922625429719359 0.160677289011169
aegy.wgs.non-AfrI3.AfrI3.unrel.n1206.mapQ20.JntSNPs.dMM4.Ngoye.6.1MBs.beagle.gz.mm05.50kb.rnd10.ld.gz r2 1966.3993993994 0.124435375641621 0.09172016387099 0.159448392083153
aegy.wgs.non-AfrI3.AfrI3.unrel.n1206.mapQ20.JntSNPs.dMM4.Ngoye.6.1MBs.beagle.gz.mm05.50kb.rnd10.ld.gz r2 1996.17817817818 0.123544969462382 0.09119247357165 0.158247337255199
aegy.wgs.non-AfrI3.AfrI3.unrel.n1206.mapQ20.JntSNPs.dMM4.Ngoye.6.1MBs.beagle.gz.mm05.50kb.rnd10.ld.gz r2 2025.95695695696 0.122676496589264 0.0906788820678093 0.157073185566386
aegy.wgs.non-AfrI3.AfrI3.unrel.n1206.mapQ20.JntSNPs.dMM4.Ngoye.6.1MBs.beagle.gz.mm05.50kb.rnd10.ld.gz r2 2055.73573573574 0.121829153818334 0.0901788305831986 0.155925039881349
aegy.wgs.non-AfrI3.AfrI3.unrel.n1206.mapQ20.JntSNPs.dMM4.Ngoye.6.1MBs.beagle.gz.mm05.50kb.rnd10.ld.gz r2 2085.51451451451 0.121002176766803 0.0896917895297506 0.154802042585074
aegy.wgs.non-AfrI3.AfrI3.unrel.n1206.mapQ20.JntSNPs.dMM4.Ngoye.6.1MBs.beagle.gz.mm05.50kb.rnd10.ld.gz r2 2115.29329329329 0.1201948375529 0.0892172566241937 0.15370337342856
aegy.wgs.non-AfrI3.AfrI3.unrel.n1206.mapQ20.JntSNPs.dMM4.Ngoye.6.1MBs.beagle.gz.mm05.50kb.rnd10.ld.gz r2 2145.07207207207 0.1194064426403 0.0887547551487416 0.152628247513943
aegy.wgs.non-AfrI3.AfrI3.unrel.n1206.mapQ20.JntSNPs.dMM4.Ngoye.6.1MBs.beagle.gz.mm05.50kb.rnd10.ld.gz r2 2174.85085085085 0.11863633083362 0.0883038323431722 0.151575913408658
aegy.wgs.non-AfrI3.AfrI3.unrel.n1206.mapQ20.JntSNPs.dMM4.Ngoye.6.1MBs.beagle.gz.mm05.50kb.rnd10.ld.gz r2 2204.62962962963 0.117883871412784 0.0878640579168511 0.150545651379108
aegy.wgs.non-AfrI3.AfrI3.unrel.n1206.mapQ20.JntSNPs.dMM4.Ngoye.6.1MBs.beagle.gz.mm05.50kb.rnd10.ld.gz r2 2234.40840840841 0.117148462395156 0.0874350226703857 0.149536771735079
aegy.wgs.non-AfrI3.AfrI3.unrel.n1206.mapQ20.JntSNPs.dMM4.Ngoye.6.1MBs.beagle.gz.mm05.50kb.rnd10.ld.gz r2 2264.18718718719 0.116429528915337 0.087016337217593 0.148548613276899
aegy.wgs.non-AfrI3.AfrI3.unrel.n1206.mapQ20.JntSNPs.dMM4.Ngoye.6.1MBs.beagle.gz.mm05.50kb.rnd10.ld.gz r2 2293.96596596597 0.115726521713431 0.0866076307993617 0.147580541837968
aegy.wgs.non-AfrI3.AfrI3.unrel.n1206.mapQ20.JntSNPs.dMM4.Ngoye.6.1MBs.beagle.gz.mm05.50kb.rnd10.ld.gz r2 2323.74474474474 0.115038915723408 0.0862085501817856 0.146631948915885
aegy.wgs.non-AfrI3.AfrI3.unrel.n1206.mapQ20.JntSNPs.dMM4.Ngoye.6.1MBs.beagle.gz.mm05.50kb.rnd10.ld.gz r2 2353.52352352352 0.114366208753899 0.0858187586316621 0.145702250385973
aegy.wgs.non-AfrI3.AfrI3.unrel.n1206.mapQ20.JntSNPs.dMM4.Ngoye.6.1MBs.beagle.gz.mm05.50kb.rnd10.ld.gz r2 2383.3023023023 0.113707920254445 0.0854379349630862 0.144790885291447
aegy.wgs.non-AfrI3.AfrI3.unrel.n1206.mapQ20.JntSNPs.dMM4.Ngoye.6.1MBs.beagle.gz.mm05.50kb.rnd10.ld.gz r2 2413.08108108108 0.113063590160806 0.0850657726494484 0.143897314704964
aegy.wgs.non-AfrI3.AfrI3.unrel.n1206.mapQ20.JntSNPs.dMM4.Ngoye.6.1MBs.beagle.gz.mm05.50kb.rnd10.ld.gz r2 2442.85985985986 0.11243277781347 0.084701978995656 0.143021020656686
aegy.wgs.non-AfrI3.AfrI3.unrel.n1206.mapQ20.JntSNPs.dMM4.Ngoye.6.1MBs.beagle.gz.mm05.50kb.rnd10.ld.gz r2 2472.63863863864 0.111815060944021 0.0843462743658644 0.142161505124355
aegy.wgs.non-AfrI3.AfrI3.unrel.n1206.mapQ20.JntSNPs.dMM4.Ngoye.6.1MBs.beagle.gz.mm05.50kb.rnd10.ld.gz r2 2502.41741741742 0.111210034724429 0.0839983914624208 0.141318289081253
aegy.wgs.non-AfrI3.AfrI3.unrel.n1206.mapQ20.JntSNPs.dMM4.Ngoye.6.1MBs.beagle.gz.mm05.50kb.rnd10.ld.gz r2 2532.1961961962 0.110617310874755 0.0836580746520987 0.14049091159819
aegy.wgs.non-AfrI3.AfrI3.unrel.n1206.mapQ20.JntSNPs.dMM4.Ngoye.6.1MBs.beagle.gz.mm05.50kb.rnd10.ld.gz r2 2561.97497497497 0.110036516825134 0.0833250793360421 0.139678928995991
aegy.wgs.non-AfrI3.AfrI3.unrel.n1206.mapQ20.JntSNPs.dMM4.Ngoye.6.1MBs.beagle.gz.mm05.50kb.rnd10.ld.gz r2 2591.75375375375 0.109467294928209 0.0829991713601438 0.138881914045192
aegy.wgs.non-AfrI3.AfrI3.unrel.n1206.mapQ20.JntSNPs.dMM4.Ngoye.6.1MBs.beagle.gz.mm05.50kb.rnd10.ld.gz r2 2621.53253253253 0.108909301718505 0.0826801264628619 0.138099455209907
aegy.wgs.non-AfrI3.AfrI3.unrel.n1206.mapQ20.JntSNPs.dMM4.Ngoye.6.1MBs.beagle.gz.mm05.50kb.rnd10.ld.gz r2 2651.31131131131 0.108362207215522 0.0823677297577274 0.137331155933043
aegy.wgs.non-AfrI3.AfrI3.unrel.n1206.mapQ20.JntSNPs.dMM4.Ngoye.6.1MBs.beagle.gz.mm05.50kb.rnd10.ld.gz r2 2681.09009009009 0.107825694267552 0.0820617752480254 0.136576633960258
aegy.wgs.non-AfrI3.AfrI3.unrel.n1206.mapQ20.JntSNPs.dMM4.Ngoye.6.1MBs.beagle.gz.mm05.50kb.rnd10.ld.gz r2 2710.86886886887 0.107299457933472 0.0817620653713392 0.135835520700216
aegy.wgs.non-AfrI3.AfrI3.unrel.n1206.mapQ20.JntSNPs.dMM4.Ngoye.6.1MBs.beagle.gz.mm05.50kb.rnd10.ld.gz r2 2740.64764764765 0.106783204899977 0.081468410571833 0.135107460618903
aegy.wgs.non-AfrI3.AfrI3.unrel.n1206.mapQ20.JntSNPs.dMM4.Ngoye.6.1MBs.beagle.gz.mm05.50kb.rnd10.ld.gz r2 2770.42642642643 0.106276652931899 0.081180628898322 0.134392110665897
aegy.wgs.non-AfrI3.AfrI3.unrel.n1206.mapQ20.JntSNPs.dMM4.Ngoye.6.1MBs.beagle.gz.mm05.50kb.rnd10.ld.gz r2 2800.20520520521 0.105779530353438 0.080898545626332 0.133689139730639
aegy.wgs.non-AfrI3.AfrI3.unrel.n1206.mapQ20.JntSNPs.dMM4.Ngoye.6.1MBs.beagle.gz.mm05.50kb.rnd10.ld.gz r2 2829.98398398398 0.105291575558302 0.0806219929024945 0.132998228126901
aegy.wgs.non-AfrI3.AfrI3.unrel.n1206.mapQ20.JntSNPs.dMM4.Ngoye.6.1MBs.beagle.gz.mm05.50kb.rnd10.ld.gz r2 2859.76276276276 0.104812536546887 0.0803508094097508 0.132319067103747
aegy.wgs.non-AfrI3.AfrI3.unrel.n1206.mapQ20.JntSNPs.dMM4.Ngoye.6.1MBs.beagle.gz.mm05.50kb.rnd10.ld.gz r2 2889.54154154154 0.104342170488771 0.0800848400519565 0.131651358381419
aegy.wgs.non-AfrI3.AfrI3.unrel.n1206.mapQ20.JntSNPs.dMM4.Ngoye.6.1MBs.beagle.gz.mm05.50kb.rnd10.ld.gz r2 2919.32032032032 0.103880243308923 0.0798239356565894 0.130994813710672
aegy.wgs.non-AfrI3.AfrI3.unrel.n1206.mapQ20.JntSNPs.dMM4.Ngoye.6.1MBs.beagle.gz.mm05.50kb.rnd10.ld.gz r2 2949.0990990991 0.103426529296138 0.0795679526943559 0.1303491544542
aegy.wgs.non-AfrI3.AfrI3.unrel.n1206.mapQ20.JntSNPs.dMM4.Ngoye.6.1MBs.beagle.gz.mm05.50kb.rnd10.ld.gz r2 2978.87787787788 0.102980810732317 0.0793167530145869 0.129714111188851
aegy.wgs.non-AfrI3.AfrI3.unrel.n1206.mapQ20.JntSNPs.dMM4.Ngoye.6.1MBs.beagle.gz.mm05.50kb.rnd10.ld.gz r2 3008.65665665666 0.102542877541309 0.0790702035953958 0.129089423327453
aegy.wgs.non-AfrI3.AfrI3.unrel.n1206.mapQ20.JntSNPs.dMM4.Ngoye.6.1MBs.beagle.gz.mm05.50kb.rnd10.ld.gz r2 3038.43543543544 0.10211252695612 0.0788281763076432 0.128474838759126
aegy.wgs.non-AfrI3.AfrI3.unrel.n1206.mapQ20.JntSNPs.dMM4.Ngoye.6.1MBs.beagle.gz.mm05.50kb.rnd10.ld.gz r2 3068.21421421421 0.101689563203376 0.0785905476918294 0.127870113507029
aegy.wgs.non-AfrI3.AfrI3.unrel.n1206.mapQ20.JntSNPs.dMM4.Ngoye.6.1MBs.beagle.gz.mm05.50kb.rnd10.ld.gz r2 3097.99299299299 0.101273797204005 0.078357198747092 0.127275011402572
aegy.wgs.non-AfrI3.AfrI3.unrel.n1206.mapQ20.JntSNPs.dMM4.Ngoye.6.1MBs.beagle.gz.mm05.50kb.rnd10.ld.gz r2 3127.77177177177 0.100865046289179 0.0781280147315517 0.126689303775171
aegy.wgs.non-AfrI3.AfrI3.unrel.n1206.mapQ20.JntSNPs.dMM4.Ngoye.6.1MBs.beagle.gz.mm05.50kb.rnd10.ld.gz r2 3157.55055055055 0.100463133930604 0.0779028849732987 0.126112769156689
aegy.wgs.non-AfrI3.AfrI3.unrel.n1206.mapQ20.JntSNPs.dMM4.Ngoye.6.1MBs.beagle.gz.mm05.50kb.rnd10.ld.gz r2 3187.32932932933 0.10006788948433 0.0776817026913634 0.125545192999756
aegy.wgs.non-AfrI3.AfrI3.unrel.n1206.mapQ20.JntSNPs.dMM4.Ngoye.6.1MBs.beagle.gz.mm05.50kb.rnd10.ld.gz r2 3217.10810810811 0.0996791479472873 0.077464364826062 0.124986367409214
aegy.wgs.non-AfrI3.AfrI3.unrel.n1206.mapQ20.JntSNPs.dMM4.Ngoye.6.1MBs.beagle.gz.mm05.50kb.rnd10.ld.gz r2 3246.88688688689 0.09929674972583 0.0772507718781485 0.124436090885982
aegy.wgs.non-AfrI3.AfrI3.unrel.n1206.mapQ20.JntSNPs.dMM4.Ngoye.6.1MBs.beagle.gz.mm05.50kb.rnd10.ld.gz r2 3276.66566566567 0.0989205404155824 0.077040827756243 0.123894168082672
aegy.wgs.non-AfrI3.AfrI3.unrel.n1206.mapQ20.JntSNPs.dMM4.Ngoye.6.1MBs.beagle.gz.mm05.50kb.rnd10.ld.gz r2 3306.44444444444 0.0985503705919679 0.0768344396320461 0.123360409570331
aegy.wgs.non-AfrI3.AfrI3.unrel.n1206.mapQ20.JntSNPs.dMM4.Ngoye.6.1MBs.beagle.gz.mm05.50kb.rnd10.ld.gz r2 3336.22322322322 0.0981860956108074 0.0766315178028763 0.122834631615726
aegy.wgs.non-AfrI3.AfrI3.unrel.n1206.mapQ20.JntSNPs.dMM4.Ngoye.6.1MBs.beagle.gz.mm05.50kb.rnd10.ld.gz r2 3366.002002002 0.097827575418433 0.0764319755611036 0.122316655968617
aegy.wgs.non-AfrI3.AfrI3.unrel.n1206.mapQ20.JntSNPs.dMM4.Ngoye.6.1MBs.beagle.gz.mm05.50kb.rnd10.ld.gz r2 3395.78078078078 0.0974746743707886 0.0762357290700789 0.121806309658501
aegy.wgs.non-AfrI3.AfrI3.unrel.n1206.mapQ20.JntSNPs.dMM4.Ngoye.6.1MBs.beagle.gz.mm05.50kb.rnd10.ld.gz r2 3425.55955955956 0.0971272610610259 0.0760426972461834 0.121303424800336
aegy.wgs.non-AfrI3.AfrI3.unrel.n1206.mapQ20.JntSNPs.dMM4.Ngoye.6.1MBs.beagle.gz.mm05.50kb.rnd10.ld.gz r2 3455.33833833834 0.096785208155132 0.0758528016466509 0.120807838408786
aegy.wgs.non-AfrI3.AfrI3.unrel.n1206.mapQ20.JntSNPs.dMM4.Ngoye.6.1MBs.beagle.gz.mm05.50kb.rnd10.ld.gz r2 3485.11711711712 0.096448392235158 0.0756659663628332 0.120319392220559
aegy.wgs.non-AfrI3.AfrI3.unrel.n1206.mapQ20.JntSNPs.dMM4.Ngoye.6.1MBs.beagle.gz.mm05.50kb.rnd10.ld.gz r2 3514.8958958959 0.0961166936496386 0.0754821179186049 0.11983793252442
aegy.wgs.non-AfrI3.AfrI3.unrel.n1206.mapQ20.JntSNPs.dMM4.Ngoye.6.1MBs.beagle.gz.mm05.50kb.rnd10.ld.gz r2 3544.67467467467 0.0957899963708224 0.0753011851736205 0.119363309998503
aegy.wgs.non-AfrI3.AfrI3.unrel.n1206.mapQ20.JntSNPs.dMM4.Ngoye.6.1MBs.beagle.gz.mm05.50kb.rnd10.ld.gz r2 3574.45345345345 0.0954681878583523 0.0751230992311539 0.118895379554556
aegy.wgs.non-AfrI3.AfrI3.unrel.n1206.mapQ20.JntSNPs.dMM4.Ngoye.6.1MBs.beagle.gz.mm05.50kb.rnd10.ld.gz r2 3604.23223223223 0.09515115892906 0.0749477933502716 0.118434000188774
aegy.wgs.non-AfrI3.AfrI3.unrel.n1206.mapQ20.JntSNPs.dMM4.Ngoye.6.1MBs.beagle.gz.mm05.50kb.rnd10.ld.gz r2 3634.01101101101 0.0948388036325552 0.0747752028621013 0.117979034838903
aegy.wgs.non-AfrI3.AfrI3.unrel.n1206.mapQ20.JntSNPs.dMM4.Ngoye.6.1MBs.beagle.gz.mm05.50kb.rnd10.ld.gz r2 3663.78978978979 0.0945310191323115 0.0746052650899756 0.117530350247301
aegy.wgs.non-AfrI3.AfrI3.unrel.n1206.mapQ20.JntSNPs.dMM4.Ngoye.6.1MBs.beagle.gz.mm05.50kb.rnd10.ld.gz r2 3693.56856856857 0.0942277055919675 0.0744379192732431 0.117087816829675
aegy.wgs.non-AfrI3.AfrI3.unrel.n1206.mapQ20.JntSNPs.dMM4.Ngoye.6.1MBs.beagle.gz.mm05.50kb.rnd10.ld.gz r2 3723.34734734735 0.0939287660665777 0.0742731064945519 0.116651308549226
aegy.wgs.non-AfrI3.AfrI3.unrel.n1206.mapQ20.JntSNPs.dMM4.Ngoye.6.1MBs.beagle.gz.mm05.50kb.rnd10.ld.gz r2 3753.12612612613 0.0936341063985646 0.0741107696104216 0.116220702795921
aegy.wgs.non-AfrI3.AfrI3.unrel.n1206.mapQ20.JntSNPs.dMM4.Ngoye.6.1MBs.beagle.gz.mm05.50kb.rnd10.ld.gz r2 3782.9049049049 0.0933436351181342 0.0739508531849318 0.115795880270686
aegy.wgs.non-AfrI3.AfrI3.unrel.n1206.mapQ20.JntSNPs.dMM4.Ngoye.6.1MBs.beagle.gz.mm05.50kb.rnd10.ld.gz r2 3812.68368368368 0.0930572633479354 0.0737933034263655 0.115376724874249
aegy.wgs.non-AfrI3.AfrI3.unrel.n1206.mapQ20.JntSNPs.dMM4.Ngoye.6.1MBs.beagle.gz.mm05.50kb.rnd10.ld.gz r2 3842.46246246246 0.0927749047117521 0.0736380681266539 0.114963123600446
aegy.wgs.non-AfrI3.AfrI3.unrel.n1206.mapQ20.JntSNPs.dMM4.Ngoye.6.1MBs.beagle.gz.mm05.50kb.rnd10.ld.gz r2 3872.24124124124 0.0924964752470312 0.07348509660348 0.114554966433768
aegy.wgs.non-AfrI3.AfrI3.unrel.n1206.mapQ20.JntSNPs.dMM4.Ngoye.6.1MBs.beagle.gz.mm05.50kb.rnd10.ld.gz r2 3902.02002002002 0.0922218933210583 0.0733343396449049 0.114152146250956
aegy.wgs.non-AfrI3.AfrI3.unrel.n1206.mapQ20.JntSNPs.dMM4.Ngoye.6.1MBs.beagle.gz.mm05.50kb.rnd10.ld.gz r2 3931.7987987988 0.091951079550607 0.07318574945639 0.113754558726459
aegy.wgs.non-AfrI3.AfrI3.unrel.n1206.mapQ20.JntSNPs.dMM4.Ngoye.6.1MBs.beagle.gz.mm05.50kb.rnd10.ld.gz r2 3961.57757757758 0.0916839567248922 0.0730392796100948 0.113362102241578
aegy.wgs.non-AfrI3.AfrI3.unrel.n1206.mapQ20.JntSNPs.dMM4.Ngoye.6.1MBs.beagle.gz.mm05.50kb.rnd10.ld.gz r2 3991.35635635636 0.0914204497316728 0.0728948849963367 0.112974677797138
aegy.wgs.non-AfrI3.AfrI3.unrel.n1206.mapQ20.JntSNPs.dMM4.Ngoye.6.1MBs.beagle.gz.mm05.50kb.rnd10.ld.gz r2 4021.13513513513 0.0911604854863514 0.0727525217771068 0.112592188929509
aegy.wgs.non-AfrI3.AfrI3.unrel.n1206.mapQ20.JntSNPs.dMM4.Ngoye.6.1MBs.beagle.gz.mm05.50kb.rnd10.ld.gz r2 4050.91391391391 0.0909039928639329 0.0726121473415398 0.112214541629852
aegy.wgs.non-AfrI3.AfrI3.unrel.n1206.mapQ20.JntSNPs.dMM4.Ngoye.6.1MBs.beagle.gz.mm05.50kb.rnd10.ld.gz r2 4080.69269269269 0.0906509026337068 0.0724737202632426 0.111841644266425
aegy.wgs.non-AfrI3.AfrI3.unrel.n1206.mapQ20.JntSNPs.dMM4.Ngoye.6.1MBs.beagle.gz.mm05.50kb.rnd10.ld.gz r2 4110.47147147147 0.0904011473965263 0.0723372002593937 0.11147340750983
aegy.wgs.non-AfrI3.AfrI3.unrel.n1206.mapQ20.JntSNPs.dMM4.Ngoye.6.1MBs.beagle.gz.mm05.50kb.rnd10.ld.gz r2 4140.25025025025 0.0901546615245665 0.0722025481515253 0.111109744261065
aegy.wgs.non-AfrI3.AfrI3.unrel.n1206.mapQ20.JntSNPs.dMM4.Ngoye.6.1MBs.beagle.gz.mm05.50kb.rnd10.ld.gz r2 4170.02902902903 0.0899113811034456 0.0720697258279103 0.110750569582251
aegy.wgs.non-AfrI3.AfrI3.unrel.n1206.mapQ20.JntSNPs.dMM4.Ngoye.6.1MBs.beagle.gz.mm05.50kb.rnd10.ld.gz r2 4199.80780780781 0.0896712438766037 0.0719386962074763 0.110395800629939
aegy.wgs.non-AfrI3.AfrI3.unrel.n1206.mapQ20.JntSNPs.dMM4.Ngoye.6.1MBs.beagle.gz.mm05.50kb.rnd10.ld.gz r2 4229.58658658659 0.0894341891918351 0.0718094232051759 0.110045356590867
aegy.wgs.non-AfrI3.AfrI3.unrel.n1206.mapQ20.JntSNPs.dMM4.Ngoye.6.1MBs.beagle.gz.mm05.50kb.rnd10.ld.gz r2 4259.36536536537 0.0892001579498799 0.0716818716987449 0.109699158620068
aegy.wgs.non-AfrI3.AfrI3.unrel.n1206.mapQ20.JntSNPs.dMM4.Ngoye.6.1MBs.beagle.gz.mm05.50kb.rnd10.ld.gz r2 4289.14414414414 0.0889690925549798 0.0715560074967834 0.109357129781234
aegy.wgs.non-AfrI3.AfrI3.unrel.n1206.mapQ20.JntSNPs.dMM4.Ngoye.6.1MBs.beagle.gz.mm05.50kb.rnd10.ld.gz r2 4318.92292292292 0.0887409368673138 0.0714317973080989 0.109019194989237
aegy.wgs.non-AfrI3.AfrI3.unrel.n1206.mapQ20.JntSNPs.dMM4.Ngoye.6.1MBs.beagle.gz.mm05.50kb.rnd10.ld.gz r2 4348.7017017017 0.0885156361572295 0.0713092087122548 0.108685280954712
aegy.wgs.non-AfrI3.AfrI3.unrel.n1206.mapQ20.JntSNPs.dMM4.Ngoye.6.1MBs.beagle.gz.mm05.50kb.rnd10.ld.gz r2 4378.48048048048 0.0882931370611913 0.0711882101312665 0.108355316130623
aegy.wgs.non-AfrI3.AfrI3.unrel.n1206.mapQ20.JntSNPs.dMM4.Ngoye.6.1MBs.beagle.gz.mm05.50kb.rnd10.ld.gz r2 4408.25925925926 0.0880733875393713 0.0710687708023969 0.10802923066073
aegy.wgs.non-AfrI3.AfrI3.unrel.n1206.mapQ20.JntSNPs.dMM4.Ngoye.6.1MBs.beagle.gz.mm05.50kb.rnd10.ld.gz r2 4438.03803803804 0.0878563368348117 0.0709508607519986 0.107706956329874
aegy.wgs.non-AfrI3.AfrI3.unrel.n1206.mapQ20.JntSNPs.dMM4.Ngoye.6.1MBs.beagle.gz.mm05.50kb.rnd10.ld.gz r2 4467.81681681682 0.0876419354340912 0.0708344507703582 0.107388426516001
aegy.wgs.non-AfrI3.AfrI3.unrel.n1206.mapQ20.JntSNPs.dMM4.Ngoye.6.1MBs.beagle.gz.mm05.50kb.rnd10.ld.gz r2 4497.5955955956 0.0874301350294304 0.0707195123874963 0.107073576143875
aegy.wgs.non-AfrI3.AfrI3.unrel.n1206.mapQ20.JntSNPs.dMM4.Ngoye.6.1MBs.beagle.gz.mm05.50kb.rnd10.ld.gz r2 4527.37437437437 0.0872208884821766 0.0706060178498837 0.106762341640379
aegy.wgs.non-AfrI3.AfrI3.unrel.n1206.mapQ20.JntSNPs.dMM4.Ngoye.6.1MBs.beagle.gz.mm05.50kb.rnd10.ld.gz r2 4557.15315315315 0.0870141497876078 0.0704939400980305 0.106454660891375
aegy.wgs.non-AfrI3.AfrI3.unrel.n1206.mapQ20.JntSNPs.dMM4.Ngoye.6.1MBs.beagle.gz.mm05.50kb.rnd10.ld.gz r2 4586.93193193193 0.0868098740410025 0.0703832527449125 0.10615047320003
aegy.wgs.non-AfrI3.AfrI3.unrel.n1206.mapQ20.JntSNPs.dMM4.Ngoye.6.1MBs.beagle.gz.mm05.50kb.rnd10.ld.gz r2 4616.71071071071 0.0866080174049213 0.0702739300551978 0.105849719246576
aegy.wgs.non-AfrI3.AfrI3.unrel.n1206.mapQ20.JntSNPs.dMM4.Ngoye.6.1MBs.beagle.gz.mm05.50kb.rnd10.ld.gz r2 4646.48948948949 0.0864085370776503 0.0701659469252387 0.105552341049422
aegy.wgs.non-AfrI3.AfrI3.unrel.n1206.mapQ20.JntSNPs.dMM4.Ngoye.6.1MBs.beagle.gz.mm05.50kb.rnd10.ld.gz r2 4676.26826826827 0.0862113912627587 0.0700592788637968 0.105258281927586
aegy.wgs.non-AfrI3.AfrI3.unrel.n1206.mapQ20.JntSNPs.dMM4.Ngoye.6.1MBs.beagle.gz.mm05.50kb.rnd10.ld.gz r2 4706.04704704705 0.0860165391397245 0.0699539019734703 0.104967486464384
aegy.wgs.non-AfrI3.AfrI3.unrel.n1206.mapQ20.JntSNPs.dMM4.Ngoye.6.1MBs.beagle.gz.mm05.50kb.rnd10.ld.gz r2 4735.82582582583 0.0858239408355852 0.0698497929327929 0.10467990047233
aegy.wgs.non-AfrI3.AfrI3.unrel.n1206.mapQ20.JntSNPs.dMM4.Ngoye.6.1MBs.beagle.gz.mm05.50kb.rnd10.ld.gz r2 4765.6046046046 0.0856335573975719 0.0697469289789774 0.1043954709592
aegy.wgs.non-AfrI3.AfrI3.unrel.n1206.mapQ20.JntSNPs.dMM4.Ngoye.6.1MBs.beagle.gz.mm05.50kb.rnd10.ld.gz r2 4795.38338338338 0.0854453507666873 0.0696452878912753 0.104114146095214
aegy.wgs.non-AfrI3.AfrI3.unrel.n1206.mapQ20.JntSNPs.dMM4.Ngoye.6.1MBs.beagle.gz.mm05.50kb.rnd10.ld.gz r2 4825.16216216216 0.085259283752189 0.0695448479749296 0.103835875181294
aegy.wgs.non-AfrI3.AfrI3.unrel.n1206.mapQ20.JntSNPs.dMM4.Ngoye.6.1MBs.beagle.gz.mm05.50kb.rnd10.ld.gz r2 4854.94094094094 0.0850753200069435 0.0694455880456928 0.103560608618361
aegy.wgs.non-AfrI3.AfrI3.unrel.n1206.mapQ20.JntSNPs.dMM4.Ngoye.6.1MBs.beagle.gz.mm05.50kb.rnd10.ld.gz r2 4884.71971971972 0.0848934240036153 0.0693474874148901 0.103288297877623
aegy.wgs.non-AfrI3.AfrI3.unrel.n1206.mapQ20.JntSNPs.dMM4.Ngoye.6.1MBs.beagle.gz.mm05.50kb.rnd10.ld.gz r2 4914.4984984985 0.0847135610116589 0.0692505258750037 0.103018895471827
aegy.wgs.non-AfrI3.AfrI3.unrel.n1206.mapQ20.JntSNPs.dMM4.Ngoye.6.1MBs.beagle.gz.mm05.50kb.rnd10.ld.gz r2 4944.27727727728 0.0845356970750812 0.0691546836857581 0.102752354927426
aegy.wgs.non-AfrI3.AfrI3.unrel.n1206.mapQ20.JntSNPs.dMM4.Ngoye.6.1MBs.beagle.gz.mm05.50kb.rnd10.ld.gz r2 4974.05605605606 0.0843597989909464 0.0690599415606848 0.102488630757644
aegy.wgs.non-AfrI3.AfrI3.unrel.n1206.mapQ20.JntSNPs.dMM4.Ngoye.6.1MBs.beagle.gz.mm05.50kb.rnd10.ld.gz r2 5003.83483483483 0.0841858342885921 0.0689662806541493 0.102227678436386
aegy.wgs.non-AfrI3.AfrI3.unrel.n1206.mapQ20.JntSNPs.dMM4.Ngoye.6.1MBs.beagle.gz.mm05.50kb.rnd10.ld.gz r2 5033.61361361361 0.0840137712095316 0.0688736825488202 0.101969454372982
aegy.wgs.non-AfrI3.AfrI3.unrel.n1206.mapQ20.JntSNPs.dMM4.Ngoye.6.1MBs.beagle.gz.mm05.50kb.rnd10.ld.gz r2 5063.39239239239 0.0838435786880141 0.0687821292435634 0.101713915887715
aegy.wgs.non-AfrI3.AfrI3.unrel.n1206.mapQ20.JntSNPs.dMM4.Ngoye.6.1MBs.beagle.gz.mm05.50kb.rnd10.ld.gz r2 5093.17117117117 0.0836752263322196 0.0686916031417453 0.101461021188122
aegy.wgs.non-AfrI3.AfrI3.unrel.n1206.mapQ20.JntSNPs.dMM4.Ngoye.6.1MBs.beagle.gz.mm05.50kb.rnd10.ld.gz r2 5122.94994994995 0.0835086844060627 0.0686020870399281 0.101210729346025
aegy.wgs.non-AfrI3.AfrI3.unrel.n1206.mapQ20.JntSNPs.dMM4.Ngoye.6.1MBs.beagle.gz.mm05.50kb.rnd10.ld.gz r2 5152.72872872873 0.083343923811584 0.0685135641169422 0.100963000275279
aegy.wgs.non-AfrI3.AfrI3.unrel.n1206.mapQ20.JntSNPs.dMM4.Ngoye.6.1MBs.beagle.gz.mm05.50kb.rnd10.ld.gz r2 5182.50750750751 0.0831809160719062 0.0684260179233216 0.100717794710197
aegy.wgs.non-AfrI3.AfrI3.unrel.n1206.mapQ20.JntSNPs.dMM4.Ngoye.6.1MBs.beagle.gz.mm05.50kb.rnd10.ld.gz r2 5212.28628628629 0.0830196333147335 0.0683394323710877 0.100475074184643
aegy.wgs.non-AfrI3.AfrI3.unrel.n1206.mapQ20.JntSNPs.dMM4.Ngoye.6.1MBs.beagle.gz.mm05.50kb.rnd10.ld.gz r2 5242.06506506507 0.0828600482563754 0.0682537917238679 0.100234801011757
aegy.wgs.non-AfrI3.AfrI3.unrel.n1206.mapQ20.JntSNPs.dMM4.Ngoye.6.1MBs.beagle.gz.mm05.50kb.rnd10.ld.gz r2 5271.84384384384 0.0827021341862743 0.0681690805873379 0.0999969382642927
aegy.wgs.non-AfrI3.AfrI3.unrel.n1206.mapQ20.JntSNPs.dMM4.Ngoye.6.1MBs.beagle.gz.mm05.50kb.rnd10.ld.gz r2 5301.62262262262 0.0825458649520197 0.0680852838999728 0.0997614497555572
aegy.wgs.non-AfrI3.AfrI3.unrel.n1206.mapQ20.JntSNPs.dMM4.Ngoye.6.1MBs.beagle.gz.mm05.50kb.rnd10.ld.gz r2 5331.4014014014 0.0823912149448293 0.0680023869240978 0.0995283000209107
aegy.wgs.non-AfrI3.AfrI3.unrel.n1206.mapQ20.JntSNPs.dMM4.Ngoye.6.1MBs.beagle.gz.mm05.50kb.rnd10.ld.gz r2 5361.18018018018 0.0822381590854828 0.067920375237226 0.0992974542998258
aegy.wgs.non-AfrI3.AfrI3.unrel.n1206.mapQ20.JntSNPs.dMM4.Ngoye.6.1MBs.beagle.gz.mm05.50kb.rnd10.ld.gz r2 5390.95895895896 0.0820866728106896 0.067839234723673 0.0990688785184776
aegy.wgs.non-AfrI3.AfrI3.unrel.n1206.mapQ20.JntSNPs.dMM4.Ngoye.6.1MBs.beagle.gz.mm05.50kb.rnd10.ld.gz r2 5420.73773773774 0.0819367320598759 0.0677589515664374 0.0988425392728478
aegy.wgs.non-AfrI3.AfrI3.unrel.n1206.mapQ20.JntSNPs.dMM4.Ngoye.6.1MBs.beagle.gz.mm05.50kb.rnd10.ld.gz r2 5450.51651651652 0.0817883132623767 0.0676795122393386 0.0986184038123264
aegy.wgs.non-AfrI3.AfrI3.unrel.n1206.mapQ20.JntSNPs.dMM4.Ngoye.6.1MBs.beagle.gz.mm05.50kb.rnd10.ld.gz r2 5480.2952952953 0.0816413933250165 0.0676009034994015 0.0983964400237931
aegy.wgs.non-AfrI3.AfrI3.unrel.n1206.mapQ20.JntSNPs.dMM4.Ngoye.6.1MBs.beagle.gz.mm05.50kb.rnd10.ld.gz r2 5510.07407407407 0.0814959496200679 0.067523112379479 0.0981766164161614
aegy.wgs.non-AfrI3.AfrI3.unrel.n1206.mapQ20.JntSNPs.dMM4.Ngoye.6.1MBs.beagle.gz.mm05.50kb.rnd10.ld.gz r2 5539.85285285285 0.0813519599735713 0.0674461261811046 0.0979589021053719
aegy.wgs.non-AfrI3.AfrI3.unrel.n1206.mapQ20.JntSNPs.dMM4.Ngoye.6.1MBs.beagle.gz.mm05.50kb.rnd10.ld.gz r2 5569.63163163163 0.0812094026540061 0.0673699324675659 0.0977432667998175
aegy.wgs.non-AfrI3.AfrI3.unrel.n1206.mapQ20.JntSNPs.dMM4.Ngoye.6.1MBs.beagle.gz.mm05.50kb.rnd10.ld.gz r2 5599.41041041041 0.0810682563612993 0.0672945190571913 0.0975296807861868
aegy.wgs.non-AfrI3.AfrI3.unrel.n1206.mapQ20.JntSNPs.dMM4.Ngoye.6.1MBs.beagle.gz.mm05.50kb.rnd10.ld.gz r2 5629.18918918919 0.0809285002161608 0.0672198740168424 0.0973181149157127
aegy.wgs.non-AfrI3.AfrI3.unrel.n1206.mapQ20.JntSNPs.dMM4.Ngoye.6.1MBs.beagle.gz.mm05.50kb.rnd10.ld.gz r2 5658.96796796797 0.0807901137497331 0.0671459856556051 0.0971085405908106
aegy.wgs.non-AfrI3.AfrI3.unrel.n1206.mapQ20.JntSNPs.dMM4.Ngoye.6.1MBs.beagle.gz.mm05.50kb.rnd10.ld.gz r2 5688.74674674675 0.0806530768935457 0.0670728425186713 0.0969009297520959
aegy.wgs.non-AfrI3.AfrI3.unrel.n1206.mapQ20.JntSNPs.dMM4.Ngoye.6.1MBs.beagle.gz.mm05.50kb.rnd10.ld.gz r2 5718.52552552553 0.0805173699697635 0.0670004333814058 0.0966952548657665
aegy.wgs.non-AfrI3.AfrI3.unrel.n1206.mapQ20.JntSNPs.dMM4.Ngoye.6.1MBs.beagle.gz.mm05.50kb.rnd10.ld.gz r2 5748.3043043043 0.080382973681719 0.066928747243591 0.0964914889113384
aegy.wgs.non-AfrI3.AfrI3.unrel.n1206.mapQ20.JntSNPs.dMM4.Ngoye.6.1MBs.beagle.gz.mm05.50kb.rnd10.ld.gz r2 5778.08308308308 0.0802498691047178 0.0668577733238434 0.0962896053697246
aegy.wgs.non-AfrI3.AfrI3.unrel.n1206.mapQ20.JntSNPs.dMM4.Ngoye.6.1MBs.beagle.gz.mm05.50kb.rnd10.ld.gz r2 5807.86186186186 0.0801180376771107 0.0667875010541967 0.096089578211644
aegy.wgs.non-AfrI3.AfrI3.unrel.n1206.mapQ20.JntSNPs.dMM4.Ngoye.6.1MBs.beagle.gz.mm05.50kb.rnd10.ld.gz r2 5837.64064064064 0.0799874611916207 0.066717920074844 0.0958913818863509
aegy.wgs.non-AfrI3.AfrI3.unrel.n1206.mapQ20.JntSNPs.dMM4.Ngoye.6.1MBs.beagle.gz.mm05.50kb.rnd10.ld.gz r2 5867.41941941942 0.0798581217869186 0.0666490202290356 0.0956949913106747
aegy.wgs.non-AfrI3.AfrI3.unrel.n1206.mapQ20.JntSNPs.dMM4.Ngoye.6.1MBs.beagle.gz.mm05.50kb.rnd10.ld.gz r2 5897.1981981982 0.0797300019394369 0.0665807915581259 0.0955003818583601
aegy.wgs.non-AfrI3.AfrI3.unrel.n1206.mapQ20.JntSNPs.dMM4.Ngoye.6.1MBs.beagle.gz.mm05.50kb.rnd10.ld.gz r2 5926.97697697698 0.0796030844554159 0.0665132242967648 0.0953075293496965
aegy.wgs.non-AfrI3.AfrI3.unrel.n1206.mapQ20.JntSNPs.dMM4.Ngoye.6.1MBs.beagle.gz.mm05.50kb.rnd10.ld.gz r2 5956.75575575576 0.079477352463174 0.0664463088682282 0.0951164100414307
aegy.wgs.non-AfrI3.AfrI3.unrel.n1206.mapQ20.JntSNPs.dMM4.Ngoye.6.1MBs.beagle.gz.mm05.50kb.rnd10.ld.gz r2 5986.53453453453 0.0793527894055936 0.0663800358798836 0.0949270006169505
aegy.wgs.non-AfrI3.AfrI3.unrel.n1206.mapQ20.JntSNPs.dMM4.Ngoye.6.1MBs.beagle.gz.mm05.50kb.rnd10.ld.gz r2 6016.31331331331 0.0792293790328176 0.0663143961187858 0.0947392781767331
aegy.wgs.non-AfrI3.AfrI3.unrel.n1206.mapQ20.JntSNPs.dMM4.Ngoye.6.1MBs.beagle.gz.mm05.50kb.rnd10.ld.gz r2 6046.09209209209 0.0791071053951474 0.0662493805473985 0.094553220229049
aegy.wgs.non-AfrI3.AfrI3.unrel.n1206.mapQ20.JntSNPs.dMM4.Ngoye.6.1MBs.beagle.gz.mm05.50kb.rnd10.ld.gz r2 6075.87087087087 0.0789859528361385 0.0661849802994375 0.0943688046809135
aegy.wgs.non-AfrI3.AfrI3.unrel.n1206.mapQ20.JntSNPs.dMM4.Ngoye.6.1MBs.beagle.gz.mm05.50kb.rnd10.ld.gz r2 6105.64964964965 0.0788659059858848 0.0661211866758318 0.0941860098292785
aegy.wgs.non-AfrI3.AfrI3.unrel.n1206.mapQ20.JntSNPs.dMM4.Ngoye.6.1MBs.beagle.gz.mm05.50kb.rnd10.ld.gz r2 6135.42842842843 0.0787469497544873 0.0660579911407987 0.0940048143524571
aegy.wgs.non-AfrI3.AfrI3.unrel.n1206.mapQ20.JntSNPs.dMM4.Ngoye.6.1MBs.beagle.gz.mm05.50kb.rnd10.ld.gz r2 6165.20720720721 0.0786290693257007 0.0659953853180282 0.0938251973017727
aegy.wgs.non-AfrI3.AfrI3.unrel.n1206.mapQ20.JntSNPs.dMM4.Ngoye.6.1MBs.beagle.gz.mm05.50kb.rnd10.ld.gz r2 6194.98598598599 0.0785122501507525 0.0659333609869748 0.0936471380934285
aegy.wgs.non-AfrI3.AfrI3.unrel.n1206.mapQ20.JntSNPs.dMM4.Ngoye.6.1MBs.beagle.gz.mm05.50kb.rnd10.ld.gz r2 6224.76476476476 0.0783964779423282 0.0658719100792518 0.0934706165005874
aegy.wgs.non-AfrI3.AfrI3.unrel.n1206.mapQ20.JntSNPs.dMM4.Ngoye.6.1MBs.beagle.gz.mm05.50kb.rnd10.ld.gz r2 6254.54354354354 0.0782817386687197 0.0658110246751255 0.0932956126456582
aegy.wgs.non-AfrI3.AfrI3.unrel.n1206.mapQ20.JntSNPs.dMM4.Ngoye.6.1MBs.beagle.gz.mm05.50kb.rnd10.ld.gz r2 6284.32232232232 0.0781680185481286 0.0657506970001063 0.0931221069927811
aegy.wgs.non-AfrI3.AfrI3.unrel.n1206.mapQ20.JntSNPs.dMM4.Ngoye.6.1MBs.beagle.gz.mm05.50kb.rnd10.ld.gz r2 6314.1011011011 0.0780553040431225 0.0656909194216323 0.0929500803405063
aegy.wgs.non-AfrI3.AfrI3.unrel.n1206.mapQ20.JntSNPs.dMM4.Ngoye.6.1MBs.beagle.gz.mm05.50kb.rnd10.ld.gz r2 6343.87987987988 0.0779435818552376 0.0656316844458443 0.0927795138146606
aegy.wgs.non-AfrI3.AfrI3.unrel.n1206.mapQ20.JntSNPs.dMM4.Ngoye.6.1MBs.beagle.gz.mm05.50kb.rnd10.ld.gz r2 6373.65865865866 0.0778328389197247 0.0655729847144478 0.0926103888613956
aegy.wgs.non-AfrI3.AfrI3.unrel.n1206.mapQ20.JntSNPs.dMM4.Ngoye.6.1MBs.beagle.gz.mm05.50kb.rnd10.ld.gz r2 6403.43743743744 0.0777230624004319 0.0655148130016604 0.0924426872404127
aegy.wgs.non-AfrI3.AfrI3.unrel.n1206.mapQ20.JntSNPs.dMM4.Ngoye.6.1MBs.beagle.gz.mm05.50kb.rnd10.ld.gz r2 6433.21621621622 0.0776142396848228 0.0654571622112406 0.0922763910183591
aegy.wgs.non-AfrI3.AfrI3.unrel.n1206.mapQ20.JntSNPs.dMM4.Ngoye.6.1MBs.beagle.gz.mm05.50kb.rnd10.ld.gz r2 6462.994994995 0.0775063583791235 0.0654000253735967 0.0921114825623912
aegy.wgs.non-AfrI3.AfrI3.unrel.n1206.mapQ20.JntSNPs.dMM4.Ngoye.6.1MBs.beagle.gz.mm05.50kb.rnd10.ld.gz r2 6492.77377377377 0.077399406303596 0.0653433956429729 0.091947944533898
aegy.wgs.non-AfrI3.AfrI3.unrel.n1206.mapQ20.JntSNPs.dMM4.Ngoye.6.1MBs.beagle.gz.mm05.50kb.rnd10.ld.gz r2 6522.55255255255 0.0772933714879334 0.06528726629471 0.0917857598823826
aegy.wgs.non-AfrI3.AfrI3.unrel.n1206.mapQ20.JntSNPs.dMM4.Ngoye.6.1MBs.beagle.gz.mm05.50kb.rnd10.ld.gz r2 6552.33133133133 0.077188242166774 0.065231630722578 0.0916249118394948
aegy.wgs.non-AfrI3.AfrI3.unrel.n1206.mapQ20.JntSNPs.dMM4.Ngoye.6.1MBs.beagle.gz.mm05.50kb.rnd10.ld.gz r2 6582.11011011011 0.0770840067753295 0.0651764824361799 0.0914653839132124
aegy.wgs.non-AfrI3.AfrI3.unrel.n1206.mapQ20.JntSNPs.dMM4.Ngoye.6.1MBs.beagle.gz.mm05.50kb.rnd10.ld.gz r2 6611.88888888889 0.0769806539451259 0.0651218150584228 0.0913071598821656
aegy.wgs.non-AfrI3.AfrI3.unrel.n1206.mapQ20.JntSNPs.dMM4.Ngoye.6.1MBs.beagle.gz.mm05.50kb.rnd10.ld.gz r2 6641.66766766767 0.0768781724998513 0.0650676223230551 0.0911502237901007
aegy.wgs.non-AfrI3.AfrI3.unrel.n1206.mapQ20.JntSNPs.dMM4.Ngoye.6.1MBs.beagle.gz.mm05.50kb.rnd10.ld.gz r2 6671.44644644645 0.0767765514513094 0.0650138980722681 0.0909945599404797
aegy.wgs.non-AfrI3.AfrI3.unrel.n1206.mapQ20.JntSNPs.dMM4.Ngoye.6.1MBs.beagle.gz.mm05.50kb.rnd10.ld.gz r2 6701.22522522523 0.0766757799954754 0.064960636254359 0.0908401528912113
aegy.wgs.non-AfrI3.AfrI3.unrel.n1206.mapQ20.JntSNPs.dMM4.Ngoye.6.1MBs.beagle.gz.mm05.50kb.rnd10.ld.gz r2 6731.004004004 0.0765758475086491 0.0649078309214544 0.0906869874495093
aegy.wgs.non-AfrI3.AfrI3.unrel.n1206.mapQ20.JntSNPs.dMM4.Ngoye.6.1MBs.beagle.gz.mm05.50kb.rnd10.ld.gz r2 6760.78278278278 0.076476743543706 0.0648554762272925 0.0905350486668764
aegy.wgs.non-AfrI3.AfrI3.unrel.n1206.mapQ20.JntSNPs.dMM4.Ngoye.6.1MBs.beagle.gz.mm05.50kb.rnd10.ld.gz r2 6790.56156156156 0.0763784578264406 0.0648035664250613 0.0903843218342075
aegy.wgs.non-AfrI3.AfrI3.unrel.n1206.mapQ20.JntSNPs.dMM4.Ngoye.6.1MBs.beagle.gz.mm05.50kb.rnd10.ld.gz r2 6820.34034034034 0.0762809802520002 0.0647520958652923 0.0902347924770109
aegy.wgs.non-AfrI3.AfrI3.unrel.n1206.mapQ20.JntSNPs.dMM4.Ngoye.6.1MBs.beagle.gz.mm05.50kb.rnd10.ld.gz r2 6850.11911911912 0.076184300881407 0.0647010589938072 0.0900864463507443
aegy.wgs.non-AfrI3.AfrI3.unrel.n1206.mapQ20.JntSNPs.dMM4.Ngoye.6.1MBs.beagle.gz.mm05.50kb.rnd10.ld.gz r2 6879.8978978979 0.0760884099381656 0.0646504503497164 0.0899392694362605
aegy.wgs.non-AfrI3.AfrI3.unrel.n1206.mapQ20.JntSNPs.dMM4.Ngoye.6.1MBs.beagle.gz.mm05.50kb.rnd10.ld.gz r2 6909.67667667668 0.0759932978049532 0.0646002645634683 0.0897932479353616
aegy.wgs.non-AfrI3.AfrI3.unrel.n1206.mapQ20.JntSNPs.dMM4.Ngoye.6.1MBs.beagle.gz.mm05.50kb.rnd10.ld.gz r2 6939.45545545546 0.075898955020391 0.0645504963549463 0.0896483682664587
aegy.wgs.non-AfrI3.AfrI3.unrel.n1206.mapQ20.JntSNPs.dMM4.Ngoye.6.1MBs.beagle.gz.mm05.50kb.rnd10.ld.gz r2 6969.23423423423 0.0758053722758929 0.0645011405316142 0.0895046170603324
aegy.wgs.non-AfrI3.AfrI3.unrel.n1206.mapQ20.JntSNPs.dMM4.Ngoye.6.1MBs.beagle.gz.mm05.50kb.rnd10.ld.gz r2 6999.01301301301 0.0757125404125915 0.0644521919867068 0.0893619811559934
aegy.wgs.non-AfrI3.AfrI3.unrel.n1206.mapQ20.JntSNPs.dMM4.Ngoye.6.1MBs.beagle.gz.mm05.50kb.rnd10.ld.gz r2 7028.79179179179 0.0756204504183376 0.0644036456974663 0.0892204475966395
aegy.wgs.non-AfrI3.AfrI3.unrel.n1206.mapQ20.JntSNPs.dMM4.Ngoye.6.1MBs.beagle.gz.mm05.50kb.rnd10.ld.gz r2 7058.57057057057 0.0755290934247713 0.0643554967234204 0.0890800036257064
aegy.wgs.non-AfrI3.AfrI3.unrel.n1206.mapQ20.JntSNPs.dMM4.Ngoye.6.1MBs.beagle.gz.mm05.50kb.rnd10.ld.gz r2 7088.34934934935 0.0754384607044633 0.0643077402047041 0.0889406366830097
aegy.wgs.non-AfrI3.AfrI3.unrel.n1206.mapQ20.JntSNPs.dMM4.Ngoye.6.1MBs.beagle.gz.mm05.50kb.rnd10.ld.gz r2 7118.12812812813 0.0753485436681244 0.0642603713604218 0.0888023344009763
aegy.wgs.non-AfrI3.AfrI3.unrel.n1206.mapQ20.JntSNPs.dMM4.Ngoye.6.1MBs.beagle.gz.mm05.50kb.rnd10.ld.gz r2 7147.90690690691 0.075259333861881 0.0642133854870488 0.088665084600962
aegy.wgs.non-AfrI3.AfrI3.unrel.n1206.mapQ20.JntSNPs.dMM4.Ngoye.6.1MBs.beagle.gz.mm05.50kb.rnd10.ld.gz r2 7177.68568568569 0.0751708229646143 0.0641667779568725 0.0885288752896534
aegy.wgs.non-AfrI3.AfrI3.unrel.n1206.mapQ20.JntSNPs.dMM4.Ngoye.6.1MBs.beagle.gz.mm05.50kb.rnd10.ld.gz r2 7207.46446446446 0.0750830027853631 0.06412054421647 0.0883936946555517
aegy.wgs.non-AfrI3.AfrI3.unrel.n1206.mapQ20.JntSNPs.dMM4.Ngoye.6.1MBs.beagle.gz.mm05.50kb.rnd10.ld.gz r2 7237.24324324324 0.0749958652607861 0.0640746797852231 0.0882595310655365
aegy.wgs.non-AfrI3.AfrI3.unrel.n1206.mapQ20.JntSNPs.dMM4.Ngoye.6.1MBs.beagle.gz.mm05.50kb.rnd10.ld.gz r2 7267.02202202202 0.0749094024526845 0.0640291802538686 0.0881263730615074
aegy.wgs.non-AfrI3.AfrI3.unrel.n1206.mapQ20.JntSNPs.dMM4.Ngoye.6.1MBs.beagle.gz.mm05.50kb.rnd10.ld.gz r2 7296.8008008008 0.0748236065455817 0.0639840412830827 0.0879942093571006
aegy.wgs.non-AfrI3.AfrI3.unrel.n1206.mapQ20.JntSNPs.dMM4.Ngoye.6.1MBs.beagle.gz.mm05.50kb.rnd10.ld.gz r2 7326.57957957958 0.0747384698443587 0.0639392586020993 0.0878630288344803
aegy.wgs.non-AfrI3.AfrI3.unrel.n1206.mapQ20.JntSNPs.dMM4.Ngoye.6.1MBs.beagle.gz.mm05.50kb.rnd10.ld.gz r2 7356.35835835836 0.0746539847719443 0.0638948280073612 0.0877328205412006
aegy.wgs.non-AfrI3.AfrI3.unrel.n1206.mapQ20.JntSNPs.dMM4.Ngoye.6.1MBs.beagle.gz.mm05.50kb.rnd10.ld.gz r2 7386.13713713714 0.0745701438670588 0.0638507453612025 0.0876035736871384
aegy.wgs.non-AfrI3.AfrI3.unrel.n1206.mapQ20.JntSNPs.dMM4.Ngoye.6.1MBs.beagle.gz.mm05.50kb.rnd10.ld.gz r2 7415.91591591592 0.0744869397820078 0.0638070065905623 0.0874752776414937
aegy.wgs.non-AfrI3.AfrI3.unrel.n1206.mapQ20.JntSNPs.dMM4.Ngoye.6.1MBs.beagle.gz.mm05.50kb.rnd10.ld.gz r2 7445.69469469469 0.0744043652805283 0.0637636076857281 0.0873479219298564
aegy.wgs.non-AfrI3.AfrI3.unrel.n1206.mapQ20.JntSNPs.dMM4.Ngoye.6.1MBs.beagle.gz.mm05.50kb.rnd10.ld.gz r2 7475.47347347347 0.074322413235682 0.0637205446991086 0.0872214962313377
aegy.wgs.non-AfrI3.AfrI3.unrel.n1206.mapQ20.JntSNPs.dMM4.Ngoye.6.1MBs.beagle.gz.mm05.50kb.rnd10.ld.gz r2 7505.25225225225 0.0742410766277971 0.0636778137440351 0.0870959903757647
aegy.wgs.non-AfrI3.AfrI3.unrel.n1206.mapQ20.JntSNPs.dMM4.Ngoye.6.1MBs.beagle.gz.mm05.50kb.rnd10.ld.gz r2 7535.03103103103 0.0741603485424559 0.0636354109935901 0.0869713943409361
aegy.wgs.non-AfrI3.AfrI3.unrel.n1206.mapQ20.JntSNPs.dMM4.Ngoye.6.1MBs.beagle.gz.mm05.50kb.rnd10.ld.gz r2 7564.80980980981 0.0740802221685286 0.0635933326794634 0.0868476982499377
aegy.wgs.non-AfrI3.AfrI3.unrel.n1206.mapQ20.JntSNPs.dMM4.Ngoye.6.1MBs.beagle.gz.mm05.50kb.rnd10.ld.gz r2 7594.58858858859 0.0740006907962496 0.0635515750908336 0.086724892368516
aegy.wgs.non-AfrI3.AfrI3.unrel.n1206.mapQ20.JntSNPs.dMM4.Ngoye.6.1MBs.beagle.gz.mm05.50kb.rnd10.ld.gz r2 7624.36736736737 0.0739217478153376 0.0635101345732763 0.0866029671025093
aegy.wgs.non-AfrI3.AfrI3.unrel.n1206.mapQ20.JntSNPs.dMM4.Ngoye.6.1MBs.beagle.gz.mm05.50kb.rnd10.ld.gz r2 7654.14614614615 0.0738433867131576 0.0634690075276956 0.0864819129953335
aegy.wgs.non-AfrI3.AfrI3.unrel.n1206.mapQ20.JntSNPs.dMM4.Ngoye.6.1MBs.beagle.gz.mm05.50kb.rnd10.ld.gz r2 7683.92492492493 0.0737656010729224 0.0634281904092814 0.0863617207255222
aegy.wgs.non-AfrI3.AfrI3.unrel.n1206.mapQ20.JntSNPs.dMM4.Ngoye.6.1MBs.beagle.gz.mm05.50kb.rnd10.ld.gz r2 7713.7037037037 0.0736883845719353 0.0633876797264887 0.0862423811043188
aegy.wgs.non-AfrI3.AfrI3.unrel.n1206.mapQ20.JntSNPs.dMM4.Ngoye.6.1MBs.beagle.gz.mm05.50kb.rnd10.ld.gz r2 7743.48248248248 0.0736117309798696 0.0633474720400413 0.0861238850733215
aegy.wgs.non-AfrI3.AfrI3.unrel.n1206.mapQ20.JntSNPs.dMM4.Ngoye.6.1MBs.beagle.gz.mm05.50kb.rnd10.ld.gz r2 7773.26126126126 0.0735356341570876 0.0633075639619562 0.0860062237021765
aegy.wgs.non-AfrI3.AfrI3.unrel.n1206.mapQ20.JntSNPs.dMM4.Ngoye.6.1MBs.beagle.gz.mm05.50kb.rnd10.ld.gz r2 7803.04004004004 0.0734600880529943 0.0632679521545914 0.0858893881863212
aegy.wgs.non-AfrI3.AfrI3.unrel.n1206.mapQ20.JntSNPs.dMM4.Ngoye.6.1MBs.beagle.gz.mm05.50kb.rnd10.ld.gz r2 7832.81881881882 0.0733850867044285 0.0632286333297136 0.0857733698447744
aegy.wgs.non-AfrI3.AfrI3.unrel.n1206.mapQ20.JntSNPs.dMM4.Ngoye.6.1MBs.beagle.gz.mm05.50kb.rnd10.ld.gz r2 7862.5975975976 0.0733106242340877 0.0631896042475871 0.0856581601179738
aegy.wgs.non-AfrI3.AfrI3.unrel.n1206.mapQ20.JntSNPs.dMM4.Ngoye.6.1MBs.beagle.gz.mm05.50kb.rnd10.ld.gz r2 7892.37637637638 0.0732366948489873 0.0631508617160828 0.0855437505656576
aegy.wgs.non-AfrI3.AfrI3.unrel.n1206.mapQ20.JntSNPs.dMM4.Ngoye.6.1MBs.beagle.gz.mm05.50kb.rnd10.ld.gz r2 7922.15515515516 0.0731632928389526 0.0631124025898066 0.0854301328647912
aegy.wgs.non-AfrI3.AfrI3.unrel.n1206.mapQ20.JntSNPs.dMM4.Ngoye.6.1MBs.beagle.gz.mm05.50kb.rnd10.ld.gz r2 7951.93393393393 0.0730904125751436 0.0630742237692469 0.085317298807537
aegy.wgs.non-AfrI3.AfrI3.unrel.n1206.mapQ20.JntSNPs.dMM4.Ngoye.6.1MBs.beagle.gz.mm05.50kb.rnd10.ld.gz r2 7981.71271271271 0.0730180485086107 0.0630363221999411 0.0852052402992655
aegy.wgs.non-AfrI3.AfrI3.unrel.n1206.mapQ20.JntSNPs.dMM4.Ngoye.6.1MBs.beagle.gz.mm05.50kb.rnd10.ld.gz r2 8011.49149149149 0.0729461951688815 0.0629986948716594 0.0850939493566088
aegy.wgs.non-AfrI3.AfrI3.unrel.n1206.mapQ20.JntSNPs.dMM4.Ngoye.6.1MBs.beagle.gz.mm05.50kb.rnd10.ld.gz r2 8041.27027027027 0.0728748471625771 0.062961338817607 0.0849834181055528
aegy.wgs.non-AfrI3.AfrI3.unrel.n1206.mapQ20.JntSNPs.dMM4.Ngoye.6.1MBs.beagle.gz.mm05.50kb.rnd10.ld.gz r2 8071.04904904905 0.0728039991720579 0.0629242511136433 0.0848736387795695
aegy.wgs.non-AfrI3.AfrI3.unrel.n1206.mapQ20.JntSNPs.dMM4.Ngoye.6.1MBs.beagle.gz.mm05.50kb.rnd10.ld.gz r2 8100.82782782783 0.0727336459540978 0.0628874288775178 0.0847646037177869
aegy.wgs.non-AfrI3.AfrI3.unrel.n1206.mapQ20.JntSNPs.dMM4.Ngoye.6.1MBs.beagle.gz.mm05.50kb.rnd10.ld.gz r2 8130.60660660661 0.0726637823385863 0.0628508692681224 0.0846563053631968
aegy.wgs.non-AfrI3.AfrI3.unrel.n1206.mapQ20.JntSNPs.dMM4.Ngoye.6.1MBs.beagle.gz.mm05.50kb.rnd10.ld.gz r2 8160.38538538539 0.0725944032272571 0.0628145694847597 0.0845487362608984
aegy.wgs.non-AfrI3.AfrI3.unrel.n1206.mapQ20.JntSNPs.dMM4.Ngoye.6.1MBs.beagle.gz.mm05.50kb.rnd10.ld.gz r2 8190.16416416416 0.0725255035924442 0.0627785267664268 0.0844418890563776
aegy.wgs.non-AfrI3.AfrI3.unrel.n1206.mapQ20.JntSNPs.dMM4.Ngoye.6.1MBs.beagle.gz.mm05.50kb.rnd10.ld.gz r2 8219.94294294294 0.0724570784758624 0.0627427383911147 0.0843357564938216
aegy.wgs.non-AfrI3.AfrI3.unrel.n1206.mapQ20.JntSNPs.dMM4.Ngoye.6.1MBs.beagle.gz.mm05.50kb.rnd10.ld.gz r2 8249.72172172172 0.0723891229874147 0.0627072016751215 0.084230331414466
aegy.wgs.non-AfrI3.AfrI3.unrel.n1206.mapQ20.JntSNPs.dMM4.Ngoye.6.1MBs.beagle.gz.mm05.50kb.rnd10.ld.gz r2 8279.5005005005 0.0723216323040222 0.0626719139723812 0.0841256067549767
aegy.wgs.non-AfrI3.AfrI3.unrel.n1206.mapQ20.JntSNPs.dMM4.Ngoye.6.1MBs.beagle.gz.mm05.50kb.rnd10.ld.gz r2 8309.27927927928 0.0722546016684801 0.0626368726738059 0.0840215755458631
aegy.wgs.non-AfrI3.AfrI3.unrel.n1206.mapQ20.JntSNPs.dMM4.Ngoye.6.1MBs.beagle.gz.mm05.50kb.rnd10.ld.gz r2 8339.05805805806 0.0721880263883356 0.0626020752066418 0.0839182309099227
aegy.wgs.non-AfrI3.AfrI3.unrel.n1206.mapQ20.JntSNPs.dMM4.Ngoye.6.1MBs.beagle.gz.mm05.50kb.rnd10.ld.gz r2 8368.83683683684 0.0721219018347892 0.0625675190338388 0.0838155660607175
aegy.wgs.non-AfrI3.AfrI3.unrel.n1206.mapQ20.JntSNPs.dMM4.Ngoye.6.1MBs.beagle.gz.mm05.50kb.rnd10.ld.gz r2 8398.61561561562 0.0720562234416182 0.0625332016534333 0.0837135743010794
aegy.wgs.non-AfrI3.AfrI3.unrel.n1206.mapQ20.JntSNPs.dMM4.Ngoye.6.1MBs.beagle.gz.mm05.50kb.rnd10.ld.gz r2 8428.39439439439 0.0719909867041223 0.0624991205979434 0.0836122490216461
aegy.wgs.non-AfrI3.AfrI3.unrel.n1206.mapQ20.JntSNPs.dMM4.Ngoye.6.1MBs.beagle.gz.mm05.50kb.rnd10.ld.gz r2 8458.17317317317 0.0719261871780902 0.0624652734337767 0.0835115836994248
aegy.wgs.non-AfrI3.AfrI3.unrel.n1206.mapQ20.JntSNPs.dMM4.Ngoye.6.1MBs.beagle.gz.mm05.50kb.rnd10.ld.gz r2 8487.95195195195 0.0718618204787864 0.0624316577606503 0.083411571896385
aegy.wgs.non-AfrI3.AfrI3.unrel.n1206.mapQ20.JntSNPs.dMM4.Ngoye.6.1MBs.beagle.gz.mm05.50kb.rnd10.ld.gz r2 8517.73073073073 0.0717978822799601 0.0623982712110229 0.0833122072580778
aegy.wgs.non-AfrI3.AfrI3.unrel.n1206.mapQ20.JntSNPs.dMM4.Ngoye.6.1MBs.beagle.gz.mm05.50kb.rnd10.ld.gz r2 8547.50950950951 0.0717343683128712 0.0623651114495381 0.0832134835122824
aegy.wgs.non-AfrI3.AfrI3.unrel.n1206.mapQ20.JntSNPs.dMM4.Ngoye.6.1MBs.beagle.gz.mm05.50kb.rnd10.ld.gz r2 8577.28828828829 0.0716712743653383 0.0623321761724792 0.0831153944676796
aegy.wgs.non-AfrI3.AfrI3.unrel.n1206.mapQ20.JntSNPs.dMM4.Ngoye.6.1MBs.beagle.gz.mm05.50kb.rnd10.ld.gz r2 8607.06706706707 0.0716085962808039 0.0622994631072351 0.0830179340125493
aegy.wgs.non-AfrI3.AfrI3.unrel.n1206.mapQ20.JntSNPs.dMM4.Ngoye.6.1MBs.beagle.gz.mm05.50kb.rnd10.ld.gz r2 8636.84584584585 0.0715463299574188 0.0622669700117767 0.0829210961134948
aegy.wgs.non-AfrI3.AfrI3.unrel.n1206.mapQ20.JntSNPs.dMM4.Ngoye.6.1MBs.beagle.gz.mm05.50kb.rnd10.ld.gz r2 8666.62462462462 0.0714844713471445 0.0622346946741446 0.0828248748141904
aegy.wgs.non-AfrI3.AfrI3.unrel.n1206.mapQ20.JntSNPs.dMM4.Ngoye.6.1MBs.beagle.gz.mm05.50kb.rnd10.ld.gz r2 8696.4034034034 0.0714230164548725 0.0622026349119459 0.0827292642341538
aegy.wgs.non-AfrI3.AfrI3.unrel.n1206.mapQ20.JntSNPs.dMM4.Ngoye.6.1MBs.beagle.gz.mm05.50kb.rnd10.ld.gz r2 8726.18218218218 0.0713619613375621 0.062170788571862 0.0826342585675409
aegy.wgs.non-AfrI3.AfrI3.unrel.n1206.mapQ20.JntSNPs.dMM4.Ngoye.6.1MBs.beagle.gz.mm05.50kb.rnd10.ld.gz r2 8755.96096096096 0.071301302103394 0.062139153529166 0.0825398520819647
aegy.wgs.non-AfrI3.AfrI3.unrel.n1206.mapQ20.JntSNPs.dMM4.Ngoye.6.1MBs.beagle.gz.mm05.50kb.rnd10.ld.gz r2 8785.73973973974 0.0712410349109409 0.0621077276872497 0.0824460391173357
aegy.wgs.non-AfrI3.AfrI3.unrel.n1206.mapQ20.JntSNPs.dMM4.Ngoye.6.1MBs.beagle.gz.mm05.50kb.rnd10.ld.gz r2 8815.51851851852 0.0711811559683537 0.0620765089771591 0.0823528140847245
aegy.wgs.non-AfrI3.AfrI3.unrel.n1206.mapQ20.JntSNPs.dMM4.Ngoye.6.1MBs.beagle.gz.mm05.50kb.rnd10.ld.gz r2 8845.2972972973 0.0711216615325639 0.062045495357141 0.082260171465246
aegy.wgs.non-AfrI3.AfrI3.unrel.n1206.mapQ20.JntSNPs.dMM4.Ngoye.6.1MBs.beagle.gz.mm05.50kb.rnd10.ld.gz r2 8875.07607607608 0.0710625479085014 0.0620146848121964 0.0821681058089644
aegy.wgs.non-AfrI3.AfrI3.unrel.n1206.mapQ20.JntSNPs.dMM4.Ngoye.6.1MBs.beagle.gz.mm05.50kb.rnd10.ld.gz r2 8904.85485485486 0.0710038114483264 0.0619840753536438 0.0820766117338186
aegy.wgs.non-AfrI3.AfrI3.unrel.n1206.mapQ20.JntSNPs.dMM4.Ngoye.6.1MBs.beagle.gz.mm05.50kb.rnd10.ld.gz r2 8934.63363363363 0.0709454485506775 0.0619536650186913 0.0819856839245677
aegy.wgs.non-AfrI3.AfrI3.unrel.n1206.mapQ20.JntSNPs.dMM4.Ngoye.6.1MBs.beagle.gz.mm05.50kb.rnd10.ld.gz r2 8964.41241241241 0.0708874556599328 0.0619234518700158 0.0818953171317562
aegy.wgs.non-AfrI3.AfrI3.unrel.n1206.mapQ20.JntSNPs.dMM4.Ngoye.6.1MBs.beagle.gz.mm05.50kb.rnd10.ld.gz r2 8994.19119119119 0.0708298292654857 0.0618934339953519 0.0818055061706983
aegy.wgs.non-AfrI3.AfrI3.unrel.n1206.mapQ20.JntSNPs.dMM4.Ngoye.6.1MBs.beagle.gz.mm05.50kb.rnd10.ld.gz r2 9023.96996996997 0.0707725659010343 0.0618636095070874 0.081716245920481
aegy.wgs.non-AfrI3.AfrI3.unrel.n1206.mapQ20.JntSNPs.dMM4.Ngoye.6.1MBs.beagle.gz.mm05.50kb.rnd10.ld.gz r2 9053.74874874875 0.0707156621438843 0.0618339765418674 0.081627531322986
aegy.wgs.non-AfrI3.AfrI3.unrel.n1206.mapQ20.JntSNPs.dMM4.Ngoye.6.1MBs.beagle.gz.mm05.50kb.rnd10.ld.gz r2 9083.52752752753 0.0706591146142648 0.0618045332602058 0.0815393573819282
aegy.wgs.non-AfrI3.AfrI3.unrel.n1206.mapQ20.JntSNPs.dMM4.Ngoye.6.1MBs.beagle.gz.mm05.50kb.rnd10.ld.gz r2 9113.30630630631 0.0706029199746575 0.0617752778461042 0.0814517191619137
aegy.wgs.non-AfrI3.AfrI3.unrel.n1206.mapQ20.JntSNPs.dMM4.Ngoye.6.1MBs.beagle.gz.mm05.50kb.rnd10.ld.gz r2 9143.08508508509 0.0705470749291373 0.0617462085066782 0.0813646117875136
aegy.wgs.non-AfrI3.AfrI3.unrel.n1206.mapQ20.JntSNPs.dMM4.Ngoye.6.1MBs.beagle.gz.mm05.50kb.rnd10.ld.gz r2 9172.86386386386 0.0704915762227268 0.0617173234717907 0.0812780304423553
aegy.wgs.non-AfrI3.AfrI3.unrel.n1206.mapQ20.JntSNPs.dMM4.Ngoye.6.1MBs.beagle.gz.mm05.50kb.rnd10.ld.gz r2 9202.64264264264 0.0704364206407615 0.0616886209936921 0.08119197036823
aegy.wgs.non-AfrI3.AfrI3.unrel.n1206.mapQ20.JntSNPs.dMM4.Ngoye.6.1MBs.beagle.gz.mm05.50kb.rnd10.ld.gz r2 9232.42142142142 0.0703816050082671 0.0616600993466674 0.0811064268642162
aegy.wgs.non-AfrI3.AfrI3.unrel.n1206.mapQ20.JntSNPs.dMM4.Ngoye.6.1MBs.beagle.gz.mm05.50kb.rnd10.ld.gz r2 9262.2002002002 0.070327126189349 0.06163175682669 0.0810213952858201
aegy.wgs.non-AfrI3.AfrI3.unrel.n1206.mapQ20.JntSNPs.dMM4.Ngoye.6.1MBs.beagle.gz.mm05.50kb.rnd10.ld.gz r2 9291.97897897898 0.070272981086592 0.0616035917510822 0.0809368710441296
aegy.wgs.non-AfrI3.AfrI3.unrel.n1206.mapQ20.JntSNPs.dMM4.Ngoye.6.1MBs.beagle.gz.mm05.50kb.rnd10.ld.gz r2 9321.75775775776 0.0702191666404717 0.0615756024581815 0.0808528496049851
aegy.wgs.non-AfrI3.AfrI3.unrel.n1206.mapQ20.JntSNPs.dMM4.Ngoye.6.1MBs.beagle.gz.mm05.50kb.rnd10.ld.gz r2 9351.53653653654 0.0701656798287765 0.0615477873070134 0.0807693264881646
aegy.wgs.non-AfrI3.AfrI3.unrel.n1206.mapQ20.JntSNPs.dMM4.Ngoye.6.1MBs.beagle.gz.mm05.50kb.rnd10.ld.gz r2 9381.31531531532 0.0701125176660402 0.0615201446769708 0.0806862972665827
aegy.wgs.non-AfrI3.AfrI3.unrel.n1206.mapQ20.JntSNPs.dMM4.Ngoye.6.1MBs.beagle.gz.mm05.50kb.rnd10.ld.gz r2 9411.09409409409 0.0700596772029848 0.0614926729674985 0.080603757565505
aegy.wgs.non-AfrI3.AfrI3.unrel.n1206.mapQ20.JntSNPs.dMM4.Ngoye.6.1MBs.beagle.gz.mm05.50kb.rnd10.ld.gz r2 9440.87287287287 0.0700071555259737 0.0614653705977841 0.0805217030617753
aegy.wgs.non-AfrI3.AfrI3.unrel.n1206.mapQ20.JntSNPs.dMM4.Ngoye.6.1MBs.beagle.gz.mm05.50kb.rnd10.ld.gz r2 9470.65165165165 0.0699549497564742 0.0614382360064545 0.0804401294830573
aegy.wgs.non-AfrI3.AfrI3.unrel.n1206.mapQ20.JntSNPs.dMM4.Ngoye.6.1MBs.beagle.gz.mm05.50kb.rnd10.ld.gz r2 9500.43043043043 0.0699030570505305 0.0614112676512778 0.0803590326070892
aegy.wgs.non-AfrI3.AfrI3.unrel.n1206.mapQ20.JntSNPs.dMM4.Ngoye.6.1MBs.beagle.gz.mm05.50kb.rnd10.ld.gz r2 9530.20920920921 0.0698514745982456 0.061384464008871 0.0802784082609511
aegy.wgs.non-AfrI3.AfrI3.unrel.n1206.mapQ20.JntSNPs.dMM4.Ngoye.6.1MBs.beagle.gz.mm05.50kb.rnd10.ld.gz r2 9559.98798798799 0.0698001996232727 0.0613578235744126 0.0801982523203465
aegy.wgs.non-AfrI3.AfrI3.unrel.n1206.mapQ20.JntSNPs.dMM4.Ngoye.6.1MBs.beagle.gz.mm05.50kb.rnd10.ld.gz r2 9589.76676676677 0.0697492293823156 0.0613313448613611 0.0801185607088944
aegy.wgs.non-AfrI3.AfrI3.unrel.n1206.mapQ20.JntSNPs.dMM4.Ngoye.6.1MBs.beagle.gz.mm05.50kb.rnd10.ld.gz r2 9619.54554554554 0.0696985611646378 0.0613050264011777 0.0800393293974356
aegy.wgs.non-AfrI3.AfrI3.unrel.n1206.mapQ20.JntSNPs.dMM4.Ngoye.6.1MBs.beagle.gz.mm05.50kb.rnd10.ld.gz r2 9649.32432432433 0.0696481922915813 0.0612788667430547 0.0799605544033501
aegy.wgs.non-AfrI3.AfrI3.unrel.n1206.mapQ20.JntSNPs.dMM4.Ngoye.6.1MBs.beagle.gz.mm05.50kb.rnd10.ld.gz r2 9679.1031031031 0.0695981201160924 0.0612528644536491 0.0798822317898858
aegy.wgs.non-AfrI3.AfrI3.unrel.n1206.mapQ20.JntSNPs.dMM4.Ngoye.6.1MBs.beagle.gz.mm05.50kb.rnd10.ld.gz r2 9708.88188188188 0.0695483420222573 0.0612270181168197 0.0798043576655002
aegy.wgs.non-AfrI3.AfrI3.unrel.n1206.mapQ20.JntSNPs.dMM4.Ngoye.6.1MBs.beagle.gz.mm05.50kb.rnd10.ld.gz r2 9738.66066066066 0.0694988554248448 0.0612013263333705 0.0797269281832125
aegy.wgs.non-AfrI3.AfrI3.unrel.n1206.mapQ20.JntSNPs.dMM4.Ngoye.6.1MBs.beagle.gz.mm05.50kb.rnd10.ld.gz r2 9768.43943943944 0.0694496577688577 0.0611757877207976 0.0796499395399666
aegy.wgs.non-AfrI3.AfrI3.unrel.n1206.mapQ20.JntSNPs.dMM4.Ngoye.6.1MBs.beagle.gz.mm05.50kb.rnd10.ld.gz r2 9798.21821821822 0.069400746529092 0.0611504009130407 0.0795733879760055
aegy.wgs.non-AfrI3.AfrI3.unrel.n1206.mapQ20.JntSNPs.dMM4.Ngoye.6.1MBs.beagle.gz.mm05.50kb.rnd10.ld.gz r2 9827.996996997 0.0693521192097034 0.0611251645602402 0.0794972697742565
aegy.wgs.non-AfrI3.AfrI3.unrel.n1206.mapQ20.JntSNPs.dMM4.Ngoye.6.1MBs.beagle.gz.mm05.50kb.rnd10.ld.gz r2 9857.77577577578 0.0693037733437816 0.0611000773284966 0.0794215812597265
aegy.wgs.non-AfrI3.AfrI3.unrel.n1206.mapQ20.JntSNPs.dMM4.Ngoye.6.1MBs.beagle.gz.mm05.50kb.rnd10.ld.gz r2 9887.55455455456 0.0692557064929321 0.0610751378996359 0.0793463187989072
aegy.wgs.non-AfrI3.AfrI3.unrel.n1206.mapQ20.JntSNPs.dMM4.Ngoye.6.1MBs.beagle.gz.mm05.50kb.rnd10.ld.gz r2 9917.33333333333 0.0692079162468652 0.0610503449709785 0.0792714787991916
aegy.wgs.non-AfrI3.AfrI3.unrel.n1206.mapQ20.JntSNPs.dMM4.Ngoye.6.1MBs.beagle.gz.mm05.50kb.rnd10.ld.gz r2 9947.11211211211 0.0691604002229917 0.0610256972551119 0.0791970577082989
aegy.wgs.non-AfrI3.AfrI3.unrel.n1206.mapQ20.JntSNPs.dMM4.Ngoye.6.1MBs.beagle.gz.mm05.50kb.rnd10.ld.gz r2 9976.89089089089 0.0691131560660263 0.0610011934796677 0.07912305201371
aegy.wgs.non-AfrI3.AfrI3.unrel.n1206.mapQ20.JntSNPs.dMM4.Ngoye.6.1MBs.beagle.gz.mm05.50kb.rnd10.ld.gz r2 10006.6696696697 0.0690661814475968 0.0609768323871026 0.0790494582421122
aegy.wgs.non-AfrI3.AfrI3.unrel.n1206.mapQ20.JntSNPs.dMM4.Ngoye.6.1MBs.beagle.gz.mm05.50kb.rnd10.ld.gz r2 10036.4484484484 0.0690194740658612 0.060952612734483 0.078976272958853
aegy.wgs.non-AfrI3.AfrI3.unrel.n1206.mapQ20.JntSNPs.dMM4.Ngoye.6.1MBs.beagle.gz.mm05.50kb.rnd10.ld.gz r2 10066.2272272272 0.0689730316451302 0.0609285332932732 0.0789034927674037
aegy.wgs.non-AfrI3.AfrI3.unrel.n1206.mapQ20.JntSNPs.dMM4.Ngoye.6.1MBs.beagle.gz.mm05.50kb.rnd10.ld.gz r2 10096.006006006 0.0689268519354968 0.0609045928491278 0.0788311143088307
aegy.wgs.non-AfrI3.AfrI3.unrel.n1206.mapQ20.JntSNPs.dMM4.Ngoye.6.1MBs.beagle.gz.mm05.50kb.rnd10.ld.gz r2 10125.7847847848 0.0688809327124723 0.0608807902016872 0.0787591342612767
aegy.wgs.non-AfrI3.AfrI3.unrel.n1206.mapQ20.JntSNPs.dMM4.Ngoye.6.1MBs.beagle.gz.mm05.50kb.rnd10.ld.gz r2 10155.5635635636 0.0688352717766274 0.0608571241643766 0.07868754933945
aegy.wgs.non-AfrI3.AfrI3.unrel.n1206.mapQ20.JntSNPs.dMM4.Ngoye.6.1MBs.beagle.gz.mm05.50kb.rnd10.ld.gz r2 10185.3423423423 0.068789866953241 0.0608335935642093 0.0786163562941225
aegy.wgs.non-AfrI3.AfrI3.unrel.n1206.mapQ20.JntSNPs.dMM4.Ngoye.6.1MBs.beagle.gz.mm05.50kb.rnd10.ld.gz r2 10215.1211211211 0.0687447160919533 0.0608101972415917 0.0785455519116352
aegy.wgs.non-AfrI3.AfrI3.unrel.n1206.mapQ20.JntSNPs.dMM4.Ngoye.6.1MBs.beagle.gz.mm05.50kb.rnd10.ld.gz r2 10244.8998998999 0.0686998170664258 0.0607869340501337 0.0784751330134129
aegy.wgs.non-AfrI3.AfrI3.unrel.n1206.mapQ20.JntSNPs.dMM4.Ngoye.6.1MBs.beagle.gz.mm05.50kb.rnd10.ld.gz r2 10274.6786786787 0.0686551677740067 0.0607638028564604 0.078405096455486
aegy.wgs.non-AfrI3.AfrI3.unrel.n1206.mapQ20.JntSNPs.dMM4.Ngoye.6.1MBs.beagle.gz.mm05.50kb.rnd10.ld.gz r2 10304.4574574575 0.0686107661354014 0.0607408025400285 0.0783354391280204
aegy.wgs.non-AfrI3.AfrI3.unrel.n1206.mapQ20.JntSNPs.dMM4.Ngoye.6.1MBs.beagle.gz.mm05.50kb.rnd10.ld.gz r2 10334.2362362362 0.0685666100943495 0.0607179319929448 0.0782661579548554
aegy.wgs.non-AfrI3.AfrI3.unrel.n1206.mapQ20.JntSNPs.dMM4.Ngoye.6.1MBs.beagle.gz.mm05.50kb.rnd10.ld.gz r2 10364.015015015 0.0685226976173059 0.0606951901197883 0.0781972498930482
aegy.wgs.non-AfrI3.AfrI3.unrel.n1206.mapQ20.JntSNPs.dMM4.Ngoye.6.1MBs.beagle.gz.mm05.50kb.rnd10.ld.gz r2 10393.7937937938 0.0684790266931282 0.0606725758374353 0.0781287119324267
aegy.wgs.non-AfrI3.AfrI3.unrel.n1206.mapQ20.JntSNPs.dMM4.Ngoye.6.1MBs.beagle.gz.mm05.50kb.rnd10.ld.gz r2 10423.5725725726 0.0684355953327689 0.060650088074887 0.0780605410951488
aegy.wgs.non-AfrI3.AfrI3.unrel.n1206.mapQ20.JntSNPs.dMM4.Ngoye.6.1MBs.beagle.gz.mm05.50kb.rnd10.ld.gz r2 10453.3513513514 0.0683924015689723 0.0606277257731003 0.0779927344352696
aegy.wgs.non-AfrI3.AfrI3.unrel.n1206.mapQ20.JntSNPs.dMM4.Ngoye.6.1MBs.beagle.gz.mm05.50kb.rnd10.ld.gz r2 10483.1301301301 0.0683494434559773 0.0606054878848217 0.0779252890383147
aegy.wgs.non-AfrI3.AfrI3.unrel.n1206.mapQ20.JntSNPs.dMM4.Ngoye.6.1MBs.beagle.gz.mm05.50kb.rnd10.ld.gz r2 10512.9089089089 0.0683067190692238 0.0605833733744234 0.0778582020208608
aegy.wgs.non-AfrI3.AfrI3.unrel.n1206.mapQ20.JntSNPs.dMM4.Ngoye.6.1MBs.beagle.gz.mm05.50kb.rnd10.ld.gz r2 10542.6876876877 0.0682642265050651 0.0605613812177423 0.0777914705301228
aegy.wgs.non-AfrI3.AfrI3.unrel.n1206.mapQ20.JntSNPs.dMM4.Ngoye.6.1MBs.beagle.gz.mm05.50kb.rnd10.ld.gz r2 10572.4664664665 0.0682219638804841 0.0605395104019222 0.0777250917435477
aegy.wgs.non-AfrI3.AfrI3.unrel.n1206.mapQ20.JntSNPs.dMM4.Ngoye.6.1MBs.beagle.gz.mm05.50kb.rnd10.ld.gz r2 10602.2452452452 0.0681799293328147 0.0605177599252576 0.077659062868415
aegy.wgs.non-AfrI3.AfrI3.unrel.n1206.mapQ20.JntSNPs.dMM4.Ngoye.6.1MBs.beagle.gz.mm05.50kb.rnd10.ld.gz r2 10632.024024024 0.0681381210194674 0.0604961287970412 0.0775933811414426
aegy.wgs.non-AfrI3.AfrI3.unrel.n1206.mapQ20.JntSNPs.dMM4.Ngoye.6.1MBs.beagle.gz.mm05.50kb.rnd10.ld.gz r2 10661.8028028028 0.0680965371176592 0.0604746160374128 0.0775280438284005
aegy.wgs.non-AfrI3.AfrI3.unrel.n1206.mapQ20.JntSNPs.dMM4.Ngoye.6.1MBs.beagle.gz.mm05.50kb.rnd10.ld.gz r2 10691.5815815816 0.0680551758241482 0.0604532206772116 0.0774630482237289
aegy.wgs.non-AfrI3.AfrI3.unrel.n1206.mapQ20.JntSNPs.dMM4.Ngoye.6.1MBs.beagle.gz.mm05.50kb.rnd10.ld.gz r2 10721.3603603604 0.0680140353549724 0.0604319417578305 0.0773983916501631
aegy.wgs.non-AfrI3.AfrI3.unrel.n1206.mapQ20.JntSNPs.dMM4.Ngoye.6.1MBs.beagle.gz.mm05.50kb.rnd10.ld.gz r2 10751.1391391391 0.0679731139451924 0.0604107783310725 0.077334071458365
aegy.wgs.non-AfrI3.AfrI3.unrel.n1206.mapQ20.JntSNPs.dMM4.Ngoye.6.1MBs.beagle.gz.mm05.50kb.rnd10.ld.gz r2 10780.9179179179 0.0679324098486384 0.0603897294590102 0.0772700850265586
aegy.wgs.non-AfrI3.AfrI3.unrel.n1206.mapQ20.JntSNPs.dMM4.Ngoye.6.1MBs.beagle.gz.mm05.50kb.rnd10.ld.gz r2 10810.6966966967 0.0678919213376615 0.0603687942138466 0.0772064297601729
aegy.wgs.non-AfrI3.AfrI3.unrel.n1206.mapQ20.JntSNPs.dMM4.Ngoye.6.1MBs.beagle.gz.mm05.50kb.rnd10.ld.gz r2 10840.4754754755 0.067851646702888 0.0603479716777793 0.0771431030914892
aegy.wgs.non-AfrI3.AfrI3.unrel.n1206.mapQ20.JntSNPs.dMM4.Ngoye.6.1MBs.beagle.gz.mm05.50kb.rnd10.ld.gz r2 10870.2542542543 0.0678115842529793 0.0603272609428656 0.0770801024792947
aegy.wgs.non-AfrI3.AfrI3.unrel.n1206.mapQ20.JntSNPs.dMM4.Ngoye.6.1MBs.beagle.gz.mm05.50kb.rnd10.ld.gz r2 10900.033033033 0.0677717323143934 0.0603066611108909 0.0770174254085406
aegy.wgs.non-AfrI3.AfrI3.unrel.n1206.mapQ20.JntSNPs.dMM4.Ngoye.6.1MBs.beagle.gz.mm05.50kb.rnd10.ld.gz r2 10929.8118118118 0.0677320892311521 0.0602861712932385 0.0769550693900065
aegy.wgs.non-AfrI3.AfrI3.unrel.n1206.mapQ20.JntSNPs.dMM4.Ngoye.6.1MBs.beagle.gz.mm05.50kb.rnd10.ld.gz r2 10959.5905905906 0.067692653364611 0.0602657906107618 0.0768930319599687
aegy.wgs.non-AfrI3.AfrI3.unrel.n1206.mapQ20.JntSNPs.dMM4.Ngoye.6.1MBs.beagle.gz.mm05.50kb.rnd10.ld.gz r2 10989.3693693694 0.0676534230932329 0.0602455181936584 0.076831310679875
aegy.wgs.non-AfrI3.AfrI3.unrel.n1206.mapQ20.JntSNPs.dMM4.Ngoye.6.1MBs.beagle.gz.mm05.50kb.rnd10.ld.gz r2 11019.1481481481 0.0676143968123649 0.0602253531813464 0.0767699031360233
aegy.wgs.non-AfrI3.AfrI3.unrel.n1206.mapQ20.JntSNPs.dMM4.Ngoye.6.1MBs.beagle.gz.mm05.50kb.rnd10.ld.gz r2 11048.9269269269 0.0675755729340197 0.0602052947223423 0.0767088069392458
aegy.wgs.non-AfrI3.AfrI3.unrel.n1206.mapQ20.JntSNPs.dMM4.Ngoye.6.1MBs.beagle.gz.mm05.50kb.rnd10.ld.gz r2 11078.7057057057 0.0675369498866591 0.0601853419741413 0.0766480197245978
aegy.wgs.non-AfrI3.AfrI3.unrel.n1206.mapQ20.JntSNPs.dMM4.Ngoye.6.1MBs.beagle.gz.mm05.50kb.rnd10.ld.gz r2 11108.4844844845 0.0674985261149818 0.0601654941030991 0.0765875391510509
aegy.wgs.non-AfrI3.AfrI3.unrel.n1206.mapQ20.JntSNPs.dMM4.Ngoye.6.1MBs.beagle.gz.mm05.50kb.rnd10.ld.gz r2 11138.2632632633 0.0674603000797141 0.0601457502843156 0.0765273629011916
aegy.wgs.non-AfrI3.AfrI3.unrel.n1206.mapQ20.JntSNPs.dMM4.Ngoye.6.1MBs.beagle.gz.mm05.50kb.rnd10.ld.gz r2 11168.042042042 0.0674222702574035 0.0601261097015207 0.076467488680924
aegy.wgs.non-AfrI3.AfrI3.unrel.n1206.mapQ20.JntSNPs.dMM4.Ngoye.6.1MBs.beagle.gz.mm05.50kb.rnd10.ld.gz r2 11197.8208208208 0.0673844351402164 0.0601065715469618 0.0764079142191767
aegy.wgs.non-AfrI3.AfrI3.unrel.n1206.mapQ20.JntSNPs.dMM4.Ngoye.6.1MBs.beagle.gz.mm05.50kb.rnd10.ld.gz r2 11227.5995995996 0.0673467932357381 0.0600871350212927 0.0763486372676144
aegy.wgs.non-AfrI3.AfrI3.unrel.n1206.mapQ20.JntSNPs.dMM4.Ngoye.6.1MBs.beagle.gz.mm05.50kb.rnd10.ld.gz r2 11257.3783783784 0.067309343066776 0.0600677993334647 0.0762896556003543
aegy.wgs.non-AfrI3.AfrI3.unrel.n1206.mapQ20.JntSNPs.dMM4.Ngoye.6.1MBs.beagle.gz.mm05.50kb.rnd10.ld.gz r2 11287.1571571572 0.067272083171166 0.0600485637006191 0.0762309670136859
aegy.wgs.non-AfrI3.AfrI3.unrel.n1206.mapQ20.JntSNPs.dMM4.Ngoye.6.1MBs.beagle.gz.mm05.50kb.rnd10.ld.gz r2 11316.9359359359 0.0672350121015819 0.0600294273479815 0.0761725693257955
aegy.wgs.non-AfrI3.AfrI3.unrel.n1206.mapQ20.JntSNPs.dMM4.Ngoye.6.1MBs.beagle.gz.mm05.50kb.rnd10.ld.gz r2 11346.7147147147 0.0671981284253474 0.0600103895087579 0.0761144603764947
aegy.wgs.non-AfrI3.AfrI3.unrel.n1206.mapQ20.JntSNPs.dMM4.Ngoye.6.1MBs.beagle.gz.mm05.50kb.rnd10.ld.gz r2 11376.4934934935 0.0671614307242513 0.0599914494240316 0.0760566380269529
aegy.wgs.non-AfrI3.AfrI3.unrel.n1206.mapQ20.JntSNPs.dMM4.Ngoye.6.1MBs.beagle.gz.mm05.50kb.rnd10.ld.gz r2 11406.2722722723 0.067124917594365 0.059972606342663 0.0759991001594334
aegy.wgs.non-AfrI3.AfrI3.unrel.n1206.mapQ20.JntSNPs.dMM4.Ngoye.6.1MBs.beagle.gz.mm05.50kb.rnd10.ld.gz r2 11436.0510510511 0.0670885876458635 0.0599538595211899 0.0759418446770346
aegy.wgs.non-AfrI3.AfrI3.unrel.n1206.mapQ20.JntSNPs.dMM4.Ngoye.6.1MBs.beagle.gz.mm05.50kb.rnd10.ld.gz r2 11465.8298298298 0.0670524395028483 0.0599352082237294 0.0758848695034334
aegy.wgs.non-AfrI3.AfrI3.unrel.n1206.mapQ20.JntSNPs.dMM4.Ngoye.6.1MBs.beagle.gz.mm05.50kb.rnd10.ld.gz r2 11495.6086086086 0.0670164718031732 0.0599166517218821 0.0758281725826336
aegy.wgs.non-AfrI3.AfrI3.unrel.n1206.mapQ20.JntSNPs.dMM4.Ngoye.6.1MBs.beagle.gz.mm05.50kb.rnd10.ld.gz r2 11525.3873873874 0.0669806831982735 0.0598981892946365 0.0757717518787171
aegy.wgs.non-AfrI3.AfrI3.unrel.n1206.mapQ20.JntSNPs.dMM4.Ngoye.6.1MBs.beagle.gz.mm05.50kb.rnd10.ld.gz r2 11555.1661661662 0.0669450723529963 0.0598798202282763 0.0757156053756
aegy.wgs.non-AfrI3.AfrI3.unrel.n1206.mapQ20.JntSNPs.dMM4.Ngoye.6.1MBs.beagle.gz.mm05.50kb.rnd10.ld.gz r2 11584.9449449449 0.0669096379454347 0.0598615438162878 0.0756597310767906
aegy.wgs.non-AfrI3.AfrI3.unrel.n1206.mapQ20.JntSNPs.dMM4.Ngoye.6.1MBs.beagle.gz.mm05.50kb.rnd10.ld.gz r2 11614.7237237237 0.0668743786667631 0.0598433593592694 0.0756041270051521
aegy.wgs.non-AfrI3.AfrI3.unrel.n1206.mapQ20.JntSNPs.dMM4.Ngoye.6.1MBs.beagle.gz.mm05.50kb.rnd10.ld.gz r2 11644.5025025025 0.0668392932210768 0.0598252661648426 0.0755487912026688
aegy.wgs.non-AfrI3.AfrI3.unrel.n1206.mapQ20.JntSNPs.dMM4.Ngoye.6.1MBs.beagle.gz.mm05.50kb.rnd10.ld.gz r2 11674.2812812813 0.0668043803252319 0.0598072635475635 0.0754937217302147
aegy.wgs.non-AfrI3.AfrI3.unrel.n1206.mapQ20.JntSNPs.dMM4.Ngoye.6.1MBs.beagle.gz.mm05.50kb.rnd10.ld.gz r2 11704.0600600601 0.0667696387086891 0.0597893508288367 0.0754389166673264
aegy.wgs.non-AfrI3.AfrI3.unrel.n1206.mapQ20.JntSNPs.dMM4.Ngoye.6.1MBs.beagle.gz.mm05.50kb.rnd10.ld.gz r2 11733.8388388388 0.0667350671133588 0.0597715273368296 0.0753843741119789
aegy.wgs.non-AfrI3.AfrI3.unrel.n1206.mapQ20.JntSNPs.dMM4.Ngoye.6.1MBs.beagle.gz.mm05.50kb.rnd10.ld.gz r2 11763.6176176176 0.0667006642934495 0.0597537924063888 0.0753300921803647
aegy.wgs.non-AfrI3.AfrI3.unrel.n1206.mapQ20.JntSNPs.dMM4.Ngoye.6.1MBs.beagle.gz.mm05.50kb.rnd10.ld.gz r2 11793.3963963964 0.0666664290153171 0.0597361453789567 0.0752760690066759
aegy.wgs.non-AfrI3.AfrI3.unrel.n1206.mapQ20.JntSNPs.dMM4.Ngoye.6.1MBs.beagle.gz.mm05.50kb.rnd10.ld.gz r2 11823.1751751752 0.0666323600573178 0.0597185856024903 0.0752223027428895
aegy.wgs.non-AfrI3.AfrI3.unrel.n1206.mapQ20.JntSNPs.dMM4.Ngoye.6.1MBs.beagle.gz.mm05.50kb.rnd10.ld.gz r2 11852.953953954 0.0665984562096622 0.0597011124313808 0.0751687915585563
aegy.wgs.non-AfrI3.AfrI3.unrel.n1206.mapQ20.JntSNPs.dMM4.Ngoye.6.1MBs.beagle.gz.mm05.50kb.rnd10.ld.gz r2 11882.7327327327 0.0665647162742715 0.0596837252263745 0.0751155336405916
aegy.wgs.non-AfrI3.AfrI3.unrel.n1206.mapQ20.JntSNPs.dMM4.Ngoye.6.1MBs.beagle.gz.mm05.50kb.rnd10.ld.gz r2 11912.5115115115 0.0665311390646367 0.0596664233544945 0.0750625271930704
aegy.wgs.non-AfrI3.AfrI3.unrel.n1206.mapQ20.JntSNPs.dMM4.Ngoye.6.1MBs.beagle.gz.mm05.50kb.rnd10.ld.gz r2 11942.2902902903 0.0664977234056785 0.0596492061889639 0.0750097704370238
aegy.wgs.non-AfrI3.AfrI3.unrel.n1206.mapQ20.JntSNPs.dMM4.Ngoye.6.1MBs.beagle.gz.mm05.50kb.rnd10.ld.gz r2 11972.0690690691 0.0664644681336107 0.0596320731091304 0.0749572616102401
aegy.wgs.non-AfrI3.AfrI3.unrel.n1206.mapQ20.JntSNPs.dMM4.Ngoye.6.1MBs.beagle.gz.mm05.50kb.rnd10.ld.gz r2 12001.8478478478 0.0664313720958041 0.0596150235003914 0.0749049989670673
aegy.wgs.non-AfrI3.AfrI3.unrel.n1206.mapQ20.JntSNPs.dMM4.Ngoye.6.1MBs.beagle.gz.mm05.50kb.rnd10.ld.gz r2 12031.6266266266 0.0663984341506535 0.0595980567541202 0.0748529807782188
aegy.wgs.non-AfrI3.AfrI3.unrel.n1206.mapQ20.JntSNPs.dMM4.Ngoye.6.1MBs.beagle.gz.mm05.50kb.rnd10.ld.gz r2 12061.4054054054 0.0663656531674461 0.0595811722675942 0.0748012053305821
aegy.wgs.non-AfrI3.AfrI3.unrel.n1206.mapQ20.JntSNPs.dMM4.Ngoye.6.1MBs.beagle.gz.mm05.50kb.rnd10.ld.gz r2 12091.1841841842 0.0663330280262314 0.0595643694439228 0.0747496709270302
aegy.wgs.non-AfrI3.AfrI3.unrel.n1206.mapQ20.JntSNPs.dMM4.Ngoye.6.1MBs.beagle.gz.mm05.50kb.rnd10.ld.gz r2 12120.962962963 0.0663005576176942 0.0595476476919773 0.0746983758862351
aegy.wgs.non-AfrI3.AfrI3.unrel.n1206.mapQ20.JntSNPs.dMM4.Ngoye.6.1MBs.beagle.gz.mm05.50kb.rnd10.ld.gz r2 12150.7417417417 0.0662682408430279 0.0595310064263218 0.0746473185424842
aegy.wgs.non-AfrI3.AfrI3.unrel.n1206.mapQ20.JntSNPs.dMM4.Ngoye.6.1MBs.beagle.gz.mm05.50kb.rnd10.ld.gz r2 12180.5205205205 0.0662360766138107 0.0595144450671443 0.0745964972454996
aegy.wgs.non-AfrI3.AfrI3.unrel.n1206.mapQ20.JntSNPs.dMM4.Ngoye.6.1MBs.beagle.gz.mm05.50kb.rnd10.ld.gz r2 12210.2992992993 0.066204063851883 0.0594979630401895 0.0745459103602593
aegy.wgs.non-AfrI3.AfrI3.unrel.n1206.mapQ20.JntSNPs.dMM4.Ngoye.6.1MBs.beagle.gz.mm05.50kb.rnd10.ld.gz r2 12240.0780780781 0.0661722014892265 0.0594815597766929 0.0744955562668213
aegy.wgs.non-AfrI3.AfrI3.unrel.n1206.mapQ20.JntSNPs.dMM4.Ngoye.6.1MBs.beagle.gz.mm05.50kb.rnd10.ld.gz r2 12269.8568568569 0.0661404884678455 0.0594652347133144 0.0744454333601501
aegy.wgs.non-AfrI3.AfrI3.unrel.n1206.mapQ20.JntSNPs.dMM4.Ngoye.6.1MBs.beagle.gz.mm05.50kb.rnd10.ld.gz r2 12299.6356356356 0.0661089237396496 0.0594489872920744 0.0743955400499453
aegy.wgs.non-AfrI3.AfrI3.unrel.n1206.mapQ20.JntSNPs.dMM4.Ngoye.6.1MBs.beagle.gz.mm05.50kb.rnd10.ld.gz r2 12329.4144144144 0.0660775062663376 0.0594328169602901 0.0743458747604729
aegy.wgs.non-AfrI3.AfrI3.unrel.n1206.mapQ20.JntSNPs.dMM4.Ngoye.6.1MBs.beagle.gz.mm05.50kb.rnd10.ld.gz r2 12359.1931931932 0.0660462350192838 0.0594167231705127 0.0742964359303987
aegy.wgs.non-AfrI3.AfrI3.unrel.n1206.mapQ20.JntSNPs.dMM4.Ngoye.6.1MBs.beagle.gz.mm05.50kb.rnd10.ld.gz r2 12388.971971972 0.0660151089794254 0.0594007053804658 0.0742472220126242
aegy.wgs.non-AfrI3.AfrI3.unrel.n1206.mapQ20.JntSNPs.dMM4.Ngoye.6.1MBs.beagle.gz.mm05.50kb.rnd10.ld.gz r2 12418.7507507508 0.0659841271371514 0.0593847630529837 0.0741982314741243
aegy.wgs.non-AfrI3.AfrI3.unrel.n1206.mapQ20.JntSNPs.dMM4.Ngoye.6.1MBs.beagle.gz.mm05.50kb.rnd10.ld.gz r2 12448.5295295295 0.0659532884921934 0.0593688956559524 0.0741494627957879
aegy.wgs.non-AfrI3.AfrI3.unrel.n1206.mapQ20.JntSNPs.dMM4.Ngoye.6.1MBs.beagle.gz.mm05.50kb.rnd10.ld.gz r2 12478.3083083083 0.0659225920535179 0.0593531026622495 0.0741009144722598
aegy.wgs.non-AfrI3.AfrI3.unrel.n1206.mapQ20.JntSNPs.dMM4.Ngoye.6.1MBs.beagle.gz.mm05.50kb.rnd10.ld.gz r2 12508.0870870871 0.0658920368392196 0.0593373835496865 0.0740525850117858
aegy.wgs.non-AfrI3.AfrI3.unrel.n1206.mapQ20.JntSNPs.dMM4.Ngoye.6.1MBs.beagle.gz.mm05.50kb.rnd10.ld.gz r2 12537.8658658659 0.0658616218764165 0.0593217378009503 0.0740044729360587
aegy.wgs.non-AfrI3.AfrI3.unrel.n1206.mapQ20.JntSNPs.dMM4.Ngoye.6.1MBs.beagle.gz.mm05.50kb.rnd10.ld.gz r2 12567.6446446446 0.0658313462011468 0.0593061649035473 0.0739565767800677
aegy.wgs.non-AfrI3.AfrI3.unrel.n1206.mapQ20.JntSNPs.dMM4.Ngoye.6.1MBs.beagle.gz.mm05.50kb.rnd10.ld.gz r2 12597.4234234234 0.0658012088582666 0.0592906643497469 0.0739088950919485
aegy.wgs.non-AfrI3.AfrI3.unrel.n1206.mapQ20.JntSNPs.dMM4.Ngoye.6.1MBs.beagle.gz.mm05.50kb.rnd10.ld.gz r2 12627.2022022022 0.0657712089013492 0.0592752356365265 0.0738614264328362
aegy.wgs.non-AfrI3.AfrI3.unrel.n1206.mapQ20.JntSNPs.dMM4.Ngoye.6.1MBs.beagle.gz.mm05.50kb.rnd10.ld.gz r2 12656.980980981 0.0657413453925858 0.0592598782655169 0.0738141693767204
aegy.wgs.non-AfrI3.AfrI3.unrel.n1206.mapQ20.JntSNPs.dMM4.Ngoye.6.1MBs.beagle.gz.mm05.50kb.rnd10.ld.gz r2 12686.7597597598 0.0657116174026881 0.0592445917429487 0.0737671225103014
aegy.wgs.non-AfrI3.AfrI3.unrel.n1206.mapQ20.JntSNPs.dMM4.Ngoye.6.1MBs.beagle.gz.mm05.50kb.rnd10.ld.gz r2 12716.5385385385 0.0656820240107909 0.0592293755795992 0.0737202844328491
aegy.wgs.non-AfrI3.AfrI3.unrel.n1206.mapQ20.JntSNPs.dMM4.Ngoye.6.1MBs.beagle.gz.mm05.50kb.rnd10.ld.gz r2 12746.3173173173 0.0656525643043576 0.0592142292907406 0.0736736537560631
aegy.wgs.non-AfrI3.AfrI3.unrel.n1206.mapQ20.JntSNPs.dMM4.Ngoye.6.1MBs.beagle.gz.mm05.50kb.rnd10.ld.gz r2 12776.0960960961 0.0656232373790857 0.059199152396088 0.0736272291039356
aegy.wgs.non-AfrI3.AfrI3.unrel.n1206.mapQ20.JntSNPs.dMM4.Ngoye.6.1MBs.beagle.gz.mm05.50kb.rnd10.ld.gz r2 12805.8748748749 0.0655940423388143 0.0591841444197487 0.0735810091126149
aegy.wgs.non-AfrI3.AfrI3.unrel.n1206.mapQ20.JntSNPs.dMM4.Ngoye.6.1MBs.beagle.gz.mm05.50kb.rnd10.ld.gz r2 12835.6536536537 0.0655649782954326 0.0591692048901724 0.073534992430272
aegy.wgs.non-AfrI3.AfrI3.unrel.n1206.mapQ20.JntSNPs.dMM4.Ngoye.6.1MBs.beagle.gz.mm05.50kb.rnd10.ld.gz r2 12865.4324324324 0.0655360443687898 0.0591543333401014 0.0734891777169675
aegy.wgs.non-AfrI3.AfrI3.unrel.n1206.mapQ20.JntSNPs.dMM4.Ngoye.6.1MBs.beagle.gz.mm05.50kb.rnd10.ld.gz r2 12895.2112112112 0.0655072396866059 0.0591395293065221 0.0734435636445219
aegy.wgs.non-AfrI3.AfrI3.unrel.n1206.mapQ20.JntSNPs.dMM4.Ngoye.6.1MBs.beagle.gz.mm05.50kb.rnd10.ld.gz r2 12924.98998999 0.065478563384384 0.0591247923306169 0.0733981488963864
aegy.wgs.non-AfrI3.AfrI3.unrel.n1206.mapQ20.JntSNPs.dMM4.Ngoye.6.1MBs.beagle.gz.mm05.50kb.rnd10.ld.gz r2 12954.7687687688 0.0654500146053234 0.0591101219577167 0.0733529321675156
aegy.wgs.non-AfrI3.AfrI3.unrel.n1206.mapQ20.JntSNPs.dMM4.Ngoye.6.1MBs.beagle.gz.mm05.50kb.rnd10.ld.gz r2 12984.5475475475 0.0654215925002347 0.0590955177372539 0.0733079121642424
aegy.wgs.non-AfrI3.AfrI3.unrel.n1206.mapQ20.JntSNPs.dMM4.Ngoye.6.1MBs.beagle.gz.mm05.50kb.rnd10.ld.gz r2 13014.3263263263 0.0653932962274547 0.0590809792227169 0.0732630876041539
aegy.wgs.non-AfrI3.AfrI3.unrel.n1206.mapQ20.JntSNPs.dMM4.Ngoye.6.1MBs.beagle.gz.mm05.50kb.rnd10.ld.gz r2 13044.1051051051 0.0653651249527636 0.0590665059716037 0.0732184572159695
aegy.wgs.non-AfrI3.AfrI3.unrel.n1206.mapQ20.JntSNPs.dMM4.Ngoye.6.1MBs.beagle.gz.mm05.50kb.rnd10.ld.gz r2 13073.8838838839 0.0653370778493029 0.0590520975453776 0.0731740197394196
aegy.wgs.non-AfrI3.AfrI3.unrel.n1206.mapQ20.JntSNPs.dMM4.Ngoye.6.1MBs.beagle.gz.mm05.50kb.rnd10.ld.gz r2 13103.6626626627 0.0653091540974942 0.0590377535094228 0.0731297739251276
aegy.wgs.non-AfrI3.AfrI3.unrel.n1206.mapQ20.JntSNPs.dMM4.Ngoye.6.1MBs.beagle.gz.mm05.50kb.rnd10.ld.gz r2 13133.4414414414 0.0652813528849591 0.0590234734330005 0.0730857185344914
aegy.wgs.non-AfrI3.AfrI3.unrel.n1206.mapQ20.JntSNPs.dMM4.Ngoye.6.1MBs.beagle.gz.mm05.50kb.rnd10.ld.gz r2 13163.2202202202 0.0652536734064406 0.0590092568892057 0.073041852339568
aegy.wgs.non-AfrI3.AfrI3.unrel.n1206.mapQ20.JntSNPs.dMM4.Ngoye.6.1MBs.beagle.gz.mm05.50kb.rnd10.ld.gz r2 13192.998998999 0.065226114863725 0.0589951034549248 0.0729981741229588
aegy.wgs.non-AfrI3.AfrI3.unrel.n1206.mapQ20.JntSNPs.dMM4.Ngoye.6.1MBs.beagle.gz.mm05.50kb.rnd10.ld.gz r2 13222.7777777778 0.0651986764655649 0.0589810127107937 0.0729546826776964
aegy.wgs.non-AfrI3.AfrI3.unrel.n1206.mapQ20.JntSNPs.dMM4.Ngoye.6.1MBs.beagle.gz.mm05.50kb.rnd10.ld.gz r2 13252.5565565566 0.0651713574276037 0.0589669842411561 0.0729113768071336
aegy.wgs.non-AfrI3.AfrI3.unrel.n1206.mapQ20.JntSNPs.dMM4.Ngoye.6.1MBs.beagle.gz.mm05.50kb.rnd10.ld.gz r2 13282.3353353353 0.0651441569723005 0.0589530176340227 0.0728682553248324
aegy.wgs.non-AfrI3.AfrI3.unrel.n1206.mapQ20.JntSNPs.dMM4.Ngoye.6.1MBs.beagle.gz.mm05.50kb.rnd10.ld.gz r2 13312.1141141141 0.0651170743288562 0.0589391124810309 0.0728253170544562
aegy.wgs.non-AfrI3.AfrI3.unrel.n1206.mapQ20.JntSNPs.dMM4.Ngoye.6.1MBs.beagle.gz.mm05.50kb.rnd10.ld.gz r2 13341.8928928929 0.0650901087331404 0.0589252683774049 0.0727825608296618
aegy.wgs.non-AfrI3.AfrI3.unrel.n1206.mapQ20.JntSNPs.dMM4.Ngoye.6.1MBs.beagle.gz.mm05.50kb.rnd10.ld.gz r2 13371.6716716717 0.0650632594276199 0.0589114849219165 0.0727399854939935
aegy.wgs.non-AfrI3.AfrI3.unrel.n1206.mapQ20.JntSNPs.dMM4.Ngoye.6.1MBs.beagle.gz.mm05.50kb.rnd10.ld.gz r2 13401.4504504505 0.0650365256612871 0.0588977617168461 0.0726975899007789
aegy.wgs.non-AfrI3.AfrI3.unrel.n1206.mapQ20.JntSNPs.dMM4.Ngoye.6.1MBs.beagle.gz.mm05.50kb.rnd10.ld.gz r2 13431.2292292292 0.06500990668959 0.0588840983679448 0.072655372913025
aegy.wgs.non-AfrI3.AfrI3.unrel.n1206.mapQ20.JntSNPs.dMM4.Ngoye.6.1MBs.beagle.gz.mm05.50kb.rnd10.ld.gz r2 13461.008008008 0.0649834017743634 0.0588704944843963 0.0726133334033167
aegy.wgs.non-AfrI3.AfrI3.unrel.n1206.mapQ20.JntSNPs.dMM4.Ngoye.6.1MBs.beagle.gz.mm05.50kb.rnd10.ld.gz r2 13490.7867867868 0.0649570101837598 0.0588569496787796 0.0725714702537157
aegy.wgs.non-AfrI3.AfrI3.unrel.n1206.mapQ20.JntSNPs.dMM4.Ngoye.6.1MBs.beagle.gz.mm05.50kb.rnd10.ld.gz r2 13520.5655655656 0.0649307311921823 0.0588434635670325 0.0725297823556612
aegy.wgs.non-AfrI3.AfrI3.unrel.n1206.mapQ20.JntSNPs.dMM4.Ngoye.6.1MBs.beagle.gz.mm05.50kb.rnd10.ld.gz r2 13550.3443443443 0.0649045640802183 0.058830035768415 0.0724882686098721
aegy.wgs.non-AfrI3.AfrI3.unrel.n1206.mapQ20.JntSNPs.dMM4.Ngoye.6.1MBs.beagle.gz.mm05.50kb.rnd10.ld.gz r2 13580.1231231231 0.064878508134573 0.0588166659054735 0.0724469279262494
aegy.wgs.non-AfrI3.AfrI3.unrel.n1206.mapQ20.JntSNPs.dMM4.Ngoye.6.1MBs.beagle.gz.mm05.50kb.rnd10.ld.gz r2 13609.9019019019 0.0648525626480052 0.0588033536040055 0.0724057592237806
aegy.wgs.non-AfrI3.AfrI3.unrel.n1206.mapQ20.JntSNPs.dMM4.Ngoye.6.1MBs.beagle.gz.mm05.50kb.rnd10.ld.gz r2 13639.6806806807 0.0648267269192629 0.0587900984930247 0.0723647614304456
aegy.wgs.non-AfrI3.AfrI3.unrel.n1206.mapQ20.JntSNPs.dMM4.Ngoye.6.1MBs.beagle.gz.mm05.50kb.rnd10.ld.gz r2 13669.4594594595 0.0648010002530195 0.0587769002047262 0.072323933483123
aegy.wgs.non-AfrI3.AfrI3.unrel.n1206.mapQ20.JntSNPs.dMM4.Ngoye.6.1MBs.beagle.gz.mm05.50kb.rnd10.ld.gz r2 13699.2382382382 0.0647753819598125 0.0587637583744531 0.0722832743274976
aegy.wgs.non-AfrI3.AfrI3.unrel.n1206.mapQ20.JntSNPs.dMM4.Ngoye.6.1MBs.beagle.gz.mm05.50kb.rnd10.ld.gz r2 13729.017017017 0.0647498713559806 0.058750672640662 0.07224278291797
aegy.wgs.non-AfrI3.AfrI3.unrel.n1206.mapQ20.JntSNPs.dMM4.Ngoye.6.1MBs.beagle.gz.mm05.50kb.rnd10.ld.gz r2 13758.7957957958 0.0647244677636036 0.0587376426448908 0.0722024582175661
aegy.wgs.non-AfrI3.AfrI3.unrel.n1206.mapQ20.JntSNPs.dMM4.Ngoye.6.1MBs.beagle.gz.mm05.50kb.rnd10.ld.gz r2 13788.5745745746 0.0646991705104416 0.0587246680317251 0.0721622991978486
aegy.wgs.non-AfrI3.AfrI3.unrel.n1206.mapQ20.JntSNPs.dMM4.Ngoye.6.1MBs.beagle.gz.mm05.50kb.rnd10.ld.gz r2 13818.3533533534 0.0646739789298762 0.0587117484487666 0.0721223048388291
aegy.wgs.non-AfrI3.AfrI3.unrel.n1206.mapQ20.JntSNPs.dMM4.Ngoye.6.1MBs.beagle.gz.mm05.50kb.rnd10.ld.gz r2 13848.1321321321 0.0646488923608515 0.0586988835466004 0.0720824741288816
aegy.wgs.non-AfrI3.AfrI3.unrel.n1206.mapQ20.JntSNPs.dMM4.Ngoye.6.1MBs.beagle.gz.mm05.50kb.rnd10.ld.gz r2 13877.9109109109 0.0646239101478163 0.0586860729787642 0.0720428060646566
aegy.wgs.non-AfrI3.AfrI3.unrel.n1206.mapQ20.JntSNPs.dMM4.Ngoye.6.1MBs.beagle.gz.mm05.50kb.rnd10.ld.gz r2 13907.6896896897 0.0645990316406667 0.0586733164017169 0.0720032996509972
aegy.wgs.non-AfrI3.AfrI3.unrel.n1206.mapQ20.JntSNPs.dMM4.Ngoye.6.1MBs.beagle.gz.mm05.50kb.rnd10.ld.gz r2 13937.4684684685 0.06457425619469 0.0586606134748076 0.0719639539008548
aegy.wgs.non-AfrI3.AfrI3.unrel.n1206.mapQ20.JntSNPs.dMM4.Ngoye.6.1MBs.beagle.gz.mm05.50kb.rnd10.ld.gz r2 13967.2472472472 0.0645495831705085 0.0586479638602457 0.0719247678352072
aegy.wgs.non-AfrI3.AfrI3.unrel.n1206.mapQ20.JntSNPs.dMM4.Ngoye.6.1MBs.beagle.gz.mm05.50kb.rnd10.ld.gz r2 13997.026026026 0.0645250119340246 0.0586353672230708 0.071885740482977
aegy.wgs.non-AfrI3.AfrI3.unrel.n1206.mapQ20.JntSNPs.dMM4.Ngoye.6.1MBs.beagle.gz.mm05.50kb.rnd10.ld.gz r2 14026.8048048048 0.0645005418563665 0.0586228232311229 0.071846870880951
aegy.wgs.non-AfrI3.AfrI3.unrel.n1206.mapQ20.JntSNPs.dMM4.Ngoye.6.1MBs.beagle.gz.mm05.50kb.rnd10.ld.gz r2 14056.5835835836 0.0644761723138341 0.0586103315550136 0.0718081580737008
aegy.wgs.non-AfrI3.AfrI3.unrel.n1206.mapQ20.JntSNPs.dMM4.Ngoye.6.1MBs.beagle.gz.mm05.50kb.rnd10.ld.gz r2 14086.3623623624 0.0644519026878465 0.0585978918680967 0.0717696011135041
aegy.wgs.non-AfrI3.AfrI3.unrel.n1206.mapQ20.JntSNPs.dMM4.Ngoye.6.1MBs.beagle.gz.mm05.50kb.rnd10.ld.gz r2 14116.1411411411 0.064427732364889 0.0585855038464403 0.0717311990602674
aegy.wgs.non-AfrI3.AfrI3.unrel.n1206.mapQ20.JntSNPs.dMM4.Ngoye.6.1MBs.beagle.gz.mm05.50kb.rnd10.ld.gz r2 14145.9199199199 0.0644036607364614 0.0585731671687984 0.0716929509814491
aegy.wgs.non-AfrI3.AfrI3.unrel.n1206.mapQ20.JntSNPs.dMM4.Ngoye.6.1MBs.beagle.gz.mm05.50kb.rnd10.ld.gz r2 14175.6986986987 0.0643796871990274 0.0585608815165828 0.0716548559519838
aegy.wgs.non-AfrI3.AfrI3.unrel.n1206.mapQ20.JntSNPs.dMM4.Ngoye.6.1MBs.beagle.gz.mm05.50kb.rnd10.ld.gz r2 14205.4774774775 0.0643558111539633 0.0585486465738363 0.0716169130542076
aegy.wgs.non-AfrI3.AfrI3.unrel.n1206.mapQ20.JntSNPs.dMM4.Ngoye.6.1MBs.beagle.gz.mm05.50kb.rnd10.ld.gz r2 14235.2562562563 0.0643320320075087 0.0585364620272052 0.0715791213777839
aegy.wgs.non-AfrI3.AfrI3.unrel.n1206.mapQ20.JntSNPs.dMM4.Ngoye.6.1MBs.beagle.gz.mm05.50kb.rnd10.ld.gz r2 14265.035035035 0.0643083491707168 0.0585243275659125 0.0715414800196308
aegy.wgs.non-AfrI3.AfrI3.unrel.n1206.mapQ20.JntSNPs.dMM4.Ngoye.6.1MBs.beagle.gz.mm05.50kb.rnd10.ld.gz r2 14294.8138138138 0.0642847620594059 0.0585122428817317 0.0715039880838485
aegy.wgs.non-AfrI3.AfrI3.unrel.n1206.mapQ20.JntSNPs.dMM4.Ngoye.6.1MBs.beagle.gz.mm05.50kb.rnd10.ld.gz r2 14324.5925925926 0.0642612700941114 0.0585002076689604 0.0714666446816484
aegy.wgs.non-AfrI3.AfrI3.unrel.n1206.mapQ20.JntSNPs.dMM4.Ngoye.6.1MBs.beagle.gz.mm05.50kb.rnd10.ld.gz r2 14354.3713713714 0.0642378727000379 0.0584882216243948 0.071429448931282
aegy.wgs.non-AfrI3.AfrI3.unrel.n1206.mapQ20.JntSNPs.dMM4.Ngoye.6.1MBs.beagle.gz.mm05.50kb.rnd10.ld.gz r2 14384.1501501501 0.0642145693070127 0.058476284447304 0.0713923999579721
aegy.wgs.non-AfrI3.AfrI3.unrel.n1206.mapQ20.JntSNPs.dMM4.Ngoye.6.1MBs.beagle.gz.mm05.50kb.rnd10.ld.gz r2 14413.9289289289 0.0641913593494388 0.0584643958394052 0.0713554968938433
aegy.wgs.non-AfrI3.AfrI3.unrel.n1206.mapQ20.JntSNPs.dMM4.Ngoye.6.1MBs.beagle.gz.mm05.50kb.rnd10.ld.gz r2 14443.7077077077 0.0641682422662499 0.0584525555048381 0.0713187388778545
aegy.wgs.non-AfrI3.AfrI3.unrel.n1206.mapQ20.JntSNPs.dMM4.Ngoye.6.1MBs.beagle.gz.mm05.50kb.rnd10.ld.gz r2 14473.4864864865 0.0641452175008643 0.0584407631501412 0.0712821250557315
aegy.wgs.non-AfrI3.AfrI3.unrel.n1206.mapQ20.JntSNPs.dMM4.Ngoye.6.1MBs.beagle.gz.mm05.50kb.rnd10.ld.gz r2 14503.2652652653 0.0641222845011407 0.058429018484227 0.0712456545799005
aegy.wgs.non-AfrI3.AfrI3.unrel.n1206.mapQ20.JntSNPs.dMM4.Ngoye.6.1MBs.beagle.gz.mm05.50kb.rnd10.ld.gz r2 14533.044044044 0.0640994427193338 0.0584173212183582 0.0712093266094228
aegy.wgs.non-AfrI3.AfrI3.unrel.n1206.mapQ20.JntSNPs.dMM4.Ngoye.6.1MBs.beagle.gz.mm05.50kb.rnd10.ld.gz r2 14562.8228228228 0.0640766916120505 0.058405671066124 0.0711731403099296
aegy.wgs.non-AfrI3.AfrI3.unrel.n1206.mapQ20.JntSNPs.dMM4.Ngoye.6.1MBs.beagle.gz.mm05.50kb.rnd10.ld.gz r2 14592.6016016016 0.064054030640207 0.0583940677434169 0.0711370948535582
aegy.wgs.non-AfrI3.AfrI3.unrel.n1206.mapQ20.JntSNPs.dMM4.Ngoye.6.1MBs.beagle.gz.mm05.50kb.rnd10.ld.gz r2 14622.3803803804 0.064031459268986 0.0583825109684091 0.0711011894188885
aegy.wgs.non-AfrI3.AfrI3.unrel.n1206.mapQ20.JntSNPs.dMM4.Ngoye.6.1MBs.beagle.gz.mm05.50kb.rnd10.ld.gz r2 14652.1591591592 0.0640089769677946 0.0583710004615304 0.0710654231908807
aegy.wgs.non-AfrI3.AfrI3.unrel.n1206.mapQ20.JntSNPs.dMM4.Ngoye.6.1MBs.beagle.gz.mm05.50kb.rnd10.ld.gz r2 14681.9379379379 0.0639865832102227 0.0583595359454449 0.0710297953608129
aegy.wgs.non-AfrI3.AfrI3.unrel.n1206.mapQ20.JntSNPs.dMM4.Ngoye.6.1MBs.beagle.gz.mm05.50kb.rnd10.ld.gz r2 14711.7167167167 0.0639642774740016 0.0583481171450291 0.0709943051262204
aegy.wgs.non-AfrI3.AfrI3.unrel.n1206.mapQ20.JntSNPs.dMM4.Ngoye.6.1MBs.beagle.gz.mm05.50kb.rnd10.ld.gz r2 14741.4954954955 0.0639420592409637 0.0583367437873501 0.0709589516908353
aegy.wgs.non-AfrI3.AfrI3.unrel.n1206.mapQ20.JntSNPs.dMM4.Ngoye.6.1MBs.beagle.gz.mm05.50kb.rnd10.ld.gz r2 14771.2742742743 0.0639199279970021 0.0583254156016433 0.0709237342645262
aegy.wgs.non-AfrI3.AfrI3.unrel.n1206.mapQ20.JntSNPs.dMM4.Ngoye.6.1MBs.beagle.gz.mm05.50kb.rnd10.ld.gz r2 14801.0530530531 0.0638978832320309 0.0583141323192913 0.07088865206324
aegy.wgs.non-AfrI3.AfrI3.unrel.n1206.mapQ20.JntSNPs.dMM4.Ngoye.6.1MBs.beagle.gz.mm05.50kb.rnd10.ld.gz r2 14830.8318318318 0.0638759244399461 0.0583028936738025 0.0708537043089427
aegy.wgs.non-AfrI3.AfrI3.unrel.n1206.mapQ20.JntSNPs.dMM4.Ngoye.6.1MBs.beagle.gz.mm05.50kb.rnd10.ld.gz r2 14860.6106106106 0.0638540511185866 0.0582916994007902 0.0708188902295622
aegy.wgs.non-AfrI3.AfrI3.unrel.n1206.mapQ20.JntSNPs.dMM4.Ngoye.6.1MBs.beagle.gz.mm05.50kb.rnd10.ld.gz r2 14890.3893893894 0.0638322627696959 0.0582805492379518 0.0707842090589314
aegy.wgs.non-AfrI3.AfrI3.unrel.n1206.mapQ20.JntSNPs.dMM4.Ngoye.6.1MBs.beagle.gz.mm05.50kb.rnd10.ld.gz r2 14920.1681681682 0.0638105588988843 0.0582694429250481 0.0707496600367312
aegy.wgs.non-AfrI3.AfrI3.unrel.n1206.mapQ20.JntSNPs.dMM4.Ngoye.6.1MBs.beagle.gz.mm05.50kb.rnd10.ld.gz r2 14949.9469469469 0.0637889390155915 0.0582583802038837 0.0707152424084353
aegy.wgs.non-AfrI3.AfrI3.unrel.n1206.mapQ20.JntSNPs.dMM4.Ngoye.6.1MBs.beagle.gz.mm05.50kb.rnd10.ld.gz r2 14979.7257257257 0.0637674026330495 0.0582473608182861 0.0706809554252551
aegy.wgs.non-AfrI3.AfrI3.unrel.n1206.mapQ20.JntSNPs.dMM4.Ngoye.6.1MBs.beagle.gz.mm05.50kb.rnd10.ld.gz r2 15009.5045045045 0.0637459492682457 0.0582363845140866 0.0706467983440848
aegy.wgs.non-AfrI3.AfrI3.unrel.n1206.mapQ20.JntSNPs.dMM4.Ngoye.6.1MBs.beagle.gz.mm05.50kb.rnd10.ld.gz r2 15039.2832832833 0.0637245784418875 0.0582254510391003 0.070612770427448
aegy.wgs.non-AfrI3.AfrI3.unrel.n1206.mapQ20.JntSNPs.dMM4.Ngoye.6.1MBs.beagle.gz.mm05.50kb.rnd10.ld.gz r2 15069.0620620621 0.0637032896783657 0.0582145601431072 0.0705788709434442
aegy.wgs.non-AfrI3.AfrI3.unrel.n1206.mapQ20.JntSNPs.dMM4.Ngoye.6.1MBs.beagle.gz.mm05.50kb.rnd10.ld.gz r2 15098.8408408408 0.0636820825057199 0.0582037115778328 0.0705450991656964
aegy.wgs.non-AfrI3.AfrI3.unrel.n1206.mapQ20.JntSNPs.dMM4.Ngoye.6.1MBs.beagle.gz.mm05.50kb.rnd10.ld.gz r2 15128.6196196196 0.0636609564556029 0.0581929050969292 0.0705114543732988
aegy.wgs.non-AfrI3.AfrI3.unrel.n1206.mapQ20.JntSNPs.dMM4.Ngoye.6.1MBs.beagle.gz.mm05.50kb.rnd10.ld.gz r2 15158.3983983984 0.0636399110632468 0.0581821404559566 0.0704779358507656
aegy.wgs.non-AfrI3.AfrI3.unrel.n1206.mapQ20.JntSNPs.dMM4.Ngoye.6.1MBs.beagle.gz.mm05.50kb.rnd10.ld.gz r2 15188.1771771772 0.0636189458674284 0.0581714174123649 0.0704445428879797
aegy.wgs.non-AfrI3.AfrI3.unrel.n1206.mapQ20.JntSNPs.dMM4.Ngoye.6.1MBs.beagle.gz.mm05.50kb.rnd10.ld.gz r2 15217.955955956 0.0635980604104357 0.0581607357254753 0.070411274780143
aegy.wgs.non-AfrI3.AfrI3.unrel.n1206.mapQ20.JntSNPs.dMM4.Ngoye.6.1MBs.beagle.gz.mm05.50kb.rnd10.ld.gz r2 15247.7347347347 0.0635772542380343 0.0581500951564624 0.0703781308277263
aegy.wgs.non-AfrI3.AfrI3.unrel.n1206.mapQ20.JntSNPs.dMM4.Ngoye.6.1MBs.beagle.gz.mm05.50kb.rnd10.ld.gz r2 15277.5135135135 0.0635565268994348 0.0581394954683363 0.0703451103364202
aegy.wgs.non-AfrI3.AfrI3.unrel.n1206.mapQ20.JntSNPs.dMM4.Ngoye.6.1MBs.beagle.gz.mm05.50kb.rnd10.ld.gz r2 15307.2922922923 0.06353587794726 0.0581289364259252 0.0703122126170862
aegy.wgs.non-AfrI3.AfrI3.unrel.n1206.mapQ20.JntSNPs.dMM4.Ngoye.6.1MBs.beagle.gz.mm05.50kb.rnd10.ld.gz r2 15337.0710710711 0.0635153069375123 0.0581184177958576 0.0702794369857093
aegy.wgs.non-AfrI3.AfrI3.unrel.n1206.mapQ20.JntSNPs.dMM4.Ngoye.6.1MBs.beagle.gz.mm05.50kb.rnd10.ld.gz r2 15366.8498498499 0.0634948134295426 0.0581079393465456 0.0702467827633498
aegy.wgs.non-AfrI3.AfrI3.unrel.n1206.mapQ20.JntSNPs.dMM4.Ngoye.6.1MBs.beagle.gz.mm05.50kb.rnd10.ld.gz r2 15396.6286286286 0.0634743969860182 0.0580975008481676 0.0702142492760964
aegy.wgs.non-AfrI3.AfrI3.unrel.n1206.mapQ20.JntSNPs.dMM4.Ngoye.6.1MBs.beagle.gz.mm05.50kb.rnd10.ld.gz r2 15426.4074074074 0.0634540571728917 0.0580871020726515 0.0701818358550201
aegy.wgs.non-AfrI3.AfrI3.unrel.n1206.mapQ20.JntSNPs.dMM4.Ngoye.6.1MBs.beagle.gz.mm05.50kb.rnd10.ld.gz r2 15456.1861861862 0.0634337935593705 0.058076742793658 0.0701495418361276
aegy.wgs.non-AfrI3.AfrI3.unrel.n1206.mapQ20.JntSNPs.dMM4.Ngoye.6.1MBs.beagle.gz.mm05.50kb.rnd10.ld.gz r2 15485.964964965 0.063413605717886 0.0580664227865645 0.0701173665603166
aegy.wgs.non-AfrI3.AfrI3.unrel.n1206.mapQ20.JntSNPs.dMM4.Ngoye.6.1MBs.beagle.gz.mm05.50kb.rnd10.ld.gz r2 15515.7437437437 0.0633934932240638 0.0580561418284486 0.0700853093733299
aegy.wgs.non-AfrI3.AfrI3.unrel.n1206.mapQ20.JntSNPs.dMM4.Ngoye.6.1MBs.beagle.gz.mm05.50kb.rnd10.ld.gz r2 15545.5225225225 0.0633734556566936 0.0580458996980721 0.0700533696257116
aegy.wgs.non-AfrI3.AfrI3.unrel.n1206.mapQ20.JntSNPs.dMM4.Ngoye.6.1MBs.beagle.gz.mm05.50kb.rnd10.ld.gz r2 15575.3013013013 0.0633534925977 0.058035696175865 0.0700215466727632
aegy.wgs.non-AfrI3.AfrI3.unrel.n1206.mapQ20.JntSNPs.dMM4.Ngoye.6.1MBs.beagle.gz.mm05.50kb.rnd10.ld.gz r2 15605.0800800801 0.0633336036321133 0.05802553104391 0.0699898398744994
aegy.wgs.non-AfrI3.AfrI3.unrel.n1206.mapQ20.JntSNPs.dMM4.Ngoye.6.1MBs.beagle.gz.mm05.50kb.rnd10.ld.gz r2 15634.8588588589 0.0633137883480405 0.0580154040859269 0.0699582485956057
aegy.wgs.non-AfrI3.AfrI3.unrel.n1206.mapQ20.JntSNPs.dMM4.Ngoye.6.1MBs.beagle.gz.mm05.50kb.rnd10.ld.gz r2 15664.6376376376 0.0632940463366373 0.0580053150872573 0.0699267722053957
aegy.wgs.non-AfrI3.AfrI3.unrel.n1206.mapQ20.JntSNPs.dMM4.Ngoye.6.1MBs.beagle.gz.mm05.50kb.rnd10.ld.gz r2 15694.4164164164 0.0632743771920796 0.0579952638348492 0.0698954100777688
aegy.wgs.non-AfrI3.AfrI3.unrel.n1206.mapQ20.JntSNPs.dMM4.Ngoye.6.1MBs.beagle.gz.mm05.50kb.rnd10.ld.gz r2 15724.1951951952 0.0632547805115357 0.0579852501172424 0.0698641615911687
aegy.wgs.non-AfrI3.AfrI3.unrel.n1206.mapQ20.JntSNPs.dMM4.Ngoye.6.1MBs.beagle.gz.mm05.50kb.rnd10.ld.gz r2 15753.973973974 0.0632352558951385 0.0579752737245533 0.0698330261285425
aegy.wgs.non-AfrI3.AfrI3.unrel.n1206.mapQ20.JntSNPs.dMM4.Ngoye.6.1MBs.beagle.gz.mm05.50kb.rnd10.ld.gz r2 15783.7527527528 0.063215802945959 0.0579653344484604 0.0698020030772994
aegy.wgs.non-AfrI3.AfrI3.unrel.n1206.mapQ20.JntSNPs.dMM4.Ngoye.6.1MBs.beagle.gz.mm05.50kb.rnd10.ld.gz r2 15813.5315315315 0.0631964212699787 0.0579554320821897 0.0697710918292708
aegy.wgs.non-AfrI3.AfrI3.unrel.n1206.mapQ20.JntSNPs.dMM4.Ngoye.6.1MBs.beagle.gz.mm05.50kb.rnd10.ld.gz r2 15843.3103103103 0.0631771104760631 0.0579455664205006 0.0697402917806705
aegy.wgs.non-AfrI3.AfrI3.unrel.n1206.mapQ20.JntSNPs.dMM4.Ngoye.6.1MBs.beagle.gz.mm05.50kb.rnd10.ld.gz r2 15873.0890890891 0.0631578701759355 0.0579357372596713 0.0697096023320549
aegy.wgs.non-AfrI3.AfrI3.unrel.n1206.mapQ20.JntSNPs.dMM4.Ngoye.6.1MBs.beagle.gz.mm05.50kb.rnd10.ld.gz r2 15902.8678678679 0.0631386999841507 0.0579259443974851 0.0696790228882844
aegy.wgs.non-AfrI3.AfrI3.unrel.n1206.mapQ20.JntSNPs.dMM4.Ngoye.6.1MBs.beagle.gz.mm05.50kb.rnd10.ld.gz r2 15932.6466466466 0.0631195995180698 0.0579161876332165 0.0696485528584847
aegy.wgs.non-AfrI3.AfrI3.unrel.n1206.mapQ20.JntSNPs.dMM4.Ngoye.6.1MBs.beagle.gz.mm05.50kb.rnd10.ld.gz r2 15962.4254254254 0.0631005683978338 0.0579064667676173 0.0696181916560085
aegy.wgs.non-AfrI3.AfrI3.unrel.n1206.mapQ20.JntSNPs.dMM4.Ngoye.6.1MBs.beagle.gz.mm05.50kb.rnd10.ld.gz r2 15992.2042042042 0.0630816062463392 0.0578967816029032 0.0695879386983977
aegy.wgs.non-AfrI3.AfrI3.unrel.n1206.mapQ20.JntSNPs.dMM4.Ngoye.6.1MBs.beagle.gz.mm05.50kb.rnd10.ld.gz r2 16021.982982983 0.0630627126892125 0.0578871319427403 0.0695577934073464
aegy.wgs.non-AfrI3.AfrI3.unrel.n1206.mapQ20.JntSNPs.dMM4.Ngoye.6.1MBs.beagle.gz.mm05.50kb.rnd10.ld.gz r2 16051.7617617618 0.063043887354786 0.0578775175922317 0.0695277552086637
aegy.wgs.non-AfrI3.AfrI3.unrel.n1206.mapQ20.JntSNPs.dMM4.Ngoye.6.1MBs.beagle.gz.mm05.50kb.rnd10.ld.gz r2 16081.5405405405 0.0630251298740731 0.0578679383579049 0.069497823532237
aegy.wgs.non-AfrI3.AfrI3.unrel.n1206.mapQ20.JntSNPs.dMM4.Ngoye.6.1MBs.beagle.gz.mm05.50kb.rnd10.ld.gz r2 16111.3193193193 0.063006439880744 0.057858394047698 0.0694679978119963
aegy.wgs.non-AfrI3.AfrI3.unrel.n1206.mapQ20.JntSNPs.dMM4.Ngoye.6.1MBs.beagle.gz.mm05.50kb.rnd10.ld.gz r2 16141.0980980981 0.0629878170111022 0.0578488844709475 0.0694382774858778
aegy.wgs.non-AfrI3.AfrI3.unrel.n1206.mapQ20.JntSNPs.dMM4.Ngoye.6.1MBs.beagle.gz.mm05.50kb.rnd10.ld.gz r2 16170.8768768769 0.0629692609040608 0.0578394094383754 0.069408661995789
aegy.wgs.non-AfrI3.AfrI3.unrel.n1206.mapQ20.JntSNPs.dMM4.Ngoye.6.1MBs.beagle.gz.mm05.50kb.rnd10.ld.gz r2 16200.6556556557 0.0629507712011189 0.0578299687620766 0.0693791507875735
aegy.wgs.non-AfrI3.AfrI3.unrel.n1206.mapQ20.JntSNPs.dMM4.Ngoye.6.1MBs.beagle.gz.mm05.50kb.rnd10.ld.gz r2 16230.4344344344 0.0629323475463386 0.0578205622555066 0.0693497433109761
aegy.wgs.non-AfrI3.AfrI3.unrel.n1206.mapQ20.JntSNPs.dMM4.Ngoye.6.1MBs.beagle.gz.mm05.50kb.rnd10.ld.gz r2 16260.2132132132 0.0629139895863224 0.0578111897334689 0.0693204390196091
aegy.wgs.non-AfrI3.AfrI3.unrel.n1206.mapQ20.JntSNPs.dMM4.Ngoye.6.1MBs.beagle.gz.mm05.50kb.rnd10.ld.gz r2 16289.991991992 0.06289569697019 0.0578018510121031 0.0692912373709177
aegy.wgs.non-AfrI3.AfrI3.unrel.n1206.mapQ20.JntSNPs.dMM4.Ngoye.6.1MBs.beagle.gz.mm05.50kb.rnd10.ld.gz r2 16319.7707707708 0.0628774693495565 0.0577925459088731 0.0692621378261469
aegy.wgs.non-AfrI3.AfrI3.unrel.n1206.mapQ20.JntSNPs.dMM4.Ngoye.6.1MBs.beagle.gz.mm05.50kb.rnd10.ld.gz r2 16349.5495495496 0.0628593063785098 0.0577832742425545 0.0692331398503079
aegy.wgs.non-AfrI3.AfrI3.unrel.n1206.mapQ20.JntSNPs.dMM4.Ngoye.6.1MBs.beagle.gz.mm05.50kb.rnd10.ld.gz r2 16379.3283283283 0.062841207713589 0.0577740358332236 0.0692042429121455
aegy.wgs.non-AfrI3.AfrI3.unrel.n1206.mapQ20.JntSNPs.dMM4.Ngoye.6.1MBs.beagle.gz.mm05.50kb.rnd10.ld.gz r2 16409.1071071071 0.0628231730137626 0.0577648305022452 0.0691754464841057
aegy.wgs.non-AfrI3.AfrI3.unrel.n1206.mapQ20.JntSNPs.dMM4.Ngoye.6.1MBs.beagle.gz.mm05.50kb.rnd10.ld.gz r2 16438.8858858859 0.0628052019404071 0.0577556580722614 0.069146750042303
aegy.wgs.non-AfrI3.AfrI3.unrel.n1206.mapQ20.JntSNPs.dMM4.Ngoye.6.1MBs.beagle.gz.mm05.50kb.rnd10.ld.gz r2 16468.6646646647 0.0627872941572856 0.0577465183671801 0.069118153066489
aegy.wgs.non-AfrI3.AfrI3.unrel.n1206.mapQ20.JntSNPs.dMM4.Ngoye.6.1MBs.beagle.gz.mm05.50kb.rnd10.ld.gz r2 16498.4434434434 0.0627694493305271 0.0577374112121636 0.0690896550400208
aegy.wgs.non-AfrI3.AfrI3.unrel.n1206.mapQ20.JntSNPs.dMM4.Ngoye.6.1MBs.beagle.gz.mm05.50kb.rnd10.ld.gz r2 16528.2222222222 0.0627516671286053 0.0577283364336177 0.0690612554498294
aegy.wgs.non-AfrI3.AfrI3.unrel.n1206.mapQ20.JntSNPs.dMM4.Ngoye.6.1MBs.beagle.gz.mm05.50kb.rnd10.ld.gz r2 16558.001001001 0.0627339472223188 0.0577192938591805 0.0690329537863896
aegy.wgs.non-AfrI3.AfrI3.unrel.n1206.mapQ20.JntSNPs.dMM4.Ngoye.6.1MBs.beagle.gz.mm05.50kb.rnd10.ld.gz r2 16587.7797797798 0.0627162892847697 0.0577102833177116 0.0690047495436887
aegy.wgs.non-AfrI3.AfrI3.unrel.n1206.mapQ20.JntSNPs.dMM4.Ngoye.6.1MBs.beagle.gz.mm05.50kb.rnd10.ld.gz r2 16617.5585585586 0.0626986929913444 0.057701304639281 0.0689766422191966
aegy.wgs.non-AfrI3.AfrI3.unrel.n1206.mapQ20.JntSNPs.dMM4.Ngoye.6.1MBs.beagle.gz.mm05.50kb.rnd10.ld.gz r2 16647.3373373373 0.0626811580196932 0.0576923576551588 0.0689486313138358
aegy.wgs.non-AfrI3.AfrI3.unrel.n1206.mapQ20.JntSNPs.dMM4.Ngoye.6.1MBs.beagle.gz.mm05.50kb.rnd10.ld.gz r2 16677.1161161161 0.0626636840497108 0.0576834421978045 0.068920716331952
aegy.wgs.non-AfrI3.AfrI3.unrel.n1206.mapQ20.JntSNPs.dMM4.Ngoye.6.1MBs.beagle.gz.mm05.50kb.rnd10.ld.gz r2 16706.8948948949 0.0626462707635165 0.0576745581008563 0.0688928967812844
aegy.wgs.non-AfrI3.AfrI3.unrel.n1206.mapQ20.JntSNPs.dMM4.Ngoye.6.1MBs.beagle.gz.mm05.50kb.rnd10.ld.gz r2 16736.6736736737 0.0626289178454354 0.0576657051991212 0.068865172172937
aegy.wgs.non-AfrI3.AfrI3.unrel.n1206.mapQ20.JntSNPs.dMM4.Ngoye.6.1MBs.beagle.gz.mm05.50kb.rnd10.ld.gz r2 16766.4524524525 0.0626116249819787 0.0576568833285642 0.0688375420213498
aegy.wgs.non-AfrI3.AfrI3.unrel.n1206.mapQ20.JntSNPs.dMM4.Ngoye.6.1MBs.beagle.gz.mm05.50kb.rnd10.ld.gz r2 16796.2312312312 0.0625943918618252 0.0576480923262988 0.0688100058442701
aegy.wgs.non-AfrI3.AfrI3.unrel.n1206.mapQ20.JntSNPs.dMM4.Ngoye.6.1MBs.beagle.gz.mm05.50kb.rnd10.ld.gz r2 16826.01001001 0.0625772181758028 0.0576393320305763 0.0687825631627251
aegy.wgs.non-AfrI3.AfrI3.unrel.n1206.mapQ20.JntSNPs.dMM4.Ngoye.6.1MBs.beagle.gz.mm05.50kb.rnd10.ld.gz r2 16855.7887887888 0.0625601036168691 0.0576306022807765 0.068755213500993
aegy.wgs.non-AfrI3.AfrI3.unrel.n1206.mapQ20.JntSNPs.dMM4.Ngoye.6.1MBs.beagle.gz.mm05.50kb.rnd10.ld.gz r2 16885.5675675676 0.0625430478800943 0.0576219029173975 0.0687279563865766
aegy.wgs.non-AfrI3.AfrI3.unrel.n1206.mapQ20.JntSNPs.dMM4.Ngoye.6.1MBs.beagle.gz.mm05.50kb.rnd10.ld.gz r2 16915.3463463463 0.0625260506626419 0.0576132337820459 0.0687007913501749
aegy.wgs.non-AfrI3.AfrI3.unrel.n1206.mapQ20.JntSNPs.dMM4.Ngoye.6.1MBs.beagle.gz.mm05.50kb.rnd10.ld.gz r2 16945.1251251251 0.0625091116637516 0.0576045947174276 0.068673717925657
aegy.wgs.non-AfrI3.AfrI3.unrel.n1206.mapQ20.JntSNPs.dMM4.Ngoye.6.1MBs.beagle.gz.mm05.50kb.rnd10.ld.gz r2 16974.9039039039 0.0624922305847212 0.0575959855673379 0.0686467356500349
aegy.wgs.non-AfrI3.AfrI3.unrel.n1206.mapQ20.JntSNPs.dMM4.Ngoye.6.1MBs.beagle.gz.mm05.50kb.rnd10.ld.gz r2 17004.6826826827 0.0624754071288888 0.0575874061766523 0.0686198440634371
aegy.wgs.non-AfrI3.AfrI3.unrel.n1206.mapQ20.JntSNPs.dMM4.Ngoye.6.1MBs.beagle.gz.mm05.50kb.rnd10.ld.gz r2 17034.4614614615 0.0624586410016159 0.057578856391317 0.0685930427090824
aegy.wgs.non-AfrI3.AfrI3.unrel.n1206.mapQ20.JntSNPs.dMM4.Ngoye.6.1MBs.beagle.gz.mm05.50kb.rnd10.ld.gz r2 17064.2402402402 0.0624419319102699 0.0575703360583399 0.0685663311332542
aegy.wgs.non-AfrI3.AfrI3.unrel.n1206.mapQ20.JntSNPs.dMM4.Ngoye.6.1MBs.beagle.gz.mm05.50kb.rnd10.ld.gz r2 17094.019019019 0.0624252795642069 0.0575618450257812 0.0685397088852744
aegy.wgs.non-AfrI3.AfrI3.unrel.n1206.mapQ20.JntSNPs.dMM4.Ngoye.6.1MBs.beagle.gz.mm05.50kb.rnd10.ld.gz r2 17123.7977977978 0.0624086836747552 0.0575533831427447 0.0685131755174784
aegy.wgs.non-AfrI3.AfrI3.unrel.n1206.mapQ20.JntSNPs.dMM4.Ngoye.6.1MBs.beagle.gz.mm05.50kb.rnd10.ld.gz r2 17153.5765765766 0.0623921439551983 0.0575449502593685 0.0684867305851898
aegy.wgs.non-AfrI3.AfrI3.unrel.n1206.mapQ20.JntSNPs.dMM4.Ngoye.6.1MBs.beagle.gz.mm05.50kb.rnd10.ld.gz r2 17183.3553553554 0.0623756601207585 0.0575365462268164 0.0684603736466954
aegy.wgs.non-AfrI3.AfrI3.unrel.n1206.mapQ20.JntSNPs.dMM4.Ngoye.6.1MBs.beagle.gz.mm05.50kb.rnd10.ld.gz r2 17213.1341341341 0.0623592318885804 0.0575281708972691 0.0684341042632206
aegy.wgs.non-AfrI3.AfrI3.unrel.n1206.mapQ20.JntSNPs.dMM4.Ngoye.6.1MBs.beagle.gz.mm05.50kb.rnd10.ld.gz r2 17242.9129129129 0.0623428589777149 0.0575198241239154 0.0684079219989051
aegy.wgs.non-AfrI3.AfrI3.unrel.n1206.mapQ20.JntSNPs.dMM4.Ngoye.6.1MBs.beagle.gz.mm05.50kb.rnd10.ld.gz r2 17272.6916916917 0.0623265411091032 0.0575115057609436 0.0683818264207785
aegy.wgs.non-AfrI3.AfrI3.unrel.n1206.mapQ20.JntSNPs.dMM4.Ngoye.6.1MBs.beagle.gz.mm05.50kb.rnd10.ld.gz r2 17302.4704704705 0.0623102780055606 0.0575032156635335 0.0683558170987366
aegy.wgs.non-AfrI3.AfrI3.unrel.n1206.mapQ20.JntSNPs.dMM4.Ngoye.6.1MBs.beagle.gz.mm05.50kb.rnd10.ld.gz r2 17332.2492492492 0.062294069391761 0.0574949536878472 0.0683298936055177
aegy.wgs.non-AfrI3.AfrI3.unrel.n1206.mapQ20.JntSNPs.dMM4.Ngoye.6.1MBs.beagle.gz.mm05.50kb.rnd10.ld.gz r2 17362.028028028 0.0622779149942213 0.0574867196910214 0.068304055516679
aegy.wgs.non-AfrI3.AfrI3.unrel.n1206.mapQ20.JntSNPs.dMM4.Ngoye.6.1MBs.beagle.gz.mm05.50kb.rnd10.ld.gz r2 17391.8068068068 0.0622618145412863 0.0574785135311588 0.0682783024105733
aegy.wgs.non-AfrI3.AfrI3.unrel.n1206.mapQ20.JntSNPs.dMM4.Ngoye.6.1MBs.beagle.gz.mm05.50kb.rnd10.ld.gz r2 17421.5855855856 0.0622457677631128 0.0574703350673204 0.0682526338683263
aegy.wgs.non-AfrI3.AfrI3.unrel.n1206.mapQ20.JntSNPs.dMM4.Ngoye.6.1MBs.beagle.gz.mm05.50kb.rnd10.ld.gz r2 17451.3643643644 0.0622297743916552 0.0574621841595167 0.0682270494738138
aegy.wgs.non-AfrI3.AfrI3.unrel.n1206.mapQ20.JntSNPs.dMM4.Ngoye.6.1MBs.beagle.gz.mm05.50kb.rnd10.ld.gz r2 17481.1431431431 0.06221383416065 0.0574540606687005 0.0682015488136388
aegy.wgs.non-AfrI3.AfrI3.unrel.n1206.mapQ20.JntSNPs.dMM4.Ngoye.6.1MBs.beagle.gz.mm05.50kb.rnd10.ld.gz r2 17510.9219219219 0.0621979468056015 0.0574459644567583 0.0681761314771096
aegy.wgs.non-AfrI3.AfrI3.unrel.n1206.mapQ20.JntSNPs.dMM4.Ngoye.6.1MBs.beagle.gz.mm05.50kb.rnd10.ld.gz r2 17540.7007007007 0.0621821120637666 0.0574378953865031 0.0681507970562174
aegy.wgs.non-AfrI3.AfrI3.unrel.n1206.mapQ20.JntSNPs.dMM4.Ngoye.6.1MBs.beagle.gz.mm05.50kb.rnd10.ld.gz r2 17570.4794794795 0.0621663296741409 0.0574298533216661 0.0681255451456146
aegy.wgs.non-AfrI3.AfrI3.unrel.n1206.mapQ20.JntSNPs.dMM4.Ngoye.6.1MBs.beagle.gz.mm05.50kb.rnd10.ld.gz r2 17600.2582582583 0.0621505993774439 0.0574218381268894 0.068100375342593
aegy.wgs.non-AfrI3.AfrI3.unrel.n1206.mapQ20.JntSNPs.dMM4.Ngoye.6.1MBs.beagle.gz.mm05.50kb.rnd10.ld.gz r2 17630.037037037 0.062134920916105 0.0574138496677182 0.0680752872470625
aegy.wgs.non-AfrI3.AfrI3.unrel.n1206.mapQ20.JntSNPs.dMM4.Ngoye.6.1MBs.beagle.gz.mm05.50kb.rnd10.ld.gz r2 17659.8158158158 0.0621192940342492 0.0574058878105934 0.0680502804615297
aegy.wgs.non-AfrI3.AfrI3.unrel.n1206.mapQ20.JntSNPs.dMM4.Ngoye.6.1MBs.beagle.gz.mm05.50kb.rnd10.ld.gz r2 17689.5945945946 0.0621037184776835 0.0573979524228441 0.0680253545910769
aegy.wgs.non-AfrI3.AfrI3.unrel.n1206.mapQ20.JntSNPs.dMM4.Ngoye.6.1MBs.beagle.gz.mm05.50kb.rnd10.ld.gz r2 17719.3733733734 0.0620881939938828 0.0573900433726801 0.0680005092433412
aegy.wgs.non-AfrI3.AfrI3.unrel.n1206.mapQ20.JntSNPs.dMM4.Ngoye.6.1MBs.beagle.gz.mm05.50kb.rnd10.ld.gz r2 17749.1521521522 0.0620727203319764 0.0573821605291849 0.067975744028494
aegy.wgs.non-AfrI3.AfrI3.unrel.n1206.mapQ20.JntSNPs.dMM4.Ngoye.6.1MBs.beagle.gz.mm05.50kb.rnd10.ld.gz r2 17778.9309309309 0.0620572972427345 0.0573743037623083 0.0679510585592205
aegy.wgs.non-AfrI3.AfrI3.unrel.n1206.mapQ20.JntSNPs.dMM4.Ngoye.6.1MBs.beagle.gz.mm05.50kb.rnd10.ld.gz r2 17808.7097097097 0.0620419244785547 0.0573664729428591 0.0679264524506994
aegy.wgs.non-AfrI3.AfrI3.unrel.n1206.mapQ20.JntSNPs.dMM4.Ngoye.6.1MBs.beagle.gz.mm05.50kb.rnd10.ld.gz r2 17838.4884884885 0.0620266017934486 0.0573586679424983 0.067901925320583
aegy.wgs.non-AfrI3.AfrI3.unrel.n1206.mapQ20.JntSNPs.dMM4.Ngoye.6.1MBs.beagle.gz.mm05.50kb.rnd10.ld.gz r2 17868.2672672673 0.062011328943029 0.0573508886337319 0.0678774767889771
aegy.wgs.non-AfrI3.AfrI3.unrel.n1206.mapQ20.JntSNPs.dMM4.Ngoye.6.1MBs.beagle.gz.mm05.50kb.rnd10.ld.gz r2 17898.046046046 0.0619961056844968 0.0573431348899041 0.0678531064784215
aegy.wgs.non-AfrI3.AfrI3.unrel.n1206.mapQ20.JntSNPs.dMM4.Ngoye.6.1MBs.beagle.gz.mm05.50kb.rnd10.ld.gz r2 17927.8248248248 0.0619809317766279 0.0573354065851901 0.0678288140138707
aegy.wgs.non-AfrI3.AfrI3.unrel.n1206.mapQ20.JntSNPs.dMM4.Ngoye.6.1MBs.beagle.gz.mm05.50kb.rnd10.ld.gz r2 17957.6036036036 0.0619658069797605 0.0573277035945899 0.0678045990226743
aegy.wgs.non-AfrI3.AfrI3.unrel.n1206.mapQ20.JntSNPs.dMM4.Ngoye.6.1MBs.beagle.gz.mm05.50kb.rnd10.ld.gz r2 17987.3823823824 0.0619507310557827 0.0573200257939207 0.0677804611345579
aegy.wgs.non-AfrI3.AfrI3.unrel.n1206.mapQ20.JntSNPs.dMM4.Ngoye.6.1MBs.beagle.gz.mm05.50kb.rnd10.ld.gz r2 18017.1611611612 0.0619357037681198 0.0573123730598112 0.0677563999816046
aegy.wgs.non-AfrI3.AfrI3.unrel.n1206.mapQ20.JntSNPs.dMM4.Ngoye.6.1MBs.beagle.gz.mm05.50kb.rnd10.ld.gz r2 18046.9399399399 0.0619207248817221 0.0573047452696942 0.0677324151982358
aegy.wgs.non-AfrI3.AfrI3.unrel.n1206.mapQ20.JntSNPs.dMM4.Ngoye.6.1MBs.beagle.gz.mm05.50kb.rnd10.ld.gz r2 18076.7187187187 0.0619057941630523 0.0572971423018003 0.0677085064211928
aegy.wgs.non-AfrI3.AfrI3.unrel.n1206.mapQ20.JntSNPs.dMM4.Ngoye.6.1MBs.beagle.gz.mm05.50kb.rnd10.ld.gz r2 18106.4974974975 0.0618909113800735 0.0572895640351518 0.0676846732895184
aegy.wgs.non-AfrI3.AfrI3.unrel.n1206.mapQ20.JntSNPs.dMM4.Ngoye.6.1MBs.beagle.gz.mm05.50kb.rnd10.ld.gz r2 18136.2762762763 0.0618760763022374 0.0572820103495555 0.0676609154445389
aegy.wgs.non-AfrI3.AfrI3.unrel.n1206.mapQ20.JntSNPs.dMM4.Ngoye.6.1MBs.beagle.gz.mm05.50kb.rnd10.ld.gz r2 18166.0550550551 0.061861288700472 0.0572744811255973 0.0676372325298458
aegy.wgs.non-AfrI3.AfrI3.unrel.n1206.mapQ20.JntSNPs.dMM4.Ngoye.6.1MBs.beagle.gz.mm05.50kb.rnd10.ld.gz r2 18195.8338338338 0.06184654834717 0.0572669762446348 0.067613624191278
aegy.wgs.non-AfrI3.AfrI3.unrel.n1206.mapQ20.JntSNPs.dMM4.Ngoye.6.1MBs.beagle.gz.mm05.50kb.rnd10.ld.gz r2 18225.6126126126 0.0618318550161773 0.0572594955887923 0.067590090076904
aegy.wgs.non-AfrI3.AfrI3.unrel.n1206.mapQ20.JntSNPs.dMM4.Ngoye.6.1MBs.beagle.gz.mm05.50kb.rnd10.ld.gz r2 18255.3913913914 0.061817208482781 0.0572520390409536 0.0675666298370048
aegy.wgs.non-AfrI3.AfrI3.unrel.n1206.mapQ20.JntSNPs.dMM4.Ngoye.6.1MBs.beagle.gz.mm05.50kb.rnd10.ld.gz r2 18285.1701701702 0.0618026085236981 0.0572446064847562 0.067543243124056
aegy.wgs.non-AfrI3.AfrI3.unrel.n1206.mapQ20.JntSNPs.dMM4.Ngoye.6.1MBs.beagle.gz.mm05.50kb.rnd10.ld.gz r2 18314.9489489489 0.0617880549170644 0.0572371978045857 0.0675199295927108
aegy.wgs.non-AfrI3.AfrI3.unrel.n1206.mapQ20.JntSNPs.dMM4.Ngoye.6.1MBs.beagle.gz.mm05.50kb.rnd10.ld.gz r2 18344.7277277277 0.0617735474424229 0.057229812885569 0.0674966888997833
aegy.wgs.non-AfrI3.AfrI3.unrel.n1206.mapQ20.JntSNPs.dMM4.Ngoye.6.1MBs.beagle.gz.mm05.50kb.rnd10.ld.gz r2 18374.5065065065 0.0617590858807127 0.0572224516135692 0.067473520704231
aegy.wgs.non-AfrI3.AfrI3.unrel.n1206.mapQ20.JntSNPs.dMM4.Ngoye.6.1MBs.beagle.gz.mm05.50kb.rnd10.ld.gz r2 18404.2852852853 0.0617446700142582 0.057215113875179 0.0674504246671385
aegy.wgs.non-AfrI3.AfrI3.unrel.n1206.mapQ20.JntSNPs.dMM4.Ngoye.6.1MBs.beagle.gz.mm05.50kb.rnd10.ld.gz r2 18434.0640640641 0.061730299626758 0.0572077995577153 0.0674274004517009
aegy.wgs.non-AfrI3.AfrI3.unrel.n1206.mapQ20.JntSNPs.dMM4.Ngoye.6.1MBs.beagle.gz.mm05.50kb.rnd10.ld.gz r2 18463.8428428428 0.061715974503274 0.0572005085492132 0.0674044477232072
aegy.wgs.non-AfrI3.AfrI3.unrel.n1206.mapQ20.JntSNPs.dMM4.Ngoye.6.1MBs.beagle.gz.mm05.50kb.rnd10.ld.gz r2 18493.6216216216 0.0617016944302209 0.0571932407384206 0.0673815661490243
aegy.wgs.non-AfrI3.AfrI3.unrel.n1206.mapQ20.JntSNPs.dMM4.Ngoye.6.1MBs.beagle.gz.mm05.50kb.rnd10.ld.gz r2 18523.4004004004 0.0616874591953552 0.0571859960147922 0.0673587553985807
aegy.wgs.non-AfrI3.AfrI3.unrel.n1206.mapQ20.JntSNPs.dMM4.Ngoye.6.1MBs.beagle.gz.mm05.50kb.rnd10.ld.gz r2 18553.1791791792 0.0616732685877652 0.057178774268484 0.0673360151433506
aegy.wgs.non-AfrI3.AfrI3.unrel.n1206.mapQ20.JntSNPs.dMM4.Ngoye.6.1MBs.beagle.gz.mm05.50kb.rnd10.ld.gz r2 18582.957957958 0.06165912239786 0.0571715753903478 0.0673133450568379
aegy.wgs.non-AfrI3.AfrI3.unrel.n1206.mapQ20.JntSNPs.dMM4.Ngoye.6.1MBs.beagle.gz.mm05.50kb.rnd10.ld.gz r2 18612.7367367367 0.0616450204173596 0.0571643992719257 0.0672907448145612
aegy.wgs.non-AfrI3.AfrI3.unrel.n1206.mapQ20.JntSNPs.dMM4.Ngoye.6.1MBs.beagle.gz.mm05.50kb.rnd10.ld.gz r2 18642.5155155155 0.0616309624392845 0.0571572458054447 0.0672682140940374
aegy.wgs.non-AfrI3.AfrI3.unrel.n1206.mapQ20.JntSNPs.dMM4.Ngoye.6.1MBs.beagle.gz.mm05.50kb.rnd10.ld.gz r2 18672.2942942943 0.0616169482579456 0.0571501148838109 0.0672457525747669
aegy.wgs.non-AfrI3.AfrI3.unrel.n1206.mapQ20.JntSNPs.dMM4.Ngoye.6.1MBs.beagle.gz.mm05.50kb.rnd10.ld.gz r2 18702.0730730731 0.0616029776689341 0.057143006400605 0.0672233599382182
aegy.wgs.non-AfrI3.AfrI3.unrel.n1206.mapQ20.JntSNPs.dMM4.Ngoye.6.1MBs.beagle.gz.mm05.50kb.rnd10.ld.gz r2 18731.8518518519 0.0615890504691115 0.057135920250076 0.0672010358678129
aegy.wgs.non-AfrI3.AfrI3.unrel.n1206.mapQ20.JntSNPs.dMM4.Ngoye.6.1MBs.beagle.gz.mm05.50kb.rnd10.ld.gz r2 18761.6306306306 0.0615751664565999 0.0571288563271366 0.0671787800489105
aegy.wgs.non-AfrI3.AfrI3.unrel.n1206.mapQ20.JntSNPs.dMM4.Ngoye.6.1MBs.beagle.gz.mm05.50kb.rnd10.ld.gz r2 18791.4094094094 0.0615613254307724 0.0571218145273581 0.0671565921687938
aegy.wgs.non-AfrI3.AfrI3.unrel.n1206.mapQ20.JntSNPs.dMM4.Ngoye.6.1MBs.beagle.gz.mm05.50kb.rnd10.ld.gz r2 18821.1881881882 0.0615475271922427 0.0571147947469647 0.0671344719166543
aegy.wgs.non-AfrI3.AfrI3.unrel.n1206.mapQ20.JntSNPs.dMM4.Ngoye.6.1MBs.beagle.gz.mm05.50kb.rnd10.ld.gz r2 18850.966966967 0.0615337715428564 0.0571077968828286 0.0671124189835774
aegy.wgs.non-AfrI3.AfrI3.unrel.n1206.mapQ20.JntSNPs.dMM4.Ngoye.6.1MBs.beagle.gz.mm05.50kb.rnd10.ld.gz r2 18880.7457457457 0.061520058285681 0.0571008208324654 0.0670904330625282
aegy.wgs.non-AfrI3.AfrI3.unrel.n1206.mapQ20.JntSNPs.dMM4.Ngoye.6.1MBs.beagle.gz.mm05.50kb.rnd10.ld.gz r2 18910.5245245245 0.0615063872249965 0.0570938664940285 0.0670685138483371
aegy.wgs.non-AfrI3.AfrI3.unrel.n1206.mapQ20.JntSNPs.dMM4.Ngoye.6.1MBs.beagle.gz.mm05.50kb.rnd10.ld.gz r2 18940.3033033033 0.0614927581662863 0.0570869337663044 0.0670466610376856
aegy.wgs.non-AfrI3.AfrI3.unrel.n1206.mapQ20.JntSNPs.dMM4.Ngoye.6.1MBs.beagle.gz.mm05.50kb.rnd10.ld.gz r2 18970.0820820821 0.0614791709162279 0.0570800225487079 0.0670248743290924
aegy.wgs.non-AfrI3.AfrI3.unrel.n1206.mapQ20.JntSNPs.dMM4.Ngoye.6.1MBs.beagle.gz.mm05.50kb.rnd10.ld.gz r2 18999.8608608609 0.0614656252826836 0.0570731327412769 0.0670031534228997
aegy.wgs.non-AfrI3.AfrI3.unrel.n1206.mapQ20.JntSNPs.dMM4.Ngoye.6.1MBs.beagle.gz.mm05.50kb.rnd10.ld.gz r2 19029.6396396396 0.0614521210746915 0.0570662642446679 0.0669814980212587
aegy.wgs.non-AfrI3.AfrI3.unrel.n1206.mapQ20.JntSNPs.dMM4.Ngoye.6.1MBs.beagle.gz.mm05.50kb.rnd10.ld.gz r2 19059.4184184184 0.0614386581024565 0.0570594169601511 0.066959907828117
aegy.wgs.non-AfrI3.AfrI3.unrel.n1206.mapQ20.JntSNPs.dMM4.Ngoye.6.1MBs.beagle.gz.mm05.50kb.rnd10.ld.gz r2 19089.1971971972 0.0614252361773417 0.0570525907896058 0.0669383825492042
aegy.wgs.non-AfrI3.AfrI3.unrel.n1206.mapQ20.JntSNPs.dMM4.Ngoye.6.1MBs.beagle.gz.mm05.50kb.rnd10.ld.gz r2 19118.975975976 0.0614118551118591 0.0570457856355152 0.0669169218920188
aegy.wgs.non-AfrI3.AfrI3.unrel.n1206.mapQ20.JntSNPs.dMM4.Ngoye.6.1MBs.beagle.gz.mm05.50kb.rnd10.ld.gz r2 19148.7547547548 0.0613985147196611 0.0570390014009626 0.0668955255658152
aegy.wgs.non-AfrI3.AfrI3.unrel.n1206.mapQ20.JntSNPs.dMM4.Ngoye.6.1MBs.beagle.gz.mm05.50kb.rnd10.ld.gz r2 19178.5335335335 0.061385214815532 0.057032237989626 0.0668741932815901
aegy.wgs.non-AfrI3.AfrI3.unrel.n1206.mapQ20.JntSNPs.dMM4.Ngoye.6.1MBs.beagle.gz.mm05.50kb.rnd10.ld.gz r2 19208.3123123123 0.0613719552153789 0.0570254953057742 0.0668529247520697
aegy.wgs.non-AfrI3.AfrI3.unrel.n1206.mapQ20.JntSNPs.dMM4.Ngoye.6.1MBs.beagle.gz.mm05.50kb.rnd10.ld.gz r2 19238.0910910911 0.0613587357362241 0.0570187732542615 0.0668317196916967
aegy.wgs.non-AfrI3.AfrI3.unrel.n1206.mapQ20.JntSNPs.dMM4.Ngoye.6.1MBs.beagle.gz.mm05.50kb.rnd10.ld.gz r2 19267.8698698699 0.0613455561961955 0.0570120717405241 0.0668105778166177
aegy.wgs.non-AfrI3.AfrI3.unrel.n1206.mapQ20.JntSNPs.dMM4.Ngoye.6.1MBs.beagle.gz.mm05.50kb.rnd10.ld.gz r2 19297.6486486487 0.0613324164145193 0.0570053906705751 0.06678949884467
aegy.wgs.non-AfrI3.AfrI3.unrel.n1206.mapQ20.JntSNPs.dMM4.Ngoye.6.1MBs.beagle.gz.mm05.50kb.rnd10.ld.gz r2 19327.4274274274 0.0613193162115112 0.0569987299510003 0.0667684824953697
aegy.wgs.non-AfrI3.AfrI3.unrel.n1206.mapQ20.JntSNPs.dMM4.Ngoye.6.1MBs.beagle.gz.mm05.50kb.rnd10.ld.gz r2 19357.2062062062 0.0613062554085681 0.0569920894889536 0.0667475284898987
aegy.wgs.non-AfrI3.AfrI3.unrel.n1206.mapQ20.JntSNPs.dMM4.Ngoye.6.1MBs.beagle.gz.mm05.50kb.rnd10.ld.gz r2 19386.984984985 0.0612932338281605 0.0569854691921532 0.0667266365510925
aegy.wgs.non-AfrI3.AfrI3.unrel.n1206.mapQ20.JntSNPs.dMM4.Ngoye.6.1MBs.beagle.gz.mm05.50kb.rnd10.ld.gz r2 19416.7637637638 0.0612802512938239 0.0569788689688767 0.066705806403428
aegy.wgs.non-AfrI3.AfrI3.unrel.n1206.mapQ20.JntSNPs.dMM4.Ngoye.6.1MBs.beagle.gz.mm05.50kb.rnd10.ld.gz r2 19446.5425425425 0.061267307630151 0.0569722887279573 0.0666850377730113
aegy.wgs.non-AfrI3.AfrI3.unrel.n1206.mapQ20.JntSNPs.dMM4.Ngoye.6.1MBs.beagle.gz.mm05.50kb.rnd10.ld.gz r2 19476.3213213213 0.0612544026627841 0.0569657283787795 0.0666643303875659
aegy.wgs.non-AfrI3.AfrI3.unrel.n1206.mapQ20.JntSNPs.dMM4.Ngoye.6.1MBs.beagle.gz.mm05.50kb.rnd10.ld.gz r2 19506.1001001001 0.0612415362184067 0.0569591878312749 0.0666436839764205
aegy.wgs.non-AfrI3.AfrI3.unrel.n1206.mapQ20.JntSNPs.dMM4.Ngoye.6.1MBs.beagle.gz.mm05.50kb.rnd10.ld.gz r2 19535.8788788789 0.0612287081247362 0.0569526669959181 0.0666230982704971
aegy.wgs.non-AfrI3.AfrI3.unrel.n1206.mapQ20.JntSNPs.dMM4.Ngoye.6.1MBs.beagle.gz.mm05.50kb.rnd10.ld.gz r2 19565.6576576577 0.061215918210516 0.0569461657837225 0.0666025730022996
aegy.wgs.non-AfrI3.AfrI3.unrel.n1206.mapQ20.JntSNPs.dMM4.Ngoye.6.1MBs.beagle.gz.mm05.50kb.rnd10.ld.gz r2 19595.4364364364 0.0612031663055079 0.0569396841062365 0.0665821079059021
aegy.wgs.non-AfrI3.AfrI3.unrel.n1206.mapQ20.JntSNPs.dMM4.Ngoye.6.1MBs.beagle.gz.mm05.50kb.rnd10.ld.gz r2 19625.2152152152 0.0611904522404845 0.0569332218755391 0.0665617027169371
aegy.wgs.non-AfrI3.AfrI3.unrel.n1206.mapQ20.JntSNPs.dMM4.Ngoye.6.1MBs.beagle.gz.mm05.50kb.rnd10.ld.gz r2 19654.993993994 0.0611777758472218 0.0569267790042365 0.0665413571725846
aegy.wgs.non-AfrI3.AfrI3.unrel.n1206.mapQ20.JntSNPs.dMM4.Ngoye.6.1MBs.beagle.gz.mm05.50kb.rnd10.ld.gz r2 19684.7727727728 0.0611651369584918 0.0569203554054574 0.0665210710115603
aegy.wgs.non-AfrI3.AfrI3.unrel.n1206.mapQ20.JntSNPs.dMM4.Ngoye.6.1MBs.beagle.gz.mm05.50kb.rnd10.ld.gz r2 19714.5515515516 0.0611525354080549 0.05691395099285 0.0665008439741047
aegy.wgs.non-AfrI3.AfrI3.unrel.n1206.mapQ20.JntSNPs.dMM4.Ngoye.6.1MBs.beagle.gz.mm05.50kb.rnd10.ld.gz r2 19744.3303303303 0.0611399710306529 0.0569075656805773 0.066480675801972
aegy.wgs.non-AfrI3.AfrI3.unrel.n1206.mapQ20.JntSNPs.dMM4.Ngoye.6.1MBs.beagle.gz.mm05.50kb.rnd10.ld.gz r2 19774.1091091091 0.0611274436620016 0.0569011993833136 0.0664605662384188
aegy.wgs.non-AfrI3.AfrI3.unrel.n1206.mapQ20.JntSNPs.dMM4.Ngoye.6.1MBs.beagle.gz.mm05.50kb.rnd10.ld.gz r2 19803.8878878879 0.0611149531387835 0.0568948520162409 0.0664405150281934
aegy.wgs.non-AfrI3.AfrI3.unrel.n1206.mapQ20.JntSNPs.dMM4.Ngoye.6.1MBs.beagle.gz.mm05.50kb.rnd10.ld.gz r2 19833.6666666667 0.0611024992986413 0.0568885234950448 0.0664205219175251
aegy.wgs.non-AfrI3.AfrI3.unrel.n1206.mapQ20.JntSNPs.dMM4.Ngoye.6.1MBs.beagle.gz.mm05.50kb.rnd10.ld.gz r2 19863.4454454454 0.0610900819801699 0.0568822137359111 0.066400586654113
aegy.wgs.non-AfrI3.AfrI3.unrel.n1206.mapQ20.JntSNPs.dMM4.Ngoye.6.1MBs.beagle.gz.mm05.50kb.rnd10.ld.gz r2 19893.2242242242 0.0610777010229102 0.0568759226555216 0.0663807089871161
aegy.wgs.non-AfrI3.AfrI3.unrel.n1206.mapQ20.JntSNPs.dMM4.Ngoye.6.1MBs.beagle.gz.mm05.50kb.rnd10.ld.gz r2 19923.003003003 0.0610653562673421 0.0568696501710509 0.066360888667142
aegy.wgs.non-AfrI3.AfrI3.unrel.n1206.mapQ20.JntSNPs.dMM4.Ngoye.6.1MBs.beagle.gz.mm05.50kb.rnd10.ld.gz r2 19952.7817817818 0.0610530475548771 0.0568633962001626 0.066341125446237
aegy.wgs.non-AfrI3.AfrI3.unrel.n1206.mapQ20.JntSNPs.dMM4.Ngoye.6.1MBs.beagle.gz.mm05.50kb.rnd10.ld.gz r2 19982.5605605606 0.0610407747278521 0.0568571606610057 0.0663214190778753
aegy.wgs.non-AfrI3.AfrI3.unrel.n1206.mapQ20.JntSNPs.dMM4.Ngoye.6.1MBs.beagle.gz.mm05.50kb.rnd10.ld.gz r2 20012.3393393393 0.0610285376295225 0.056850943472211 0.0663017693169491
aegy.wgs.non-AfrI3.AfrI3.unrel.n1206.mapQ20.JntSNPs.dMM4.Ngoye.6.1MBs.beagle.gz.mm05.50kb.rnd10.ld.gz r2 20042.1181181181 0.0610163361040552 0.0568447445528876 0.0662821759197583
aegy.wgs.non-AfrI3.AfrI3.unrel.n1206.mapQ20.JntSNPs.dMM4.Ngoye.6.1MBs.beagle.gz.mm05.50kb.rnd10.ld.gz r2 20071.8968968969 0.0610041699965223 0.0568385638226194 0.0662626386440004
aegy.wgs.non-AfrI3.AfrI3.unrel.n1206.mapQ20.JntSNPs.dMM4.Ngoye.6.1MBs.beagle.gz.mm05.50kb.rnd10.ld.gz r2 20101.6756756757 0.0609920391528948 0.0568324012014615 0.0662431572487602
aegy.wgs.non-AfrI3.AfrI3.unrel.n1206.mapQ20.JntSNPs.dMM4.Ngoye.6.1MBs.beagle.gz.mm05.50kb.rnd10.ld.gz r2 20131.4544544545 0.0609799434200353 0.0568262566099368 0.0662237314945005
aegy.wgs.non-AfrI3.AfrI3.unrel.n1206.mapQ20.JntSNPs.dMM4.Ngoye.6.1MBs.beagle.gz.mm05.50kb.rnd10.ld.gz r2 20161.2332332332 0.0609678826456922 0.056820129969033 0.0662043611430516
aegy.wgs.non-AfrI3.AfrI3.unrel.n1206.mapQ20.JntSNPs.dMM4.Ngoye.6.1MBs.beagle.gz.mm05.50kb.rnd10.ld.gz r2 20191.012012012 0.0609558566784933 0.0568140212001984 0.0661850459576021
aegy.wgs.non-AfrI3.AfrI3.unrel.n1206.mapQ20.JntSNPs.dMM4.Ngoye.6.1MBs.beagle.gz.mm05.50kb.rnd10.ld.gz r2 20220.7907907908 0.0609438653679389 0.0568079302253391 0.0661657857026889
aegy.wgs.non-AfrI3.AfrI3.unrel.n1206.mapQ20.JntSNPs.dMM4.Ngoye.6.1MBs.beagle.gz.mm05.50kb.rnd10.ld.gz r2 20250.5695695696 0.0609319085643962 0.0568018569668157 0.0661465801441875
aegy.wgs.non-AfrI3.AfrI3.unrel.n1206.mapQ20.JntSNPs.dMM4.Ngoye.6.1MBs.beagle.gz.mm05.50kb.rnd10.ld.gz r2 20280.3483483483 0.0609199861190927 0.0567958013474398 0.066127429049303
aegy.wgs.non-AfrI3.AfrI3.unrel.n1206.mapQ20.JntSNPs.dMM4.Ngoye.6.1MBs.beagle.gz.mm05.50kb.rnd10.ld.gz r2 20310.1271271271 0.0609080978841099 0.0567897632904707 0.0661083321865601
aegy.wgs.non-AfrI3.AfrI3.unrel.n1206.mapQ20.JntSNPs.dMM4.Ngoye.6.1MBs.beagle.gz.mm05.50kb.rnd10.ld.gz r2 20339.9059059059 0.0608962437123777 0.0567837427196124 0.0660892893257942
aegy.wgs.non-AfrI3.AfrI3.unrel.n1206.mapQ20.JntSNPs.dMM4.Ngoye.6.1MBs.beagle.gz.mm05.50kb.rnd10.ld.gz r2 20369.6846846847 0.0608844234576678 0.0567777395590099 0.0660703002381419
aegy.wgs.non-AfrI3.AfrI3.unrel.n1206.mapQ20.JntSNPs.dMM4.Ngoye.6.1MBs.beagle.gz.mm05.50kb.rnd10.ld.gz r2 20399.4634634635 0.0608726369745878 0.0567717537332468 0.0660513646960318
aegy.wgs.non-AfrI3.AfrI3.unrel.n1206.mapQ20.JntSNPs.dMM4.Ngoye.6.1MBs.beagle.gz.mm05.50kb.rnd10.ld.gz r2 20429.2422422422 0.0608608841185754 0.0567657851673413 0.0660324824731755
aegy.wgs.non-AfrI3.AfrI3.unrel.n1206.mapQ20.JntSNPs.dMM4.Ngoye.6.1MBs.beagle.gz.mm05.50kb.rnd10.ld.gz r2 20459.021021021 0.0608491647458924 0.0567598337867437 0.0660136533445586
aegy.wgs.non-AfrI3.AfrI3.unrel.n1206.mapQ20.JntSNPs.dMM4.Ngoye.6.1MBs.beagle.gz.mm05.50kb.rnd10.ld.gz r2 20488.7997997998 0.0608374787136189 0.0567538995173328 0.0659948770864315
aegy.wgs.non-AfrI3.AfrI3.unrel.n1206.mapQ20.JntSNPs.dMM4.Ngoye.6.1MBs.beagle.gz.mm05.50kb.rnd10.ld.gz r2 20518.5785785786 0.0608258258796473 0.0567479822854134 0.0659761534763008
aegy.wgs.non-AfrI3.AfrI3.unrel.n1206.mapQ20.JntSNPs.dMM4.Ngoye.6.1MBs.beagle.gz.mm05.50kb.rnd10.ld.gz r2 20548.3573573574 0.0608142061026767 0.0567420820177125 0.0659574822929204
aegy.wgs.non-AfrI3.AfrI3.unrel.n1206.mapQ20.JntSNPs.dMM4.Ngoye.6.1MBs.beagle.gz.mm05.50kb.rnd10.ld.gz r2 20578.1361361361 0.060802619242207 0.0567361986413771 0.0659388633162828
aegy.wgs.non-AfrI3.AfrI3.unrel.n1206.mapQ20.JntSNPs.dMM4.Ngoye.6.1MBs.beagle.gz.mm05.50kb.rnd10.ld.gz r2 20607.9149149149 0.0607910651585337 0.0567303320839706 0.0659202963276101
aegy.wgs.non-AfrI3.AfrI3.unrel.n1206.mapQ20.JntSNPs.dMM4.Ngoye.6.1MBs.beagle.gz.mm05.50kb.rnd10.ld.gz r2 20637.6936936937 0.0607795437127415 0.0567244822734699 0.0659017811093461
aegy.wgs.non-AfrI3.AfrI3.unrel.n1206.mapQ20.JntSNPs.dMM4.Ngoye.6.1MBs.beagle.gz.mm05.50kb.rnd10.ld.gz r2 20667.4724724725 0.0607680547666996 0.0567186491382627 0.0658833174451471
aegy.wgs.non-AfrI3.AfrI3.unrel.n1206.mapQ20.JntSNPs.dMM4.Ngoye.6.1MBs.beagle.gz.mm05.50kb.rnd10.ld.gz r2 20697.2512512513 0.0607565981830553 0.0567128326071445 0.0658649051198739
aegy.wgs.non-AfrI3.AfrI3.unrel.n1206.mapQ20.JntSNPs.dMM4.Ngoye.6.1MBs.beagle.gz.mm05.50kb.rnd10.ld.gz r2 20727.03003003 0.0607451738252295 0.0567070326093156 0.0658465439195832
aegy.wgs.non-AfrI3.AfrI3.unrel.n1206.mapQ20.JntSNPs.dMM4.Ngoye.6.1MBs.beagle.gz.mm05.50kb.rnd10.ld.gz r2 20756.8088088088 0.0607337815574102 0.0567012490743782 0.0658282336315194
aegy.wgs.non-AfrI3.AfrI3.unrel.n1206.mapQ20.JntSNPs.dMM4.Ngoye.6.1MBs.beagle.gz.mm05.50kb.rnd10.ld.gz r2 20786.5875875876 0.060722421244548 0.0566954819323337 0.0658099740441063
aegy.wgs.non-AfrI3.AfrI3.unrel.n1206.mapQ20.JntSNPs.dMM4.Ngoye.6.1MBs.beagle.gz.mm05.50kb.rnd10.ld.gz r2 20816.3663663664 0.0607110927523502 0.0566897311135799 0.065791764946939
aegy.wgs.non-AfrI3.AfrI3.unrel.n1206.mapQ20.JntSNPs.dMM4.Ngoye.6.1MBs.beagle.gz.mm05.50kb.rnd10.ld.gz r2 20846.1451451451 0.060699795947276 0.0566839965489078 0.0657736061307759
aegy.wgs.non-AfrI3.AfrI3.unrel.n1206.mapQ20.JntSNPs.dMM4.Ngoye.6.1MBs.beagle.gz.mm05.50kb.rnd10.ld.gz r2 20875.9239239239 0.0606885306965307 0.0566782781694995 0.0657554973875304
aegy.wgs.non-AfrI3.AfrI3.unrel.n1206.mapQ20.JntSNPs.dMM4.Ngoye.6.1MBs.beagle.gz.mm05.50kb.rnd10.ld.gz r2 20905.7027027027 0.0606772968680608 0.0566725759069247 0.065737438510263
aegy.wgs.non-AfrI3.AfrI3.unrel.n1206.mapQ20.JntSNPs.dMM4.Ngoye.6.1MBs.beagle.gz.mm05.50kb.rnd10.ld.gz r2 20935.4814814815 0.0606660943305487 0.0566668896931386 0.0657194292931738
aegy.wgs.non-AfrI3.AfrI3.unrel.n1206.mapQ20.JntSNPs.dMM4.Ngoye.6.1MBs.beagle.gz.mm05.50kb.rnd10.ld.gz r2 20965.2602602603 0.0606549229534079 0.0566612194604788 0.0657014695315939
aegy.wgs.non-AfrI3.AfrI3.unrel.n1206.mapQ20.JntSNPs.dMM4.Ngoye.6.1MBs.beagle.gz.mm05.50kb.rnd10.ld.gz r2 20995.039039039 0.0606437826067775 0.056655565141663 0.0656835590219786
aegy.wgs.non-AfrI3.AfrI3.unrel.n1206.mapQ20.JntSNPs.dMM4.Ngoye.6.1MBs.beagle.gz.mm05.50kb.rnd10.ld.gz r2 21024.8178178178 0.0606326731615175 0.0566499266697856 0.0656656975618987
aegy.wgs.non-AfrI3.AfrI3.unrel.n1206.mapQ20.JntSNPs.dMM4.Ngoye.6.1MBs.beagle.gz.mm05.50kb.rnd10.ld.gz r2 21054.5965965966 0.0606215944892034 0.056644303978316 0.0656478849500337
aegy.wgs.non-AfrI3.AfrI3.unrel.n1206.mapQ20.JntSNPs.dMM4.Ngoye.6.1MBs.beagle.gz.mm05.50kb.rnd10.ld.gz r2 21084.3753753754 0.0606105464621218 0.0566386970010953 0.0656301209861636
aegy.wgs.non-AfrI3.AfrI3.unrel.n1206.mapQ20.JntSNPs.dMM4.Ngoye.6.1MBs.beagle.gz.mm05.50kb.rnd10.ld.gz r2 21114.1541541542 0.0605995289532651 0.056633105672334 0.0656124054711618
aegy.wgs.non-AfrI3.AfrI3.unrel.n1206.mapQ20.JntSNPs.dMM4.Ngoye.6.1MBs.beagle.gz.mm05.50kb.rnd10.ld.gz r2 21143.9329329329 0.0605885418363265 0.0566275299266093 0.0655947382069875
aegy.wgs.non-AfrI3.AfrI3.unrel.n1206.mapQ20.JntSNPs.dMM4.Ngoye.6.1MBs.beagle.gz.mm05.50kb.rnd10.ld.gz r2 21173.7117117117 0.0605775849856957 0.0566219696988628 0.0655771189966781
aegy.wgs.non-AfrI3.AfrI3.unrel.n1206.mapQ20.JntSNPs.dMM4.Ngoye.6.1MBs.beagle.gz.mm05.50kb.rnd10.ld.gz r2 21203.4904904905 0.0605666582764536 0.0566164249243975 0.0655595476443424
aegy.wgs.non-AfrI3.AfrI3.unrel.n1206.mapQ20.JntSNPs.dMM4.Ngoye.6.1MBs.beagle.gz.mm05.50kb.rnd10.ld.gz r2 21233.2692692693 0.0605557615843679 0.0566108955388757 0.0655420239551526
aegy.wgs.non-AfrI3.AfrI3.unrel.n1206.mapQ20.JntSNPs.dMM4.Ngoye.6.1MBs.beagle.gz.mm05.50kb.rnd10.ld.gz r2 21263.048048048 0.060544894785888 0.0566053814783164 0.0655245477353377
aegy.wgs.non-AfrI3.AfrI3.unrel.n1206.mapQ20.JntSNPs.dMM4.Ngoye.6.1MBs.beagle.gz.mm05.50kb.rnd10.ld.gz r2 21292.8268268268 0.0605340577581408 0.0565998826790928 0.0655071187921762
aegy.wgs.non-AfrI3.AfrI3.unrel.n1206.mapQ20.JntSNPs.dMM4.Ngoye.6.1MBs.beagle.gz.mm05.50kb.rnd10.ld.gz r2 21322.6056056056 0.0605232503789257 0.0565943990779298 0.0654897369339887
aegy.wgs.non-AfrI3.AfrI3.unrel.n1206.mapQ20.JntSNPs.dMM4.Ngoye.6.1MBs.beagle.gz.mm05.50kb.rnd10.ld.gz r2 21352.3843843844 0.0605124725267101 0.0565889306119017 0.0654724019701312
aegy.wgs.non-AfrI3.AfrI3.unrel.n1206.mapQ20.JntSNPs.dMM4.Ngoye.6.1MBs.beagle.gz.mm05.50kb.rnd10.ld.gz r2 21382.1631631632 0.060501724080625 0.0565834772184297 0.0654551137109879
aegy.wgs.non-AfrI3.AfrI3.unrel.n1206.mapQ20.JntSNPs.dMM4.Ngoye.6.1MBs.beagle.gz.mm05.50kb.rnd10.ld.gz r2 21411.9419419419 0.0604910049204603 0.0565780388352795 0.0654378719679646
aegy.wgs.non-AfrI3.AfrI3.unrel.n1206.mapQ20.JntSNPs.dMM4.Ngoye.6.1MBs.beagle.gz.mm05.50kb.rnd10.ld.gz r2 21441.7207207207 0.0604803149266603 0.0565726154005591 0.0654206765534814
aegy.wgs.non-AfrI3.AfrI3.unrel.n1206.mapQ20.JntSNPs.dMM4.Ngoye.6.1MBs.beagle.gz.mm05.50kb.rnd10.ld.gz r2 21471.4994994995 0.0604696539803192 0.056567206852716 0.0654035272809661
aegy.wgs.non-AfrI3.AfrI3.unrel.n1206.mapQ20.JntSNPs.dMM4.Ngoye.6.1MBs.beagle.gz.mm05.50kb.rnd10.ld.gz r2 21501.2782782783 0.0604590219631771 0.0565618131305357 0.0653864239648474
aegy.wgs.non-AfrI3.AfrI3.unrel.n1206.mapQ20.JntSNPs.dMM4.Ngoye.6.1MBs.beagle.gz.mm05.50kb.rnd10.ld.gz r2 21531.0570570571 0.0604484187576151 0.0565564341731384 0.0653693664205483
aegy.wgs.non-AfrI3.AfrI3.unrel.n1206.mapQ20.JntSNPs.dMM4.Ngoye.6.1MBs.beagle.gz.mm05.50kb.rnd10.ld.gz r2 21560.8358358358 0.0604378442466513 0.0565510699199775 0.0653523544644795
aegy.wgs.non-AfrI3.AfrI3.unrel.n1206.mapQ20.JntSNPs.dMM4.Ngoye.6.1MBs.beagle.gz.mm05.50kb.rnd10.ld.gz r2 21590.6146146146 0.0604272983139363 0.0565457203108368 0.0653353879140323
aegy.wgs.non-AfrI3.AfrI3.unrel.n1206.mapQ20.JntSNPs.dMM4.Ngoye.6.1MBs.beagle.gz.mm05.50kb.rnd10.ld.gz r2 21620.3933933934 0.060416780843749 0.0565403852858287 0.0653184665875727
aegy.wgs.non-AfrI3.AfrI3.unrel.n1206.mapQ20.JntSNPs.dMM4.Ngoye.6.1MBs.beagle.gz.mm05.50kb.rnd10.ld.gz r2 21650.1721721722 0.0604062917209924 0.0565350647853914 0.0653015903044346
aegy.wgs.non-AfrI3.AfrI3.unrel.n1206.mapQ20.JntSNPs.dMM4.Ngoye.6.1MBs.beagle.gz.mm05.50kb.rnd10.ld.gz r2 21679.950950951 0.0603958308311893 0.0565297587502874 0.0652847588849133
aegy.wgs.non-AfrI3.AfrI3.unrel.n1206.mapQ20.JntSNPs.dMM4.Ngoye.6.1MBs.beagle.gz.mm05.50kb.rnd10.ld.gz r2 21709.7297297297 0.0603853980604784 0.0565244671216007 0.0652679721502593
aegy.wgs.non-AfrI3.AfrI3.unrel.n1206.mapQ20.JntSNPs.dMM4.Ngoye.6.1MBs.beagle.gz.mm05.50kb.rnd10.ld.gz r2 21739.5085085085 0.0603749932956098 0.0565191898407347 0.0652512299226718
aegy.wgs.non-AfrI3.AfrI3.unrel.n1206.mapQ20.JntSNPs.dMM4.Ngoye.6.1MBs.beagle.gz.mm05.50kb.rnd10.ld.gz r2 21769.2872872873 0.060364616423941 0.0565139268494105 0.0652345320252923
aegy.wgs.non-AfrI3.AfrI3.unrel.n1206.mapQ20.JntSNPs.dMM4.Ngoye.6.1MBs.beagle.gz.mm05.50kb.rnd10.ld.gz r2 21799.0660660661 0.060354267333433 0.0565086780896642 0.0652178782821989
aegy.wgs.non-AfrI3.AfrI3.unrel.n1206.mapQ20.JntSNPs.dMM4.Ngoye.6.1MBs.beagle.gz.mm05.50kb.rnd10.ld.gz r2 21828.8448448448 0.0603439459126462 0.0565034435038449 0.0652012685183994
aegy.wgs.non-AfrI3.AfrI3.unrel.n1206.mapQ20.JntSNPs.dMM4.Ngoye.6.1MBs.beagle.gz.mm05.50kb.rnd10.ld.gz r2 21858.6236236236 0.0603336520507363 0.056498223034613 0.0651847025598258
aegy.wgs.non-AfrI3.AfrI3.unrel.n1206.mapQ20.JntSNPs.dMM4.Ngoye.6.1MBs.beagle.gz.mm05.50kb.rnd10.ld.gz r2 21888.4024024024 0.0603233856374504 0.0564930166249376 0.0651681802333275
aegy.wgs.non-AfrI3.AfrI3.unrel.n1206.mapQ20.JntSNPs.dMM4.Ngoye.6.1MBs.beagle.gz.mm05.50kb.rnd10.ld.gz r2 21918.1811811812 0.0603131465631229 0.0564878242180944 0.0651517013666661
aegy.wgs.non-AfrI3.AfrI3.unrel.n1206.mapQ20.JntSNPs.dMM4.Ngoye.6.1MBs.beagle.gz.mm05.50kb.rnd10.ld.gz r2 21947.95995996 0.0603029347186721 0.0564826457576643 0.0651352657885086
aegy.wgs.non-AfrI3.AfrI3.unrel.n1206.mapQ20.JntSNPs.dMM4.Ngoye.6.1MBs.beagle.gz.mm05.50kb.rnd10.ld.gz r2 21977.7387387387 0.0602927499955955 0.0564774811875307 0.0651188733284221
aegy.wgs.non-AfrI3.AfrI3.unrel.n1206.mapQ20.JntSNPs.dMM4.Ngoye.6.1MBs.beagle.gz.mm05.50kb.rnd10.ld.gz r2 22007.5175175175 0.0602825922859667 0.0564723304518775 0.0651025238168676
aegy.wgs.non-AfrI3.AfrI3.unrel.n1206.mapQ20.JntSNPs.dMM4.Ngoye.6.1MBs.beagle.gz.mm05.50kb.rnd10.ld.gz r2 22037.2962962963 0.0602724614824313 0.0564671934951874 0.0650862170851939
aegy.wgs.non-AfrI3.AfrI3.unrel.n1206.mapQ20.JntSNPs.dMM4.Ngoye.6.1MBs.beagle.gz.mm05.50kb.rnd10.ld.gz r2 22067.0750750751 0.060262357478203 0.05646207026224 0.0650699529656322
aegy.wgs.non-AfrI3.AfrI3.unrel.n1206.mapQ20.JntSNPs.dMM4.Ngoye.6.1MBs.beagle.gz.mm05.50kb.rnd10.ld.gz r2 22096.8538538539 0.06025228016706 0.0564569606981092 0.0650537312912904
aegy.wgs.non-AfrI3.AfrI3.unrel.n1206.mapQ20.JntSNPs.dMM4.Ngoye.6.1MBs.beagle.gz.mm05.50kb.rnd10.ld.gz r2 22126.6326326326 0.0602422294433413 0.0564518647481619 0.0650375518961468
aegy.wgs.non-AfrI3.AfrI3.unrel.n1206.mapQ20.JntSNPs.dMM4.Ngoye.6.1MBs.beagle.gz.mm05.50kb.rnd10.ld.gz r2 22156.4114114114 0.0602322052019429 0.0564467823580557 0.0650214146150451
aegy.wgs.non-AfrI3.AfrI3.unrel.n1206.mapQ20.JntSNPs.dMM4.Ngoye.6.1MBs.beagle.gz.mm05.50kb.rnd10.ld.gz r2 22186.1901901902 0.060222207338314 0.056441713473737 0.0650053192836883
aegy.wgs.non-AfrI3.AfrI3.unrel.n1206.mapQ20.JntSNPs.dMM4.Ngoye.6.1MBs.beagle.gz.mm05.50kb.rnd10.ld.gz r2 22215.968968969 0.0602122357484539 0.0564366580414393 0.0649892657386332
aegy.wgs.non-AfrI3.AfrI3.unrel.n1206.mapQ20.JntSNPs.dMM4.Ngoye.6.1MBs.beagle.gz.mm05.50kb.rnd10.ld.gz r2 22245.7477477477 0.0602022903289076 0.0564316160076809 0.0649732538172853
aegy.wgs.non-AfrI3.AfrI3.unrel.n1206.mapQ20.JntSNPs.dMM4.Ngoye.6.1MBs.beagle.gz.mm05.50kb.rnd10.ld.gz r2 22275.5265265265 0.060192370976763 0.0564265873192634 0.0649572833578925
aegy.wgs.non-AfrI3.AfrI3.unrel.n1206.mapQ20.JntSNPs.dMM4.Ngoye.6.1MBs.beagle.gz.mm05.50kb.rnd10.ld.gz r2 22305.3053053053 0.0601824775896468 0.0564215719232697 0.0649413541995404
aegy.wgs.non-AfrI3.AfrI3.unrel.n1206.mapQ20.JntSNPs.dMM4.Ngoye.6.1MBs.beagle.gz.mm05.50kb.rnd10.ld.gz r2 22335.0840840841 0.0601726100657212 0.056416569767062 0.0649254661821464
aegy.wgs.non-AfrI3.AfrI3.unrel.n1206.mapQ20.JntSNPs.dMM4.Ngoye.6.1MBs.beagle.gz.mm05.50kb.rnd10.ld.gz r2 22364.8628628629 0.0601627683036804 0.0564115807982801 0.0649096191464546
aegy.wgs.non-AfrI3.AfrI3.unrel.n1206.mapQ20.JntSNPs.dMM4.Ngoye.6.1MBs.beagle.gz.mm05.50kb.rnd10.ld.gz r2 22394.6416416416 0.0601529522027471 0.0564066049648396 0.0648938129340302
aegy.wgs.non-AfrI3.AfrI3.unrel.n1206.mapQ20.JntSNPs.dMM4.Ngoye.6.1MBs.beagle.gz.mm05.50kb.rnd10.ld.gz r2 22424.4204204204 0.0601431616626689 0.05640164221493 0.0648780473872546
aegy.wgs.non-AfrI3.AfrI3.unrel.n1206.mapQ20.JntSNPs.dMM4.Ngoye.6.1MBs.beagle.gz.mm05.50kb.rnd10.ld.gz r2 22454.1991991992 0.0601333965837153 0.056396692497013 0.0648623223493199
aegy.wgs.non-AfrI3.AfrI3.unrel.n1206.mapQ20.JntSNPs.dMM4.Ngoye.6.1MBs.beagle.gz.mm05.50kb.rnd10.ld.gz r2 22483.977977978 0.0601236568666739 0.0563917557598206 0.0648466376642234
aegy.wgs.non-AfrI3.AfrI3.unrel.n1206.mapQ20.JntSNPs.dMM4.Ngoye.6.1MBs.beagle.gz.mm05.50kb.rnd10.ld.gz r2 22513.7567567568 0.0601139424128472 0.0563868319523534 0.0648309931767631
aegy.wgs.non-AfrI3.AfrI3.unrel.n1206.mapQ20.JntSNPs.dMM4.Ngoye.6.1MBs.beagle.gz.mm05.50kb.rnd10.ld.gz r2 22543.5355355355 0.0601042531240493 0.0563819210238787 0.0648153887325323
aegy.wgs.non-AfrI3.AfrI3.unrel.n1206.mapQ20.JntSNPs.dMM4.Ngoye.6.1MBs.beagle.gz.mm05.50kb.rnd10.ld.gz r2 22573.3143143143 0.0600945889026024 0.0563770229239291 0.064799824177914
aegy.wgs.non-AfrI3.AfrI3.unrel.n1206.mapQ20.JntSNPs.dMM4.Ngoye.6.1MBs.beagle.gz.mm05.50kb.rnd10.ld.gz r2 22603.0930930931 0.060084949651334 0.0563721376023004 0.0647842993600767
aegy.wgs.non-AfrI3.AfrI3.unrel.n1206.mapQ20.JntSNPs.dMM4.Ngoye.6.1MBs.beagle.gz.mm05.50kb.rnd10.ld.gz r2 22632.8718718719 0.0600753352735728 0.0563672650090501 0.0647688141269687
aegy.wgs.non-AfrI3.AfrI3.unrel.n1206.mapQ20.JntSNPs.dMM4.Ngoye.6.1MBs.beagle.gz.mm05.50kb.rnd10.ld.gz r2 22662.6506506507 0.0600657456731464 0.0563624050944956 0.0647533683273137
aegy.wgs.non-AfrI3.AfrI3.unrel.n1206.mapQ20.JntSNPs.dMM4.Ngoye.6.1MBs.beagle.gz.mm05.50kb.rnd10.ld.gz r2 22692.4294294294 0.0600561807543774 0.0563575578092126 0.0647379618106052
aegy.wgs.non-AfrI3.AfrI3.unrel.n1206.mapQ20.JntSNPs.dMM4.Ngoye.6.1MBs.beagle.gz.mm05.50kb.rnd10.ld.gz r2 22722.2082082082 0.0600466404220806 0.0563527231040332 0.0647225944271023
aegy.wgs.non-AfrI3.AfrI3.unrel.n1206.mapQ20.JntSNPs.dMM4.Ngoye.6.1MBs.beagle.gz.mm05.50kb.rnd10.ld.gz r2 22751.986986987 0.0600371245815597 0.0563479009300448 0.0647072660278244
aegy.wgs.non-AfrI3.AfrI3.unrel.n1206.mapQ20.JntSNPs.dMM4.Ngoye.6.1MBs.beagle.gz.mm05.50kb.rnd10.ld.gz r2 22781.7657657658 0.060027633138604 0.0563430912385876 0.0646919764645463
aegy.wgs.non-AfrI3.AfrI3.unrel.n1206.mapQ20.JntSNPs.dMM4.Ngoye.6.1MBs.beagle.gz.mm05.50kb.rnd10.ld.gz r2 22811.5445445445 0.0600181659994858 0.0563382939812536 0.0646767255897939
aegy.wgs.non-AfrI3.AfrI3.unrel.n1206.mapQ20.JntSNPs.dMM4.Ngoye.6.1MBs.beagle.gz.mm05.50kb.rnd10.ld.gz r2 22841.3233233233 0.0600087230709566 0.0563335091098849 0.0646615132568389
aegy.wgs.non-AfrI3.AfrI3.unrel.n1206.mapQ20.JntSNPs.dMM4.Ngoye.6.1MBs.beagle.gz.mm05.50kb.rnd10.ld.gz r2 22871.1021021021 0.0599993042602446 0.0563287365765719 0.0646463393196946
aegy.wgs.non-AfrI3.AfrI3.unrel.n1206.mapQ20.JntSNPs.dMM4.Ngoye.6.1MBs.beagle.gz.mm05.50kb.rnd10.ld.gz r2 22900.8808808809 0.0599899094750516 0.0563239763336518 0.0646312036331108
aegy.wgs.non-AfrI3.AfrI3.unrel.n1206.mapQ20.JntSNPs.dMM4.Ngoye.6.1MBs.beagle.gz.mm05.50kb.rnd10.ld.gz r2 22930.6596596597 0.0599805386235497 0.0563192283337069 0.0646161060525693
aegy.wgs.non-AfrI3.AfrI3.unrel.n1206.mapQ20.JntSNPs.dMM4.Ngoye.6.1MBs.beagle.gz.mm05.50kb.rnd10.ld.gz r2 22960.4384384384 0.0599711916143783 0.0563144925295633 0.0646010464342794
aegy.wgs.non-AfrI3.AfrI3.unrel.n1206.mapQ20.JntSNPs.dMM4.Ngoye.6.1MBs.beagle.gz.mm05.50kb.rnd10.ld.gz r2 22990.2172172172 0.0599618683566416 0.056309768874289 0.0645860246351731
aegy.wgs.non-AfrI3.AfrI3.unrel.n1206.mapQ20.JntSNPs.dMM4.Ngoye.6.1MBs.beagle.gz.mm05.50kb.rnd10.ld.gz r2 23019.995995996 0.0599525687599052 0.0563050573211926 0.064571040512901
aegy.wgs.non-AfrI3.AfrI3.unrel.n1206.mapQ20.JntSNPs.dMM4.Ngoye.6.1MBs.beagle.gz.mm05.50kb.rnd10.ld.gz r2 23049.7747747748 0.0599432927341933 0.0563003578238216 0.064556093925827
aegy.wgs.non-AfrI3.AfrI3.unrel.n1206.mapQ20.JntSNPs.dMM4.Ngoye.6.1MBs.beagle.gz.mm05.50kb.rnd10.ld.gz r2 23079.5535535536 0.0599340401899858 0.056295670335961 0.0645411847330249
aegy.wgs.non-AfrI3.AfrI3.unrel.n1206.mapQ20.JntSNPs.dMM4.Ngoye.6.1MBs.beagle.gz.mm05.50kb.rnd10.ld.gz r2 23109.3323323323 0.0599248110382155 0.0562909948116318 0.064526312794273
aegy.wgs.non-AfrI3.AfrI3.unrel.n1206.mapQ20.JntSNPs.dMM4.Ngoye.6.1MBs.beagle.gz.mm05.50kb.rnd10.ld.gz r2 23139.1111111111 0.059915605190265 0.0562863312050893 0.0645114779700501
aegy.wgs.non-AfrI3.AfrI3.unrel.n1206.mapQ20.JntSNPs.dMM4.Ngoye.6.1MBs.beagle.gz.mm05.50kb.rnd10.ld.gz r2 23168.8898898899 0.0599064225579643 0.0562816794708217 0.0644966801215315
aegy.wgs.non-AfrI3.AfrI3.unrel.n1206.mapQ20.JntSNPs.dMM4.Ngoye.6.1MBs.beagle.gz.mm05.50kb.rnd10.ld.gz r2 23198.6686686687 0.0598972630535875 0.0562770395635489 0.0644819191105837
aegy.wgs.non-AfrI3.AfrI3.unrel.n1206.mapQ20.JntSNPs.dMM4.Ngoye.6.1MBs.beagle.gz.mm05.50kb.rnd10.ld.gz r2 23228.4474474474 0.0598881265898503 0.0562724114382204 0.0644671947997612
aegy.wgs.non-AfrI3.AfrI3.unrel.n1206.mapQ20.JntSNPs.dMM4.Ngoye.6.1MBs.beagle.gz.mm05.50kb.rnd10.ld.gz r2 23258.2262262262 0.059879013079907 0.0562677950500146 0.0644525070523013
aegy.wgs.non-AfrI3.AfrI3.unrel.n1206.mapQ20.JntSNPs.dMM4.Ngoye.6.1MBs.beagle.gz.mm05.50kb.rnd10.ld.gz r2 23288.005005005 0.0598699224373482 0.0562631903543367 0.0644378557321205
aegy.wgs.non-AfrI3.AfrI3.unrel.n1206.mapQ20.JntSNPs.dMM4.Ngoye.6.1MBs.beagle.gz.mm05.50kb.rnd10.ld.gz r2 23317.7837837838 0.0598608545761974 0.0562585973068177 0.0644232407038101
aegy.wgs.non-AfrI3.AfrI3.unrel.n1206.mapQ20.JntSNPs.dMM4.Ngoye.6.1MBs.beagle.gz.mm05.50kb.rnd10.ld.gz r2 23347.5625625626 0.0598518094109089 0.0562540158633128 0.0644086618326317
aegy.wgs.non-AfrI3.AfrI3.unrel.n1206.mapQ20.JntSNPs.dMM4.Ngoye.6.1MBs.beagle.gz.mm05.50kb.rnd10.ld.gz r2 23377.3413413413 0.0598427868563648 0.0562494459798999 0.0643941189845135
aegy.wgs.non-AfrI3.AfrI3.unrel.n1206.mapQ20.JntSNPs.dMM4.Ngoye.6.1MBs.beagle.gz.mm05.50kb.rnd10.ld.gz r2 23407.1201201201 0.0598337868278721 0.0562448876128784 0.0643796120260461
aegy.wgs.non-AfrI3.AfrI3.unrel.n1206.mapQ20.JntSNPs.dMM4.Ngoye.6.1MBs.beagle.gz.mm05.50kb.rnd10.ld.gz r2 23436.8988988989 0.0598248092411609 0.0562403407187677 0.064365140824478
aegy.wgs.non-AfrI3.AfrI3.unrel.n1206.mapQ20.JntSNPs.dMM4.Ngoye.6.1MBs.beagle.gz.mm05.50kb.rnd10.ld.gz r2 23466.6776776777 0.0598158540123805 0.0562358052543057 0.0643507052477123
aegy.wgs.non-AfrI3.AfrI3.unrel.n1206.mapQ20.JntSNPs.dMM4.Ngoye.6.1MBs.beagle.gz.mm05.50kb.rnd10.ld.gz r2 23496.4564564565 0.0598069210580981 0.0562312811764477 0.064336305164302
aegy.wgs.non-AfrI3.AfrI3.unrel.n1206.mapQ20.JntSNPs.dMM4.Ngoye.6.1MBs.beagle.gz.mm05.50kb.rnd10.ld.gz r2 23526.2352352352 0.0597980102952952 0.0562267684423648 0.0643219404434461
aegy.wgs.non-AfrI3.AfrI3.unrel.n1206.mapQ20.JntSNPs.dMM4.Ngoye.6.1MBs.beagle.gz.mm05.50kb.rnd10.ld.gz r2 23556.014014014 0.0597891216413656 0.0562222670094426 0.064307610954986
aegy.wgs.non-AfrI3.AfrI3.unrel.n1206.mapQ20.JntSNPs.dMM4.Ngoye.6.1MBs.beagle.gz.mm05.50kb.rnd10.ld.gz r2 23585.7927927928 0.0597802550141125 0.0562177768352801 0.0642933165694014
aegy.wgs.non-AfrI3.AfrI3.unrel.n1206.mapQ20.JntSNPs.dMM4.Ngoye.6.1MBs.beagle.gz.mm05.50kb.rnd10.ld.gz r2 23615.5715715716 0.0597714103317464 0.0562132978776879 0.064279057157806
aegy.wgs.non-AfrI3.AfrI3.unrel.n1206.mapQ20.JntSNPs.dMM4.Ngoye.6.1MBs.beagle.gz.mm05.50kb.rnd10.ld.gz r2 23645.3503503503 0.059762587512882 0.0562088300946873 0.0642648325919443
aegy.wgs.non-AfrI3.AfrI3.unrel.n1206.mapQ20.JntSNPs.dMM4.Ngoye.6.1MBs.beagle.gz.mm05.50kb.rnd10.ld.gz r2 23675.1291291291 0.0597537864765361 0.0562043734445086 0.0642506427441872
aegy.wgs.non-AfrI3.AfrI3.unrel.n1206.mapQ20.JntSNPs.dMM4.Ngoye.6.1MBs.beagle.gz.mm05.50kb.rnd10.ld.gz r2 23704.9079079079 0.0597450071421253 0.0561999278855905 0.0642364874875285
aegy.wgs.non-AfrI3.AfrI3.unrel.n1206.mapQ20.JntSNPs.dMM4.Ngoye.6.1MBs.beagle.gz.mm05.50kb.rnd10.ld.gz r2 23734.6866866867 0.0597362494294628 0.0561954933765778 0.0642223666955808
aegy.wgs.non-AfrI3.AfrI3.unrel.n1206.mapQ20.JntSNPs.dMM4.Ngoye.6.1MBs.beagle.gz.mm05.50kb.rnd10.ld.gz r2 23764.4654654655 0.0597275132587568 0.056191069876321 0.0642082802425721
aegy.wgs.non-AfrI3.AfrI3.unrel.n1206.mapQ20.JntSNPs.dMM4.Ngoye.6.1MBs.beagle.gz.mm05.50kb.rnd10.ld.gz r2 23794.2442442442 0.0597187985506075 0.0561866573438745 0.0641942280033417
aegy.wgs.non-AfrI3.AfrI3.unrel.n1206.mapQ20.JntSNPs.dMM4.Ngoye.6.1MBs.beagle.gz.mm05.50kb.rnd10.ld.gz r2 23824.023023023 0.059710105226005 0.0561822557384956 0.0641802098533369
aegy.wgs.non-AfrI3.AfrI3.unrel.n1206.mapQ20.JntSNPs.dMM4.Ngoye.6.1MBs.beagle.gz.mm05.50kb.rnd10.ld.gz r2 23853.8018018018 0.0597014332063269 0.0561778650196432 0.0641662256686088
aegy.wgs.non-AfrI3.AfrI3.unrel.n1206.mapQ20.JntSNPs.dMM4.Ngoye.6.1MBs.beagle.gz.mm05.50kb.rnd10.ld.gz r2 23883.5805805806 0.0596927824133355 0.0561734851469763 0.0641522753258091
aegy.wgs.non-AfrI3.AfrI3.unrel.n1206.mapQ20.JntSNPs.dMM4.Ngoye.6.1MBs.beagle.gz.mm05.50kb.rnd10.ld.gz r2 23913.3593593594 0.0596841527691761 0.0561691160803533 0.0641383587021862
aegy.wgs.non-AfrI3.AfrI3.unrel.n1206.mapQ20.JntSNPs.dMM4.Ngoye.6.1MBs.beagle.gz.mm05.50kb.rnd10.ld.gz r2 23943.1381381381 0.0596755441963742 0.0561647577798302 0.0641244756755817
aegy.wgs.non-AfrI3.AfrI3.unrel.n1206.mapQ20.JntSNPs.dMM4.Ngoye.6.1MBs.beagle.gz.mm05.50kb.rnd10.ld.gz r2 23972.9169169169 0.0596669566178333 0.0561604102056597 0.0641106261244269
aegy.wgs.non-AfrI3.AfrI3.unrel.n1206.mapQ20.JntSNPs.dMM4.Ngoye.6.1MBs.beagle.gz.mm05.50kb.rnd10.ld.gz r2 24002.6956956957 0.0596583899568328 0.0561560733182899 0.0640968099277388
aegy.wgs.non-AfrI3.AfrI3.unrel.n1206.mapQ20.JntSNPs.dMM4.Ngoye.6.1MBs.beagle.gz.mm05.50kb.rnd10.ld.gz r2 24032.4744744745 0.0596498441370252 0.0561517470783633 0.0640830269651174
aegy.wgs.non-AfrI3.AfrI3.unrel.n1206.mapQ20.JntSNPs.dMM4.Ngoye.6.1MBs.beagle.gz.mm05.50kb.rnd10.ld.gz r2 24062.2532532533 0.0596413190824345 0.0561474314467153 0.0640692771167414
aegy.wgs.non-AfrI3.AfrI3.unrel.n1206.mapQ20.JntSNPs.dMM4.Ngoye.6.1MBs.beagle.gz.mm05.50kb.rnd10.ld.gz r2 24092.032032032 0.0596328147174534 0.056143126384373 0.064055560263365
aegy.wgs.non-AfrI3.AfrI3.unrel.n1206.mapQ20.JntSNPs.dMM4.Ngoye.6.1MBs.beagle.gz.mm05.50kb.rnd10.ld.gz r2 24121.8108108108 0.0596243309668414 0.0561388318525546 0.0640418762863147
aegy.wgs.non-AfrI3.AfrI3.unrel.n1206.mapQ20.JntSNPs.dMM4.Ngoye.6.1MBs.beagle.gz.mm05.50kb.rnd10.ld.gz r2 24151.5895895896 0.0596158677557223 0.0561345478126673 0.0640282250674854
aegy.wgs.non-AfrI3.AfrI3.unrel.n1206.mapQ20.JntSNPs.dMM4.Ngoye.6.1MBs.beagle.gz.mm05.50kb.rnd10.ld.gz r2 24181.3683683684 0.0596074250095823 0.056130274226307 0.0640146064893374
aegy.wgs.non-AfrI3.AfrI3.unrel.n1206.mapQ20.JntSNPs.dMM4.Ngoye.6.1MBs.beagle.gz.mm05.50kb.rnd10.ld.gz r2 24211.1471471471 0.0595990026542676 0.0561260110552568 0.0640010204348929
aegy.wgs.non-AfrI3.AfrI3.unrel.n1206.mapQ20.JntSNPs.dMM4.Ngoye.6.1MBs.beagle.gz.mm05.50kb.rnd10.ld.gz r2 24240.9259259259 0.0595906006159823 0.0561217582614858 0.0639874667877326
aegy.wgs.non-AfrI3.AfrI3.unrel.n1206.mapQ20.JntSNPs.dMM4.Ngoye.6.1MBs.beagle.gz.mm05.50kb.rnd10.ld.gz r2 24270.7047047047 0.0595822188212862 0.0561175158071479 0.0639739454319923
aegy.wgs.non-AfrI3.AfrI3.unrel.n1206.mapQ20.JntSNPs.dMM4.Ngoye.6.1MBs.beagle.gz.mm05.50kb.rnd10.ld.gz r2 24300.4834834835 0.0595738571970926 0.0561132836545811 0.0639604562523598
aegy.wgs.non-AfrI3.AfrI3.unrel.n1206.mapQ20.JntSNPs.dMM4.Ngoye.6.1MBs.beagle.gz.mm05.50kb.rnd10.ld.gz r2 24330.2622622623 0.0595655156706664 0.0561090617663059 0.0639469991340713
aegy.wgs.non-AfrI3.AfrI3.unrel.n1206.mapQ20.JntSNPs.dMM4.Ngoye.6.1MBs.beagle.gz.mm05.50kb.rnd10.ld.gz r2 24360.041041041 0.0595571941696219 0.0561048501050245 0.0639335739629086
aegy.wgs.non-AfrI3.AfrI3.unrel.n1206.mapQ20.JntSNPs.dMM4.Ngoye.6.1MBs.beagle.gz.mm05.50kb.rnd10.ld.gz r2 24389.8198198198 0.0595488926219205 0.0561006486336195 0.0639201806251953
aegy.wgs.non-AfrI3.AfrI3.unrel.n1206.mapQ20.JntSNPs.dMM4.Ngoye.6.1MBs.beagle.gz.mm05.50kb.rnd10.ld.gz r2 24419.5985985986 0.0595406109558689 0.0560964573151529 0.0639068190077941
aegy.wgs.non-AfrI3.AfrI3.unrel.n1206.mapQ20.JntSNPs.dMM4.Ngoye.6.1MBs.beagle.gz.mm05.50kb.rnd10.ld.gz r2 24449.3773773774 0.0595323491001169 0.0560922761128653 0.0638934889981035
aegy.wgs.non-AfrI3.AfrI3.unrel.n1206.mapQ20.JntSNPs.dMM4.Ngoye.6.1MBs.beagle.gz.mm05.50kb.rnd10.ld.gz r2 24479.1561561562 0.0595241069836551 0.0560881049901742 0.0638801904840542
aegy.wgs.non-AfrI3.AfrI3.unrel.n1206.mapQ20.JntSNPs.dMM4.Ngoye.6.1MBs.beagle.gz.mm05.50kb.rnd10.ld.gz r2 24508.9349349349 0.0595158845358135 0.0560839439106735 0.0638669233541065
aegy.wgs.non-AfrI3.AfrI3.unrel.n1206.mapQ20.JntSNPs.dMM4.Ngoye.6.1MBs.beagle.gz.mm05.50kb.rnd10.ld.gz r2 24538.7137137137 0.059507681686259 0.056079792838132 0.0638536874972469
aegy.wgs.non-AfrI3.AfrI3.unrel.n1206.mapQ20.JntSNPs.dMM4.Ngoye.6.1MBs.beagle.gz.mm05.50kb.rnd10.ld.gz r2 24568.4924924925 0.0594994983649933 0.0560756517364929 0.0638404828029851
aegy.wgs.non-AfrI3.AfrI3.unrel.n1206.mapQ20.JntSNPs.dMM4.Ngoye.6.1MBs.beagle.gz.mm05.50kb.rnd10.ld.gz r2 24598.2712712713 0.0594913345023514 0.056071520569872 0.0638273091613508
aegy.wgs.non-AfrI3.AfrI3.unrel.n1206.mapQ20.JntSNPs.dMM4.Ngoye.6.1MBs.beagle.gz.mm05.50kb.rnd10.ld.gz r2 24628.05005005 0.059483190028999 0.0560673993025576 0.0638141664628909
aegy.wgs.non-AfrI3.AfrI3.unrel.n1206.mapQ20.JntSNPs.dMM4.Ngoye.6.1MBs.beagle.gz.mm05.50kb.rnd10.ld.gz r2 24657.8288288288 0.0594750648759312 0.0560632878990086 0.063801054598666
aegy.wgs.non-AfrI3.AfrI3.unrel.n1206.mapQ20.JntSNPs.dMM4.Ngoye.6.1MBs.beagle.gz.mm05.50kb.rnd10.ld.gz r2 24687.6076076076 0.05946695897447 0.0560591863238539 0.063787973460248
aegy.wgs.non-AfrI3.AfrI3.unrel.n1206.mapQ20.JntSNPs.dMM4.Ngoye.6.1MBs.beagle.gz.mm05.50kb.rnd10.ld.gz r2 24717.3863863864 0.0594588722562626 0.0560550945418914 0.0637749229397164
aegy.wgs.non-AfrI3.AfrI3.unrel.n1206.mapQ20.JntSNPs.dMM4.Ngoye.6.1MBs.beagle.gz.mm05.50kb.rnd10.ld.gz r2 24747.1651651652 0.0594508046532794 0.0560510125180868 0.063761902929656
aegy.wgs.non-AfrI3.AfrI3.unrel.n1206.mapQ20.JntSNPs.dMM4.Ngoye.6.1MBs.beagle.gz.mm05.50kb.rnd10.ld.gz r2 24776.9439439439 0.0594427560978124 0.056046940217573 0.0637489133231536
aegy.wgs.non-AfrI3.AfrI3.unrel.n1206.mapQ20.JntSNPs.dMM4.Ngoye.6.1MBs.beagle.gz.mm05.50kb.rnd10.ld.gz r2 24806.7227227227 0.0594347265224727 0.0560428776056484 0.0637359540137951
aegy.wgs.non-AfrI3.AfrI3.unrel.n1206.mapQ20.JntSNPs.dMM4.Ngoye.6.1MBs.beagle.gz.mm05.50kb.rnd10.ld.gz r2 24836.5015015015 0.0594267158601893 0.0560388246477766 0.0637230248956625
aegy.wgs.non-AfrI3.AfrI3.unrel.n1206.mapQ20.JntSNPs.dMM4.Ngoye.6.1MBs.beagle.gz.mm05.50kb.rnd10.ld.gz r2 24866.2802802803 0.0594187240442066 0.0560347813095853 0.0637101258633313
aegy.wgs.non-AfrI3.AfrI3.unrel.n1206.mapQ20.JntSNPs.dMM4.Ngoye.6.1MBs.beagle.gz.mm05.50kb.rnd10.ld.gz r2 24896.0590590591 0.059410751008083 0.0560307475568648 0.0636972568118674
aegy.wgs.non-AfrI3.AfrI3.unrel.n1206.mapQ20.JntSNPs.dMM4.Ngoye.6.1MBs.beagle.gz.mm05.50kb.rnd10.ld.gz r2 24925.8378378378 0.0594027966856889 0.0560267233555677 0.0636844176368242
aegy.wgs.non-AfrI3.AfrI3.unrel.n1206.mapQ20.JntSNPs.dMM4.Ngoye.6.1MBs.beagle.gz.mm05.50kb.rnd10.ld.gz r2 24955.6166166166 0.0593948610112049 0.0560227086718077 0.06367160823424
aegy.wgs.non-AfrI3.AfrI3.unrel.n1206.mapQ20.JntSNPs.dMM4.Ngoye.6.1MBs.beagle.gz.mm05.50kb.rnd10.ld.gz r2 24985.3953953954 0.0593869439191199 0.0560187034718584 0.063658828500635
aegy.wgs.non-AfrI3.AfrI3.unrel.n1206.mapQ20.JntSNPs.dMM4.Ngoye.6.1MBs.beagle.gz.mm05.50kb.rnd10.ld.gz r2 25015.1741741742 0.0593790453442292 0.0560147077221526 0.0636460783330086
aegy.wgs.non-AfrI3.AfrI3.unrel.n1206.mapQ20.JntSNPs.dMM4.Ngoye.6.1MBs.beagle.gz.mm05.50kb.rnd10.ld.gz r2 25044.952952953 0.0593711652216332 0.0560107213892816 0.0636333576288366
aegy.wgs.non-AfrI3.AfrI3.unrel.n1206.mapQ20.JntSNPs.dMM4.Ngoye.6.1MBs.beagle.gz.mm05.50kb.rnd10.ld.gz r2 25074.7317317317 0.0593633034867349 0.0560067444399938 0.0636206662860684
aegy.wgs.non-AfrI3.AfrI3.unrel.n1206.mapQ20.JntSNPs.dMM4.Ngoye.6.1MBs.beagle.gz.mm05.50kb.rnd10.ld.gz r2 25104.5105105105 0.0593554600752389 0.0560027768411939 0.0636080042031244
aegy.wgs.non-AfrI3.AfrI3.unrel.n1206.mapQ20.JntSNPs.dMM4.Ngoye.6.1MBs.beagle.gz.mm05.50kb.rnd10.ld.gz r2 25134.2892892893 0.0593476349231489 0.0559988185599421 0.0635953712788931
aegy.wgs.non-AfrI3.AfrI3.unrel.n1206.mapQ20.JntSNPs.dMM4.Ngoye.6.1MBs.beagle.gz.mm05.50kb.rnd10.ld.gz r2 25164.0680680681 0.0593398279667666 0.0559948695634533 0.0635827674127286
aegy.wgs.non-AfrI3.AfrI3.unrel.n1206.mapQ20.JntSNPs.dMM4.Ngoye.6.1MBs.beagle.gz.mm05.50kb.rnd10.ld.gz r2 25193.8468468468 0.0593320391426895 0.0559909298190959 0.0635701925044478
aegy.wgs.non-AfrI3.AfrI3.unrel.n1206.mapQ20.JntSNPs.dMM4.Ngoye.6.1MBs.beagle.gz.mm05.50kb.rnd10.ld.gz r2 25223.6256256256 0.0593242683878095 0.055986999294391 0.0635576464543277
aegy.wgs.non-AfrI3.AfrI3.unrel.n1206.mapQ20.JntSNPs.dMM4.Ngoye.6.1MBs.beagle.gz.mm05.50kb.rnd10.ld.gz r2 25253.4044044044 0.059316515639311 0.0559830779570118 0.063545129163103
aegy.wgs.non-AfrI3.AfrI3.unrel.n1206.mapQ20.JntSNPs.dMM4.Ngoye.6.1MBs.beagle.gz.mm05.50kb.rnd10.ld.gz r2 25283.1831831832 0.0593087808346691 0.0559791657747821 0.0635326405319631
aegy.wgs.non-AfrI3.AfrI3.unrel.n1206.mapQ20.JntSNPs.dMM4.Ngoye.6.1MBs.beagle.gz.mm05.50kb.rnd10.ld.gz r2 25312.961961962 0.0593010639116485 0.055975262715676 0.0635201804625499
aegy.wgs.non-AfrI3.AfrI3.unrel.n1206.mapQ20.JntSNPs.dMM4.Ngoye.6.1MBs.beagle.gz.mm05.50kb.rnd10.ld.gz r2 25342.7407407407 0.0592933648083011 0.0559713687478168 0.0635077488569549
aegy.wgs.non-AfrI3.AfrI3.unrel.n1206.mapQ20.JntSNPs.dMM4.Ngoye.6.1MBs.beagle.gz.mm05.50kb.rnd10.ld.gz r2 25372.5195195195 0.0592856834629648 0.0559674838394761 0.0634953456177167
aegy.wgs.non-AfrI3.AfrI3.unrel.n1206.mapQ20.JntSNPs.dMM4.Ngoye.6.1MBs.beagle.gz.mm05.50kb.rnd10.ld.gz r2 25402.2982982983 0.0592780198142615 0.055963607959073 0.0634829706478188
aegy.wgs.non-AfrI3.AfrI3.unrel.n1206.mapQ20.JntSNPs.dMM4.Ngoye.6.1MBs.beagle.gz.mm05.50kb.rnd10.ld.gz r2 25432.0770770771 0.059270373801096 0.0559597410751733 0.0634706238506863
aegy.wgs.non-AfrI3.AfrI3.unrel.n1206.mapQ20.JntSNPs.dMM4.Ngoye.6.1MBs.beagle.gz.mm05.50kb.rnd10.ld.gz r2 25461.8558558559 0.0592627453626539 0.0559558831564883 0.0634583051301843
aegy.wgs.non-AfrI3.AfrI3.unrel.n1206.mapQ20.JntSNPs.dMM4.Ngoye.6.1MBs.beagle.gz.mm05.50kb.rnd10.ld.gz r2 25491.6346346346 0.0592551344384 0.0559520341718745 0.0634460143906146
aegy.wgs.non-AfrI3.AfrI3.unrel.n1206.mapQ20.JntSNPs.dMM4.Ngoye.6.1MBs.beagle.gz.mm05.50kb.rnd10.ld.gz r2 25521.4134134134 0.0592475409680771 0.0559481940903324 0.0634337515367139
aegy.wgs.non-AfrI3.AfrI3.unrel.n1206.mapQ20.JntSNPs.dMM4.Ngoye.6.1MBs.beagle.gz.mm05.50kb.rnd10.ld.gz r2 25551.1921921922 0.0592399648917039 0.0559443628810057 0.0634215164736507
aegy.wgs.non-AfrI3.AfrI3.unrel.n1206.mapQ20.JntSNPs.dMM4.Ngoye.6.1MBs.beagle.gz.mm05.50kb.rnd10.ld.gz r2 25580.970970971 0.0592324061495739 0.0559405405131807 0.0634093091070234
aegy.wgs.non-AfrI3.AfrI3.unrel.n1206.mapQ20.JntSNPs.dMM4.Ngoye.6.1MBs.beagle.gz.mm05.50kb.rnd10.ld.gz r2 25610.7497497497 0.0592248646822534 0.0559367269562852 0.0633971293428574
aegy.wgs.non-AfrI3.AfrI3.unrel.n1206.mapQ20.JntSNPs.dMM4.Ngoye.6.1MBs.beagle.gz.mm05.50kb.rnd10.ld.gz r2 25640.5285285285 0.0592173404305803 0.0559329221798876 0.0633849770876032
aegy.wgs.non-AfrI3.AfrI3.unrel.n1206.mapQ20.JntSNPs.dMM4.Ngoye.6.1MBs.beagle.gz.mm05.50kb.rnd10.ld.gz r2 25670.3073073073 0.0592098333356622 0.0559291261536967 0.0633728522481335
aegy.wgs.non-AfrI3.AfrI3.unrel.n1206.mapQ20.JntSNPs.dMM4.Ngoye.6.1MBs.beagle.gz.mm05.50kb.rnd10.ld.gz r2 25700.0860860861 0.0592023433388752 0.05592533884756 0.063360754731741
aegy.wgs.non-AfrI3.AfrI3.unrel.n1206.mapQ20.JntSNPs.dMM4.Ngoye.6.1MBs.beagle.gz.mm05.50kb.rnd10.ld.gz r2 25729.8648648649 0.0591948703818621 0.055921560231464 0.0633486844461361
aegy.wgs.non-AfrI3.AfrI3.unrel.n1206.mapQ20.JntSNPs.dMM4.Ngoye.6.1MBs.beagle.gz.mm05.50kb.rnd10.ld.gz r2 25759.6436436436 0.0591874144065313 0.0559177902755321 0.0633366412994448
aegy.wgs.non-AfrI3.AfrI3.unrel.n1206.mapQ20.JntSNPs.dMM4.Ngoye.6.1MBs.beagle.gz.mm05.50kb.rnd10.ld.gz r2 25789.4224224224 0.0591799753550547 0.0559140289500249 0.0633246252002057
aegy.wgs.non-AfrI3.AfrI3.unrel.n1206.mapQ20.JntSNPs.dMM4.Ngoye.6.1MBs.beagle.gz.mm05.50kb.rnd10.ld.gz r2 25819.2012012012 0.0591725531698665 0.0559102762253391 0.0633126360573681
aegy.wgs.non-AfrI3.AfrI3.unrel.n1206.mapQ20.JntSNPs.dMM4.Ngoye.6.1MBs.beagle.gz.mm05.50kb.rnd10.ld.gz r2 25848.97997998 0.0591651477936619 0.0559065320720064 0.06330067378029
aegy.wgs.non-AfrI3.AfrI3.unrel.n1206.mapQ20.JntSNPs.dMM4.Ngoye.6.1MBs.beagle.gz.mm05.50kb.rnd10.ld.gz r2 25878.7587587588 0.0591577591693954 0.055902796460693 0.0632887382787351
aegy.wgs.non-AfrI3.AfrI3.unrel.n1206.mapQ20.JntSNPs.dMM4.Ngoye.6.1MBs.beagle.gz.mm05.50kb.rnd10.ld.gz r2 25908.5375375375 0.0591503872402793 0.055899069362199 0.0632768294628711
aegy.wgs.non-AfrI3.AfrI3.unrel.n1206.mapQ20.JntSNPs.dMM4.Ngoye.6.1MBs.beagle.gz.mm05.50kb.rnd10.ld.gz r2 25938.3163163163 0.0591430319497824 0.0558953507474572 0.0632649472432671
aegy.wgs.non-AfrI3.AfrI3.unrel.n1206.mapQ20.JntSNPs.dMM4.Ngoye.6.1MBs.beagle.gz.mm05.50kb.rnd10.ld.gz r2 25968.0950950951 0.0591356932416284 0.0558916405875327 0.0632530915308917
aegy.wgs.non-AfrI3.AfrI3.unrel.n1206.mapQ20.JntSNPs.dMM4.Ngoye.6.1MBs.beagle.gz.mm05.50kb.rnd10.ld.gz r2 25997.8738738739 0.0591283710597947 0.0558879388536221 0.0632412622371103
aegy.wgs.non-AfrI3.AfrI3.unrel.n1206.mapQ20.JntSNPs.dMM4.Ngoye.6.1MBs.beagle.gz.mm05.50kb.rnd10.ld.gz r2 26027.6526526527 0.0591210653485105 0.0558842455170527 0.0632294592736835
aegy.wgs.non-AfrI3.AfrI3.unrel.n1206.mapQ20.JntSNPs.dMM4.Ngoye.6.1MBs.beagle.gz.mm05.50kb.rnd10.ld.gz r2 26057.4314314314 0.0591137760522561 0.0558805605492815 0.0632176825527643
aegy.wgs.non-AfrI3.AfrI3.unrel.n1206.mapQ20.JntSNPs.dMM4.Ngoye.6.1MBs.beagle.gz.mm05.50kb.rnd10.ld.gz r2 26087.2102102102 0.0591065031157609 0.055876883921895 0.0632059319868963
aegy.wgs.non-AfrI3.AfrI3.unrel.n1206.mapQ20.JntSNPs.dMM4.Ngoye.6.1MBs.beagle.gz.mm05.50kb.rnd10.ld.gz r2 26116.988988989 0.059099246484002 0.0558732156066081 0.0631942074890113
aegy.wgs.non-AfrI3.AfrI3.unrel.n1206.mapQ20.JntSNPs.dMM4.Ngoye.6.1MBs.beagle.gz.mm05.50kb.rnd10.ld.gz r2 26146.7677677678 0.0590920061022033 0.0558695555752634 0.0631825089724274
aegy.wgs.non-AfrI3.AfrI3.unrel.n1206.mapQ20.JntSNPs.dMM4.Ngoye.6.1MBs.beagle.gz.mm05.50kb.rnd10.ld.gz r2 26176.5465465465 0.0590847819158337 0.0558659037998307 0.0631708363508467
aegy.wgs.non-AfrI3.AfrI3.unrel.n1206.mapQ20.JntSNPs.dMM4.Ngoye.6.1MBs.beagle.gz.mm05.50kb.rnd10.ld.gz r2 26206.3253253253 0.0590775738706059 0.0558622602524058 0.0631591895383532
aegy.wgs.non-AfrI3.AfrI3.unrel.n1206.mapQ20.JntSNPs.dMM4.Ngoye.6.1MBs.beagle.gz.mm05.50kb.rnd10.ld.gz r2 26236.1041041041 0.059070381912475 0.0558586249052105 0.0631475684494105
aegy.wgs.non-AfrI3.AfrI3.unrel.n1206.mapQ20.JntSNPs.dMM4.Ngoye.6.1MBs.beagle.gz.mm05.50kb.rnd10.ld.gz r2 26265.8828828829 0.059063205987637 0.0558549977305913 0.0631359729988602
aegy.wgs.non-AfrI3.AfrI3.unrel.n1206.mapQ20.JntSNPs.dMM4.Ngoye.6.1MBs.beagle.gz.mm05.50kb.rnd10.ld.gz r2 26295.6616616617 0.0590560460425278 0.0558513787010189 0.0631244031019193
aegy.wgs.non-AfrI3.AfrI3.unrel.n1206.mapQ20.JntSNPs.dMM4.Ngoye.6.1MBs.beagle.gz.mm05.50kb.rnd10.ld.gz r2 26325.4404404404 0.0590489020238216 0.0558477677890875 0.0631128586741783
aegy.wgs.non-AfrI3.AfrI3.unrel.n1206.mapQ20.JntSNPs.dMM4.Ngoye.6.1MBs.beagle.gz.mm05.50kb.rnd10.ld.gz r2 26355.2192192192 0.0590417738784295 0.0558441649675143 0.0631013396315994
aegy.wgs.non-AfrI3.AfrI3.unrel.n1206.mapQ20.JntSNPs.dMM4.Ngoye.6.1MBs.beagle.gz.mm05.50kb.rnd10.ld.gz r2 26384.997997998 0.0590346615534986 0.0558405702091384 0.0630898458905141
aegy.wgs.non-AfrI3.AfrI3.unrel.n1206.mapQ20.JntSNPs.dMM4.Ngoye.6.1MBs.beagle.gz.mm05.50kb.rnd10.ld.gz r2 26414.7767767768 0.0590275649964101 0.0558369834869205 0.0630783773676212
aegy.wgs.non-AfrI3.AfrI3.unrel.n1206.mapQ20.JntSNPs.dMM4.Ngoye.6.1MBs.beagle.gz.mm05.50kb.rnd10.ld.gz r2 26444.5555555556 0.0590204841547786 0.0558334047739419 0.0630669339799852
aegy.wgs.non-AfrI3.AfrI3.unrel.n1206.mapQ20.JntSNPs.dMM4.Ngoye.6.1MBs.beagle.gz.mm05.50kb.rnd10.ld.gz r2 26474.3343343343 0.0590134189764505 0.0558298340434042 0.0630555156450336
aegy.wgs.non-AfrI3.AfrI3.unrel.n1206.mapQ20.JntSNPs.dMM4.Ngoye.6.1MBs.beagle.gz.mm05.50kb.rnd10.ld.gz r2 26504.1131131131 0.0590063694095024 0.0558262712686283 0.0630441222805556
aegy.wgs.non-AfrI3.AfrI3.unrel.n1206.mapQ20.JntSNPs.dMM4.Ngoye.6.1MBs.beagle.gz.mm05.50kb.rnd10.ld.gz r2 26533.8918918919 0.0589993354022407 0.055822716423054 0.0630327538046998
aegy.wgs.non-AfrI3.AfrI3.unrel.n1206.mapQ20.JntSNPs.dMM4.Ngoye.6.1MBs.beagle.gz.mm05.50kb.rnd10.ld.gz r2 26563.6706706707 0.0589923169031996 0.0558191694802389 0.0630214101359722
aegy.wgs.non-AfrI3.AfrI3.unrel.n1206.mapQ20.JntSNPs.dMM4.Ngoye.6.1MBs.beagle.gz.mm05.50kb.rnd10.ld.gz r2 26593.4494494495 0.0589853138611397 0.0558156304138585 0.0630100911932344
aegy.wgs.non-AfrI3.AfrI3.unrel.n1206.mapQ20.JntSNPs.dMM4.Ngoye.6.1MBs.beagle.gz.mm05.50kb.rnd10.ld.gz r2 26623.2282282282 0.0589783262250478 0.0558120991977046 0.0629987968957013
aegy.wgs.non-AfrI3.AfrI3.unrel.n1206.mapQ20.JntSNPs.dMM4.Ngoye.6.1MBs.beagle.gz.mm05.50kb.rnd10.ld.gz r2 26653.007007007 0.0589713539441343 0.0558085758056855 0.0629875271629398
aegy.wgs.non-AfrI3.AfrI3.unrel.n1206.mapQ20.JntSNPs.dMM4.Ngoye.6.1MBs.beagle.gz.mm05.50kb.rnd10.ld.gz r2 26682.7857857858 0.0589643969678331 0.0558050602118249 0.0629762819148664
aegy.wgs.non-AfrI3.AfrI3.unrel.n1206.mapQ20.JntSNPs.dMM4.Ngoye.6.1MBs.beagle.gz.mm05.50kb.rnd10.ld.gz r2 26712.5645645646 0.0589574552457998 0.0558015523902613 0.0629650610717455
aegy.wgs.non-AfrI3.AfrI3.unrel.n1206.mapQ20.JntSNPs.dMM4.Ngoye.6.1MBs.beagle.gz.mm05.50kb.rnd10.ld.gz r2 26742.3433433433 0.0589505287279104 0.0557980523152476 0.0629538645541873
aegy.wgs.non-AfrI3.AfrI3.unrel.n1206.mapQ20.JntSNPs.dMM4.Ngoye.6.1MBs.beagle.gz.mm05.50kb.rnd10.ld.gz r2 26772.1221221221 0.0589436173642606 0.0557945599611501 0.0629426922831463
aegy.wgs.non-AfrI3.AfrI3.unrel.n1206.mapQ20.JntSNPs.dMM4.Ngoye.6.1MBs.beagle.gz.mm05.50kb.rnd10.ld.gz r2 26801.9009009009 0.058936721105164 0.0557910753024482 0.0629315441799191
aegy.wgs.non-AfrI3.AfrI3.unrel.n1206.mapQ20.JntSNPs.dMM4.Ngoye.6.1MBs.beagle.gz.mm05.50kb.rnd10.ld.gz r2 26831.6796796797 0.0589298399011515 0.0557875983137337 0.0629204201661426
aegy.wgs.non-AfrI3.AfrI3.unrel.n1206.mapQ20.JntSNPs.dMM4.Ngoye.6.1MBs.beagle.gz.mm05.50kb.rnd10.ld.gz r2 26861.4584584585 0.0589229737029695 0.05578412896971 0.0629093201637924
aegy.wgs.non-AfrI3.AfrI3.unrel.n1206.mapQ20.JntSNPs.dMM4.Ngoye.6.1MBs.beagle.gz.mm05.50kb.rnd10.ld.gz r2 26891.2372372372 0.0589161224615794 0.0557806672451916 0.0628982440951807
aegy.wgs.non-AfrI3.AfrI3.unrel.n1206.mapQ20.JntSNPs.dMM4.Ngoye.6.1MBs.beagle.gz.mm05.50kb.rnd10.ld.gz r2 26921.016016016 0.0589092861281557 0.0557772131151038 0.0628871918829546
aegy.wgs.non-AfrI3.AfrI3.unrel.n1206.mapQ20.JntSNPs.dMM4.Ngoye.6.1MBs.beagle.gz.mm05.50kb.rnd10.ld.gz r2 26950.7947947948 0.0589024646540855 0.0557737665544815 0.0628761634500943
aegy.wgs.non-AfrI3.AfrI3.unrel.n1206.mapQ20.JntSNPs.dMM4.Ngoye.6.1MBs.beagle.gz.mm05.50kb.rnd10.ld.gz r2 26980.5735735736 0.0588956579909669 0.0557703275384689 0.0628651587199112
aegy.wgs.non-AfrI3.AfrI3.unrel.n1206.mapQ20.JntSNPs.dMM4.Ngoye.6.1MBs.beagle.gz.mm05.50kb.rnd10.ld.gz r2 27010.3523523524 0.0588888660906081 0.0557668960423193 0.0628541776160464
aegy.wgs.non-AfrI3.AfrI3.unrel.n1206.mapQ20.JntSNPs.dMM4.Ngoye.6.1MBs.beagle.gz.mm05.50kb.rnd10.ld.gz r2 27040.1311311311 0.0588820889050263 0.0557634720413937 0.0628432200624686
aegy.wgs.non-AfrI3.AfrI3.unrel.n1206.mapQ20.JntSNPs.dMM4.Ngoye.6.1MBs.beagle.gz.mm05.50kb.rnd10.ld.gz r2 27069.9099099099 0.0588753263864461 0.0557600555111607 0.0628322859834725
aegy.wgs.non-AfrI3.AfrI3.unrel.n1206.mapQ20.JntSNPs.dMM4.Ngoye.6.1MBs.beagle.gz.mm05.50kb.rnd10.ld.gz r2 27099.6886886887 0.058868578487299 0.055756646427196 0.0628213753036772
aegy.wgs.non-AfrI3.AfrI3.unrel.n1206.mapQ20.JntSNPs.dMM4.Ngoye.6.1MBs.beagle.gz.mm05.50kb.rnd10.ld.gz r2 27129.4674674675 0.0588618451602219 0.0557532447651816 0.0628104879480241
aegy.wgs.non-AfrI3.AfrI3.unrel.n1206.mapQ20.JntSNPs.dMM4.Ngoye.6.1MBs.beagle.gz.mm05.50kb.rnd10.ld.gz r2 27159.2462462462 0.0588551263580563 0.0557498505009052 0.0627996238417754
aegy.wgs.non-AfrI3.AfrI3.unrel.n1206.mapQ20.JntSNPs.dMM4.Ngoye.6.1MBs.beagle.gz.mm05.50kb.rnd10.ld.gz r2 27189.025025025 0.0588484220338466 0.0557464636102597 0.0627887829105126
aegy.wgs.non-AfrI3.AfrI3.unrel.n1206.mapQ20.JntSNPs.dMM4.Ngoye.6.1MBs.beagle.gz.mm05.50kb.rnd10.ld.gz r2 27218.8038038038 0.0588417321408399 0.0557430840692428 0.0627779650801343
aegy.wgs.non-AfrI3.AfrI3.unrel.n1206.mapQ20.JntSNPs.dMM4.Ngoye.6.1MBs.beagle.gz.mm05.50kb.rnd10.ld.gz r2 27248.5825825826 0.0588350566324839 0.055739711853956 0.062767170276855
aegy.wgs.non-AfrI3.AfrI3.unrel.n1206.mapQ20.JntSNPs.dMM4.Ngoye.6.1MBs.beagle.gz.mm05.50kb.rnd10.ld.gz r2 27278.3613613614 0.0588283954624268 0.0557363469406047 0.062756398427203
aegy.wgs.non-AfrI3.AfrI3.unrel.n1206.mapQ20.JntSNPs.dMM4.Ngoye.6.1MBs.beagle.gz.mm05.50kb.rnd10.ld.gz r2 27308.1401401401 0.0588217485845154 0.0557329893054968 0.0627456494580191
aegy.wgs.non-AfrI3.AfrI3.unrel.n1206.mapQ20.JntSNPs.dMM4.Ngoye.6.1MBs.beagle.gz.mm05.50kb.rnd10.ld.gz r2 27337.9189189189 0.0588151159527947 0.0557296389250428 0.0627349232964546
aegy.wgs.non-AfrI3.AfrI3.unrel.n1206.mapQ20.JntSNPs.dMM4.Ngoye.6.1MBs.beagle.gz.mm05.50kb.rnd10.ld.gz r2 27367.6976976977 0.0588084975215062 0.0557262957757551 0.06272421986997
aegy.wgs.non-AfrI3.AfrI3.unrel.n1206.mapQ20.JntSNPs.dMM4.Ngoye.6.1MBs.beagle.gz.mm05.50kb.rnd10.ld.gz r2 27397.4764764765 0.0588018932450875 0.0557229598342473 0.0627135391063332
aegy.wgs.non-AfrI3.AfrI3.unrel.n1206.mapQ20.JntSNPs.dMM4.Ngoye.6.1MBs.beagle.gz.mm05.50kb.rnd10.ld.gz r2 27427.2552552553 0.0587953030781708 0.0557196310772338 0.0627028809336176
aegy.wgs.non-AfrI3.AfrI3.unrel.n1206.mapQ20.JntSNPs.dMM4.Ngoye.6.1MBs.beagle.gz.mm05.50kb.rnd10.ld.gz r2 27457.034034034 0.0587887269755821 0.055716309481529 0.0626922452802011
aegy.wgs.non-AfrI3.AfrI3.unrel.n1206.mapQ20.JntSNPs.dMM4.Ngoye.6.1MBs.beagle.gz.mm05.50kb.rnd10.ld.gz r2 27486.8128128128 0.0587821648923397 0.0557129950240473 0.0626816320747638
aegy.wgs.non-AfrI3.AfrI3.unrel.n1206.mapQ20.JntSNPs.dMM4.Ngoye.6.1MBs.beagle.gz.mm05.50kb.rnd10.ld.gz r2 27516.5915915916 0.0587756167836541 0.0557096876818019 0.0626710412462871
aegy.wgs.non-AfrI3.AfrI3.unrel.n1206.mapQ20.JntSNPs.dMM4.Ngoye.6.1MBs.beagle.gz.mm05.50kb.rnd10.ld.gz r2 27546.3703703704 0.0587690826049259 0.0557063874319048 0.0626604727240513
aegy.wgs.non-AfrI3.AfrI3.unrel.n1206.mapQ20.JntSNPs.dMM4.Ngoye.6.1MBs.beagle.gz.mm05.50kb.rnd10.ld.gz r2 27576.1491491492 0.0587625623117457 0.0557030942515659 0.062649926437635
aegy.wgs.non-AfrI3.AfrI3.unrel.n1206.mapQ20.JntSNPs.dMM4.Ngoye.6.1MBs.beagle.gz.mm05.50kb.rnd10.ld.gz r2 27605.9279279279 0.0587560558598925 0.0556998081180928 0.0626394023169125
aegy.wgs.non-AfrI3.AfrI3.unrel.n1206.mapQ20.JntSNPs.dMM4.Ngoye.6.1MBs.beagle.gz.mm05.50kb.rnd10.ld.gz r2 27635.7067067067 0.0587495632053329 0.0556965290088902 0.0626289002920532
aegy.wgs.non-AfrI3.AfrI3.unrel.n1206.mapQ20.JntSNPs.dMM4.Ngoye.6.1MBs.beagle.gz.mm05.50kb.rnd10.ld.gz r2 27665.4854854855 0.0587430843042201 0.055693256901459 0.0626184202935194
aegy.wgs.non-AfrI3.AfrI3.unrel.n1206.mapQ20.JntSNPs.dMM4.Ngoye.6.1MBs.beagle.gz.mm05.50kb.rnd10.ld.gz r2 27695.2642642643 0.0587366191128931 0.0556899917733962 0.0626079622520649
aegy.wgs.non-AfrI3.AfrI3.unrel.n1206.mapQ20.JntSNPs.dMM4.Ngoye.6.1MBs.beagle.gz.mm05.50kb.rnd10.ld.gz r2 27725.043043043 0.0587301675878752 0.0556867336023945 0.0625975260987338
aegy.wgs.non-AfrI3.AfrI3.unrel.n1206.mapQ20.JntSNPs.dMM4.Ngoye.6.1MBs.beagle.gz.mm05.50kb.rnd10.ld.gz r2 27754.8218218218 0.0587237296858737 0.0556834823662413 0.0625871117648584
aegy.wgs.non-AfrI3.AfrI3.unrel.n1206.mapQ20.JntSNPs.dMM4.Ngoye.6.1MBs.beagle.gz.mm05.50kb.rnd10.ld.gz r2 27784.6006006006 0.0587173053637784 0.0556802380428186 0.0625767191820583
aegy.wgs.non-AfrI3.AfrI3.unrel.n1206.mapQ20.JntSNPs.dMM4.Ngoye.6.1MBs.beagle.gz.mm05.50kb.rnd10.ld.gz r2 27814.3793793794 0.058710894578661 0.0556770006101022 0.0625663482822385
aegy.wgs.non-AfrI3.AfrI3.unrel.n1206.mapQ20.JntSNPs.dMM4.Ngoye.6.1MBs.beagle.gz.mm05.50kb.rnd10.ld.gz r2 27844.1581581582 0.0587044972877736 0.0556737700461616 0.062555998997588
aegy.wgs.non-AfrI3.AfrI3.unrel.n1206.mapQ20.JntSNPs.dMM4.Ngoye.6.1MBs.beagle.gz.mm05.50kb.rnd10.ld.gz r2 27873.9369369369 0.0586981134485486 0.0556705463291592 0.0625456712605785
aegy.wgs.non-AfrI3.AfrI3.unrel.n1206.mapQ20.JntSNPs.dMM4.Ngoye.6.1MBs.beagle.gz.mm05.50kb.rnd10.ld.gz r2 27903.7157157157 0.0586917430185969 0.0556673294373497 0.0625353650039626
aegy.wgs.non-AfrI3.AfrI3.unrel.n1206.mapQ20.JntSNPs.dMM4.Ngoye.6.1MBs.beagle.gz.mm05.50kb.rnd10.ld.gz r2 27933.4944944945 0.0586853859557076 0.0556641193490799 0.0625250801607727
aegy.wgs.non-AfrI3.AfrI3.unrel.n1206.mapQ20.JntSNPs.dMM4.Ngoye.6.1MBs.beagle.gz.mm05.50kb.rnd10.ld.gz r2 27963.2732732733 0.0586790422178466 0.0556609160427883 0.0625148166643192
aegy.wgs.non-AfrI3.AfrI3.unrel.n1206.mapQ20.JntSNPs.dMM4.Ngoye.6.1MBs.beagle.gz.mm05.50kb.rnd10.ld.gz r2 27993.0520520521 0.0586727117631561 0.055657719497004 0.0625045744481894
aegy.wgs.non-AfrI3.AfrI3.unrel.n1206.mapQ20.JntSNPs.dMM4.Ngoye.6.1MBs.beagle.gz.mm05.50kb.rnd10.ld.gz r2 28022.8308308308 0.0586663945499532 0.055654529690347 0.0624943534462457
aegy.wgs.non-AfrI3.AfrI3.unrel.n1206.mapQ20.JntSNPs.dMM4.Ngoye.6.1MBs.beagle.gz.mm05.50kb.rnd10.ld.gz r2 28052.6096096096 0.0586600905367294 0.0556513466015272 0.0624841535926245
aegy.wgs.non-AfrI3.AfrI3.unrel.n1206.mapQ20.JntSNPs.dMM4.Ngoye.6.1MBs.beagle.gz.mm05.50kb.rnd10.ld.gz r2 28082.3883883884 0.0586537996821496 0.0556481702093442 0.0624739748217347
aegy.wgs.non-AfrI3.AfrI3.unrel.n1206.mapQ20.JntSNPs.dMM4.Ngoye.6.1MBs.beagle.gz.mm05.50kb.rnd10.ld.gz r2 28112.1671671672 0.058647521945051 0.0556450004926865 0.0624638170682561
aegy.wgs.non-AfrI3.AfrI3.unrel.n1206.mapQ20.JntSNPs.dMM4.Ngoye.6.1MBs.beagle.gz.mm05.50kb.rnd10.ld.gz r2 28141.9459459459 0.0586412572844423 0.0556418374305315 0.0624536802671382
aegy.wgs.non-AfrI3.AfrI3.unrel.n1206.mapQ20.JntSNPs.dMM4.Ngoye.6.1MBs.beagle.gz.mm05.50kb.rnd10.ld.gz r2 28171.7247247247 0.058635005659503 0.0556386810019446 0.0624435643535988
aegy.wgs.non-AfrI3.AfrI3.unrel.n1206.mapQ20.JntSNPs.dMM4.Ngoye.6.1MBs.beagle.gz.mm05.50kb.rnd10.ld.gz r2 28201.5035035035 0.0586287670295822 0.055635531186079 0.0624334692631225
aegy.wgs.non-AfrI3.AfrI3.unrel.n1206.mapQ20.JntSNPs.dMM4.Ngoye.6.1MBs.beagle.gz.mm05.50kb.rnd10.ld.gz r2 28231.2822822823 0.058622541354198 0.0556323879621752 0.0624233949314594
aegy.wgs.non-AfrI3.AfrI3.unrel.n1206.mapQ20.JntSNPs.dMM4.Ngoye.6.1MBs.beagle.gz.mm05.50kb.rnd10.ld.gz r2 28261.0610610611 0.0586163285930363 0.0556292513095604 0.0624133412946238
aegy.wgs.non-AfrI3.AfrI3.unrel.n1206.mapQ20.JntSNPs.dMM4.Ngoye.6.1MBs.beagle.gz.mm05.50kb.rnd10.ld.gz r2 28290.8398398398 0.0586101287059504 0.0556261212076483 0.0624033082888928
aegy.wgs.non-AfrI3.AfrI3.unrel.n1206.mapQ20.JntSNPs.dMM4.Ngoye.6.1MBs.beagle.gz.mm05.50kb.rnd10.ld.gz r2 28320.6186186186 0.0586039416529595 0.0556229976359383 0.0623932958508048
aegy.wgs.non-AfrI3.AfrI3.unrel.n1206.mapQ20.JntSNPs.dMM4.Ngoye.6.1MBs.beagle.gz.mm05.50kb.rnd10.ld.gz r2 28350.3973973974 0.0585977673942485 0.0556198805740155 0.0623833039171584
aegy.wgs.non-AfrI3.AfrI3.unrel.n1206.mapQ20.JntSNPs.dMM4.Ngoye.6.1MBs.beagle.gz.mm05.50kb.rnd10.ld.gz r2 28380.1761761762 0.0585916058901668 0.0556167700015498 0.0623733324250109
aegy.wgs.non-AfrI3.AfrI3.unrel.n1206.mapQ20.JntSNPs.dMM4.Ngoye.6.1MBs.beagle.gz.mm05.50kb.rnd10.ld.gz r2 28409.954954955 0.0585854571012274 0.0556136658982958 0.0623633813116771
aegy.wgs.non-AfrI3.AfrI3.unrel.n1206.mapQ20.JntSNPs.dMM4.Ngoye.6.1MBs.beagle.gz.mm05.50kb.rnd10.ld.gz r2 28439.7337337337 0.0585793209881062 0.0556105682440922 0.0623534505147278
aegy.wgs.non-AfrI3.AfrI3.unrel.n1206.mapQ20.JntSNPs.dMM4.Ngoye.6.1MBs.beagle.gz.mm05.50kb.rnd10.ld.gz r2 28469.5125125125 0.058573197511641 0.0556074770188613 0.0623435399719888
aegy.wgs.non-AfrI3.AfrI3.unrel.n1206.mapQ20.JntSNPs.dMM4.Ngoye.6.1MBs.beagle.gz.mm05.50kb.rnd10.ld.gz r2 28499.2912912913 0.0585670866328309 0.0556043922026089 0.0623336496215392
aegy.wgs.non-AfrI3.AfrI3.unrel.n1206.mapQ20.JntSNPs.dMM4.Ngoye.6.1MBs.beagle.gz.mm05.50kb.rnd10.ld.gz r2 28529.0700700701 0.0585609883128354 0.0556013137754233 0.0623237794017105
aegy.wgs.non-AfrI3.AfrI3.unrel.n1206.mapQ20.JntSNPs.dMM4.Ngoye.6.1MBs.beagle.gz.mm05.50kb.rnd10.ld.gz r2 28558.8488488489 0.0585549025129735 0.0555982417174755 0.062313929251085
aegy.wgs.non-AfrI3.AfrI3.unrel.n1206.mapQ20.JntSNPs.dMM4.Ngoye.6.1MBs.beagle.gz.mm05.50kb.rnd10.ld.gz r2 28588.6276276276 0.0585488291947227 0.0555951760090182 0.0623040991084948
aegy.wgs.non-AfrI3.AfrI3.unrel.n1206.mapQ20.JntSNPs.dMM4.Ngoye.6.1MBs.beagle.gz.mm05.50kb.rnd10.ld.gz r2 28618.4064064064 0.0585427683197186 0.0555921166303859 0.0622942889130204
aegy.wgs.non-AfrI3.AfrI3.unrel.n1206.mapQ20.JntSNPs.dMM4.Ngoye.6.1MBs.beagle.gz.mm05.50kb.rnd10.ld.gz r2 28648.1851851852 0.0585367198497539 0.055589063561994 0.0622844986039891
aegy.wgs.non-AfrI3.AfrI3.unrel.n1206.mapQ20.JntSNPs.dMM4.Ngoye.6.1MBs.beagle.gz.mm05.50kb.rnd10.ld.gz r2 28677.963963964 0.0585306837467774 0.0555860167843389 0.0622747281209746
aegy.wgs.non-AfrI3.AfrI3.unrel.n1206.mapQ20.JntSNPs.dMM4.Ngoye.6.1MBs.beagle.gz.mm05.50kb.rnd10.ld.gz r2 28707.7427427427 0.0585246599728936 0.0555829762779971 0.0622649774037949
aegy.wgs.non-AfrI3.AfrI3.unrel.n1206.mapQ20.JntSNPs.dMM4.Ngoye.6.1MBs.beagle.gz.mm05.50kb.rnd10.ld.gz r2 28737.5215215215 0.0585186484903616 0.0555799420236249 0.0622552463925115
aegy.wgs.non-AfrI3.AfrI3.unrel.n1206.mapQ20.JntSNPs.dMM4.Ngoye.6.1MBs.beagle.gz.mm05.50kb.rnd10.ld.gz r2 28767.3003003003 0.0585126492615944 0.0555769140019583 0.062245535027428
aegy.wgs.non-AfrI3.AfrI3.unrel.n1206.mapQ20.JntSNPs.dMM4.Ngoye.6.1MBs.beagle.gz.mm05.50kb.rnd10.ld.gz r2 28797.0790790791 0.0585066622491581 0.0555738921938121 0.0622358432490891
aegy.wgs.non-AfrI3.AfrI3.unrel.n1206.mapQ20.JntSNPs.dMM4.Ngoye.6.1MBs.beagle.gz.mm05.50kb.rnd10.ld.gz r2 28826.8578578579 0.0585006874157711 0.0555708765800802 0.0622261709982792
aegy.wgs.non-AfrI3.AfrI3.unrel.n1206.mapQ20.JntSNPs.dMM4.Ngoye.6.1MBs.beagle.gz.mm05.50kb.rnd10.ld.gz r2 28856.6366366366 0.0584947247243034 0.0555678671417342 0.062216518216021
aegy.wgs.non-AfrI3.AfrI3.unrel.n1206.mapQ20.JntSNPs.dMM4.Ngoye.6.1MBs.beagle.gz.mm05.50kb.rnd10.ld.gz r2 28886.4154154154 0.058488774137776 0.0555648638598239 0.0622068848435748
aegy.wgs.non-AfrI3.AfrI3.unrel.n1206.mapQ20.JntSNPs.dMM4.Ngoye.6.1MBs.beagle.gz.mm05.50kb.rnd10.ld.gz r2 28916.1941941942 0.0584828356193595 0.0555618667154766 0.062197270822437
aegy.wgs.non-AfrI3.AfrI3.unrel.n1206.mapQ20.JntSNPs.dMM4.Ngoye.6.1MBs.beagle.gz.mm05.50kb.rnd10.ld.gz r2 28945.972972973 0.0584769091323742 0.0555588756898964 0.0621876760943389
aegy.wgs.non-AfrI3.AfrI3.unrel.n1206.mapQ20.JntSNPs.dMM4.Ngoye.6.1MBs.beagle.gz.mm05.50kb.rnd10.ld.gz r2 28975.7517517518 0.0584709946402887 0.0555558907643644 0.0621781006012454
aegy.wgs.non-AfrI3.AfrI3.unrel.n1206.mapQ20.JntSNPs.dMM4.Ngoye.6.1MBs.beagle.gz.mm05.50kb.rnd10.ld.gz r2 29005.5305305305 0.0584650921067194 0.0555529119202377 0.0621685442853543
aegy.wgs.non-AfrI3.AfrI3.unrel.n1206.mapQ20.JntSNPs.dMM4.Ngoye.6.1MBs.beagle.gz.mm05.50kb.rnd10.ld.gz r2 29035.3093093093 0.0584592014954296 0.0555499391389493 0.0621590070890947
aegy.wgs.non-AfrI3.AfrI3.unrel.n1206.mapQ20.JntSNPs.dMM4.Ngoye.6.1MBs.beagle.gz.mm05.50kb.rnd10.ld.gz r2 29065.0880880881 0.0584533227703291 0.0555469724020081 0.0621494889551259
aegy.wgs.non-AfrI3.AfrI3.unrel.n1206.mapQ20.JntSNPs.dMM4.Ngoye.6.1MBs.beagle.gz.mm05.50kb.rnd10.ld.gz r2 29094.8668668669 0.0584474558954732 0.0555440116909975 0.0621399898263364
aegy.wgs.non-AfrI3.AfrI3.unrel.n1206.mapQ20.JntSNPs.dMM4.Ngoye.6.1MBs.beagle.gz.mm05.50kb.rnd10.ld.gz r2 29124.6456456456 0.0584416008350617 0.0555410569875762 0.0621305096458428
aegy.wgs.non-AfrI3.AfrI3.unrel.n1206.mapQ20.JntSNPs.dMM4.Ngoye.6.1MBs.beagle.gz.mm05.50kb.rnd10.ld.gz r2 29154.4244244244 0.0584357575534389 0.055538108273477 0.0621210483569883
aegy.wgs.non-AfrI3.AfrI3.unrel.n1206.mapQ20.JntSNPs.dMM4.Ngoye.6.1MBs.beagle.gz.mm05.50kb.rnd10.ld.gz r2 29184.2032032032 0.0584299260150923 0.0555351655305066 0.062111605903342
aegy.wgs.non-AfrI3.AfrI3.unrel.n1206.mapQ20.JntSNPs.dMM4.Ngoye.6.1MBs.beagle.gz.mm05.50kb.rnd10.ld.gz r2 29213.981981982 0.0584241061846518 0.0555322287405456 0.0621021822286976
aegy.wgs.non-AfrI3.AfrI3.unrel.n1206.mapQ20.JntSNPs.dMM4.Ngoye.6.1MBs.beagle.gz.mm05.50kb.rnd10.ld.gz r2 29243.7607607608 0.0584182980268896 0.0555292978855476 0.0620927772770721
aegy.wgs.non-AfrI3.AfrI3.unrel.n1206.mapQ20.JntSNPs.dMM4.Ngoye.6.1MBs.beagle.gz.mm05.50kb.rnd10.ld.gz r2 29273.5395395395 0.0584125015067188 0.0555263729475392 0.0620833909927051
aegy.wgs.non-AfrI3.AfrI3.unrel.n1206.mapQ20.JntSNPs.dMM4.Ngoye.6.1MBs.beagle.gz.mm05.50kb.rnd10.ld.gz r2 29303.3183183183 0.0584067165891932 0.0555234539086193 0.0620740233200572
aegy.wgs.non-AfrI3.AfrI3.unrel.n1206.mapQ20.JntSNPs.dMM4.Ngoye.6.1MBs.beagle.gz.mm05.50kb.rnd10.ld.gz r2 29333.0970970971 0.0584009432395063 0.0555205407509593 0.0620646742038095
aegy.wgs.non-AfrI3.AfrI3.unrel.n1206.mapQ20.JntSNPs.dMM4.Ngoye.6.1MBs.beagle.gz.mm05.50kb.rnd10.ld.gz r2 29362.8758758759 0.0583951814229907 0.0555176334568021 0.062055343588862
aegy.wgs.non-AfrI3.AfrI3.unrel.n1206.mapQ20.JntSNPs.dMM4.Ngoye.6.1MBs.beagle.gz.mm05.50kb.rnd10.ld.gz r2 29392.6546546547 0.0583894311051173 0.055514732008462 0.0620460314203325
aegy.wgs.non-AfrI3.AfrI3.unrel.n1206.mapQ20.JntSNPs.dMM4.Ngoye.6.1MBs.beagle.gz.mm05.50kb.rnd10.ld.gz r2 29422.4334334334 0.0583836922514951 0.0555118363883245 0.062036737643556
aegy.wgs.non-AfrI3.AfrI3.unrel.n1206.mapQ20.JntSNPs.dMM4.Ngoye.6.1MBs.beagle.gz.mm05.50kb.rnd10.ld.gz r2 29452.2122122122 0.0583779648278696 0.0555089465788457 0.0620274622040832
aegy.wgs.non-AfrI3.AfrI3.unrel.n1206.mapQ20.JntSNPs.dMM4.Ngoye.6.1MBs.beagle.gz.mm05.50kb.rnd10.ld.gz r2 29481.990990991 0.0583722488001231 0.0555060625625521 0.0620182050476798
aegy.wgs.non-AfrI3.AfrI3.unrel.n1206.mapQ20.JntSNPs.dMM4.Ngoye.6.1MBs.beagle.gz.mm05.50kb.rnd10.ld.gz r2 29511.7697697698 0.0583665441342733 0.0555031843220402 0.0620089661203248
aegy.wgs.non-AfrI3.AfrI3.unrel.n1206.mapQ20.JntSNPs.dMM4.Ngoye.6.1MBs.beagle.gz.mm05.50kb.rnd10.ld.gz r2 29541.5485485485 0.0583608507964729 0.0555003118399762 0.0619997453682103
aegy.wgs.non-AfrI3.AfrI3.unrel.n1206.mapQ20.JntSNPs.dMM4.Ngoye.6.1MBs.beagle.gz.mm05.50kb.rnd10.ld.gz r2 29571.3273273273 0.058355168753009 0.0554974450990954 0.0619905427377399
aegy.wgs.non-AfrI3.AfrI3.unrel.n1206.mapQ20.JntSNPs.dMM4.Ngoye.6.1MBs.beagle.gz.mm05.50kb.rnd10.ld.gz r2 29601.1061061061 0.0583494979703025 0.0554945840822021 0.0619813581755275
aegy.wgs.non-AfrI3.AfrI3.unrel.n1206.mapQ20.JntSNPs.dMM4.Ngoye.6.1MBs.beagle.gz.mm05.50kb.rnd10.ld.gz r2 29630.8848848849 0.0583438384149071 0.0554917287721694 0.0619721916283969
aegy.wgs.non-AfrI3.AfrI3.unrel.n1206.mapQ20.JntSNPs.dMM4.Ngoye.6.1MBs.beagle.gz.mm05.50kb.rnd10.ld.gz r2 29660.6636636637 0.0583381900535088 0.0554888791519385 0.0619630430433804
aegy.wgs.non-AfrI3.AfrI3.unrel.n1206.mapQ20.JntSNPs.dMM4.Ngoye.6.1MBs.beagle.gz.mm05.50kb.rnd10.ld.gz r2 29690.4424424424 0.0583325528529254 0.0554860352045185 0.0619539123677176
aegy.wgs.non-AfrI3.AfrI3.unrel.n1206.mapQ20.JntSNPs.dMM4.Ngoye.6.1MBs.beagle.gz.mm05.50kb.rnd10.ld.gz r2 29720.2212212212 0.0583269267801058 0.0554831969129862 0.0619447995488547
aegy.wgs.non-AfrI3.AfrI3.unrel.n1206.mapQ20.JntSNPs.dMM4.Ngoye.6.1MBs.beagle.gz.mm05.50kb.rnd10.ld.gz r2 29750 0.0583213118021291 0.0554803642604856 0.0619357045344433
