country	chrom	start	end	r2samp
Senegal	1	0	99999	0.002604449400678277
Senegal	1	100000	199999	0.0032429187558591366
Senegal	1	200000	299999	0.002784809796139598
Senegal	1	300000	399999	0.0029471376910805702
Senegal	1	400000	499999	0.0030708492267876863
Senegal	1	500000	599999	0.0033016283996403217
Senegal	1	600000	699999	0.003672488732263446
Senegal	1	700000	799999	0.0029946763534098864
Senegal	1	800000	899999	0.003240793477743864
Senegal	1	900000	999999	0.0039568399079144
Senegal	1	1000000	1099999	0.003311828593723476
Senegal	1	1100000	1199999	0.0032697611022740602
Senegal	1	1200000	1299999	0.0047349524684250355
Senegal	1	1300000	1399999	0.0032894739415496588
Senegal	1	1400000	1499999	0.00398891931399703
Senegal	1	1500000	1599999	0.0037414974067360163
Senegal	1	1600000	1699999	0.0033256253227591515
Senegal	1	1700000	1799999	0.0029946763534098864
Senegal	1	1800000	1899999	0.0030349711887538433
Senegal	1	1900000	1999999	0.0032791034318506718
Senegal	1	2000000	2099999	0.0035236079711467028
Senegal	1	2100000	2199999	0.0035472786985337734
Senegal	1	2200000	2299999	0.0032894739415496588
Senegal	1	2300000	2399999	0.0029487181454896927
Senegal	1	2400000	2499999	0.0028941419441252947
Senegal	1	2500000	2599999	0.0035297400318086147
Senegal	1	2600000	2699999	0.0032894739415496588
Senegal	1	2700000	2799999	0.0032508999574929476
Senegal	1	2800000	2899999	0.0037400737637653947
Senegal	1	2900000	2999999	0.0032791034318506718
Senegal	1	3000000	3099999	0.004270349163562059
Senegal	1	3100000	3199999	0.003568151965737343
Senegal	1	3200000	3299999	0.003238540841266513
Senegal	1	3300000	3399999	0.0032894739415496588
Senegal	1	3400000	3499999	0.0031084702350199223
Senegal	1	3500000	3599999	0.0038785464130342007
Senegal	1	3600000	3699999	0.003363983007147908
Senegal	1	3700000	3799999	0.0037414964754134417
Senegal	1	3800000	3899999	0.003708373289555311
Senegal	1	3900000	3999999	0.0030708492267876863
Senegal	1	4000000	4099999	0.0034781363792717457
Senegal	1	4100000	4199999	0.003285344922915101
Senegal	1	4200000	4299999	0.0032508999574929476
Senegal	1	4300000	4399999	0.003097488544881344
Senegal	1	4400000	4499999	0.0036573184188455343
Senegal	1	4500000	4599999	0.0038785464130342007
Senegal	1	4600000	4699999	0.0034666669089347124
Senegal	1	4700000	4799999	0.003358507063239813
Senegal	1	4800000	4899999	0.0032508999574929476
Senegal	1	4900000	4999999	0.003174009849317372
Senegal	1	5000000	5099999	0.0038404460065066814
Senegal	1	5100000	5199999	0.0029946763534098864
Senegal	1	5200000	5299999	0.003358507063239813
Senegal	1	5300000	5399999	0.0034049416426569223
Senegal	1	5400000	5499999	0.0032628329936414957
Senegal	1	5500000	5599999	0.003802733263000846
Senegal	1	5600000	5699999	0.0035236079711467028
Senegal	1	5700000	5799999	0.0026503007393330336
Senegal	1	5800000	5899999	0.0031214794144034386
Senegal	1	5900000	5999999	0.003601944772526622
Senegal	1	6000000	6099999	0.0032714090775698423
Senegal	1	6100000	6199999	0.0029843896627426147
Senegal	1	6200000	6299999	0.0030708492267876863
Senegal	1	6300000	6399999	0.0026529107708483934
Senegal	1	6400000	6499999	0.0035472786985337734
Senegal	1	6500000	6599999	0.0034666669089347124
Senegal	1	6600000	6699999	0.0027238677721470594
Senegal	1	6700000	6799999	0.0037414964754134417
Senegal	1	6800000	6899999	0.0030708492267876863
Senegal	1	6900000	6999999	0.0032508999574929476
Senegal	1	7000000	7099999	0.0038785464130342007
Senegal	1	7100000	7199999	0.0035516954958438873
Senegal	1	7200000	7299999	0.0038118924712762237
Senegal	1	7300000	7399999	0.0037905933568254113
Senegal	1	7400000	7499999	0.0033309978898614645
Senegal	1	7500000	7599999	0.003363983007147908
Senegal	1	7600000	7699999	0.0030708492267876863
Senegal	1	7700000	7799999	0.0036897582467645407
Senegal	1	7800000	7899999	0.0035472786985337734
Senegal	1	7900000	7999999	0.0031608976423740387
Senegal	1	8000000	8099999	0.003450279589742422
Senegal	1	8100000	8199999	0.0037210427690297365
Senegal	1	8200000	8299999	0.00398891931399703
Senegal	1	8300000	8399999	0.003363983007147908
Senegal	1	8400000	8499999	0.003363983007147908
Senegal	1	8500000	8599999	0.0032791034318506718
Senegal	1	8600000	8699999	0.0035236079711467028
Senegal	1	8700000	8799999	0.0034804721362888813
Senegal	1	8800000	8899999	0.0032894739415496588
Senegal	1	8900000	8999999	0.003994648344814777
Senegal	1	9000000	9099999	0.002914064796641469
Senegal	1	9100000	9199999	0.0032508999574929476
Senegal	1	9200000	9299999	0.003586000297218561
Senegal	1	9300000	9399999	0.0038686562329530716
Senegal	1	9400000	9499999	0.0030708492267876863
Senegal	1	9500000	9599999	0.0030496809631586075
Senegal	1	9600000	9699999	0.0031381372828036547
Senegal	1	9700000	9799999	0.0031982273794710636
Senegal	1	9800000	9899999	0.002903600689023733
Senegal	1	9900000	9999999	0.0033502663718536496
Senegal	1	10000000	10099999	0.003452317090705037
Senegal	1	10100000	10199999	0.003358507063239813
Senegal	1	10200000	10299999	0.0031983653316274285
Senegal	1	10300000	10399999	0.0032894739415496588
Senegal	1	10400000	10499999	0.0033420349936932325
Senegal	1	10500000	10599999	0.0032580720726400614
Senegal	1	10600000	10699999	0.0034726050216704607
Senegal	1	10700000	10799999	0.0035794044379144907
Senegal	1	10800000	10899999	0.0030708492267876863
Senegal	1	10900000	10999999	0.0031381372828036547
Senegal	1	11000000	11099999	0.0029946763534098864
Senegal	1	11100000	11199999	0.0030666696839034557
Senegal	1	11200000	11299999	0.0031936257146298885
Senegal	1	11300000	11399999	0.003358507063239813
Senegal	1	11400000	11499999	0.0036982661113142967
Senegal	1	11500000	11599999	0.0038785464130342007
Senegal	1	11600000	11699999	0.003741671913303435
Senegal	1	11700000	11799999	0.00398891931399703
Senegal	1	11800000	11899999	0.003968889359384775
Senegal	1	11900000	11999999	0.0032894739415496588
Senegal	1	12000000	12099999	0.0032894739415496588
Senegal	1	12100000	12199999	0.004023855086416006
Senegal	1	12200000	12299999	0.0036856133956462145
Senegal	1	12300000	12399999	0.003541332669556141
Senegal	1	12400000	12499999	0.0029946763534098864
Senegal	1	12500000	12599999	0.0029946763534098864
Senegal	1	12600000	12699999	0.0031168831046670675
Senegal	1	12700000	12799999	0.0036486489698290825
Senegal	1	12800000	12899999	0.0037431372329592705
Senegal	1	12900000	12999999	0.003747676033526659
Senegal	1	13000000	13099999	0.0032894739415496588
Senegal	1	13100000	13199999	0.0032894739415496588
Senegal	1	13200000	13299999	0.0035293279215693474
Senegal	1	13300000	13399999	0.0030264421366155148
Senegal	1	13400000	13499999	0.003672491991892457
Senegal	1	13500000	13599999	0.003859348129481077
Senegal	1	13600000	13699999	0.0037210427690297365
Senegal	1	13700000	13799999	0.0035400085616856813
Senegal	1	13800000	13899999	0.0037339713890105486
Senegal	1	13900000	13999999	0.003196022124029696
Senegal	1	14000000	14099999	0.002975742216221988
Senegal	1	14100000	14199999	0.003128249431028962
Senegal	1	14200000	14299999	0.0034561126958578825
Senegal	1	14300000	14399999	0.0035935251507908106
Senegal	1	14400000	14499999	0.0034726050216704607
Senegal	1	14500000	14599999	0.0038297974970191717
Senegal	1	14600000	14699999	0.003849128377623856
Senegal	1	14700000	14799999	0.004127493593841791
Senegal	1	14800000	14899999	0.004041437059640884
Senegal	1	14900000	14999999	0.0036586038768291473
Senegal	1	15000000	15099999	0.0035236079711467028
Senegal	1	15100000	15199999	0.004071506671607494
Senegal	1	15200000	15299999	0.003336393740028143
Senegal	1	15300000	15399999	0.003193589858710766
Senegal	1	15400000	15499999	0.0034726050216704607
Senegal	1	15500000	15599999	0.0037743858993053436
Senegal	1	15600000	15699999	0.0036029216134920716
Senegal	1	15700000	15799999	0.00349065032787621
Senegal	1	15800000	15899999	0.003803082974627614
Senegal	1	15900000	15999999	0.0037414964754134417
Senegal	1	16000000	16099999	0.004047695081681013
Senegal	1	16100000	16199999	0.004742729943245649
Senegal	1	16200000	16299999	0.005114356987178326
Senegal	1	16300000	16399999	0.00536963390186429
Senegal	1	16400000	16499999	0.004616457503288984
Senegal	1	16500000	16599999	0.0036150694359093904
Senegal	1	16600000	16699999	0.0037459488958120346
Senegal	1	16700000	16799999	0.00352360843680799
Senegal	1	16800000	16899999	0.003586000297218561
Senegal	1	16900000	16999999	0.003222989267669618
Senegal	1	17000000	17099999	0.0028371585067361593
Senegal	1	17100000	17199999	0.003680040128529072
Senegal	1	17200000	17299999	0.0032290912931784987
Senegal	1	17300000	17399999	0.0031030334066599607
Senegal	1	17400000	17499999	0.0033562853932380676
Senegal	1	17500000	17599999	0.0030814316123723984
Senegal	1	17600000	17699999	0.005543131846934557
Senegal	1	17700000	17799999	0.004034065175801516
Senegal	1	17800000	17899999	0.0031206414569169283
Senegal	1	17900000	17999999	0.004324840381741524
Senegal	1	18000000	18099999	0.004675704054534435
Senegal	1	18100000	18199999	0.002625000197440386
Senegal	1	18200000	18299999	0.0027575455605983734
Senegal	1	18300000	18399999	0.0032429187558591366
Senegal	1	18400000	18499999	0.002914064796641469
Senegal	1	18500000	18599999	0.003046551253646612
Senegal	1	18600000	18699999	0.0030325943371281028
Senegal	1	18700000	18799999	0.0027528998907655478
Senegal	1	18800000	18899999	0.0030719126807525754
Senegal	1	18900000	18999999	0.003363983007147908
Senegal	1	19000000	19099999	0.0032894739415496588
Senegal	1	19100000	19199999	0.0030958254355937243
Senegal	1	19200000	19299999	0.0030708492267876863
Senegal	1	19300000	19399999	0.0030708492267876863
Senegal	1	19400000	19499999	0.0027575455605983734
Senegal	1	19500000	19599999	0.0032894739415496588
Senegal	1	19600000	19699999	0.0032894739415496588
Senegal	1	19700000	19799999	0.0037414964754134417
Senegal	1	19800000	19899999	0.002633311552926898
Senegal	1	19900000	19999999	0.0032285130582749844
Senegal	1	20000000	20099999	0.002945187035948038
Senegal	1	20100000	20199999	0.002633311552926898
Senegal	1	20200000	20299999	0.0028896864969283342
Senegal	1	20300000	20399999	0.002680762205272913
Senegal	1	20400000	20499999	0.002625000197440386
Senegal	1	20500000	20599999	0.0029946763534098864
Senegal	1	20600000	20699999	0.002914064796641469
Senegal	1	20700000	20799999	0.0024287565611302853
Senegal	1	20800000	20899999	0.0032894739415496588
Senegal	1	20900000	20999999	0.0032225577160716057
Senegal	1	21000000	21099999	0.003363983007147908
Senegal	1	21100000	21199999	0.0026503961998969316
Senegal	1	21200000	21299999	0.0035472786985337734
Senegal	1	21300000	21399999	0.0027043514419347048
Senegal	1	21400000	21499999	0.002536509418860078
Senegal	1	21500000	21599999	0.0027665747329592705
Senegal	1	21600000	21699999	0.003240793477743864
Senegal	1	21700000	21799999	0.0029040053486824036
Senegal	1	21800000	21899999	0.0032141113188117743
Senegal	1	21900000	21999999	0.0029592025093734264
Senegal	1	22000000	22099999	0.002784809796139598
Senegal	1	22100000	22199999	0.0032380528282374144
Senegal	1	22200000	22299999	0.0032791034318506718
Senegal	1	22300000	22399999	0.003650371450930834
Senegal	1	22400000	22499999	0.0031548163387924433
Senegal	1	22500000	22599999	0.003194662509486079
Senegal	1	22600000	22699999	0.002809756202623248
Senegal	1	22700000	22799999	0.0028774391394108534
Senegal	1	22800000	22899999	0.00352360843680799
Senegal	1	22900000	22999999	0.0036485021701082587
Senegal	1	23000000	23099999	0.003392039565369487
Senegal	1	23100000	23199999	0.003672488732263446
Senegal	1	23200000	23299999	0.0029946763534098864
Senegal	1	23300000	23399999	0.0029946763534098864
Senegal	1	23400000	23499999	0.002784809796139598
Senegal	1	23500000	23599999	0.00265716016292572
Senegal	1	23600000	23699999	0.002691436093300581
Senegal	1	23700000	23799999	0.003182100597769022
Senegal	1	23800000	23899999	0.002883385634049773
Senegal	1	23900000	23999999	0.0029946763534098864
Senegal	1	24000000	24099999	0.0024691354483366013
Senegal	1	24100000	24199999	0.0030091633088886738
Senegal	1	24200000	24299999	0.0034618154168128967
Senegal	1	24300000	24399999	0.0030708492267876863
Senegal	1	24400000	24499999	0.0029487181454896927
Senegal	1	24500000	24599999	0.0032894739415496588
Senegal	1	24600000	24699999	0.00305455329362303
Senegal	1	24700000	24799999	0.003113499376922846
Senegal	1	24800000	24899999	0.0032508999574929476
Senegal	1	24900000	24999999	0.002903600689023733
Senegal	1	25000000	25099999	0.003450889838859439
Senegal	1	25100000	25199999	0.002931812545284629
Senegal	1	25200000	25299999	0.002604449400678277
Senegal	1	25300000	25399999	0.0030708492267876863
Senegal	1	25400000	25499999	0.0035209977068006992
Senegal	1	25500000	25599999	0.0029946763534098864
Senegal	1	25600000	25699999	0.002914064796641469
Senegal	1	25700000	25799999	0.0030708492267876863
Senegal	1	25800000	25899999	0.0032894739415496588
Senegal	1	25900000	25999999	0.0027297688648104668
Senegal	1	26000000	26099999	0.0035472786985337734
Senegal	1	26100000	26199999	0.0034392329398542643
Senegal	1	26200000	26299999	0.0029946763534098864
Senegal	1	26300000	26399999	0.0025065906811505556
Senegal	1	26400000	26499999	0.0028222650289535522
Senegal	1	26500000	26599999	0.002888126065954566
Senegal	1	26600000	26699999	0.002469135681167245
Senegal	1	26700000	26799999	0.0030708492267876863
Senegal	1	26800000	26899999	0.0029235503170639277
Senegal	1	26900000	26999999	0.0032429187558591366
Senegal	1	27000000	27099999	0.0030708492267876863
Senegal	1	27100000	27199999	0.0029565629083663225
Senegal	1	27200000	27299999	0.0029843896627426147
Senegal	1	27300000	27399999	0.002951492089778185
Senegal	1	27400000	27499999	0.003046551253646612
Senegal	1	27500000	27599999	0.0031074509024620056
Senegal	1	27600000	27699999	0.002788448240607977
Senegal	1	27700000	27799999	0.00331363664008677
Senegal	1	27800000	27899999	0.003424310125410557
Senegal	1	27900000	27999999	0.0029125018045306206
Senegal	1	28000000	28099999	0.0029946763534098864
Senegal	1	28100000	28199999	0.0032017272897064686
Senegal	1	28200000	28299999	0.003082387847825885
Senegal	1	28300000	28399999	0.003859348129481077
Senegal	1	28400000	28499999	0.002220002468675375
Senegal	1	28500000	28599999	0.0030708492267876863
Senegal	1	28600000	28699999	0.00298931822180748
Senegal	1	28700000	28799999	0.0025173353496938944
Senegal	1	28800000	28899999	0.002759114606305957
Senegal	1	28900000	28999999	0.0026503961998969316
Senegal	1	29000000	29099999	0.0030349711887538433
Senegal	1	29100000	29199999	0.0032508999574929476
Senegal	1	29200000	29299999	0.0035472786985337734
Senegal	1	29300000	29399999	0.0033743586391210556
Senegal	1	29400000	29499999	0.003135846694931388
Senegal	1	29500000	29599999	0.002973359078168869
Senegal	1	29600000	29699999	0.003165322355926037
Senegal	1	29700000	29799999	0.002812702441588044
Senegal	1	29800000	29899999	0.0032894739415496588
Senegal	1	29900000	29999999	0.0029566872399300337
Senegal	1	30000000	30099999	0.002784809796139598
Senegal	1	30100000	30199999	0.0031381372828036547
Senegal	1	30200000	30299999	0.0029718640726059675
Senegal	1	30300000	30399999	0.0029675387777388096
Senegal	1	30400000	30499999	0.00331768486648798
Senegal	1	30500000	30599999	0.0029800706543028355
Senegal	1	30600000	30699999	0.0027112059760838747
Senegal	1	30700000	30799999	0.0029038034845143557
Senegal	1	30800000	30899999	0.002633311552926898
Senegal	1	30900000	30999999	0.0026906761340796947
Senegal	1	31000000	31099999	0.003358507063239813
Senegal	1	31100000	31199999	0.003375055966898799
Senegal	1	31200000	31299999	0.0035472786985337734
Senegal	1	31300000	31399999	0.003182100597769022
Senegal	1	31400000	31499999	0.0030708492267876863
Senegal	1	31500000	31599999	0.0027743891114369035
Senegal	1	31600000	31699999	0.002784809796139598
Senegal	1	31700000	31799999	0.0029843896627426147
Senegal	1	31800000	31899999	0.002926118206232786
Senegal	1	31900000	31999999	0.002903600689023733
Senegal	1	32000000	32099999	0.003859348129481077
Senegal	1	32100000	32199999	0.0034726050216704607
Senegal	1	32200000	32299999	0.0027238677721470594
Senegal	1	32300000	32399999	0.0032508999574929476
Senegal	1	32400000	32499999	0.0029946763534098864
Senegal	1	32500000	32599999	0.00261023105122149
Senegal	1	32600000	32699999	0.0027238677721470594
Senegal	1	32700000	32799999	0.003151041455566883
Senegal	1	32800000	32899999	0.0033544376492500305
Senegal	1	32900000	32999999	0.0035472786985337734
Senegal	1	33000000	33099999	0.0036084488965570927
Senegal	1	33100000	33199999	0.003802733263000846
Senegal	1	33200000	33299999	0.0030708492267876863
Senegal	1	33300000	33399999	0.0031737596727907658
Senegal	1	33400000	33499999	0.003363983007147908
Senegal	1	33500000	33599999	0.003639650996774435
Senegal	1	33600000	33699999	0.0029038034845143557
Senegal	1	33700000	33799999	0.0030708492267876863
Senegal	1	33800000	33899999	0.0029843896627426147
Senegal	1	33900000	33999999	0.0030708492267876863
Senegal	1	34000000	34099999	0.0032078721560537815
Senegal	1	34100000	34199999	0.0030708492267876863
Senegal	1	34200000	34299999	0.0034666669089347124
Senegal	1	34300000	34399999	0.0032508999574929476
Senegal	1	34400000	34499999	0.0032508999574929476
Senegal	1	34500000	34599999	0.002513788058422506
Senegal	1	34600000	34699999	0.003568151965737343
Senegal	1	34700000	34799999	0.0031996769830584526
Senegal	1	34800000	34899999	0.002843376947566867
Senegal	1	34900000	34999999	0.00373194576241076
Senegal	1	35000000	35099999	0.0029492618050426245
Senegal	1	35100000	35199999	0.0030708492267876863
Senegal	1	35200000	35299999	0.0030708492267876863
Senegal	1	35300000	35399999	0.002604449400678277
Senegal	1	35400000	35499999	0.0027938447892665863
Senegal	1	35500000	35599999	0.0034486071672290564
Senegal	1	35600000	35699999	0.002945187035948038
Senegal	1	35700000	35799999	0.0032894739415496588
Senegal	1	35800000	35899999	0.0032894739415496588
Senegal	1	35900000	35999999	0.0034618154168128967
Senegal	1	36000000	36099999	0.002908337628468871
Senegal	1	36100000	36199999	0.0032894739415496588
Senegal	1	36200000	36299999	0.0027238677721470594
Senegal	1	36300000	36399999	0.002789825666695833
Senegal	1	36400000	36499999	0.002891404554247856
Senegal	1	36500000	36599999	0.002604449400678277
Senegal	1	36600000	36699999	0.0032508999574929476
Senegal	1	36700000	36799999	0.0032026146072894335
Senegal	1	36800000	36899999	0.003138289088383317
Senegal	1	36900000	36999999	0.0032964833080768585
Senegal	1	37000000	37099999	0.0028290983755141497
Senegal	1	37100000	37199999	0.0028656506910920143
Senegal	1	37200000	37299999	0.0032673035748302937
Senegal	1	37300000	37399999	0.003470351453870535
Senegal	1	37400000	37499999	0.0035472786985337734
Senegal	1	37500000	37599999	0.0027126739732921124
Senegal	1	37600000	37699999	0.0032894739415496588
Senegal	1	37700000	37799999	0.003258112818002701
Senegal	1	37800000	37899999	0.002945187035948038
Senegal	1	37900000	37999999	0.002739324001595378
Senegal	1	38000000	38099999	0.0027554893167689443
Senegal	1	38100000	38199999	0.0032508999574929476
Senegal	1	38200000	38299999	0.0032508999574929476
Senegal	1	38300000	38399999	0.0029675387777388096
Senegal	1	38400000	38499999	0.0029946763534098864
Senegal	1	38500000	38599999	0.0029843896627426147
Senegal	1	38600000	38699999	0.002680535428225994
Senegal	1	38700000	38799999	0.003162362612783909
Senegal	1	38800000	38899999	0.0030708492267876863
Senegal	1	38900000	38999999	0.002914064796641469
Senegal	1	39000000	39099999	0.002604449400678277
Senegal	1	39100000	39199999	0.002935208845883608
Senegal	1	39200000	39299999	0.0029800706543028355
Senegal	1	39300000	39399999	0.0032894739415496588
Senegal	1	39400000	39499999	0.0030697861220687628
Senegal	1	39500000	39599999	0.003182087675668299
Senegal	1	39600000	39699999	0.002903600689023733
Senegal	1	39700000	39799999	0.003131094155833125
Senegal	1	39800000	39899999	0.0032429187558591366
Senegal	1	39900000	39999999	0.002762207528576255
Senegal	1	40000000	40099999	0.0029468091670423746
Senegal	1	40100000	40199999	0.0034857175778597593
Senegal	1	40200000	40299999	0.0028252003248780966
Senegal	1	40300000	40399999	0.0031381372828036547
Senegal	1	40400000	40499999	0.0030708492267876863
Senegal	1	40500000	40599999	0.0025943757500499487
Senegal	1	40600000	40699999	0.003240793477743864
Senegal	1	40700000	40799999	0.002765715355053544
Senegal	1	40800000	40899999	0.002914064796641469
Senegal	1	40900000	40999999	0.0030585494823753834
Senegal	1	41000000	41099999	0.003346649929881096
Senegal	1	41100000	41199999	0.0030708492267876863
Senegal	1	41200000	41299999	0.0029675387777388096
Senegal	1	41300000	41399999	0.002931812545284629
Senegal	1	41400000	41499999	0.0035472786985337734
Senegal	1	41500000	41599999	0.0032791034318506718
Senegal	1	41600000	41699999	0.002789825666695833
Senegal	1	41700000	41799999	0.0032508999574929476
Senegal	1	41800000	41899999	0.0029675387777388096
Senegal	1	41900000	41999999	0.0027528998907655478
Senegal	1	42000000	42099999	0.003240793477743864
Senegal	1	42100000	42199999	0.002604449400678277
Senegal	1	42200000	42299999	0.0029946763534098864
Senegal	1	42300000	42399999	0.0032894739415496588
Senegal	1	42400000	42499999	0.002778056776151061
Senegal	1	42500000	42599999	0.0029575685039162636
Senegal	1	42600000	42699999	0.0026503433473408222
Senegal	1	42700000	42799999	0.0029675387777388096
Senegal	1	42800000	42899999	0.002604449400678277
Senegal	1	42900000	42999999	0.0028298133984208107
Senegal	1	43000000	43099999	0.002633311552926898
Senegal	1	43100000	43199999	0.002714654430747032
Senegal	1	43200000	43299999	0.002557726576924324
Senegal	1	43300000	43399999	0.003238540841266513
Senegal	1	43400000	43499999	0.003915880341082811
Senegal	1	43500000	43599999	0.0031168831046670675
Senegal	1	43600000	43699999	0.003031626110896468
Senegal	1	43700000	43799999	0.0032894739415496588
Senegal	1	43800000	43899999	0.0032894739415496588
Senegal	1	43900000	43999999	0.0029946763534098864
Senegal	1	44000000	44099999	0.002955377451144159
Senegal	1	44100000	44199999	0.0029843896627426147
Senegal	1	44200000	44299999	0.0027065870817750692
Senegal	1	44300000	44399999	0.0035400085616856813
Senegal	1	44400000	44499999	0.0028662418480962515
Senegal	1	44500000	44599999	0.0032429187558591366
Senegal	1	44600000	44699999	0.0032894739415496588
Senegal	1	44700000	44799999	0.0030708492267876863
Senegal	1	44800000	44899999	0.0031532810535281897
Senegal	1	44900000	44999999	0.002789825666695833
Senegal	1	45000000	45099999	0.0029946763534098864
Senegal	1	45100000	45199999	0.0032894739415496588
Senegal	1	45200000	45299999	0.0031868908554315567
Senegal	1	45300000	45399999	0.0029946763534098864
Senegal	1	45400000	45499999	0.003182100597769022
Senegal	1	45500000	45599999	0.003059297101572156
Senegal	1	45600000	45699999	0.0032429187558591366
Senegal	1	45700000	45799999	0.003162362612783909
Senegal	1	45800000	45899999	0.0030708492267876863
Senegal	1	45900000	45999999	0.003126372117549181
Senegal	1	46000000	46099999	0.0029487181454896927
Senegal	1	46100000	46199999	0.0030708492267876863
Senegal	1	46200000	46299999	0.002788448240607977
Senegal	1	46300000	46399999	0.0030708492267876863
Senegal	1	46400000	46499999	0.0028943484649062157
Senegal	1	46500000	46599999	0.0027489482890814543
Senegal	1	46600000	46699999	0.0032894739415496588
Senegal	1	46700000	46799999	0.003240793477743864
Senegal	1	46800000	46899999	0.0032894739415496588
Senegal	1	46900000	46999999	0.002945187035948038
Senegal	1	47000000	47099999	0.0032026146072894335
Senegal	1	47100000	47199999	0.0030708492267876863
Senegal	1	47200000	47299999	0.0034618154168128967
Senegal	1	47300000	47399999	0.003138289088383317
Senegal	1	47400000	47499999	0.0034135382156819105
Senegal	1	47500000	47599999	0.0033109583891928196
Senegal	1	47600000	47699999	0.0026393712032586336
Senegal	1	47700000	47799999	0.0031868908554315567
Senegal	1	47800000	47899999	0.0027238677721470594
Senegal	1	47900000	47999999	0.00282494374550879
Senegal	1	48000000	48099999	0.0035236079711467028
Senegal	1	48100000	48199999	0.003138289088383317
Senegal	1	48200000	48299999	0.0031168831046670675
Senegal	1	48300000	48399999	0.003637525951489806
Senegal	1	48400000	48499999	0.004242949187755585
Senegal	1	48500000	48599999	0.0034886891953647137
Senegal	1	48600000	48699999	0.002809756202623248
Senegal	1	48700000	48799999	0.003235411597415805
Senegal	1	48800000	48899999	0.0027126739732921124
Senegal	1	48900000	48999999	0.0032894739415496588
Senegal	1	49000000	49099999	0.0029946763534098864
Senegal	1	49100000	49199999	0.002870395081117749
Senegal	1	49200000	49299999	0.0030708492267876863
Senegal	1	49300000	49399999	0.003207265865057707
Senegal	1	49400000	49499999	0.0030708492267876863
Senegal	1	49500000	49599999	0.002633311552926898
Senegal	1	49600000	49699999	0.0031074509024620056
Senegal	1	49700000	49799999	0.0030708492267876863
Senegal	1	49800000	49899999	0.0030708492267876863
Senegal	1	49900000	49999999	0.003363983007147908
Senegal	1	50000000	50099999	0.003548659384250641
Senegal	1	50100000	50199999	0.0029843896627426147
Senegal	1	50200000	50299999	0.004226593300700188
Senegal	1	50300000	50399999	0.0037414964754134417
Senegal	1	50400000	50499999	0.003802733263000846
Senegal	1	50500000	50599999	0.003240793477743864
Senegal	1	50600000	50699999	0.0034557953476905823
Senegal	1	50700000	50799999	0.0029843896627426147
Senegal	1	50800000	50899999	0.0030020105186849833
Senegal	1	50900000	50999999	0.0030708492267876863
Senegal	1	51000000	51099999	0.0027528998907655478
Senegal	1	51100000	51199999	0.0030170062091201544
Senegal	1	51200000	51299999	0.0029946763534098864
Senegal	1	51300000	51399999	0.003127004485577345
Senegal	1	51400000	51499999	0.0034709947649389505
Senegal	1	51500000	51599999	0.0032508999574929476
Senegal	1	51600000	51699999	0.0030735668260604143
Senegal	1	51700000	51799999	0.0031217520590871572
Senegal	1	51800000	51899999	0.0031868908554315567
Senegal	1	51900000	51999999	0.0032894739415496588
Senegal	1	52000000	52099999	0.002888126065954566
Senegal	1	52100000	52199999	0.0035185166634619236
Senegal	1	52200000	52299999	0.0029038034845143557
Senegal	1	52300000	52399999	0.002633311552926898
Senegal	1	52400000	52499999	0.003358507063239813
Senegal	1	52500000	52599999	0.0032894739415496588
Senegal	1	52600000	52699999	0.0037240316160023212
Senegal	1	52700000	52799999	0.0032791034318506718
Senegal	1	52800000	52899999	0.003683325368911028
Senegal	1	52900000	52999999	0.002788448240607977
Senegal	1	53000000	53099999	0.0030708492267876863
Senegal	1	53100000	53199999	0.002633311552926898
Senegal	1	53200000	53299999	0.0031168826390057802
Senegal	1	53300000	53399999	0.0030708492267876863
Senegal	1	53400000	53499999	0.0029946763534098864
Senegal	1	53500000	53599999	0.003240793477743864
Senegal	1	53600000	53699999	0.00352360587567091
Senegal	1	53700000	53799999	0.002941945567727089
Senegal	1	53800000	53899999	0.0027126739732921124
Senegal	1	53900000	53999999	0.002980435499921441
Senegal	1	54000000	54099999	0.00298542738892138
Senegal	1	54100000	54199999	0.002630578586831689
Senegal	1	54200000	54299999	0.0027528998907655478
Senegal	1	54300000	54399999	0.0035294354893267155
Senegal	1	54400000	54499999	0.0029843896627426147
Senegal	1	54500000	54599999	0.0029487181454896927
Senegal	1	54600000	54699999	0.0035400085616856813
Senegal	1	54700000	54799999	0.0027297688648104668
Senegal	1	54800000	54899999	0.0035472786985337734
Senegal	1	54900000	54999999	0.003240793477743864
Senegal	1	55000000	55099999	0.0029471302404999733
Senegal	1	55100000	55199999	0.003240793477743864
Senegal	1	55200000	55299999	0.003486982313916087
Senegal	1	55300000	55399999	0.0032894739415496588
Senegal	1	55400000	55499999	0.002811143407598138
Senegal	1	55500000	55599999	0.003263317048549652
Senegal	1	55600000	55699999	0.0030708492267876863
Senegal	1	55700000	55799999	0.0032894739415496588
Senegal	1	55800000	55899999	0.002788448240607977
Senegal	1	55900000	55999999	0.0023278805892914534
Senegal	1	56000000	56099999	0.002888126065954566
Senegal	1	56100000	56199999	0.0030118413269519806
Senegal	1	56200000	56299999	0.00331363664008677
Senegal	1	56300000	56399999	0.0032894739415496588
Senegal	1	56400000	56499999	0.0035472786985337734
Senegal	1	56500000	56599999	0.0029946763534098864
Senegal	1	56600000	56699999	0.0029843896627426147
Senegal	1	56700000	56799999	0.0032894739415496588
Senegal	1	56800000	56899999	0.0032698018476366997
Senegal	1	56900000	56999999	0.003363983007147908
Senegal	1	57000000	57099999	0.002789825666695833
Senegal	1	57100000	57199999	0.0033592276740819216
Senegal	1	57200000	57299999	0.0032429187558591366
Senegal	1	57300000	57399999	0.002779125003144145
Senegal	1	57400000	57499999	0.0032031151931732893
Senegal	1	57500000	57599999	0.0032894739415496588
Senegal	1	57600000	57699999	0.002315172227099538
Senegal	1	57700000	57799999	0.0032910634763538837
Senegal	1	57800000	57899999	0.0035472786985337734
Senegal	1	57900000	57999999	0.0027528998907655478
Senegal	1	58000000	58099999	0.003363983007147908
Senegal	1	58100000	58199999	0.0035985310096293688
Senegal	1	58200000	58299999	0.003363983007147908
Senegal	1	58300000	58399999	0.003358507063239813
Senegal	1	58400000	58499999	0.0032894739415496588
Senegal	1	58500000	58599999	0.0030092692468315363
Senegal	1	58600000	58699999	0.002455356763675809
Senegal	1	58700000	58799999	0.0031168826390057802
Senegal	1	58800000	58899999	0.0029946763534098864
Senegal	1	58900000	58999999	0.0029946763534098864
Senegal	1	59000000	59099999	0.0032894739415496588
Senegal	1	59100000	59199999	0.0029843896627426147
Senegal	1	59200000	59299999	0.0031198724173009396
Senegal	1	59300000	59399999	0.0033915166277438402
Senegal	1	59400000	59499999	0.0031309891492128372
Senegal	1	59500000	59599999	0.002927882131189108
Senegal	1	59600000	59699999	0.00279543234501034
Senegal	1	59700000	59799999	0.002952110255137086
Senegal	1	59800000	59899999	0.003046551253646612
Senegal	1	59900000	59999999	0.0032508999574929476
Senegal	1	60000000	60099999	0.003141264198347926
Senegal	1	60100000	60199999	0.0035472786985337734
Senegal	1	60200000	60299999	0.0031168831046670675
Senegal	1	60300000	60399999	0.0031074509024620056
Senegal	1	60400000	60499999	0.0027995393611490726
Senegal	1	60500000	60599999	0.0029517528600990772
Senegal	1	60600000	60699999	0.003035523695871234
Senegal	1	60700000	60799999	0.0030708492267876863
Senegal	1	60800000	60899999	0.0029946763534098864
Senegal	1	60900000	60999999	0.002870395081117749
Senegal	1	61000000	61099999	0.0032004110980778933
Senegal	1	61100000	61199999	0.0033420349936932325
Senegal	1	61200000	61299999	0.003643798641860485
Senegal	1	61300000	61399999	0.003652941668406129
Senegal	1	61400000	61499999	0.0032894739415496588
Senegal	1	61500000	61599999	0.00328301009722054
Senegal	1	61600000	61699999	0.0040061636827886105
Senegal	1	61700000	61799999	0.003358507063239813
Senegal	1	61800000	61899999	0.0035400085616856813
Senegal	1	61900000	61999999	0.003138289088383317
Senegal	1	62000000	62099999	0.0032429187558591366
Senegal	1	62100000	62199999	0.0030347565189003944
Senegal	1	62200000	62299999	0.0027126739732921124
Senegal	1	62300000	62399999	0.002734601264819503
Senegal	1	62400000	62499999	0.0029479486402124166
Senegal	1	62500000	62599999	0.0030708492267876863
Senegal	1	62600000	62699999	0.0027238677721470594
Senegal	1	62700000	62799999	0.0036287682596594095
Senegal	1	62800000	62899999	0.0030708492267876863
Senegal	1	62900000	62999999	0.0028689384926110506
Senegal	1	63000000	63099999	0.003255240386351943
Senegal	1	63100000	63199999	0.0034726050216704607
Senegal	1	63200000	63299999	0.003104363800957799
Senegal	1	63300000	63399999	0.0029382717330008745
Senegal	1	63400000	63499999	0.003169512841850519
Senegal	1	63500000	63599999	0.0035472786985337734
Senegal	1	63600000	63699999	0.002809756202623248
Senegal	1	63700000	63799999	0.002604449400678277
Senegal	1	63800000	63899999	0.0030708492267876863
Senegal	1	63900000	63999999	0.003240793477743864
Senegal	1	64000000	64099999	0.0034293137723580003
Senegal	1	64100000	64199999	0.0030708492267876863
Senegal	1	64200000	64299999	0.0031074509024620056
Senegal	1	64300000	64399999	0.00326193543151021
Senegal	1	64400000	64499999	0.0027924616588279605
Senegal	1	64500000	64599999	0.003564526094123721
Senegal	1	64600000	64699999	0.0029584907460957766
Senegal	1	64700000	64799999	0.002788448240607977
Senegal	1	64800000	64899999	0.0030708492267876863
Senegal	1	64900000	64999999	0.0030708492267876863
Senegal	1	65000000	65099999	0.0030166516080498695
Senegal	1	65100000	65199999	0.002683267230167985
Senegal	1	65200000	65299999	0.0030708492267876863
Senegal	1	65300000	65399999	0.0030465521849691868
Senegal	1	65400000	65499999	0.0029946763534098864
Senegal	1	65500000	65599999	0.0032894739415496588
Senegal	1	65600000	65699999	0.0031548163387924433
Senegal	1	65700000	65799999	0.0036211683182045817
Senegal	1	65800000	65899999	0.0030708492267876863
Senegal	1	65900000	65999999	0.0032894739415496588
Senegal	1	66000000	66099999	0.0032894739415496588
Senegal	1	66100000	66199999	0.003648648504167795
Senegal	1	66200000	66299999	0.0037189603317528963
Senegal	1	66300000	66399999	0.0028249388560652733
Senegal	1	66400000	66499999	0.0034486062359064817
Senegal	1	66500000	66599999	0.004380099941045046
Senegal	1	66600000	66699999	0.002789825666695833
Senegal	1	66700000	66799999	0.0034666669089347124
Senegal	1	66800000	66899999	0.0038785464130342007
Senegal	1	66900000	66999999	0.0033119297586381435
Senegal	1	67000000	67099999	0.0029843896627426147
Senegal	1	67100000	67199999	0.0033512304071336985
Senegal	1	67200000	67299999	0.0032508999574929476
Senegal	1	67300000	67399999	0.0024691354483366013
Senegal	1	67400000	67499999	0.002788448240607977
Senegal	1	67500000	67599999	0.003289473243057728
Senegal	1	67600000	67699999	0.002994152018800378
Senegal	1	67700000	67799999	0.0027791544562205672
Senegal	1	67800000	67899999	0.0031868908554315567
Senegal	1	67900000	67999999	0.0039586955681443214
Senegal	1	68000000	68099999	0.003363983007147908
Senegal	1	68100000	68199999	0.0032894739415496588
Senegal	1	68200000	68299999	0.003376469248905778
Senegal	1	68300000	68399999	0.002945187035948038
Senegal	1	68400000	68499999	0.0032508999574929476
Senegal	1	68500000	68599999	0.0034486062359064817
Senegal	1	68600000	68699999	0.003358507063239813
Senegal	1	68700000	68799999	0.004312451928853989
Senegal	1	68800000	68899999	0.00351060857065022
Senegal	1	68900000	68999999	0.0030090559739619493
Senegal	1	69000000	69099999	0.0039565907791256905
Senegal	1	69100000	69199999	0.004123858641833067
Senegal	1	69200000	69299999	0.0032141113188117743
Senegal	1	69300000	69399999	0.0038532844046130776
Senegal	1	69400000	69499999	0.0032508999574929476
Senegal	1	69500000	69599999	0.003410740289837122
Senegal	1	69600000	69699999	0.0039026658050715923
Senegal	1	69700000	69799999	0.003936700988560915
Senegal	1	69800000	69899999	0.004051432944834232
Senegal	1	69900000	69999999	0.004034065175801516
Senegal	1	70000000	70099999	0.004203110700473189
Senegal	1	70100000	70199999	0.003986131399869919
Senegal	1	70200000	70299999	0.003859348129481077
Senegal	1	70300000	70399999	0.003637525951489806
Senegal	1	70400000	70499999	0.0035472786985337734
Senegal	1	70500000	70599999	0.0035472786985337734
Senegal	1	70600000	70699999	0.00352360843680799
Senegal	1	70700000	70799999	0.0032894734758883715
Senegal	1	70800000	70899999	0.00398891931399703
Senegal	1	70900000	70999999	0.004195536021143198
Senegal	1	71000000	71099999	0.00328301009722054
Senegal	1	71100000	71199999	0.003843588288873434
Senegal	1	71200000	71299999	0.0034726050216704607
Senegal	1	71300000	71399999	0.0032894739415496588
Senegal	1	71400000	71499999	0.003331294981762767
Senegal	1	71500000	71599999	0.0032762191258370876
Senegal	1	71600000	71699999	0.0029946763534098864
Senegal	1	71700000	71799999	0.0032066130079329014
Senegal	1	71800000	71899999	0.0035859993658959866
Senegal	1	71900000	71999999	0.0037272428162395954
Senegal	1	72000000	72099999	0.0027528998907655478
Senegal	1	72100000	72199999	0.003363983007147908
Senegal	1	72200000	72299999	0.0035303388722240925
Senegal	1	72300000	72399999	0.0035794044379144907
Senegal	1	72400000	72499999	0.002947408240288496
Senegal	1	72500000	72599999	0.0029800706543028355
Senegal	1	72600000	72699999	0.003363983007147908
Senegal	1	72700000	72799999	0.00398891931399703
Senegal	1	72800000	72899999	0.0029843917582184076
Senegal	1	72900000	72999999	0.0038274117978289723
Senegal	1	73000000	73099999	0.0038434788584709167
Senegal	1	73100000	73199999	0.003510883077979088
Senegal	1	73200000	73299999	0.002360139274969697
Senegal	1	73300000	73399999	0.0030496809631586075
Senegal	1	73400000	73499999	0.0036982661113142967
Senegal	1	73500000	73599999	0.003046551253646612
Senegal	1	73600000	73699999	0.0035472786985337734
Senegal	1	73700000	73799999	0.0035236079711467028
Senegal	1	73800000	73899999	0.003622950054705143
Senegal	1	73900000	73999999	0.003726727096363902
Senegal	1	74000000	74099999	0.00398891931399703
Senegal	1	74100000	74199999	0.003418374457396567
Senegal	1	74200000	74299999	0.0037617493653669953
Senegal	1	74300000	74399999	0.0035472786985337734
Senegal	1	74400000	74499999	0.003141264198347926
Senegal	1	74500000	74599999	0.0031868908554315567
Senegal	1	74600000	74699999	0.003920366521924734
Senegal	1	74700000	74799999	0.0037404228933155537
Senegal	1	74800000	74899999	0.0034486062359064817
Senegal	1	74900000	74999999	0.0034681232646107674
Senegal	1	75000000	75099999	0.0038972399197518826
Senegal	1	75100000	75199999	0.0038785464130342007
Senegal	1	75200000	75299999	0.004034065175801516
Senegal	1	75300000	75399999	0.004318964667618275
Senegal	1	75400000	75499999	0.003802733263000846
Senegal	1	75500000	75599999	0.003107035532593727
Senegal	1	75600000	75699999	0.004324784502387047
Senegal	1	75700000	75799999	0.0033051513601094484
Senegal	1	75800000	75899999	0.00398891931399703
Senegal	1	75900000	75999999	0.004403556231409311
Senegal	1	76000000	76099999	0.004127493593841791
Senegal	1	76100000	76199999	0.0032269975636154413
Senegal	1	76200000	76299999	0.004106145352125168
Senegal	1	76300000	76399999	0.004637680947780609
Senegal	1	76400000	76499999	0.0029843896627426147
Senegal	1	76500000	76599999	0.004498782567679882
Senegal	1	76600000	76699999	0.0037459488958120346
Senegal	1	76700000	76799999	0.004452862311154604
Senegal	1	76800000	76899999	0.004746518563479185
Senegal	1	76900000	76999999	0.00398891931399703
Senegal	1	77000000	77099999	0.004912565927952528
Senegal	1	77100000	77199999	0.0038546635769307613
Senegal	1	77200000	77299999	0.0039590164087712765
Senegal	1	77300000	77399999	0.004480286501348019
Senegal	1	77400000	77499999	0.00382203608751297
Senegal	1	77500000	77599999	0.003586000297218561
Senegal	1	77600000	77699999	0.0038785464130342007
Senegal	1	77700000	77799999	0.0038785464130342007
Senegal	1	77800000	77899999	0.004152149660512805
Senegal	1	77900000	77999999	0.004125684499740601
Senegal	1	78000000	78099999	0.004349526017904282
Senegal	1	78100000	78199999	0.005442511290311813
Senegal	1	78200000	78299999	0.0032894739415496588
Senegal	1	78300000	78399999	0.0036991366650909185
Senegal	1	78400000	78499999	0.004522263538092375
Senegal	1	78500000	78599999	0.004058245103806257
Senegal	1	78600000	78699999	0.005118323722854257
Senegal	1	78700000	78799999	0.003798379795625806
Senegal	1	78800000	78899999	0.0034618154168128967
Senegal	1	78900000	78999999	0.00398891931399703
Senegal	1	79000000	79099999	0.003786461427807808
Senegal	1	79100000	79199999	0.003963724244385958
Senegal	1	79200000	79299999	0.004095873329788446
Senegal	1	79300000	79399999	0.0045174527913331985
Senegal	1	79400000	79499999	0.0041859811171889305
Senegal	1	79500000	79599999	0.003859348129481077
Senegal	1	79600000	79699999	0.004120973637327552
Senegal	1	79700000	79799999	0.0051244101487100124
Senegal	1	79800000	79899999	0.00453155068680644
Senegal	1	79900000	79999999	0.005819451995193958
Senegal	1	80000000	80099999	0.004703247454017401
Senegal	1	80100000	80199999	0.003859348129481077
Senegal	1	80200000	80299999	0.004284951835870743
Senegal	1	80300000	80399999	0.00433892197906971
Senegal	1	80400000	80499999	0.003802733263000846
Senegal	1	80500000	80599999	0.0048649730160832405
Senegal	1	80600000	80699999	0.0036176354624330997
Senegal	1	80700000	80799999	0.003762560896575451
Senegal	1	80800000	80899999	0.005433269776403904
Senegal	1	80900000	80999999	0.004497709218412638
Senegal	1	81000000	81099999	0.004522263538092375
Senegal	1	81100000	81199999	0.0032041086815297604
Senegal	1	81200000	81299999	0.003879847936332226
Senegal	1	81300000	81399999	0.005813675932586193
Senegal	1	81400000	81499999	0.004127493593841791
Senegal	1	81500000	81599999	0.004535454325377941
Senegal	1	81600000	81699999	0.0040388330817222595
Senegal	1	81700000	81799999	0.0037473454140126705
Senegal	1	81800000	81899999	0.00479879230260849
Senegal	1	81900000	81999999	0.003587443847209215
Senegal	1	82000000	82099999	0.005029761232435703
Senegal	1	82100000	82199999	0.004865175113081932
Senegal	1	82200000	82299999	0.004601823166012764
Senegal	1	82300000	82399999	0.003802733263000846
Senegal	1	82400000	82499999	0.004046066198498011
Senegal	1	82500000	82599999	0.0029843896627426147
Senegal	1	82600000	82699999	0.004034065175801516
Senegal	1	82700000	82799999	0.005176285747438669
Senegal	1	82800000	82899999	0.003640050534158945
Senegal	1	82900000	82999999	0.00385934766381979
Senegal	1	83000000	83099999	0.003708373289555311
Senegal	1	83100000	83199999	0.004005555063486099
Senegal	1	83200000	83299999	0.004681858234107494
Senegal	1	83300000	83399999	0.0037459488958120346
Senegal	1	83400000	83499999	0.004028229974210262
Senegal	1	83500000	83599999	0.004242949187755585
Senegal	1	83600000	83699999	0.0042253523133695126
Senegal	1	83700000	83799999	0.0032508999574929476
Senegal	1	83800000	83899999	0.0040388330817222595
Senegal	1	83900000	83999999	0.004480286501348019
Senegal	1	84000000	84099999	0.004813334438949823
Senegal	1	84100000	84199999	0.00400832062587142
Senegal	1	84200000	84299999	0.004703247454017401
Senegal	1	84300000	84399999	0.003586000297218561
Senegal	1	84400000	84499999	0.00495437765493989
Senegal	1	84500000	84599999	0.004442593548446894
Senegal	1	84600000	84699999	0.004086599685251713
Senegal	1	84700000	84799999	0.0033109583891928196
Senegal	1	84800000	84899999	0.003859348129481077
Senegal	1	84900000	84999999	0.004410183988511562
Senegal	1	85000000	85099999	0.004586906172335148
Senegal	1	85100000	85199999	0.004379166755825281
Senegal	1	85200000	85299999	0.003215324366465211
Senegal	1	85300000	85399999	0.0041859811171889305
Senegal	1	85400000	85499999	0.005432936828583479
Senegal	1	85500000	85599999	0.0047882855869829655
Senegal	1	85600000	85699999	0.004769209306687117
Senegal	1	85700000	85799999	0.0040885042399168015
Senegal	1	85800000	85899999	0.0066182552836835384
Senegal	1	85900000	85999999	0.00617848988622427
Senegal	1	86000000	86099999	0.00608473364263773
Senegal	1	86100000	86199999	0.005339344032108784
Senegal	1	86200000	86299999	0.003518496872857213
Senegal	1	86300000	86399999	0.004034065175801516
Senegal	1	86400000	86499999	0.0037026498466730118
Senegal	1	86500000	86599999	0.0050400905311107635
Senegal	1	86600000	86699999	0.004038486164063215
Senegal	1	86700000	86799999	0.0046079703606665134
Senegal	1	86800000	86899999	0.004112537484616041
Senegal	1	86900000	86999999	0.00331128912512213
Senegal	1	87000000	87099999	0.003802733263000846
Senegal	1	87100000	87199999	0.003363983007147908
Senegal	1	87200000	87299999	0.004071506671607494
Senegal	1	87300000	87399999	0.004034065175801516
Senegal	1	87400000	87499999	0.004349526017904282
Senegal	1	87500000	87599999	0.004381160251796246
Senegal	1	87600000	87699999	0.0035910874139517546
Senegal	1	87700000	87799999	0.003702065208926797
Senegal	1	87800000	87899999	0.003798379795625806
Senegal	1	87900000	87999999	0.004057282581925392
Senegal	1	88000000	88099999	0.004166088532656431
Senegal	1	88100000	88199999	0.003358507063239813
Senegal	1	88200000	88299999	0.0039924937300384045
Senegal	1	88300000	88399999	0.003708373289555311
Senegal	1	88400000	88499999	0.00353244598954916
Senegal	1	88500000	88599999	0.004127493593841791
Senegal	1	88600000	88699999	0.004213392501696944
Senegal	1	88700000	88799999	0.004301955923438072
Senegal	1	88800000	88899999	0.004292742814868689
Senegal	1	88900000	88999999	0.004703247454017401
Senegal	1	89000000	89099999	0.003963724244385958
Senegal	1	89100000	89199999	0.0035236079711467028
Senegal	1	89200000	89299999	0.0055600604973733425
Senegal	1	89300000	89399999	0.005106757394969463
Senegal	1	89400000	89499999	0.005625877995043993
Senegal	1	89500000	89599999	0.005103713367134333
Senegal	1	89600000	89699999	0.004143709782510996
Senegal	1	89700000	89799999	0.003935585729777813
Senegal	1	89800000	89899999	0.004901225678622723
Senegal	1	89900000	89999999	0.004703247454017401
Senegal	1	90000000	90099999	0.006808429025113583
Senegal	1	90100000	90199999	0.004480286501348019
Senegal	1	90200000	90299999	0.005605513229966164
Senegal	1	90300000	90399999	0.004034065175801516
Senegal	1	90400000	90499999	0.004153978545218706
Senegal	1	90500000	90599999	0.004384154919534922
Senegal	1	90600000	90699999	0.0046040816232562065
Senegal	1	90700000	90799999	0.005625877995043993
Senegal	1	90800000	90899999	0.005017115268856287
Senegal	1	90900000	90999999	0.0048882379196584225
Senegal	1	91000000	91099999	0.003363983007147908
Senegal	1	91100000	91199999	0.004648428410291672
Senegal	1	91200000	91299999	0.004683753941208124
Senegal	1	91300000	91399999	0.004529948811978102
Senegal	1	91400000	91499999	0.004273443017154932
Senegal	1	91500000	91599999	0.00400832062587142
Senegal	1	91600000	91699999	0.0034666669089347124
Senegal	1	91700000	91799999	0.004095881246030331
Senegal	1	91800000	91899999	0.0042253523133695126
Senegal	1	91900000	91999999	0.003944772761315107
Senegal	1	92000000	92099999	0.0044770375825464725
Senegal	1	92100000	92199999	0.0030708492267876863
Senegal	1	92200000	92299999	0.004034065175801516
Senegal	1	92300000	92399999	0.004680480808019638
Senegal	1	92400000	92499999	0.005781250074505806
Senegal	1	92500000	92599999	0.004460351541638374
Senegal	1	92600000	92699999	0.0035472786985337734
Senegal	1	92700000	92799999	0.004193536937236786
Senegal	1	92800000	92899999	0.0032508999574929476
Senegal	1	92900000	92999999	0.0032429187558591366
Senegal	1	93000000	93099999	0.003630192019045353
Senegal	1	93100000	93199999	0.0042253523133695126
Senegal	1	93200000	93299999	0.0037531915586441755
Senegal	1	93300000	93399999	0.0038972399197518826
Senegal	1	93400000	93499999	0.0037594157038256526
Senegal	1	93500000	93599999	0.004675704054534435
Senegal	1	93600000	93699999	0.0037414974067360163
Senegal	1	93700000	93799999	0.0033747991546988487
Senegal	1	93800000	93899999	0.003717089304700494
Senegal	1	93900000	93999999	0.006148393731564283
Senegal	1	94000000	94099999	0.004630904644727707
Senegal	1	94100000	94199999	0.004034065175801516
Senegal	1	94200000	94299999	0.004683753941208124
Senegal	1	94300000	94399999	0.004345299210399389
Senegal	1	94400000	94499999	0.004143709782510996
Senegal	1	94500000	94599999	0.00456183822825551
Senegal	1	94600000	94699999	0.004597431980073452
Senegal	1	94700000	94799999	0.004683753941208124
Senegal	1	94800000	94899999	0.0041648102924227715
Senegal	1	94900000	94999999	0.005248494911938906
Senegal	1	95000000	95099999	0.00565616600215435
Senegal	1	95100000	95199999	0.00453155068680644
Senegal	1	95200000	95299999	0.0041071753948926926
Senegal	1	95300000	95399999	0.004480286501348019
Senegal	1	95400000	95499999	0.003802733263000846
Senegal	1	95500000	95599999	0.004144197795540094
Senegal	1	95600000	95699999	0.00394923472777009
Senegal	1	95700000	95799999	0.0036564464680850506
Senegal	1	95800000	95899999	0.003686282318085432
Senegal	1	95900000	95999999	0.004034065175801516
Senegal	1	96000000	96099999	0.004719813819974661
Senegal	1	96100000	96199999	0.003843588288873434
Senegal	1	96200000	96299999	0.004310453776270151
Senegal	1	96300000	96399999	0.0037414960097521544
Senegal	1	96400000	96499999	0.002644757740199566
Senegal	1	96500000	96599999	0.003363983007147908
Senegal	1	96600000	96699999	0.003574680653400719
Senegal	1	96700000	96799999	0.0036671869456768036
Senegal	1	96800000	96899999	0.004806537181138992
Senegal	1	96900000	96999999	0.004522263538092375
Senegal	1	97000000	97099999	0.004650549963116646
Senegal	1	97100000	97199999	0.003802733263000846
Senegal	1	97200000	97299999	0.005357920657843351
Senegal	1	97300000	97399999	0.004380099941045046
Senegal	1	97400000	97499999	0.004143709782510996
Senegal	1	97500000	97599999	0.004983029793947935
Senegal	1	97600000	97699999	0.004470663610845804
Senegal	1	97700000	97799999	0.005286981351673603
Senegal	1	97800000	97899999	0.004936255514621735
Senegal	1	97900000	97999999	0.004103072918951511
Senegal	1	98000000	98099999	0.0050948732532560825
Senegal	1	98100000	98199999	0.0041000270284712315
Senegal	1	98200000	98299999	0.0035472786985337734
Senegal	1	98300000	98399999	0.004988153465092182
Senegal	1	98400000	98499999	0.0038812158163636923
Senegal	1	98500000	98599999	0.004107790533453226
Senegal	1	98600000	98699999	0.003944772761315107
Senegal	1	98700000	98799999	0.003811294911429286
Senegal	1	98800000	98899999	0.004059192258864641
Senegal	1	98900000	98999999	0.0030735675245523453
Senegal	1	99000000	99099999	0.004531973972916603
Senegal	1	99100000	99199999	0.004706886131316423
Senegal	1	99200000	99299999	0.003859348129481077
Senegal	1	99300000	99399999	0.0031217520590871572
Senegal	1	99400000	99499999	0.003692172234877944
Senegal	1	99500000	99599999	0.0055206092074513435
Senegal	1	99600000	99699999	0.0040885042399168015
Senegal	1	99700000	99799999	0.0042253523133695126
Senegal	1	99800000	99899999	0.003802733263000846
Senegal	1	99900000	99999999	0.0036897582467645407
Senegal	1	100000000	100099999	0.0035818303003907204
Senegal	1	100100000	100199999	0.0031532810535281897
Senegal	1	100200000	100299999	0.003717089304700494
Senegal	1	100300000	100399999	0.00453155068680644
Senegal	1	100400000	100499999	0.004034065175801516
Senegal	1	100500000	100599999	0.0049182637594640255
Senegal	1	100600000	100699999	0.003691656980663538
Senegal	1	100700000	100799999	0.004034063313156366
Senegal	1	100800000	100899999	0.004644875414669514
Senegal	1	100900000	100999999	0.0041859811171889305
Senegal	1	101000000	101099999	0.004988153465092182
Senegal	1	101100000	101199999	0.004522263538092375
Senegal	1	101200000	101299999	0.00436910567805171
Senegal	1	101300000	101399999	0.004602240864187479
Senegal	1	101400000	101499999	0.0044521670788526535
Senegal	1	101500000	101599999	0.005414900137111545
Senegal	1	101600000	101699999	0.0045017399825155735
Senegal	1	101700000	101799999	0.004428571555763483
Senegal	1	101800000	101899999	0.004829113837331533
Senegal	1	101900000	101999999	0.004680480808019638
Senegal	1	102000000	102099999	0.005625877995043993
Senegal	1	102100000	102199999	0.0048996685072779655
Senegal	1	102200000	102299999	0.0045144222676754
Senegal	1	102300000	102399999	0.004378792829811573
Senegal	1	102400000	102499999	0.004790978971868753
Senegal	1	102500000	102599999	0.005245762877166271
Senegal	1	102600000	102699999	0.0038666476029902697
Senegal	1	102700000	102799999	0.0040885042399168015
Senegal	1	102800000	102899999	0.0037414960097521544
Senegal	1	102900000	102999999	0.0030708492267876863
Senegal	1	103000000	103099999	0.003665851429104805
Senegal	1	103100000	103199999	0.0045136320404708385
Senegal	1	103200000	103299999	0.005014872644096613
Senegal	1	103300000	103399999	0.005033543333411217
Senegal	1	103400000	103499999	0.004029290284961462
Senegal	1	103500000	103599999	0.0032894739415496588
Senegal	1	103600000	103699999	0.003240793477743864
Senegal	1	103700000	103799999	0.0036067755427211523
Senegal	1	103800000	103899999	0.0050400905311107635
Senegal	1	103900000	103999999	0.0032508999574929476
Senegal	1	104000000	104099999	0.004193536937236786
Senegal	1	104100000	104199999	0.004475263878703117
Senegal	1	104200000	104299999	0.00398891931399703
Senegal	1	104300000	104399999	0.0029235503170639277
Senegal	1	104400000	104499999	0.0030708492267876863
Senegal	1	104500000	104599999	0.004059193190187216
Senegal	1	104600000	104699999	0.004714816343039274
Senegal	1	104700000	104799999	0.004901225678622723
Senegal	1	104800000	104899999	0.003920366521924734
Senegal	1	104900000	104999999	0.004743692930787802
Senegal	1	105000000	105099999	0.004662241321057081
Senegal	1	105100000	105199999	0.005034575005993247
Senegal	1	105200000	105299999	0.006332612596452236
Senegal	1	105300000	105399999	0.0044351303949952126
Senegal	1	105400000	105499999	0.0045310682617127895
Senegal	1	105500000	105599999	0.0032894739415496588
Senegal	1	105600000	105699999	0.0038972399197518826
Senegal	1	105700000	105799999	0.0041364342905581
Senegal	1	105800000	105899999	0.0035472786985337734
Senegal	1	105900000	105999999	0.0057234433479607105
Senegal	1	106000000	106099999	0.004381160251796246
Senegal	1	106100000	106199999	0.005167125258594751
Senegal	1	106200000	106299999	0.0040885042399168015
Senegal	1	106300000	106399999	0.0045647877268493176
Senegal	1	106400000	106499999	0.005165250040590763
Senegal	1	106500000	106599999	0.0035236079711467028
Senegal	1	106600000	106699999	0.004536430584266782
Senegal	1	106700000	106799999	0.0052093761041760445
Senegal	1	106800000	106899999	0.00471203587949276
Senegal	1	106900000	106999999	0.005625877995043993
Senegal	1	107000000	107099999	0.0057234433479607105
Senegal	1	107100000	107199999	0.004522263538092375
Senegal	1	107200000	107299999	0.0036916607059538364
Senegal	1	107300000	107399999	0.004323122091591358
Senegal	1	107400000	107499999	0.004082587547600269
Senegal	1	107500000	107599999	0.0038979097735136747
Senegal	1	107600000	107699999	0.005762304645031691
Senegal	1	107700000	107799999	0.008379509206861258
Senegal	1	107800000	107899999	0.0038785464130342007
Senegal	1	107900000	107999999	0.0036991366650909185
Senegal	1	108000000	108099999	0.0058014304377138615
Senegal	1	108100000	108199999	0.004936255514621735
Senegal	1	108200000	108299999	0.00406597089022398
Senegal	1	108300000	108399999	0.005818117409944534
Senegal	1	108400000	108499999	0.005432936828583479
Senegal	1	108500000	108599999	0.00450968137010932
Senegal	1	108600000	108699999	0.004675704054534435
Senegal	1	108700000	108799999	0.00486710574477911
Senegal	1	108800000	108899999	0.005439033266156912
Senegal	1	108900000	108999999	0.004480286501348019
Senegal	1	109000000	109099999	0.0055600604973733425
Senegal	1	109100000	109199999	0.005426045041531324
Senegal	1	109200000	109299999	0.0051014425698667765
Senegal	1	109300000	109399999	0.005327603314071894
Senegal	1	109400000	109499999	0.004480286501348019
Senegal	1	109500000	109599999	0.004653152544051409
Senegal	1	109600000	109699999	0.00336997932754457
Senegal	1	109700000	109799999	0.0034486062359064817
Senegal	1	109800000	109899999	0.0057234433479607105
Senegal	1	109900000	109999999	0.006354051176458597
Senegal	1	110000000	110099999	0.004124140832573175
Senegal	1	110100000	110199999	0.006767959799617529
Senegal	1	110200000	110299999	0.005859156604856253
Senegal	1	110300000	110399999	0.00464413408190012
Senegal	1	110400000	110499999	0.004127493593841791
Senegal	1	110500000	110599999	0.005097828805446625
Senegal	1	110600000	110699999	0.004684078274294734
Senegal	1	110700000	110799999	0.0051244101487100124
Senegal	1	110800000	110899999	0.003802733263000846
Senegal	1	110900000	110999999	0.0044531128369271755
Senegal	1	111000000	111099999	0.004226593300700188
Senegal	1	111100000	111199999	0.00482583069242537
Senegal	1	111200000	111299999	0.006287478841841221
Senegal	1	111300000	111399999	0.006299674976617098
Senegal	1	111400000	111499999	0.0041364342905581
Senegal	1	111500000	111599999	0.004474604036659002
Senegal	1	111600000	111699999	0.00687350844964385
Senegal	1	111700000	111799999	0.006425635190680623
Senegal	1	111800000	111899999	0.005954762455075979
Senegal	1	111900000	111999999	0.005871201865375042
Senegal	1	112000000	112099999	0.00583926890976727
Senegal	1	112100000	112199999	0.006084881955757737
Senegal	1	112200000	112299999	0.004177807830274105
Senegal	1	112300000	112399999	0.0038210523780435324
Senegal	1	112400000	112499999	0.007157209562137723
Senegal	1	112500000	112599999	0.0041052005253732204
Senegal	1	112600000	112699999	0.00694868341088295
Senegal	1	112700000	112799999	0.004597431980073452
Senegal	1	112800000	112899999	0.006218595430254936
Senegal	1	112900000	112999999	0.004703247454017401
Senegal	1	113000000	113099999	0.003424310125410557
Senegal	1	113100000	113199999	0.0032894739415496588
Senegal	1	113200000	113299999	0.004904517205432057
Senegal	1	113300000	113399999	0.003935562446713448
Senegal	1	113400000	113499999	0.004703247454017401
Senegal	1	113500000	113599999	0.003859349060803652
Senegal	1	113600000	113699999	0.005080587230622768
Senegal	1	113700000	113799999	0.004292296711355448
Senegal	1	113800000	113899999	0.004272838588804007
Senegal	1	113900000	113999999	0.004733842331916094
Senegal	1	114000000	114099999	0.004680955782532692
Senegal	1	114100000	114199999	0.006213156506419182
Senegal	1	114200000	114299999	0.005432936828583479
Senegal	1	114300000	114399999	0.0050153471529483795
Senegal	1	114400000	114499999	0.005230803042650223
Senegal	1	114500000	114599999	0.004421211779117584
Senegal	1	114600000	114699999	0.0056325276382267475
Senegal	1	114700000	114799999	0.005038009956479073
Senegal	1	114800000	114899999	0.006116786040365696
Senegal	1	114900000	114999999	0.0055600604973733425
Senegal	1	115000000	115099999	0.009311392903327942
Senegal	1	115100000	115199999	0.00480507779866457
Senegal	1	115200000	115299999	0.005139186978340149
Senegal	1	115300000	115399999	0.006048792041838169
Senegal	1	115400000	115499999	0.004637681879103184
Senegal	1	115500000	115599999	0.007599176140502095
Senegal	1	115600000	115699999	0.00490599637851119
Senegal	1	115700000	115799999	0.0042253523133695126
Senegal	1	115800000	115899999	0.006519187707453966
Senegal	1	115900000	115999999	0.0055083478800952435
Senegal	1	116000000	116099999	0.006117898039519787
Senegal	1	116100000	116199999	0.005954669322818518
Senegal	1	116200000	116299999	0.004780487157404423
Senegal	1	116300000	116399999	0.006721383426338434
Senegal	1	116400000	116499999	0.0030708492267876863
Senegal	1	116500000	116599999	0.0032439439091831446
Senegal	1	116600000	116699999	0.00498920725658536
Senegal	1	116700000	116799999	0.0033919205889105797
Senegal	1	116800000	116899999	0.004272838588804007
Senegal	1	116900000	116999999	0.0052168108522892
Senegal	1	117000000	117099999	0.0027238677721470594
Senegal	1	117100000	117199999	0.0036426670849323273
Senegal	1	117200000	117299999	0.003648648504167795
Senegal	1	117300000	117399999	0.004892916418612003
Senegal	1	117400000	117499999	0.005029185209423304
Senegal	1	117500000	117599999	0.003859348129481077
Senegal	1	117600000	117699999	0.004242949187755585
Senegal	1	117700000	117799999	0.00691817351616919
Senegal	1	117800000	117899999	0.005072838626801968
Senegal	1	117900000	117999999	0.004901225678622723
Senegal	1	118000000	118099999	0.0042253523133695126
Senegal	1	118100000	118199999	0.005492104683071375
Senegal	1	118200000	118299999	0.006180775351822376
Senegal	1	118300000	118399999	0.005433269776403904
Senegal	1	118400000	118499999	0.005286981351673603
Senegal	1	118500000	118599999	0.006635857746005058
Senegal	1	118600000	118699999	0.005180683918297291
Senegal	1	118700000	118799999	0.0056325276382267475
Senegal	1	118800000	118899999	0.004866680130362511
Senegal	1	118900000	118999999	0.004430191125720739
Senegal	1	119000000	119099999	0.006623748689889908
Senegal	1	119100000	119199999	0.005303030367940664
Senegal	1	119200000	119299999	0.0066182552836835384
Senegal	1	119300000	119399999	0.0040885042399168015
Senegal	1	119400000	119499999	0.005742164328694344
Senegal	1	119500000	119599999	0.0060874843038618565
Senegal	1	119600000	119699999	0.006449510809034109
Senegal	1	119700000	119799999	0.005477184429764748
Senegal	1	119800000	119899999	0.0063449926674366
Senegal	1	119900000	119999999	0.00608473364263773
Senegal	1	120000000	120099999	0.005878273164853454
Senegal	1	120100000	120199999	0.0053350855596363544
Senegal	1	120200000	120299999	0.006109090754762292
Senegal	1	120300000	120399999	0.003552311798557639
Senegal	1	120400000	120499999	0.0038785464130342007
Senegal	1	120500000	120599999	0.004436989314854145
Senegal	1	120600000	120699999	0.005286981351673603
Senegal	1	120700000	120799999	0.0050951093435287476
Senegal	1	120800000	120899999	0.005002045771107078
Senegal	1	120900000	120999999	0.0063636414706707
Senegal	1	121000000	121099999	0.005432936828583479
Senegal	1	121100000	121199999	0.004276535008102655
Senegal	1	121200000	121299999	0.005686962511390448
Senegal	1	121300000	121399999	0.005728891585022211
Senegal	1	121400000	121499999	0.004744234494864941
Senegal	1	121500000	121599999	0.006278989836573601
Senegal	1	121600000	121699999	0.005954762455075979
Senegal	1	121700000	121799999	0.006048792041838169
Senegal	1	121800000	121899999	0.004446416161954403
Senegal	1	121900000	121999999	0.00698477029800415
Senegal	1	122000000	122099999	0.004889800446107984
Senegal	1	122100000	122199999	0.0045136320404708385
Senegal	1	122200000	122299999	0.005427568685263395
Senegal	1	122300000	122399999	0.004579524742439389
Senegal	1	122400000	122499999	0.005545495543628931
Senegal	1	122500000	122599999	0.004264736548066139
Senegal	1	122600000	122699999	0.0066174413077533245
Senegal	1	122700000	122799999	0.00503247301094234
Senegal	1	122800000	122899999	0.004225351382046938
Senegal	1	122900000	122999999	0.006532869767397642
Senegal	1	123000000	123099999	0.0064058564603328705
Senegal	1	123100000	123199999	0.004034065175801516
Senegal	1	123200000	123299999	0.0035064287949353456
Senegal	1	123300000	123399999	0.0040885042399168015
Senegal	1	123400000	123499999	0.005371242295950651
Senegal	1	123500000	123599999	0.005087330704554915
Senegal	1	123600000	123699999	0.005625538062304258
Senegal	1	123700000	123799999	0.004127493593841791
Senegal	1	123800000	123899999	0.0067584519274532795
Senegal	1	123900000	123999999	0.0041364342905581
Senegal	1	124000000	124099999	0.005573812406510115
Senegal	1	124100000	124199999	0.0058014304377138615
Senegal	1	124200000	124299999	0.005815220531076193
Senegal	1	124300000	124399999	0.006587232928723097
Senegal	1	124400000	124499999	0.007694130297750235
Senegal	1	124500000	124599999	0.00628241547383368
Senegal	1	124600000	124699999	0.005818289006128907
Senegal	1	124700000	124799999	0.005218091420829296
Senegal	1	124800000	124899999	0.004501985386013985
Senegal	1	124900000	124999999	0.005471048876643181
Senegal	1	125000000	125099999	0.00484438007697463
Senegal	1	125100000	125199999	0.0046211425215005875
Senegal	1	125200000	125299999	0.005625877995043993
Senegal	1	125300000	125399999	0.0055600604973733425
Senegal	1	125400000	125499999	0.00596406776458025
Senegal	1	125500000	125599999	0.0032894739415496588
Senegal	1	125600000	125699999	0.005101482383906841
Senegal	1	125700000	125799999	0.005177618004381657
Senegal	1	125800000	125899999	0.007019740995019674
Senegal	1	125900000	125999999	0.005883907433599234
Senegal	1	126000000	126099999	0.003944772761315107
Senegal	1	126100000	126199999	0.005129941273480654
Senegal	1	126200000	126299999	0.005646785255521536
Senegal	1	126300000	126399999	0.004829113837331533
Senegal	1	126400000	126499999	0.006006786134094
Senegal	1	126500000	126599999	0.0038785464130342007
Senegal	1	126600000	126699999	0.0041859811171889305
Senegal	1	126700000	126799999	0.004522263538092375
Senegal	1	126800000	126899999	0.004307764349505305
Senegal	1	126900000	126999999	0.004616457503288984
Senegal	1	127000000	127099999	0.005727718584239483
Senegal	1	127100000	127199999	0.004670761525630951
Senegal	1	127200000	127299999	0.004752218723297119
Senegal	1	127300000	127399999	0.006999705918133259
Senegal	1	127400000	127499999	0.004445130005478859
Senegal	1	127500000	127599999	0.004969530738890171
Senegal	1	127600000	127699999	0.005390412174165249
Senegal	1	127700000	127799999	0.005432936828583479
Senegal	1	127800000	127899999	0.0053285479079931974
Senegal	1	127900000	127999999	0.005409216973930597
Senegal	1	128000000	128099999	0.003843588288873434
Senegal	1	128100000	128199999	0.004480286501348019
Senegal	1	128200000	128299999	0.005954669322818518
Senegal	1	128300000	128399999	0.005286981351673603
Senegal	1	128400000	128499999	0.004741795361042023
Senegal	1	128500000	128599999	0.005339344032108784
Senegal	1	128600000	128699999	0.004284951835870743
Senegal	1	128700000	128799999	0.004522263538092375
Senegal	1	128800000	128899999	0.005858000833541155
Senegal	1	128900000	128999999	0.005954669322818518
Senegal	1	129000000	129099999	0.005834279349073768
Senegal	1	129100000	129199999	0.0037516558077186346
Senegal	1	129200000	129299999	0.00331363664008677
Senegal	1	129300000	129399999	0.0035869234707206488
Senegal	1	129400000	129499999	0.006612322526052594
Senegal	1	129500000	129599999	0.007188968826085329
Senegal	1	129600000	129699999	0.006439706310629845
Senegal	1	129700000	129799999	0.0037414964754134417
Senegal	1	129800000	129899999	0.005992951337248087
Senegal	1	129900000	129999999	0.005545495543628931
Senegal	1	130000000	130099999	0.00737100699916482
Senegal	1	130100000	130199999	0.005862816236913204
Senegal	1	130200000	130299999	0.003363983007147908
Senegal	1	130300000	130399999	0.0050951093435287476
Senegal	1	130400000	130499999	0.003611260559409857
Senegal	1	130500000	130599999	0.006691556889563799
Senegal	1	130600000	130699999	0.00388338346965611
Senegal	1	130700000	130799999	0.0057234433479607105
Senegal	1	130800000	130899999	0.0050951093435287476
Senegal	1	130900000	130999999	0.006635857746005058
Senegal	1	131000000	131099999	0.0057005430571734905
Senegal	1	131100000	131199999	0.006218733731657267
Senegal	1	131200000	131299999	0.005857276730239391
Senegal	1	131300000	131399999	0.004925972782075405
Senegal	1	131400000	131499999	0.005656631197780371
Senegal	1	131500000	131599999	0.005625877995043993
Senegal	1	131600000	131699999	0.007602971978485584
Senegal	1	131700000	131799999	0.007900175638496876
Senegal	1	131800000	131899999	0.005905513186007738
Senegal	1	131900000	131999999	0.0039020011899992824
Senegal	1	132000000	132099999	0.0038785464130342007
Senegal	1	132100000	132199999	0.007022473029792309
Senegal	1	132200000	132299999	0.005977401044219732
Senegal	1	132300000	132399999	0.006449483335018158
Senegal	1	132400000	132499999	0.004951619543135166
Senegal	1	132500000	132599999	0.00585953751578927
Senegal	1	132600000	132699999	0.0055600604973733425
Senegal	1	132700000	132799999	0.00567966653034091
Senegal	1	132800000	132899999	0.004695164039731026
Senegal	1	132900000	132999999	0.005427568685263395
Senegal	1	133000000	133099999	0.0034190418664366007
Senegal	1	133100000	133199999	0.0035236089024692774
Senegal	1	133200000	133299999	0.005977401044219732
Senegal	1	133300000	133399999	0.004034065175801516
Senegal	1	133400000	133499999	0.005676275584846735
Senegal	1	133500000	133599999	0.006814632564783096
Senegal	1	133600000	133699999	0.005957149900496006
Senegal	1	133700000	133799999	0.004248967859894037
Senegal	1	133800000	133899999	0.0038785464130342007
Senegal	1	133900000	133999999	0.004124140832573175
Senegal	1	134000000	134099999	0.005437066312879324
Senegal	1	134100000	134199999	0.007025308907032013
Senegal	1	134200000	134299999	0.006913880351930857
Senegal	1	134300000	134399999	0.006278989836573601
Senegal	1	134400000	134499999	0.004116610158234835
Senegal	1	134500000	134599999	0.004937481600791216
Senegal	1	134600000	134699999	0.00584809435531497
Senegal	1	134700000	134799999	0.005422225687652826
Senegal	1	134800000	134899999	0.004703247454017401
Senegal	1	134900000	134999999	0.007164487848058343
Senegal	1	135000000	135099999	0.0074096545577049255
Senegal	1	135100000	135199999	0.005762304645031691
Senegal	1	135200000	135299999	0.004831502214074135
Senegal	1	135300000	135399999	0.004480285570025444
Senegal	1	135400000	135499999	0.004930947907269001
Senegal	1	135500000	135599999	0.0040885042399168015
Senegal	1	135600000	135699999	0.0057234433479607105
Senegal	1	135700000	135799999	0.003986131399869919
Senegal	1	135800000	135899999	0.006940428167581558
Senegal	1	135900000	135999999	0.005793604999780655
Senegal	1	136000000	136099999	0.004177807830274105
Senegal	1	136100000	136199999	0.006195334251970053
Senegal	1	136200000	136299999	0.006786703132092953
Senegal	1	136300000	136399999	0.006477926392108202
Senegal	1	136400000	136499999	0.004637680947780609
Senegal	1	136500000	136599999	0.0064929628279060125
Senegal	1	136600000	136699999	0.006764798890799284
Senegal	1	136700000	136799999	0.004733842331916094
Senegal	1	136800000	136899999	0.007717431988567114
Senegal	1	136900000	136999999	0.008189573884010315
Senegal	1	137000000	137099999	0.007022473029792309
Senegal	1	137100000	137199999	0.006633854936808348
Senegal	1	137200000	137299999	0.005452109035104513
Senegal	1	137300000	137399999	0.004480286501348019
Senegal	1	137400000	137499999	0.00497189536690712
Senegal	1	137500000	137599999	0.004152426961809397
Senegal	1	137600000	137699999	0.004892825148999691
Senegal	1	137700000	137799999	0.006524215452373028
Senegal	1	137800000	137899999	0.004680955782532692
Senegal	1	137900000	137999999	0.004641594365239143
Senegal	1	138000000	138099999	0.005501485895365477
Senegal	1	138100000	138199999	0.005303028970956802
Senegal	1	138200000	138299999	0.006334697362035513
Senegal	1	138300000	138399999	0.004675704054534435
Senegal	1	138400000	138499999	0.00507116736844182
Senegal	1	138500000	138599999	0.007476861122995615
Senegal	1	138600000	138699999	0.0050408258102834225
Senegal	1	138700000	138799999	0.0051244101487100124
Senegal	1	138800000	138899999	0.00548945227637887
Senegal	1	138900000	138999999	0.0064058564603328705
Senegal	1	139000000	139099999	0.0050951093435287476
Senegal	1	139100000	139199999	0.007539704209193587
Senegal	1	139200000	139299999	0.006218733731657267
Senegal	1	139300000	139399999	0.005632528569549322
Senegal	1	139400000	139499999	0.006894729565829039
Senegal	1	139500000	139599999	0.006623748689889908
Senegal	1	139600000	139699999	0.005497386679053307
Senegal	1	139700000	139799999	0.007025308907032013
Senegal	1	139800000	139899999	0.0055600604973733425
Senegal	1	139900000	139999999	0.004399891477078199
Senegal	1	140000000	140099999	0.005071165971457958
Senegal	1	140100000	140199999	0.005143818911164999
Senegal	1	140200000	140299999	0.007633453235030174
Senegal	1	140300000	140399999	0.003378489753231406
Senegal	1	140400000	140499999	0.004436989314854145
Senegal	1	140500000	140599999	0.004339184146374464
Senegal	1	140600000	140699999	0.004272838588804007
Senegal	1	140700000	140799999	0.005856228992342949
Senegal	1	140800000	140899999	0.004703247454017401
Senegal	1	140900000	140999999	0.003943920135498047
Senegal	1	141000000	141099999	0.004377990495413542
Senegal	1	141100000	141199999	0.009615106508135796
Senegal	1	141200000	141299999	0.004862087778747082
Senegal	1	141300000	141399999	0.004694470204412937
Senegal	1	141400000	141499999	0.0041859811171889305
Senegal	1	141500000	141599999	0.006635857746005058
Senegal	1	141600000	141699999	0.00602824566885829
Senegal	1	141700000	141799999	0.004634967539459467
Senegal	1	141800000	141899999	0.005625877995043993
Senegal	1	141900000	141999999	0.00536511093378067
Senegal	1	142000000	142099999	0.005177618004381657
Senegal	1	142100000	142199999	0.0067091151140630245
Senegal	1	142200000	142299999	0.006930526811629534
Senegal	1	142300000	142399999	0.004703247454017401
Senegal	1	142400000	142499999	0.005003557074815035
Senegal	1	142500000	142599999	0.005303030367940664
Senegal	1	142600000	142699999	0.0056934901513159275
Senegal	1	142700000	142799999	0.004452860914170742
Senegal	1	142800000	142899999	0.005676274187862873
Senegal	1	142900000	142999999	0.005286981351673603
Senegal	1	143000000	143099999	0.004703247454017401
Senegal	1	143100000	143199999	0.004480286501348019
Senegal	1	143200000	143299999	0.004751816391944885
Senegal	1	143300000	143399999	0.0050951093435287476
Senegal	1	143400000	143499999	0.006940428167581558
Senegal	1	143500000	143599999	0.00755858002230525
Senegal	1	143600000	143699999	0.007627483922988176
Senegal	1	143700000	143799999	0.005686100572347641
Senegal	1	143800000	143899999	0.0051861112006008625
Senegal	1	143900000	143999999	0.005252791102975607
Senegal	1	144000000	144099999	0.004741795361042023
Senegal	1	144100000	144199999	0.005357916466891766
Senegal	1	144200000	144299999	0.006245321594178677
Senegal	1	144300000	144399999	0.010313602164387703
Senegal	1	144400000	144499999	0.005994557403028011
Senegal	1	144500000	144599999	0.007694130297750235
Senegal	1	144600000	144699999	0.0046088919043540955
Senegal	1	144700000	144799999	0.0051747458055615425
Senegal	1	144800000	144899999	0.0051262639462947845
Senegal	1	144900000	144999999	0.006538857938721776
Senegal	1	145000000	145099999	0.006304072681814432
Senegal	1	145100000	145199999	0.0050400905311107635
Senegal	1	145200000	145299999	0.0027126739732921124
Senegal	1	145300000	145399999	0.0030708492267876863
Senegal	1	145400000	145499999	0.004893644712865353
Senegal	1	145500000	145599999	0.004225351382046938
Senegal	1	145600000	145699999	0.006712856236845255
Senegal	1	145700000	145799999	0.00458021555095911
Senegal	1	145800000	145899999	0.008131188340485096
Senegal	1	145900000	145999999	0.008459528908133507
Senegal	1	146000000	146099999	0.0076696802861988544
Senegal	1	146100000	146199999	0.005639254115521908
Senegal	1	146200000	146299999	0.007093081250786781
Senegal	1	146300000	146399999	0.006218733731657267
Senegal	1	146400000	146499999	0.010209549218416214
Senegal	1	146500000	146599999	0.003358507063239813
Senegal	1	146600000	146699999	0.004308743868023157
Senegal	1	146700000	146799999	0.005074627231806517
Senegal	1	146800000	146899999	0.003363983007147908
Senegal	1	146900000	146999999	0.0036637724842876196
Senegal	1	147000000	147099999	0.00584809435531497
Senegal	1	147100000	147199999	0.005905510857701302
Senegal	1	147200000	147299999	0.005354143213480711
Senegal	1	147300000	147399999	0.004680480808019638
Senegal	1	147400000	147499999	0.0032894739415496588
Senegal	1	147500000	147599999	0.007025308907032013
Senegal	1	147600000	147699999	0.006952126044780016
Senegal	1	147700000	147799999	0.0067481729201972485
Senegal	1	147800000	147899999	0.002633236348628998
Senegal	1	147900000	147999999	0.0032894739415496588
Senegal	1	148000000	148099999	0.002604449400678277
Senegal	1	148100000	148199999	0.003450889838859439
Senegal	1	148200000	148299999	0.0035283947363495827
Senegal	1	148300000	148399999	0.0035846547689288855
Senegal	1	148400000	148499999	0.0035472786985337734
Senegal	1	148500000	148599999	0.019736120477318764
Senegal	1	148600000	148699999	0.0063231203239411116
Senegal	1	148700000	148799999	0.006907489616423845
Senegal	1	148800000	148899999	0.0035172455245628953
Senegal	1	148900000	148999999	0.025312447920441628
Senegal	1	149000000	149099999	0.005038211354985833
Senegal	1	149100000	149199999	0.005658066365867853
Senegal	1	149200000	149299999	0.0036278748884797096
Senegal	1	149300000	149399999	0.0032894739415496588
Senegal	1	149400000	149499999	0.010419465601444244
Senegal	1	149500000	149599999	0.01768048293888569
Senegal	1	149600000	149699999	0.023849250748753548
Senegal	1	149700000	149799999	0.018771333619952202
Senegal	1	149800000	149899999	0.012954547069966793
Senegal	1	149900000	149999999	0.01106184907257557
Senegal	1	150000000	150099999	0.013441568240523338
Senegal	1	150100000	150199999	0.00844627246260643
Senegal	1	150200000	150299999	0.009519051760435104
Senegal	1	150300000	150399999	0.005954762455075979
Senegal	1	150400000	150499999	0.00558690307661891
Senegal	1	150500000	150599999	0.004988153465092182
Senegal	1	150600000	150699999	0.020212399773299694
Senegal	1	150700000	150799999	0.004926108755171299
Senegal	1	150800000	150899999	0.005252791102975607
Senegal	1	150900000	150999999	0.002360139274969697
Senegal	1	151000000	151099999	0.002243882045149803
Senegal	1	151100000	151199999	0.0036061371210962534
Senegal	1	151200000	151299999	0.0040885042399168015
Senegal	1	151300000	151399999	0.005477184429764748
Senegal	1	151400000	151499999	0.005482714157551527
Senegal	1	151500000	151599999	0.003963724244385958
Senegal	1	151600000	151699999	0.001744185807183385
Senegal	1	151700000	151799999	0.001098901149816811
Senegal	1	151800000	151899999	0.002317073056474328
Senegal	1	151900000	151999999	0.0032842886867001653
Senegal	1	152000000	152099999	0.0015042783343233168
Senegal	1	152100000	152199999	0.0035269465297460556
Senegal	1	152200000	152299999	0.0026503007393330336
Senegal	1	152300000	152399999	0.0027238677721470594
Senegal	1	152400000	152499999	0.001594388042576611
Senegal	1	152500000	152599999	0.002633311552926898
Senegal	1	152600000	152699999	0.0027126739732921124
Senegal	1	152700000	152799999	0.002360139274969697
Senegal	1	152800000	152899999	0.0036041357088834047
Senegal	1	152900000	152999999	0.002317073056474328
Senegal	1	153000000	153099999	0.003231675596907735
Senegal	1	153100000	153199999	0.0050400905311107635
Senegal	1	153200000	153299999	0.0033201687037944794
Senegal	1	153300000	153399999	0.0027126739732921124
Senegal	1	153400000	153499999	0.0036910396302118897
Senegal	1	153500000	153599999	0.002633311552926898
Senegal	1	153600000	153699999	0.0021477665286511183
Senegal	1	153700000	153799999	0.0038210523780435324
Senegal	1	153800000	153899999	0.0029843896627426147
Senegal	1	153900000	153999999	0.0019334051758050919
Senegal	1	154000000	154099999	0.004478802438825369
Senegal	1	154100000	154199999	0.004136401228606701
Senegal	1	154200000	154299999	0.005160829983651638
Senegal	1	154300000	154399999	0.0019334051758050919
Senegal	1	154400000	154499999	0.0018823528662323952
Senegal	1	154500000	154599999	0.006278989836573601
Senegal	1	154600000	154699999	0.0055600604973733425
Senegal	1	154700000	154799999	0.0024691354483366013
Senegal	1	154800000	154899999	0.0029752342961728573
Senegal	1	154900000	154999999	0.002633311552926898
Senegal	1	155000000	155099999	0.005545495543628931
Senegal	1	155100000	155199999	0.003802733263000846
Senegal	1	155200000	155299999	0.0064204721711575985
Senegal	1	155300000	155399999	0.005177618004381657
Senegal	1	155400000	155499999	0.011434323154389858
Senegal	1	155500000	155599999	0.007745947455987334
Senegal	1	155600000	155699999	0.01960943453013897
Senegal	1	155700000	155799999	0.006940428167581558
Senegal	1	155800000	155899999	0.00779257295653224
Senegal	1	155900000	155999999	0.013763138093054295
Senegal	1	156000000	156099999	0.006338997278362513
Senegal	1	156100000	156199999	0.012204436585307121
Senegal	1	156200000	156299999	0.01040955213829875
Senegal	1	156300000	156399999	0.004381160251796246
Senegal	1	156400000	156499999	0.004381160251796246
Senegal	1	156500000	156599999	0.009671839885413647
Senegal	1	156600000	156699999	0.003992941463366151
Senegal	1	156700000	156799999	0.002809756202623248
Senegal	1	156800000	156899999	0.010888474993407726
Senegal	1	156900000	156999999	0.010359959676861763
Senegal	1	157000000	157099999	0.005627837032079697
Senegal	1	157100000	157199999	0.004225351382046938
Senegal	1	157200000	157299999	0.006009548902511597
Senegal	1	157300000	157399999	0.008708301931619644
Senegal	1	157400000	157499999	0.004097836557775736
Senegal	1	157500000	157599999	0.004441488068550825
Senegal	1	157600000	157699999	0.005608384031802416
Senegal	1	157700000	157799999	0.004733842331916094
Senegal	1	157800000	157899999	0.008481946308165789
Senegal	1	157900000	157999999	0.009317814372479916
Senegal	1	158000000	158099999	0.004452862311154604
Senegal	1	158100000	158199999	0.014799483120441437
Senegal	1	158200000	158299999	0.006687195971608162
Senegal	1	158300000	158399999	0.008395365439355373
Senegal	1	158400000	158499999	0.005221167113631964
Senegal	1	158500000	158599999	0.009219646453857422
Senegal	1	158600000	158699999	0.012813091278076172
Senegal	1	158700000	158799999	0.00569188455119729
Senegal	1	158800000	158899999	0.00664835050702095
Senegal	1	158900000	158999999	0.00398891931399703
Senegal	1	159000000	159099999	0.009341554716229439
Senegal	1	159100000	159199999	0.006523153744637966
Senegal	1	159200000	159299999	0.008536062203347683
Senegal	1	159300000	159399999	0.005694887600839138
Senegal	1	159400000	159499999	0.00453155068680644
Senegal	1	159500000	159599999	0.003158424748107791
Senegal	1	159600000	159699999	0.018561984412372112
Senegal	1	159700000	159799999	0.011295181699097157
Senegal	1	159800000	159899999	0.017284264788031578
Senegal	1	159900000	159999999	0.02031894586980343
Senegal	1	160000000	160099999	0.01682659052312374
Senegal	1	160100000	160199999	0.015927806496620178
Senegal	1	160200000	160299999	0.00773484306409955
Senegal	1	160300000	160399999	0.010073483921587467
Senegal	1	160400000	160499999	0.00980391912162304
Senegal	1	160500000	160599999	0.006635857746005058
Senegal	1	160600000	160699999	0.006249458994716406
Senegal	1	160700000	160799999	0.0035236079711467028
Senegal	1	160800000	160899999	0.007890498265624046
Senegal	1	160900000	160999999	0.01043352484703064
Senegal	1	161000000	161099999	0.009718384593725204
Senegal	1	161100000	161199999	0.012777259573340416
Senegal	1	161200000	161299999	0.014573091641068459
Senegal	1	161300000	161399999	0.01276956032961607
Senegal	1	161400000	161499999	0.017062686383724213
Senegal	1	161500000	161599999	0.012820322066545486
Senegal	1	161600000	161699999	0.007132797734811902
Senegal	1	161700000	161799999	0.01988854818046093
Senegal	1	161800000	161899999	0.016259126365184784
Senegal	1	161900000	161999999	0.014394433237612247
Senegal	1	162000000	162099999	0.01279749907553196
Senegal	1	162100000	162199999	0.007852394133806229
Senegal	1	162200000	162299999	0.01129725482314825
Senegal	1	162300000	162399999	0.0048466811422258615
Senegal	1	162400000	162499999	0.00398891931399703
Senegal	1	162500000	162599999	0.002856436767615378
Senegal	1	162600000	162699999	0.02620253525674343
Senegal	1	162700000	162799999	0.01082474272698164
Senegal	1	162800000	162899999	0.006904608104377985
Senegal	1	162900000	162999999	0.005876663140952587
Senegal	1	163000000	163099999	0.008472386747598648
Senegal	1	163100000	163199999	0.007284921128302813
Senegal	1	163200000	163299999	0.007746970281004906
Senegal	1	163300000	163399999	0.007284921128302813
Senegal	1	163400000	163499999	0.007779472274705768
Senegal	1	163500000	163599999	0.008726280182600021
Senegal	1	163600000	163699999	0.010708991438150406
Senegal	1	163700000	163799999	0.007762281224131584
Senegal	1	163800000	163899999	0.005740813910961151
Senegal	1	163900000	163999999	0.007719296496361494
Senegal	1	164000000	164099999	0.015655364841222763
Senegal	1	164100000	164199999	0.009306317195296288
Senegal	1	164200000	164299999	0.007742809131741524
Senegal	1	164300000	164399999	0.0035472786985337734
Senegal	1	164400000	164499999	0.014261614065617323
Senegal	1	164500000	164599999	0.014921966940164566
Senegal	1	164600000	164699999	0.008129914291203022
Senegal	1	164700000	164799999	0.007921655662357807
Senegal	1	164800000	164899999	0.005954762455075979
Senegal	1	164900000	164999999	0.004723032005131245
Senegal	1	165000000	165099999	0.005618558265268803
Senegal	1	165100000	165199999	0.006982733961194754
Senegal	1	165200000	165299999	0.008515671826899052
Senegal	1	165300000	165399999	0.0055600604973733425
Senegal	1	165400000	165499999	0.005890391301363707
Senegal	1	165500000	165599999	0.004729995038360357
Senegal	1	165600000	165699999	0.004171405918896198
Senegal	1	165700000	165799999	0.009274807758629322
Senegal	1	165800000	165899999	0.011242315173149109
Senegal	1	165900000	165999999	0.007745764683932066
Senegal	1	166000000	166099999	0.00761118670925498
Senegal	1	166100000	166199999	0.007187119917944074
Senegal	1	166200000	166299999	0.008837194181978703
Senegal	1	166300000	166399999	0.007742809131741524
Senegal	1	166400000	166499999	0.006031746044754982
Senegal	1	166500000	166599999	0.005987424869090319
Senegal	1	166600000	166699999	0.014531910419464111
Senegal	1	166700000	166799999	0.011285222601145506
Senegal	1	166800000	166899999	0.004288839641958475
Senegal	1	166900000	166999999	0.017410095781087875
Senegal	1	167000000	167099999	0.009281180799007416
Senegal	1	167100000	167199999	0.010278694331645966
Senegal	1	167200000	167299999	0.054768383502960205
Senegal	1	167300000	167399999	0.006638799328356981
Senegal	1	167400000	167499999	0.007051819935441017
Senegal	1	167500000	167599999	0.006345988251268864
Senegal	1	167600000	167699999	0.0035472786985337734
Senegal	1	167700000	167799999	0.004703247454017401
Senegal	1	167800000	167899999	0.0022989329881966114
Senegal	1	167900000	167999999	0.0024283453822135925
Senegal	1	168000000	168099999	0.004703247454017401
Senegal	1	168100000	168199999	0.0040885042399168015
Senegal	1	168200000	168299999	0.004003570415079594
Senegal	1	168300000	168399999	0.010339570231735706
Senegal	1	168400000	168499999	0.0052093761041760445
Senegal	1	168500000	168599999	0.010867760516703129
Senegal	1	168600000	168699999	0.004926108755171299
Senegal	1	168700000	168799999	0.006003636866807938
Senegal	1	168800000	168899999	0.009713839739561081
Senegal	1	168900000	168999999	0.0035236079711467028
Senegal	1	169000000	169099999	0.0043834783136844635
Senegal	1	169100000	169199999	0.012953666038811207
Senegal	1	169200000	169299999	0.004381160251796246
Senegal	1	169300000	169399999	0.005140433553606272
Senegal	1	169400000	169499999	0.006635857746005058
Senegal	1	169500000	169599999	0.0034906493965536356
Senegal	1	169600000	169699999	0.008638848550617695
Senegal	1	169700000	169799999	0.00728597235865891
Senegal	1	169800000	169899999	0.007371007930487394
Senegal	1	169900000	169999999	0.004703247454017401
Senegal	1	170000000	170099999	0.004127493593841791
Senegal	1	170100000	170199999	0.004310650518164039
Senegal	1	170200000	170299999	0.005432936828583479
Senegal	1	170300000	170399999	0.005319100338965654
Senegal	1	170400000	170499999	0.009721186012029648
Senegal	1	170500000	170599999	0.0050951093435287476
Senegal	1	170600000	170699999	0.00453155068680644
Senegal	1	170700000	170799999	0.0035472786985337734
Senegal	1	170800000	170899999	0.003920366521924734
Senegal	1	170900000	170999999	0.0055600604973733425
Senegal	1	171000000	171099999	0.004225351382046938
Senegal	1	171100000	171199999	0.006924162618815899
Senegal	1	171200000	171299999	0.003708373289555311
Senegal	1	171300000	171399999	0.003035520436242223
Senegal	1	171400000	171499999	0.004820588976144791
Senegal	1	171500000	171599999	0.004905284848064184
Senegal	1	171600000	171699999	0.009230679832398891
Senegal	1	171700000	171799999	0.0050951093435287476
Senegal	1	171800000	171899999	0.007719297893345356
Senegal	1	171900000	171999999	0.008580717258155346
Senegal	1	172000000	172099999	0.003363983007147908
Senegal	1	172100000	172199999	0.0045136320404708385
Senegal	1	172200000	172299999	0.004034065175801516
Senegal	1	172300000	172399999	0.004126593936234713
Senegal	1	172400000	172499999	0.0027126739732921124
Senegal	1	172500000	172599999	0.003630192019045353
Senegal	1	172600000	172699999	0.004442593548446894
Senegal	1	172700000	172799999	0.0038826889358460903
Senegal	1	172800000	172899999	0.0029843896627426147
Senegal	1	172900000	172999999	0.0019334051758050919
Senegal	1	173000000	173099999	0.002220002468675375
Senegal	1	173100000	173199999	0.0024287565611302853
Senegal	1	173200000	173299999	0.0022906227968633175
Senegal	1	173300000	173399999	0.0027238677721470594
Senegal	1	173400000	173499999	0.00406597089022398
Senegal	1	173500000	173599999	0.0029675387777388096
Senegal	1	173600000	173699999	0.002317073056474328
Senegal	1	173700000	173799999	0.0021477665286511183
Senegal	1	173800000	173899999	0.0029843896627426147
Senegal	1	173900000	173999999	0.0022796352859586477
Senegal	1	174000000	174099999	0.004242949187755585
Senegal	1	174100000	174199999	0.004480286501348019
Senegal	1	174200000	174299999	0.0027126739732921124
Senegal	1	174300000	174399999	0.004577886313199997
Senegal	1	174400000	174499999	0.004945679102092981
Senegal	1	174500000	174599999	0.002633311552926898
Senegal	1	174600000	174699999	0.0045996299013495445
Senegal	1	174700000	174799999	0.0042253523133695126
Senegal	1	174800000	174899999	0.004680955782532692
Senegal	1	174900000	174999999	0.0040967101231217384
Senegal	1	175000000	175099999	0.006290321704000235
Senegal	1	175100000	175199999	0.005017115268856287
Senegal	1	175200000	175299999	0.004237456480041146
Senegal	1	175300000	175399999	0.005409745033830404
Senegal	1	175400000	175499999	0.004865175113081932
Senegal	1	175500000	175599999	0.005762304645031691
Senegal	1	175600000	175699999	0.0050951093435287476
Senegal	1	175700000	175799999	0.0063173347152769566
Senegal	1	175800000	175899999	0.004522263538092375
Senegal	1	175900000	175999999	0.003859348129481077
Senegal	1	176000000	176099999	0.003240793477743864
Senegal	1	176100000	176199999	0.0057005430571734905
Senegal	1	176200000	176299999	0.006519187707453966
Senegal	1	176300000	176399999	0.00352360843680799
Senegal	1	176400000	176499999	0.0032894739415496588
Senegal	1	176500000	176599999	0.004733842331916094
Senegal	1	176600000	176699999	0.004741795361042023
Senegal	1	176700000	176799999	0.007025308907032013
Senegal	1	176800000	176899999	0.0038962687831372023
Senegal	1	176900000	176999999	0.004381160251796246
Senegal	1	177000000	177099999	0.0042253523133695126
Senegal	1	177100000	177199999	0.005632528569549322
Senegal	1	177200000	177299999	0.005319100338965654
Senegal	1	177300000	177399999	0.0039924937300384045
Senegal	1	177400000	177499999	0.0034362447913736105
Senegal	1	177500000	177599999	0.006775343557819724
Senegal	1	177600000	177699999	0.005819635931402445
Senegal	1	177700000	177799999	0.004905933514237404
Senegal	1	177800000	177899999	0.007319875061511993
Senegal	1	177900000	177999999	0.004926108755171299
Senegal	1	178000000	178099999	0.005819635931402445
Senegal	1	178100000	178199999	0.00536963390186429
Senegal	1	178200000	178299999	0.009476693347096443
Senegal	1	178300000	178399999	0.006748576648533344
Senegal	1	178400000	178499999	0.00488892593421042
Senegal	1	178500000	178599999	0.00584809435531497
Senegal	1	178600000	178699999	0.004381160251796246
Senegal	1	178700000	178799999	0.0042954254895448685
Senegal	1	178800000	178899999	0.004498782567679882
Senegal	1	178900000	178999999	0.004467234946787357
Senegal	1	179000000	179099999	0.004616457503288984
Senegal	1	179100000	179199999	0.006218733731657267
Senegal	1	179200000	179299999	0.0032508999574929476
Senegal	1	179300000	179399999	0.005517697427421808
Senegal	1	179400000	179499999	0.006205342710018158
Senegal	1	179500000	179599999	0.004858169239014387
Senegal	1	179600000	179699999	0.005676275584846735
Senegal	1	179700000	179799999	0.004030547104775906
Senegal	1	179800000	179899999	0.005339344032108784
Senegal	1	179900000	179999999	0.005699480883777142
Senegal	1	180000000	180099999	0.004723032005131245
Senegal	1	180100000	180199999	0.004143709782510996
Senegal	1	180200000	180299999	0.006495681591331959
Senegal	1	180300000	180399999	0.005267259664833546
Senegal	1	180400000	180499999	0.005344875855371356
Senegal	1	180500000	180599999	0.005225693807005882
Senegal	1	180600000	180699999	0.004703247454017401
Senegal	1	180700000	180799999	0.004034065175801516
Senegal	1	180800000	180899999	0.006218733731657267
Senegal	1	180900000	180999999	0.004034065175801516
Senegal	1	181000000	181099999	0.0032894739415496588
Senegal	1	181100000	181199999	0.005017115268856287
Senegal	1	181200000	181299999	0.008541621267795563
Senegal	1	181300000	181399999	0.007284921128302813
Senegal	1	181400000	181499999	0.009350006468594074
Senegal	1	181500000	181599999	0.004054701421409845
Senegal	1	181600000	181699999	0.006469929590821266
Senegal	1	181700000	181799999	0.007559258956462145
Senegal	1	181800000	181899999	0.005371906328946352
Senegal	1	181900000	181999999	0.006292745936661959
Senegal	1	182000000	182099999	0.005204299930483103
Senegal	1	182100000	182199999	0.006195334251970053
Senegal	1	182200000	182299999	0.0068078674376010895
Senegal	1	182300000	182399999	0.007563374005258083
Senegal	1	182400000	182499999	0.003859348129481077
Senegal	1	182500000	182599999	0.0055600604973733425
Senegal	1	182600000	182699999	0.008304103277623653
Senegal	1	182700000	182799999	0.006895145401358604
Senegal	1	182800000	182899999	0.006031746044754982
Senegal	1	182900000	182999999	0.007969238795340061
Senegal	1	183000000	183099999	0.005432936828583479
Senegal	1	183100000	183199999	0.0057234433479607105
Senegal	1	183200000	183299999	0.005286981351673603
Senegal	1	183300000	183399999	0.006003343733027577
Senegal	1	183400000	183499999	0.00453155068680644
Senegal	1	183500000	183599999	0.003816416021436453
Senegal	1	183600000	183699999	0.006155369803309441
Senegal	1	183700000	183799999	0.007525309454649687
Senegal	1	183800000	183899999	0.007676876150071621
Senegal	1	183900000	183999999	0.0035472786985337734
Senegal	1	184000000	184099999	0.004901225678622723
Senegal	1	184100000	184199999	0.004422473255544901
Senegal	1	184200000	184299999	0.006365739740431309
Senegal	1	184300000	184399999	0.005470460746437311
Senegal	1	184400000	184499999	0.006712142378091812
Senegal	1	184500000	184599999	0.007856697775423527
Senegal	1	184600000	184699999	0.0035794044379144907
Senegal	1	184700000	184799999	0.0041039567440748215
Senegal	1	184800000	184899999	0.005277371499687433
Senegal	1	184900000	184999999	0.00557381147518754
Senegal	1	185000000	185099999	0.006469929590821266
Senegal	1	185100000	185199999	0.004616457503288984
Senegal	1	185200000	185299999	0.005537958815693855
Senegal	1	185300000	185399999	0.006131255067884922
Senegal	1	185400000	185499999	0.005029762163758278
Senegal	1	185500000	185599999	0.005866739433258772
Senegal	1	185600000	185699999	0.0035236079711467028
Senegal	1	185700000	185799999	0.004809188656508923
Senegal	1	185800000	185899999	0.0060459403321146965
Senegal	1	185900000	185999999	0.005889176856726408
Senegal	1	186000000	186099999	0.005326848477125168
Senegal	1	186100000	186199999	0.00553846126422286
Senegal	1	186200000	186299999	0.007192519493401051
Senegal	1	186300000	186399999	0.006403650622814894
Senegal	1	186400000	186499999	0.007549708243459463
Senegal	1	186500000	186599999	0.005990360863506794
Senegal	1	186600000	186699999	0.004958755802363157
Senegal	1	186700000	186799999	0.004812911618500948
Senegal	1	186800000	186899999	0.007026646751910448
Senegal	1	186900000	186999999	0.009576342068612576
Senegal	1	187000000	187099999	0.0050400905311107635
Senegal	1	187100000	187199999	0.006176323629915714
Senegal	1	187200000	187299999	0.005432936828583479
Senegal	1	187300000	187399999	0.0055600604973733425
Senegal	1	187400000	187499999	0.0050864932127296925
Senegal	1	187500000	187599999	0.006006786134094
Senegal	1	187600000	187699999	0.006006786134094
Senegal	1	187700000	187799999	0.0050400905311107635
Senegal	1	187800000	187899999	0.006106771063059568
Senegal	1	187900000	187999999	0.006635857746005058
Senegal	1	188000000	188099999	0.005432896316051483
Senegal	1	188100000	188199999	0.006365739740431309
Senegal	1	188200000	188299999	0.0027528998907655478
Senegal	1	188300000	188399999	0.004762399010360241
Senegal	1	188400000	188499999	0.005923341028392315
Senegal	1	188500000	188599999	0.0057234433479607105
Senegal	1	188600000	188699999	0.00414050929248333
Senegal	1	188700000	188799999	0.0052388934418559074
Senegal	1	188800000	188899999	0.005089271580800414
Senegal	1	188900000	188999999	0.007901963777840137
Senegal	1	189000000	189099999	0.004852941259741783
Senegal	1	189100000	189199999	0.005017115268856287
Senegal	1	189200000	189299999	0.0045647877268493176
Senegal	1	189300000	189399999	0.004480286501348019
Senegal	1	189400000	189499999	0.0038785464130342007
Senegal	1	189500000	189599999	0.004127493593841791
Senegal	1	189600000	189699999	0.005339344032108784
Senegal	1	189700000	189799999	0.006339125335216522
Senegal	1	189800000	189899999	0.00398891931399703
Senegal	1	189900000	189999999	0.0058564620558172464
Senegal	1	190000000	190099999	0.004242949187755585
Senegal	1	190100000	190199999	0.0036486489698290825
Senegal	1	190200000	190299999	0.004127493593841791
Senegal	1	190300000	190399999	0.003363983007147908
Senegal	1	190400000	190499999	0.005029185209423304
Senegal	1	190500000	190599999	0.004475263878703117
Senegal	1	190600000	190699999	0.005819635931402445
Senegal	1	190700000	190799999	0.004744234494864941
Senegal	1	190800000	190899999	0.005101657938212156
Senegal	1	190900000	190999999	0.005455027334392071
Senegal	1	191000000	191099999	0.00513231148943305
Senegal	1	191100000	191199999	0.0048834593035280704
Senegal	1	191200000	191299999	0.00453155068680644
Senegal	1	191300000	191399999	0.006580746732652187
Senegal	1	191400000	191499999	0.0036001813132315874
Senegal	1	191500000	191599999	0.0032508999574929476
Senegal	1	191600000	191699999	0.005497386679053307
Senegal	1	191700000	191799999	0.004837987013161182
Senegal	1	191800000	191899999	0.0037414964754134417
Senegal	1	191900000	191999999	0.005391676444560289
Senegal	1	192000000	192099999	0.00653943931683898
Senegal	1	192100000	192199999	0.0050951093435287476
Senegal	1	192200000	192299999	0.007418655324727297
Senegal	1	192300000	192399999	0.009748190641403198
Senegal	1	192400000	192499999	0.008973759599030018
Senegal	1	192500000	192599999	0.0057234433479607105
Senegal	1	192600000	192699999	0.006620533298701048
Senegal	1	192700000	192799999	0.004290180513635278
Senegal	1	192800000	192899999	0.004812911618500948
Senegal	1	192900000	192999999	0.005607842933386564
Senegal	1	193000000	193099999	0.0064058564603328705
Senegal	1	193100000	193199999	0.005344995530322194
Senegal	1	193200000	193299999	0.005891934037208557
Senegal	1	193300000	193399999	0.0050261360593140125
Senegal	1	193400000	193499999	0.006428486667573452
Senegal	1	193500000	193599999	0.0057234433479607105
Senegal	1	193600000	193699999	0.007820494007319212
Senegal	1	193700000	193799999	0.005704851122573018
Senegal	1	193800000	193899999	0.006218733731657267
Senegal	1	193900000	193999999	0.004242949187755585
Senegal	1	194000000	194099999	0.003358507063239813
Senegal	1	194100000	194199999	0.004288839641958475
Senegal	1	194200000	194299999	0.003590651787817478
Senegal	1	194300000	194399999	0.003338431240990758
Senegal	1	194400000	194499999	0.00484438007697463
Senegal	1	194500000	194599999	0.0038785464130342007
Senegal	1	194600000	194699999	0.008623923175036907
Senegal	1	194700000	194799999	0.006362298037856817
Senegal	1	194800000	194899999	0.004850946366786957
Senegal	1	194900000	194999999	0.004242949187755585
Senegal	1	195000000	195099999	0.0053682285360991955
Senegal	1	195100000	195199999	0.004173789173364639
Senegal	1	195200000	195299999	0.006365739740431309
Senegal	1	195300000	195399999	0.004034065175801516
Senegal	1	195400000	195499999	0.0055600604973733425
Senegal	1	195500000	195599999	0.004637680947780609
Senegal	1	195600000	195699999	0.004122674930840731
Senegal	1	195700000	195799999	0.007000466343015432
Senegal	1	195800000	195899999	0.00876602903008461
Senegal	1	195900000	195999999	0.005363049451261759
Senegal	1	196000000	196099999	0.004127493593841791
Senegal	1	196100000	196199999	0.005957006476819515
Senegal	1	196200000	196299999	0.003363983007147908
Senegal	1	196300000	196399999	0.0052405428141355515
Senegal	1	196400000	196499999	0.005225693807005882
Senegal	1	196500000	196599999	0.0056547303684055805
Senegal	1	196600000	196699999	0.0057710150722414255
Senegal	1	196700000	196799999	0.006365739740431309
Senegal	1	196800000	196899999	0.004949134541675448
Senegal	1	196900000	196999999	0.004703247454017401
Senegal	1	197000000	197099999	0.006207861006259918
Senegal	1	197100000	197199999	0.0042954254895448685
Senegal	1	197200000	197299999	0.004603228531777859
Senegal	1	197300000	197399999	0.004272838588804007
Senegal	1	197400000	197499999	0.004480286501348019
Senegal	1	197500000	197599999	0.0041859811171889305
Senegal	1	197600000	197699999	0.005107193486765027
Senegal	1	197700000	197799999	0.005914397072046995
Senegal	1	197800000	197899999	0.0045323739759624004
Senegal	1	197900000	197999999	0.004026560811325908
Senegal	1	198000000	198099999	0.005634879693388939
Senegal	1	198100000	198199999	0.005451182834804058
Senegal	1	198200000	198299999	0.005660667549818754
Senegal	1	198300000	198399999	0.0050951093435287476
Senegal	1	198400000	198499999	0.00747007061727345
Senegal	1	198500000	198599999	0.006485970690846443
Senegal	1	198600000	198699999	0.004872976802289486
Senegal	1	198700000	198799999	0.005017115268856287
Senegal	1	198800000	198899999	0.00453155068680644
Senegal	1	198900000	198999999	0.0063012028113007545
Senegal	1	199000000	199099999	0.005432936828583479
Senegal	1	199100000	199199999	0.005465290741994977
Senegal	1	199200000	199299999	0.006430769804865122
Senegal	1	199300000	199399999	0.005403292831033468
Senegal	1	199400000	199499999	0.007941263262182474
Senegal	1	199500000	199599999	0.004668048582971096
Senegal	1	199600000	199699999	0.004027045797556639
Senegal	1	199700000	199799999	0.004466077778488398
Senegal	1	199800000	199899999	0.003970447927713394
Senegal	1	199900000	199999999	0.0058988104574382305
Senegal	1	200000000	200099999	0.004452862311154604
Senegal	1	200100000	200199999	0.0016682068817317486
Senegal	1	200200000	200299999	0.0029843896627426147
Senegal	1	200300000	200399999	0.0029946763534098864
Senegal	1	200400000	200499999	0.004095874726772308
Senegal	1	200500000	200599999	0.0050400905311107635
Senegal	1	200600000	200699999	0.004274996463209391
Senegal	1	200700000	200799999	0.005475438665598631
Senegal	1	200800000	200899999	0.004513632971793413
Senegal	1	200900000	200999999	0.003705172333866358
Senegal	1	201000000	201099999	0.004310033284127712
Senegal	1	201100000	201199999	0.0035818303003907204
Senegal	1	201200000	201299999	0.00331363664008677
Senegal	1	201300000	201399999	0.0030708492267876863
Senegal	1	201400000	201499999	0.004206288140267134
Senegal	1	201500000	201599999	0.005426045972853899
Senegal	1	201600000	201699999	0.004127493593841791
Senegal	1	201700000	201799999	0.0032894739415496588
Senegal	1	201800000	201899999	0.0032894739415496588
Senegal	1	201900000	201999999	0.0043967608362436295
Senegal	1	202000000	202099999	0.004515028325840831
Senegal	1	202100000	202199999	0.00431021535769105
Senegal	1	202200000	202299999	0.0038210523780435324
Senegal	1	202300000	202399999	0.003280939068645239
Senegal	1	202400000	202499999	0.003802733263000846
Senegal	1	202500000	202599999	0.005167125258594751
Senegal	1	202600000	202699999	0.006623748689889908
Senegal	1	202700000	202799999	0.004828061908483505
Senegal	1	202800000	202899999	0.004576713778078556
Senegal	1	202900000	202999999	0.006557377055287361
Senegal	1	203000000	203099999	0.0036227626260370016
Senegal	1	203100000	203199999	0.005781250074505806
Senegal	1	203200000	203299999	0.004128894302994013
Senegal	1	203300000	203399999	0.006278989836573601
Senegal	1	203400000	203499999	0.004346005618572235
Senegal	1	203500000	203599999	0.004354668315500021
Senegal	1	203600000	203699999	0.0036902977153658867
Senegal	1	203700000	203799999	0.0029843896627426147
Senegal	1	203800000	203899999	0.003928800113499165
Senegal	1	203900000	203999999	0.0039893751963973045
Senegal	1	204000000	204099999	0.0045647877268493176
Senegal	1	204100000	204199999	0.004625558853149414
Senegal	1	204200000	204299999	0.004862087778747082
Senegal	1	204300000	204399999	0.007147276308387518
Senegal	1	204400000	204499999	0.0035472786985337734
Senegal	1	204500000	204599999	0.0037334884982556105
Senegal	1	204600000	204699999	0.0040885042399168015
Senegal	1	204700000	204799999	0.005177618004381657
Senegal	1	204800000	204899999	0.005149573553353548
Senegal	1	204900000	204999999	0.0030349711887538433
Senegal	1	205000000	205099999	0.003963724244385958
Senegal	1	205100000	205199999	0.005084206350147724
Senegal	1	205200000	205299999	0.005432936828583479
Senegal	1	205300000	205399999	0.005529409274458885
Senegal	1	205400000	205499999	0.004769209306687117
Senegal	1	205500000	205599999	0.0026503961998969316
Senegal	1	205600000	205699999	0.002680427161976695
Senegal	1	205700000	205799999	0.0034666669089347124
Senegal	1	205800000	205899999	0.004472406581044197
Senegal	1	205900000	205999999	0.004284951835870743
Senegal	1	206000000	206099999	0.005893422290682793
Senegal	1	206100000	206199999	0.0063213566318154335
Senegal	1	206200000	206299999	0.008562413044273853
Senegal	1	206300000	206399999	0.0035236079711467028
Senegal	1	206400000	206499999	0.004576258594170213
Senegal	1	206500000	206599999	0.0058632176369428635
Senegal	1	206600000	206699999	0.003672488732263446
Senegal	1	206700000	206799999	0.004504071548581123
Senegal	1	206800000	206899999	0.005341726820915937
Senegal	1	206900000	206999999	0.004530616337433457
Senegal	1	207000000	207099999	0.0035294354893267155
Senegal	1	207100000	207199999	0.004733842331916094
Senegal	1	207200000	207299999	0.005143818911164999
Senegal	1	207300000	207399999	0.005326848477125168
Senegal	1	207400000	207499999	0.0044521670788526535
Senegal	1	207500000	207599999	0.0029946763534098864
Senegal	1	207600000	207699999	0.00453155068680644
Senegal	1	207700000	207799999	0.004926108755171299
Senegal	1	207800000	207899999	0.003469322808086872
Senegal	1	207900000	207999999	0.005432936828583479
Senegal	1	208000000	208099999	0.004132540430873632
Senegal	1	208100000	208199999	0.00400832062587142
Senegal	1	208200000	208299999	0.00453155068680644
Senegal	1	208300000	208399999	0.005194104742258787
Senegal	1	208400000	208499999	0.004493675660341978
Senegal	1	208500000	208599999	0.0036061371210962534
Senegal	1	208600000	208699999	0.0036486489698290825
Senegal	1	208700000	208799999	0.0037414964754134417
Senegal	1	208800000	208899999	0.002220002468675375
Senegal	1	208900000	208999999	0.002604449400678277
Senegal	1	209000000	209099999	0.0022796352859586477
Senegal	1	209100000	209199999	0.004034065175801516
Senegal	1	209200000	209299999	0.006365739740431309
Senegal	1	209300000	209399999	0.004703247454017401
Senegal	1	209400000	209499999	0.004703247454017401
Senegal	1	209500000	209599999	0.0038648881018161774
Senegal	1	209600000	209699999	0.002625000197440386
Senegal	1	209700000	209799999	0.004017880652099848
Senegal	1	209800000	209899999	0.0038115973584353924
Senegal	1	209900000	209999999	0.002633311552926898
Senegal	1	210000000	210099999	0.0044351303949952126
Senegal	1	210100000	210199999	0.0035937565844506025
Senegal	1	210200000	210299999	0.0042253523133695126
Senegal	1	210300000	210399999	0.004095874726772308
Senegal	1	210400000	210499999	0.0030349711887538433
Senegal	1	210500000	210599999	0.0025997005868703127
Senegal	1	210600000	210699999	0.0037414964754134417
Senegal	1	210700000	210799999	0.003897155402228236
Senegal	1	210800000	210899999	0.003921150229871273
Senegal	1	210900000	210999999	0.004051432944834232
Senegal	1	211000000	211099999	0.0041364342905581
Senegal	1	211100000	211199999	0.004127493593841791
Senegal	1	211200000	211299999	0.004644697532057762
Senegal	1	211300000	211399999	0.0035236079711467028
Senegal	1	211400000	211499999	0.003811368951573968
Senegal	1	211500000	211599999	0.003424310125410557
Senegal	1	211600000	211699999	0.0035365624353289604
Senegal	1	211700000	211799999	0.002784809796139598
Senegal	1	211800000	211899999	0.004399685654789209
Senegal	1	211900000	211999999	0.003376469248905778
Senegal	1	212000000	212099999	0.0034486062359064817
Senegal	1	212100000	212199999	0.0034726050216704607
Senegal	1	212200000	212299999	0.003363983007147908
Senegal	1	212300000	212399999	0.00349065032787621
Senegal	1	212400000	212499999	0.004683753941208124
Senegal	1	212500000	212599999	0.004348513204604387
Senegal	1	212600000	212699999	0.004127493593841791
Senegal	1	212700000	212799999	0.003676245454698801
Senegal	1	212800000	212899999	0.0041364342905581
Senegal	1	212900000	212999999	0.0035472786985337734
Senegal	1	213000000	213099999	0.0032894739415496588
Senegal	1	213100000	213199999	0.0038593485951423645
Senegal	1	213200000	213299999	0.0037414964754134417
Senegal	1	213300000	213399999	0.0030708492267876863
Senegal	1	213400000	213499999	0.00398891931399703
Senegal	1	213500000	213599999	0.0034276710357517004
Senegal	1	213600000	213699999	0.003802733263000846
Senegal	1	213700000	213799999	0.003835616633296013
Senegal	1	213800000	213899999	0.0043345228768885136
Senegal	1	213900000	213999999	0.003082387847825885
Senegal	1	214000000	214099999	0.0035472786985337734
Senegal	1	214100000	214199999	0.0038785464130342007
Senegal	1	214200000	214299999	0.003843588288873434
Senegal	1	214300000	214399999	0.004480695351958275
Senegal	1	214400000	214499999	0.0033488115295767784
Senegal	1	214500000	214599999	0.0021477665286511183
Senegal	1	214600000	214699999	0.003450889838859439
Senegal	1	214700000	214799999	0.0038785464130342007
Senegal	1	214800000	214899999	0.004723032936453819
Senegal	1	214900000	214999999	0.003564526094123721
Senegal	1	215000000	215099999	0.0038785464130342007
Senegal	1	215100000	215199999	0.0030708492267876863
Senegal	1	215200000	215299999	0.0040437751449644566
Senegal	1	215300000	215399999	0.003859348129481077
Senegal	1	215400000	215499999	0.00453155068680644
Senegal	1	215500000	215599999	0.00371487345546484
Senegal	1	215600000	215699999	0.00453155068680644
Senegal	1	215700000	215799999	0.003240793477743864
Senegal	1	215800000	215899999	0.003363983007147908
Senegal	1	215900000	215999999	0.0038785464130342007
Senegal	1	216000000	216099999	0.003241738071665168
Senegal	1	216100000	216199999	0.004166023340076208
Senegal	1	216200000	216299999	0.0035472786985337734
Senegal	1	216300000	216399999	0.003852954600006342
Senegal	1	216400000	216499999	0.004034065175801516
Senegal	1	216500000	216599999	0.00431021535769105
Senegal	1	216600000	216699999	0.0035818303003907204
Senegal	1	216700000	216799999	0.00352360843680799
Senegal	1	216800000	216899999	0.003752232063561678
Senegal	1	216900000	216999999	0.0039179702289402485
Senegal	1	217000000	217099999	0.00398891931399703
Senegal	1	217100000	217199999	0.00453155068680644
Senegal	1	217200000	217299999	0.0033959830179810524
Senegal	1	217300000	217399999	0.004539376124739647
Senegal	1	217400000	217499999	0.0044105623383075
Senegal	1	217500000	217599999	0.004095874726772308
Senegal	1	217600000	217699999	0.0045816535130143166
Senegal	1	217700000	217799999	0.0036991366650909185
Senegal	1	217800000	217899999	0.00398891931399703
Senegal	1	217900000	217999999	0.003363983007147908
Senegal	1	218000000	218099999	0.004004437010735273
Senegal	1	218100000	218199999	0.003935095854103565
Senegal	1	218200000	218299999	0.0038785464130342007
Senegal	1	218300000	218399999	0.004920438397675753
Senegal	1	218400000	218499999	0.004452862311154604
Senegal	1	218500000	218599999	0.0030708492267876863
Senegal	1	218600000	218699999	0.0044564236886799335
Senegal	1	218700000	218799999	0.003935956861823797
Senegal	1	218800000	218899999	0.003920366521924734
Senegal	1	218900000	218999999	0.004095874726772308
Senegal	1	219000000	219099999	0.004320885054767132
Senegal	1	219100000	219199999	0.004385765176266432
Senegal	1	219200000	219299999	0.0044676512479782104
Senegal	1	219300000	219399999	0.003802733263000846
Senegal	1	219400000	219499999	0.004136905074119568
Senegal	1	219500000	219599999	0.0047313193790614605
Senegal	1	219600000	219699999	0.004703247454017401
Senegal	1	219700000	219799999	0.005623857025057077
Senegal	1	219800000	219899999	0.004452862311154604
Senegal	1	219900000	219999999	0.004480286501348019
Senegal	1	220000000	220099999	0.004380397731438279
Senegal	1	220100000	220199999	0.0032894739415496588
Senegal	1	220200000	220299999	0.0037704508285969496
Senegal	1	220300000	220399999	0.004194227047264576
Senegal	1	220400000	220499999	0.004480285570025444
Senegal	1	220500000	220599999	0.004045919515192509
Senegal	1	220600000	220699999	0.0035472786985337734
Senegal	1	220700000	220799999	0.004577886313199997
Senegal	1	220800000	220899999	0.004007130395621061
Senegal	1	220900000	220999999	0.0035294354893267155
Senegal	1	221000000	221099999	0.004552132450044155
Senegal	1	221100000	221199999	0.003982326947152615
Senegal	1	221200000	221299999	0.0036897582467645407
Senegal	1	221300000	221399999	0.0032791034318506718
Senegal	1	221400000	221499999	0.0029843896627426147
Senegal	1	221500000	221599999	0.0036063448060303926
Senegal	1	221600000	221699999	0.0038972399197518826
Senegal	1	221700000	221799999	0.003240793477743864
Senegal	1	221800000	221899999	0.00398891931399703
Senegal	1	221900000	221999999	0.0032894739415496588
Senegal	1	222000000	222099999	0.002789825666695833
Senegal	1	222100000	222199999	0.00398891931399703
Senegal	1	222200000	222299999	0.003277246141806245
Senegal	1	222300000	222399999	0.0033984968904405832
Senegal	1	222400000	222499999	0.0029946763534098864
Senegal	1	222500000	222599999	0.003802733263000846
Senegal	1	222600000	222699999	0.004613704048097134
Senegal	1	222700000	222799999	0.0037414964754134417
Senegal	1	222800000	222899999	0.0035472786985337734
Senegal	1	222900000	222999999	0.003464336972683668
Senegal	1	223000000	223099999	0.0038785464130342007
Senegal	1	223100000	223199999	0.0034618154168128967
Senegal	1	223200000	223299999	0.003776613622903824
Senegal	1	223300000	223399999	0.004091274458914995
Senegal	1	223400000	223499999	0.003961008507758379
Senegal	1	223500000	223599999	0.004436989314854145
Senegal	1	223600000	223699999	0.0037411062512546778
Senegal	1	223700000	223799999	0.004043669905513525
Senegal	1	223800000	223899999	0.0036747681442648172
Senegal	1	223900000	223999999	0.002692998154088855
Senegal	1	224000000	224099999	0.004134859889745712
Senegal	1	224100000	224199999	0.0032780172768980265
Senegal	1	224200000	224299999	0.0039918310940265656
Senegal	1	224300000	224399999	0.0035236079711467028
Senegal	1	224400000	224499999	0.00388102768920362
Senegal	1	224500000	224599999	0.004272838588804007
Senegal	1	224600000	224699999	0.0037148743867874146
Senegal	1	224700000	224799999	0.0037414964754134417
Senegal	1	224800000	224899999	0.003843588288873434
Senegal	1	224900000	224999999	0.00385934766381979
Senegal	1	225000000	225099999	0.0035674963146448135
Senegal	1	225100000	225199999	0.004480286501348019
Senegal	1	225200000	225299999	0.004226593300700188
Senegal	1	225300000	225399999	0.005043203476816416
Senegal	1	225400000	225499999	0.0032508999574929476
Senegal	1	225500000	225599999	0.004272838588804007
Senegal	1	225600000	225699999	0.0032508999574929476
Senegal	1	225700000	225799999	0.0040885042399168015
Senegal	1	225800000	225899999	0.004926108755171299
Senegal	1	225900000	225999999	0.0034666669089347124
Senegal	1	226000000	226099999	0.003897154936566949
Senegal	1	226100000	226199999	0.0035236079711467028
Senegal	1	226200000	226299999	0.003363983007147908
Senegal	1	226300000	226399999	0.004422440426424146
Senegal	1	226400000	226499999	0.0036061371210962534
Senegal	1	226500000	226599999	0.003363983007147908
Senegal	1	226600000	226699999	0.0038785464130342007
Senegal	1	226700000	226799999	0.0038785464130342007
Senegal	1	226800000	226899999	0.003802733263000846
Senegal	1	226900000	226999999	0.0050902580842375755
Senegal	1	227000000	227099999	0.004544134251773357
Senegal	1	227100000	227199999	0.0043967594392597675
Senegal	1	227200000	227299999	0.004627780988812447
Senegal	1	227300000	227399999	0.0050152631010860205
Senegal	1	227400000	227499999	0.004683753941208124
Senegal	1	227500000	227599999	0.005114359315484762
Senegal	1	227600000	227699999	0.004127493593841791
Senegal	1	227700000	227799999	0.004587935749441385
Senegal	1	227800000	227899999	0.0042253523133695126
Senegal	1	227900000	227999999	0.004703247454017401
Senegal	1	228000000	228099999	0.003859348129481077
Senegal	1	228100000	228199999	0.004171405918896198
Senegal	1	228200000	228299999	0.00453155068680644
Senegal	1	228300000	228399999	0.004233234561979771
Senegal	1	228400000	228499999	0.0031074509024620056
Senegal	1	228500000	228599999	0.0029843896627426147
Senegal	1	228600000	228699999	0.0038803566712886095
Senegal	1	228700000	228799999	0.00453155068680644
Senegal	1	228800000	228899999	0.003685615723952651
Senegal	1	228900000	228999999	0.0032894739415496588
Senegal	1	229000000	229099999	0.004202356794849038
Senegal	1	229100000	229199999	0.004127493593841791
Senegal	1	229200000	229299999	0.0041859811171889305
Senegal	1	229300000	229399999	0.0036564464680850506
Senegal	1	229400000	229499999	0.004177375230938196
Senegal	1	229500000	229599999	0.0036214127903804183
Senegal	1	229600000	229699999	0.004680480808019638
Senegal	1	229700000	229799999	0.0041859811171889305
Senegal	1	229800000	229899999	0.0038785464130342007
Senegal	1	229900000	229999999	0.0043274275958538055
Senegal	1	230000000	230099999	0.004755133762955666
Senegal	1	230100000	230199999	0.004288033582270145
Senegal	1	230200000	230299999	0.0037431372329592705
Senegal	1	230300000	230399999	0.0043309652246534824
Senegal	1	230400000	230499999	0.00453155068680644
Senegal	1	230500000	230599999	0.0036682176869362593
Senegal	1	230600000	230699999	0.003897155402228236
Senegal	1	230700000	230799999	0.003598531475290656
Senegal	1	230800000	230899999	0.00406597089022398
Senegal	1	230900000	230999999	0.00453155068680644
Senegal	1	231000000	231099999	0.0038785464130342007
Senegal	1	231100000	231199999	0.002788448240607977
Senegal	1	231200000	231299999	0.0037240316160023212
Senegal	1	231300000	231399999	0.0050951093435287476
Senegal	1	231400000	231499999	0.0041364342905581
Senegal	1	231500000	231599999	0.004901225678622723
Senegal	1	231600000	231699999	0.004212652798742056
Senegal	1	231700000	231799999	0.004442594479769468
Senegal	1	231800000	231899999	0.0037414964754134417
Senegal	1	231900000	231999999	0.0037414964754134417
Senegal	1	232000000	232099999	0.0055600604973733425
Senegal	1	232100000	232199999	0.004171405918896198
Senegal	1	232200000	232299999	0.0030708492267876863
Senegal	1	232300000	232399999	0.0045136320404708385
Senegal	1	232400000	232499999	0.005440400447696447
Senegal	1	232500000	232599999	0.004531460348516703
Senegal	1	232600000	232699999	0.004226593300700188
Senegal	1	232700000	232799999	0.004490600898861885
Senegal	1	232800000	232899999	0.004386211279779673
Senegal	1	232900000	232999999	0.004242949187755585
Senegal	1	233000000	233099999	0.0032894739415496588
Senegal	1	233100000	233199999	0.004310453776270151
Senegal	1	233200000	233299999	0.004522263538092375
Senegal	1	233300000	233399999	0.0038785464130342007
Senegal	1	233400000	233499999	0.004192226100713015
Senegal	1	233500000	233599999	0.004336129873991013
Senegal	1	233600000	233699999	0.0044351303949952126
Senegal	1	233700000	233799999	0.00453155068680644
Senegal	1	233800000	233899999	0.004274996463209391
Senegal	1	233900000	233999999	0.0037566334940493107
Senegal	1	234000000	234099999	0.0031217520590871572
Senegal	1	234100000	234199999	0.0037210427690297365
Senegal	1	234200000	234299999	0.004034065175801516
Senegal	1	234300000	234399999	0.00398891931399703
Senegal	1	234400000	234499999	0.0038785464130342007
Senegal	1	234500000	234599999	0.0038338846061378717
Senegal	1	234600000	234699999	0.004127493593841791
Senegal	1	234700000	234799999	0.003687405027449131
Senegal	1	234800000	234899999	0.0038785464130342007
Senegal	1	234900000	234999999	0.00375191168859601
Senegal	1	235000000	235099999	0.003802733263000846
Senegal	1	235100000	235199999	0.004452862311154604
Senegal	1	235200000	235299999	0.004896034952253103
Senegal	1	235300000	235399999	0.003762560896575451
Senegal	1	235400000	235499999	0.0050317589193582535
Senegal	1	235500000	235599999	0.0038785464130342007
Senegal	1	235600000	235699999	0.004675704054534435
Senegal	1	235700000	235799999	0.004088832065463066
Senegal	1	235800000	235899999	0.004513632971793413
Senegal	1	235900000	235999999	0.004480286501348019
Senegal	1	236000000	236099999	0.003802733263000846
Senegal	1	236100000	236199999	0.004522263538092375
Senegal	1	236200000	236299999	0.0031900425674393773
Senegal	1	236300000	236399999	0.004063720349222422
Senegal	1	236400000	236499999	0.0036564464680850506
Senegal	1	236500000	236599999	0.002604449400678277
Senegal	1	236600000	236699999	0.003843588288873434
Senegal	1	236700000	236799999	0.004071506671607494
Senegal	1	236800000	236899999	0.004616457503288984
Senegal	1	236900000	236999999	0.003614448243752122
Senegal	1	237000000	237099999	0.003947650082409382
Senegal	1	237100000	237199999	0.0038785464130342007
Senegal	1	237200000	237299999	0.0038785464130342007
Senegal	1	237300000	237399999	0.003489875700324774
Senegal	1	237400000	237499999	0.004180055111646652
Senegal	1	237500000	237599999	0.004893643548712134
Senegal	1	237600000	237699999	0.0050951093435287476
Senegal	1	237700000	237799999	0.0037334884982556105
Senegal	1	237800000	237899999	0.0042509459890425205
Senegal	1	237900000	237999999	0.004395361756905913
Senegal	1	238000000	238099999	0.003082575974985957
Senegal	1	238100000	238199999	0.0031074509024620056
Senegal	1	238200000	238299999	0.0038239355199038982
Senegal	1	238300000	238399999	0.0037414964754134417
Senegal	1	238400000	238499999	0.0037414964754134417
Senegal	1	238500000	238599999	0.004616457503288984
Senegal	1	238600000	238699999	0.003843588288873434
Senegal	1	238700000	238799999	0.0036674444563686848
Senegal	1	238800000	238899999	0.00417000986635685
Senegal	1	238900000	238999999	0.004452862311154604
Senegal	1	239000000	239099999	0.004225642886012793
Senegal	1	239100000	239199999	0.0041859811171889305
Senegal	1	239200000	239299999	0.004703247454017401
Senegal	1	239300000	239399999	0.004151531029492617
Senegal	1	239400000	239499999	0.004381160251796246
Senegal	1	239500000	239599999	0.004431180655956268
Senegal	1	239600000	239699999	0.0045647877268493176
Senegal	1	239700000	239799999	0.004284951835870743
Senegal	1	239800000	239899999	0.0036001813132315874
Senegal	1	239900000	239999999	0.00569188455119729
Senegal	1	240000000	240099999	0.004658921388909221
Senegal	1	240100000	240199999	0.004882786422967911
Senegal	1	240200000	240299999	0.004381160251796246
Senegal	1	240300000	240399999	0.004644697532057762
Senegal	1	240400000	240499999	0.00398891931399703
Senegal	1	240500000	240599999	0.003792016301304102
Senegal	1	240600000	240699999	0.006249458994716406
Senegal	1	240700000	240799999	0.004272838588804007
Senegal	1	240800000	240899999	0.004634357988834381
Senegal	1	240900000	240999999	0.004480286501348019
Senegal	1	241000000	241099999	0.00398891931399703
Senegal	1	241100000	241199999	0.003843589685857296
Senegal	1	241200000	241299999	0.0047336299903690815
Senegal	1	241300000	241399999	0.004431180655956268
Senegal	1	241400000	241499999	0.0044479831121861935
Senegal	1	241500000	241599999	0.003901948221027851
Senegal	1	241600000	241699999	0.0035472786985337734
Senegal	1	241700000	241799999	0.0050832428969442844
Senegal	1	241800000	241899999	0.003963724244385958
Senegal	1	241900000	241999999	0.004034065175801516
Senegal	1	242000000	242099999	0.0032508999574929476
Senegal	1	242100000	242199999	0.0027126739732921124
Senegal	1	242200000	242299999	0.0018823528662323952
Senegal	1	242300000	242399999	0.004430191125720739
Senegal	1	242400000	242499999	0.004680480808019638
Senegal	1	242500000	242599999	0.004637680947780609
Senegal	1	242600000	242699999	0.004276428837329149
Senegal	1	242700000	242799999	0.0038491918239742517
Senegal	1	242800000	242899999	0.0041859811171889305
Senegal	1	242900000	242999999	0.004480286501348019
Senegal	1	243000000	243099999	0.005374222993850708
Senegal	1	243100000	243199999	0.0040113660506904125
Senegal	1	243200000	243299999	0.0038844465743750334
Senegal	1	243300000	243399999	0.003717089304700494
Senegal	1	243400000	243499999	0.004847930744290352
Senegal	1	243500000	243599999	0.0037516558077186346
Senegal	1	243600000	243699999	0.0033420349936932325
Senegal	1	243700000	243799999	0.004680955782532692
Senegal	1	243800000	243899999	0.0042494130320847034
Senegal	1	243900000	243999999	0.003452317090705037
Senegal	1	244000000	244099999	0.004926108755171299
Senegal	1	244100000	244199999	0.004480286501348019
Senegal	1	244200000	244299999	0.004480286501348019
Senegal	1	244300000	244399999	0.00349065032787621
Senegal	1	244400000	244499999	0.0037459488958120346
Senegal	1	244500000	244599999	0.004213815089315176
Senegal	1	244600000	244699999	0.0038785464130342007
Senegal	1	244700000	244799999	0.003853140166029334
Senegal	1	244800000	244899999	0.003363983007147908
Senegal	1	244900000	244999999	0.0035294354893267155
Senegal	1	245000000	245099999	0.003586000297218561
Senegal	1	245100000	245199999	0.003363983007147908
Senegal	1	245200000	245299999	0.0030708492267876863
Senegal	1	245300000	245399999	0.003877946874126792
Senegal	1	245400000	245499999	0.0035472786985337734
Senegal	1	245500000	245599999	0.0031090264674276114
Senegal	1	245600000	245699999	0.0034666669089347124
Senegal	1	245700000	245799999	0.004070863593369722
Senegal	1	245800000	245899999	0.003859348129481077
Senegal	1	245900000	245999999	0.003822686616331339
Senegal	1	246000000	246099999	0.0032894739415496588
Senegal	1	246100000	246199999	0.004034065175801516
Senegal	1	246200000	246299999	0.004242508439347148
Senegal	1	246300000	246399999	0.004059621598571539
Senegal	1	246400000	246499999	0.004021357279270887
Senegal	1	246500000	246599999	0.0038785464130342007
Senegal	1	246600000	246699999	0.003063308075070381
Senegal	1	246700000	246799999	0.0035472786985337734
Senegal	1	246800000	246899999	0.0033728214912116528
Senegal	1	246900000	246999999	0.003363983007147908
Senegal	1	247000000	247099999	0.0040113660506904125
Senegal	1	247100000	247199999	0.0038785464130342007
Senegal	1	247200000	247299999	0.0028212436009198427
Senegal	1	247300000	247399999	0.0035818303003907204
Senegal	1	247400000	247499999	0.0033747991546988487
Senegal	1	247500000	247599999	0.0034320035483688116
Senegal	1	247600000	247699999	0.003805755637586117
Senegal	1	247700000	247799999	0.003969206474721432
Senegal	1	247800000	247899999	0.003499699058011174
Senegal	1	247900000	247999999	0.0037459488958120346
Senegal	1	248000000	248099999	0.004284951835870743
Senegal	1	248100000	248199999	0.00398891931399703
Senegal	1	248200000	248299999	0.004034065175801516
Senegal	1	248300000	248399999	0.003843588288873434
Senegal	1	248400000	248499999	0.0030298971105366945
Senegal	1	248500000	248599999	0.0037334884982556105
Senegal	1	248600000	248699999	0.004420342855155468
Senegal	1	248700000	248799999	0.004272838588804007
Senegal	1	248800000	248899999	0.003436244325712323
Senegal	1	248900000	248999999	0.00398891931399703
Senegal	1	249000000	249099999	0.004381160251796246
Senegal	1	249100000	249199999	0.004703247454017401
Senegal	1	249200000	249299999	0.004156372509896755
Senegal	1	249300000	249399999	0.0037414964754134417
Senegal	1	249400000	249499999	0.003859348129481077
Senegal	1	249500000	249599999	0.004034065175801516
Senegal	1	249600000	249699999	0.004452862311154604
Senegal	1	249700000	249799999	0.0037414964754134417
Senegal	1	249800000	249899999	0.003972968552261591
Senegal	1	249900000	249999999	0.0041778055019676685
Senegal	1	250000000	250099999	0.0034359097480773926
Senegal	1	250100000	250199999	0.0032508999574929476
Senegal	1	250200000	250299999	0.004871736746281385
Senegal	1	250300000	250399999	0.0036532259546220303
Senegal	1	250400000	250499999	0.003504398511722684
Senegal	1	250500000	250599999	0.0038493569009006023
Senegal	1	250600000	250699999	0.0041859811171889305
Senegal	1	250700000	250799999	0.004127493593841791
Senegal	1	250800000	250899999	0.004034065175801516
Senegal	1	250900000	250999999	0.0037414964754134417
Senegal	1	251000000	251099999	0.0041364342905581
Senegal	1	251100000	251199999	0.004442593548446894
Senegal	1	251200000	251299999	0.0038546635769307613
Senegal	1	251300000	251399999	0.003657618071883917
Senegal	1	251400000	251499999	0.004137712996453047
Senegal	1	251500000	251599999	0.0035294354893267155
Senegal	1	251600000	251699999	0.0050951093435287476
Senegal	1	251700000	251799999	0.004680955782532692
Senegal	1	251800000	251899999	0.004127493593841791
Senegal	1	251900000	251999999	0.003771198447793722
Senegal	1	252000000	252099999	0.004658969584852457
Senegal	1	252100000	252199999	0.0046471282839775085
Senegal	1	252200000	252299999	0.005432896316051483
Senegal	1	252300000	252399999	0.0038509236183017492
Senegal	1	252400000	252499999	0.0044661457650363445
Senegal	1	252500000	252599999	0.004661289043724537
Senegal	1	252600000	252699999	0.004538209643214941
Senegal	1	252700000	252799999	0.0041364342905581
Senegal	1	252800000	252899999	0.0050400905311107635
Senegal	1	252900000	252999999	0.006759663112461567
Senegal	1	253000000	253099999	0.003989376127719879
Senegal	1	253100000	253199999	0.004381162114441395
Senegal	1	253200000	253299999	0.0041859811171889305
Senegal	1	253300000	253399999	0.004368784837424755
Senegal	1	253400000	253499999	0.0037414964754134417
Senegal	1	253500000	253599999	0.004143709782510996
Senegal	1	253600000	253699999	0.004680955782532692
Senegal	1	253700000	253799999	0.005303028970956802
Senegal	1	253800000	253899999	0.00396372377872467
Senegal	1	253900000	253999999	0.004637681879103184
Senegal	1	254000000	254099999	0.004460351541638374
Senegal	1	254100000	254199999	0.0037414964754134417
Senegal	1	254200000	254299999	0.003591925138607621
Senegal	1	254300000	254399999	0.00433892197906971
Senegal	1	254400000	254499999	0.0036327822599560022
Senegal	1	254500000	254599999	0.004678260535001755
Senegal	1	254600000	254699999	0.004703247454017401
Senegal	1	254700000	254799999	0.004675704054534435
Senegal	1	254800000	254899999	0.003590345848351717
Senegal	1	254900000	254999999	0.003757632337510586
Senegal	1	255000000	255099999	0.004249532241374254
Senegal	1	255100000	255199999	0.00433892197906971
Senegal	1	255200000	255299999	0.003586000297218561
Senegal	1	255300000	255399999	0.003928800113499165
Senegal	1	255400000	255499999	0.004127493593841791
Senegal	1	255500000	255599999	0.0035209977068006992
Senegal	1	255600000	255699999	0.0035985310096293688
Senegal	1	255700000	255799999	0.003708373289555311
Senegal	1	255800000	255899999	0.0035472786985337734
Senegal	1	255900000	255999999	0.003629869199357927
Senegal	1	256000000	256099999	0.0036327822599560022
Senegal	1	256100000	256199999	0.0037414964754134417
Senegal	1	256200000	256299999	0.0038785464130342007
Senegal	1	256300000	256399999	0.003989376127719879
Senegal	1	256400000	256499999	0.0035294354893267155
Senegal	1	256500000	256599999	0.0035472786985337734
Senegal	1	256600000	256699999	0.003949148580431938
Senegal	1	256700000	256799999	0.0032894739415496588
Senegal	1	256800000	256899999	0.0033109583891928196
Senegal	1	256900000	256999999	0.003363983007147908
Senegal	1	257000000	257099999	0.0034666669089347124
Senegal	1	257100000	257199999	0.003854132257401943
Senegal	1	257200000	257299999	0.0041859811171889305
Senegal	1	257300000	257399999	0.004444540478289127
Senegal	1	257400000	257499999	0.005423147697001696
Senegal	1	257500000	257599999	0.004002007190138102
Senegal	1	257600000	257699999	0.003639036905951798
Senegal	1	257700000	257799999	0.0037325862795114517
Senegal	1	257800000	257899999	0.004028229974210262
Senegal	1	257900000	257999999	0.003852333640679717
Senegal	1	258000000	258099999	0.0039058690890669823
Senegal	1	258100000	258199999	0.004776776302605867
Senegal	1	258200000	258299999	0.0040113660506904125
Senegal	1	258300000	258399999	0.004694470204412937
Senegal	1	258400000	258499999	0.005460606422275305
Senegal	1	258500000	258599999	0.0039924937300384045
Senegal	1	258600000	258699999	0.003770938143134117
Senegal	1	258700000	258799999	0.004288839641958475
Senegal	1	258800000	258899999	0.004106145352125168
Senegal	1	258900000	258999999	0.0035472786985337734
Senegal	1	259000000	259099999	0.004034065175801516
Senegal	1	259100000	259199999	0.005409745033830404
Senegal	1	259200000	259299999	0.00398891931399703
Senegal	1	259300000	259399999	0.004741795361042023
Senegal	1	259400000	259499999	0.004095874726772308
Senegal	1	259500000	259599999	0.004442593548446894
Senegal	1	259600000	259699999	0.0037323376163840294
Senegal	1	259700000	259799999	0.004249533172696829
Senegal	1	259800000	259899999	0.004415574017912149
Senegal	1	259900000	259999999	0.0035057389177381992
Senegal	1	260000000	260099999	0.0034155601169914007
Senegal	1	260100000	260199999	0.003373510902747512
Senegal	1	260200000	260299999	0.0032531784381717443
Senegal	1	260300000	260399999	0.00396948354318738
Senegal	1	260400000	260499999	0.003858659416437149
Senegal	1	260500000	260599999	0.0035826200619339943
Senegal	1	260600000	260699999	0.0035262377932667732
Senegal	1	260700000	260799999	0.0038210523780435324
Senegal	1	260800000	260899999	0.0037414964754134417
Senegal	1	260900000	260999999	0.00375191168859601
Senegal	1	261000000	261099999	0.003858087584376335
Senegal	1	261100000	261199999	0.0038785464130342007
Senegal	1	261200000	261299999	0.004338487051427364
Senegal	1	261300000	261399999	0.004522263538092375
Senegal	1	261400000	261499999	0.003969206474721432
Senegal	1	261500000	261599999	0.0038785464130342007
Senegal	1	261600000	261699999	0.003671510494314134
Senegal	1	261700000	261799999	0.0038785464130342007
Senegal	1	261800000	261899999	0.003585002152249217
Senegal	1	261900000	261999999	0.003717089304700494
Senegal	1	262000000	262099999	0.004242949187755585
Senegal	1	262100000	262199999	0.003705172333866358
Senegal	1	262200000	262299999	0.004028229974210262
Senegal	1	262300000	262399999	0.0035209977068006992
Senegal	1	262400000	262499999	0.0035236079711467028
Senegal	1	262500000	262599999	0.0038491887971758842
Senegal	1	262600000	262699999	0.004034065175801516
Senegal	1	262700000	262799999	0.004274996463209391
Senegal	1	262800000	262899999	0.00359269417822361
Senegal	1	262900000	262999999	0.0030708492267876863
Senegal	1	263000000	263099999	0.0033281745854765177
Senegal	1	263100000	263199999	0.004532373044639826
Senegal	1	263200000	263299999	0.0038565811701118946
Senegal	1	263300000	263399999	0.003843588288873434
Senegal	1	263400000	263499999	0.004272838588804007
Senegal	1	263500000	263599999	0.0032894739415496588
Senegal	1	263600000	263699999	0.004038115963339806
Senegal	1	263700000	263799999	0.0037920167669653893
Senegal	1	263800000	263899999	0.0045142145827412605
Senegal	1	263900000	263999999	0.005711447913199663
Senegal	1	264000000	264099999	0.004721560515463352
Senegal	1	264100000	264199999	0.0036486475728452206
Senegal	1	264200000	264299999	0.004680955782532692
Senegal	1	264300000	264399999	0.004642183426767588
Senegal	1	264400000	264499999	0.004337538965046406
Senegal	1	264500000	264599999	0.005444211885333061
Senegal	1	264600000	264699999	0.004381162114441395
Senegal	1	264700000	264799999	0.004476358648389578
Senegal	1	264800000	264899999	0.004452862311154604
Senegal	1	264900000	264999999	0.005051258485764265
Senegal	1	265000000	265099999	0.0039924937300384045
Senegal	1	265100000	265199999	0.003708373289555311
Senegal	1	265200000	265299999	0.004864368587732315
Senegal	1	265300000	265399999	0.00437257532030344
Senegal	1	265400000	265499999	0.004662578925490379
Senegal	1	265500000	265599999	0.0035472786985337734
Senegal	1	265600000	265699999	0.004988153465092182
Senegal	1	265700000	265799999	0.003576630726456642
Senegal	1	265800000	265899999	0.00420465599745512
Senegal	1	265900000	265999999	0.00406597089022398
Senegal	1	266000000	266099999	0.0038785464130342007
Senegal	1	266100000	266199999	0.00295200664550066
Senegal	1	266200000	266299999	0.003614729968830943
Senegal	1	266300000	266399999	0.0033051513601094484
Senegal	1	266400000	266499999	0.003358507063239813
Senegal	1	266500000	266599999	0.0029843896627426147
Senegal	1	266600000	266699999	0.004194006556645036
Senegal	1	266700000	266799999	0.0034801631700247526
Senegal	1	266800000	266899999	0.004395270720124245
Senegal	1	266900000	266999999	0.004127493593841791
Senegal	1	267000000	267099999	0.004522263538092375
Senegal	1	267100000	267199999	0.00352360843680799
Senegal	1	267200000	267299999	0.0045018254313617945
Senegal	1	267300000	267399999	0.003675402607768774
Senegal	1	267400000	267499999	0.003928800113499165
Senegal	1	267500000	267599999	0.0030708492267876863
Senegal	1	267600000	267699999	0.0042489622719585896
Senegal	1	267700000	267799999	0.003845465136691928
Senegal	1	267800000	267899999	0.004193536937236786
Senegal	1	267900000	267999999	0.0029843896627426147
Senegal	1	268000000	268099999	0.0035818303003907204
Senegal	1	268100000	268199999	0.004703247454017401
Senegal	1	268200000	268299999	0.003350394545122981
Senegal	1	268300000	268399999	0.004702217411249876
Senegal	1	268400000	268499999	0.004876591265201569
Senegal	1	268500000	268599999	0.004480286501348019
Senegal	1	268600000	268699999	0.004796977853402495
Senegal	1	268700000	268799999	0.004034065175801516
Senegal	1	268800000	268899999	0.003843588288873434
Senegal	1	268900000	268999999	0.004272838588804007
Senegal	1	269000000	269099999	0.004021854139864445
Senegal	1	269100000	269199999	0.004272838588804007
Senegal	1	269200000	269299999	0.002789825666695833
Senegal	1	269300000	269399999	0.004452862311154604
Senegal	1	269400000	269499999	0.0039035119116306305
Senegal	1	269500000	269599999	0.0037414964754134417
Senegal	1	269600000	269699999	0.004177378956228495
Senegal	1	269700000	269799999	0.003443160792812705
Senegal	1	269800000	269899999	0.0036878495011478662
Senegal	1	269900000	269999999	0.0035655968822538853
Senegal	1	270000000	270099999	0.0035818303003907204
Senegal	1	270100000	270199999	0.004813824314624071
Senegal	1	270200000	270299999	0.00398891931399703
Senegal	1	270300000	270399999	0.004675704054534435
Senegal	1	270400000	270499999	0.004940353333950043
Senegal	1	270500000	270599999	0.0035879905335605145
Senegal	1	270600000	270699999	0.0032894739415496588
Senegal	1	270700000	270799999	0.003464882494881749
Senegal	1	270800000	270899999	0.0035117061343044043
Senegal	1	270900000	270999999	0.003912417683750391
Senegal	1	271000000	271099999	0.003835616633296013
Senegal	1	271100000	271199999	0.003675048938021064
Senegal	1	271200000	271299999	0.0034681232646107674
Senegal	1	271300000	271399999	0.0029487181454896927
Senegal	1	271400000	271499999	0.003998300060629845
Senegal	1	271500000	271599999	0.003998539876192808
Senegal	1	271600000	271699999	0.0034666669089347124
Senegal	1	271700000	271799999	0.0035294354893267155
Senegal	1	271800000	271899999	0.0039924937300384045
Senegal	1	271900000	271999999	0.003046551253646612
Senegal	1	272000000	272099999	0.004456480499356985
Senegal	1	272100000	272199999	0.0029027799610048532
Senegal	1	272200000	272299999	0.0031024261843413115
Senegal	1	272300000	272399999	0.0029675387777388096
Senegal	1	272400000	272499999	0.0035472786985337734
Senegal	1	272500000	272599999	0.0036671869456768036
Senegal	1	272600000	272699999	0.0034118799958378077
Senegal	1	272700000	272799999	0.0035400085616856813
Senegal	1	272800000	272899999	0.0032508999574929476
Senegal	1	272900000	272999999	0.0029821291100233793
Senegal	1	273000000	273099999	0.0035400085616856813
Senegal	1	273100000	273199999	0.004308586474508047
Senegal	1	273200000	273299999	0.0036808005534112453
Senegal	1	273300000	273399999	0.0035236079711467028
Senegal	1	273400000	273499999	0.004288905765861273
Senegal	1	273500000	273599999	0.003586000297218561
Senegal	1	273600000	273699999	0.0041039567440748215
Senegal	1	273700000	273799999	0.0037210427690297365
Senegal	1	273800000	273899999	0.0042609102092683315
Senegal	1	273900000	273999999	0.0032698018476366997
Senegal	1	274000000	274099999	0.002931812545284629
Senegal	1	274100000	274199999	0.0032791034318506718
Senegal	1	274200000	274299999	0.0036394500639289618
Senegal	1	274300000	274399999	0.0040113660506904125
Senegal	1	274400000	274499999	0.0044351303949952126
Senegal	1	274500000	274599999	0.0029843896627426147
Senegal	1	274600000	274699999	0.0035236079711467028
Senegal	1	274700000	274799999	0.004143709782510996
Senegal	1	274800000	274899999	0.003698798594996333
Senegal	1	274900000	274999999	0.003848655498586595
Senegal	1	275000000	275099999	0.00352360843680799
Senegal	1	275100000	275199999	0.002633311552926898
Senegal	1	275200000	275299999	0.0034822982270270586
Senegal	1	275300000	275399999	0.003664121264591813
Senegal	1	275400000	275499999	0.003361097304150462
Senegal	1	275500000	275599999	0.0029946763534098864
Senegal	1	275600000	275699999	0.0032605407759547234
Senegal	1	275700000	275799999	0.003511535353027284
Senegal	1	275800000	275899999	0.0035818303003907204
Senegal	1	275900000	275999999	0.0032894739415496588
Senegal	1	276000000	276099999	0.003590651787817478
Senegal	1	276100000	276199999	0.00392760057002306
Senegal	1	276200000	276299999	0.003888451145030558
Senegal	1	276300000	276399999	0.004901225678622723
Senegal	1	276400000	276499999	0.0044445921666920185
Senegal	1	276500000	276599999	0.003141053719446063
Senegal	1	276600000	276699999	0.0034486062359064817
Senegal	1	276700000	276799999	0.004030686337500811
Senegal	1	276800000	276899999	0.004034065175801516
Senegal	1	276900000	276999999	0.0038785464130342007
Senegal	1	277000000	277099999	0.0037488997913897038
Senegal	1	277100000	277199999	0.0036982661113142967
Senegal	1	277200000	277299999	0.004052693489938974
Senegal	1	277300000	277399999	0.003300303127616644
Senegal	1	277400000	277499999	0.003680040128529072
Senegal	1	277500000	277599999	0.0030913532245904207
Senegal	1	277600000	277699999	0.0031074509024620056
Senegal	1	277700000	277799999	0.003456112230196595
Senegal	1	277800000	277899999	0.00358129246160388
Senegal	1	277900000	277999999	0.0036171842366456985
Senegal	1	278000000	278099999	0.0026503007393330336
Senegal	1	278100000	278199999	0.004200148396193981
Senegal	1	278200000	278299999	0.003928800113499165
Senegal	1	278300000	278399999	0.0039281584322452545
Senegal	1	278400000	278499999	0.0033109583891928196
Senegal	1	278500000	278599999	0.00328301009722054
Senegal	1	278600000	278699999	0.0037414964754134417
Senegal	1	278700000	278799999	0.0035472786985337734
Senegal	1	278800000	278899999	0.003619777737185359
Senegal	1	278900000	278999999	0.003929042723029852
Senegal	1	279000000	279099999	0.004431180655956268
Senegal	1	279100000	279199999	0.0032508999574929476
Senegal	1	279200000	279299999	0.0031849639490246773
Senegal	1	279300000	279399999	0.003935583867132664
Senegal	1	279400000	279499999	0.003982326947152615
Senegal	1	279500000	279599999	0.003929405938833952
Senegal	1	279600000	279699999	0.003672488732263446
Senegal	1	279700000	279799999	0.0036674444563686848
Senegal	1	279800000	279899999	0.003925384022295475
Senegal	1	279900000	279999999	0.003238540841266513
Senegal	1	280000000	280099999	0.004104432184249163
Senegal	1	280100000	280199999	0.004003571346402168
Senegal	1	280200000	280299999	0.004242949187755585
Senegal	1	280300000	280399999	0.004636230878531933
Senegal	1	280400000	280499999	0.003852954600006342
Senegal	1	280500000	280599999	0.0031074509024620056
Senegal	1	280600000	280699999	0.004151530098170042
Senegal	1	280700000	280799999	0.00453155068680644
Senegal	1	280800000	280899999	0.004604262765496969
Senegal	1	280900000	280999999	0.003218222176656127
Senegal	1	281000000	281099999	0.0033386361319571733
Senegal	1	281100000	281199999	0.0035209977068006992
Senegal	1	281200000	281299999	0.0033975369296967983
Senegal	1	281300000	281399999	0.0032254608813673258
Senegal	1	281400000	281499999	0.002945187035948038
Senegal	1	281500000	281599999	0.003999496344476938
Senegal	1	281600000	281699999	0.0036911743227392435
Senegal	1	281700000	281799999	0.004744057077914476
Senegal	1	281800000	281899999	0.0033123204484581947
Senegal	1	281900000	281999999	0.0032508999574929476
Senegal	1	282000000	282099999	0.003884383011609316
Senegal	1	282100000	282199999	0.003373016952537
Senegal	1	282200000	282299999	0.003240793477743864
Senegal	1	282300000	282399999	0.002962292404845357
Senegal	1	282400000	282499999	0.0035472786985337734
Senegal	1	282500000	282599999	0.003672488732263446
Senegal	1	282600000	282699999	0.00352360843680799
Senegal	1	282700000	282799999	0.002761842915788293
Senegal	1	282800000	282899999	0.0034359097480773926
Senegal	1	282900000	282999999	0.0038210523780435324
Senegal	1	283000000	283099999	0.0031168826390057802
Senegal	1	283100000	283199999	0.0036067755427211523
Senegal	1	283200000	283299999	0.003926343750208616
Senegal	1	283300000	283399999	0.003138289088383317
Senegal	1	283400000	283499999	0.0035472786985337734
Senegal	1	283500000	283599999	0.003573628142476082
Senegal	1	283600000	283699999	0.002931812545284629
Senegal	1	283700000	283799999	0.00352360843680799
Senegal	1	283800000	283899999	0.004013707861304283
Senegal	1	283900000	283999999	0.00438256561756134
Senegal	1	284000000	284099999	0.00366775318980217
Senegal	1	284100000	284199999	0.004028229974210262
Senegal	1	284200000	284299999	0.0032508999574929476
Senegal	1	284300000	284399999	0.0037281548138707876
Senegal	1	284400000	284499999	0.004127493593841791
Senegal	1	284500000	284599999	0.0038868323899805546
Senegal	1	284600000	284699999	0.0033410440664738417
Senegal	1	284700000	284799999	0.003461815882474184
Senegal	1	284800000	284899999	0.003920366521924734
Senegal	1	284900000	284999999	0.0031217520590871572
Senegal	1	285000000	285099999	0.003705879207700491
Senegal	1	285100000	285199999	0.003717089304700494
Senegal	1	285200000	285299999	0.003120223293080926
Senegal	1	285300000	285399999	0.0042259772308170795
Senegal	1	285400000	285499999	0.004188487306237221
Senegal	1	285500000	285599999	0.0038546635769307613
Senegal	1	285600000	285699999	0.0033572467509657145
Senegal	1	285700000	285799999	0.004577886313199997
Senegal	1	285800000	285899999	0.003828423097729683
Senegal	1	285900000	285999999	0.004080059006810188
Senegal	1	286000000	286099999	0.004616457503288984
Senegal	1	286100000	286199999	0.004034065175801516
Senegal	1	286200000	286299999	0.0036327822599560022
Senegal	1	286300000	286399999	0.004284951835870743
Senegal	1	286400000	286499999	0.003859348129481077
Senegal	1	286500000	286599999	0.0032894734758883715
Senegal	1	286600000	286699999	0.003648648504167795
Senegal	1	286700000	286799999	0.0037414964754134417
Senegal	1	286800000	286899999	0.0050064194947481155
Senegal	1	286900000	286999999	0.00456433929502964
Senegal	1	287000000	287099999	0.0049329521134495735
Senegal	1	287100000	287199999	0.004035147372633219
Senegal	1	287200000	287299999	0.003805755637586117
Senegal	1	287300000	287399999	0.004034065175801516
Senegal	1	287400000	287499999	0.0032894734758883715
Senegal	1	287500000	287599999	0.0033281745854765177
Senegal	1	287600000	287699999	0.0038146162405610085
Senegal	1	287700000	287799999	0.004680955782532692
Senegal	1	287800000	287899999	0.00370236043818295
Senegal	1	287900000	287999999	0.0032894739415496588
Senegal	1	288000000	288099999	0.0037473454140126705
Senegal	1	288100000	288199999	0.0039586955681443214
Senegal	1	288200000	288299999	0.004508028505370021
Senegal	1	288300000	288399999	0.004703247454017401
Senegal	1	288400000	288499999	0.00518516032025218
Senegal	1	288500000	288599999	0.003378665540367365
Senegal	1	288600000	288699999	0.004388900939375162
Senegal	1	288700000	288799999	0.003314500441774726
Senegal	1	288800000	288899999	0.0032291298266500235
Senegal	1	288900000	288999999	0.003801599028520286
Senegal	1	289000000	289099999	0.0030708492267876863
Senegal	1	289100000	289199999	0.0041364342905581
Senegal	1	289200000	289299999	0.0035794044379144907
Senegal	1	289300000	289399999	0.004090433940291405
Senegal	1	289400000	289499999	0.004250671016052365
Senegal	1	289500000	289599999	0.0032894739415496588
Senegal	1	289600000	289699999	0.003935943823307753
Senegal	1	289700000	289799999	0.004232319537550211
Senegal	1	289800000	289899999	0.003746035974472761
Senegal	1	289900000	289999999	0.0037210427690297365
Senegal	1	290000000	290099999	0.0031978220213204622
Senegal	1	290100000	290199999	0.0041778055019676685
Senegal	1	290200000	290299999	0.005432936828583479
Senegal	1	290300000	290399999	0.003343604737892747
Senegal	1	290400000	290499999	0.004034065175801516
Senegal	1	290500000	290599999	0.0039586955681443214
Senegal	1	290600000	290699999	0.004034065175801516
Senegal	1	290700000	290799999	0.003505051601678133
Senegal	1	290800000	290899999	0.0037414964754134417
Senegal	1	290900000	290999999	0.0040113660506904125
Senegal	1	291000000	291099999	0.0037531915586441755
Senegal	1	291100000	291199999	0.005017115268856287
Senegal	1	291200000	291299999	0.0030372056644409895
Senegal	1	291300000	291399999	0.0037414964754134417
Senegal	1	291400000	291499999	0.0041039567440748215
Senegal	1	291500000	291599999	0.003968977369368076
Senegal	1	291600000	291699999	0.00448091933503747
Senegal	1	291700000	291799999	0.003598531475290656
Senegal	1	291800000	291899999	0.004270349163562059
Senegal	1	291900000	291999999	0.0033631506375968456
Senegal	1	292000000	292099999	0.0034861649619415402
Senegal	1	292100000	292199999	0.003985867835581303
Senegal	1	292200000	292299999	0.003835616633296013
Senegal	1	292300000	292399999	0.0035472786985337734
Senegal	1	292400000	292499999	0.003131094155833125
Senegal	1	292500000	292599999	0.004703247454017401
Senegal	1	292600000	292699999	0.0034362447913736105
Senegal	1	292700000	292799999	0.0037414964754134417
Senegal	1	292800000	292899999	0.0037555452436208725
Senegal	1	292900000	292999999	0.0039565907791256905
Senegal	1	293000000	293099999	0.0040885042399168015
Senegal	1	293100000	293199999	0.004171405918896198
Senegal	1	293200000	293299999	0.0036016664234921336
Senegal	1	293300000	293399999	0.0032894739415496588
Senegal	1	293400000	293499999	0.003708549542352557
Senegal	1	293500000	293599999	0.0033399113453924656
Senegal	1	293600000	293699999	0.0035794044379144907
Senegal	1	293700000	293799999	0.004381160251796246
Senegal	1	293800000	293899999	0.0037704508285969496
Senegal	1	293900000	293999999	0.003843588288873434
Senegal	1	294000000	294099999	0.003548868466168642
Senegal	1	294100000	294199999	0.0028863351326435804
Senegal	1	294200000	294299999	0.0032894739415496588
Senegal	1	294300000	294399999	0.003641597693786025
Senegal	1	294400000	294499999	0.0028689384926110506
Senegal	1	294500000	294599999	0.0034709947649389505
Senegal	1	294600000	294699999	0.002799539128318429
Senegal	1	294700000	294799999	0.002633311552926898
Senegal	1	294800000	294899999	0.0041169594042003155
Senegal	1	294900000	294999999	0.003762560896575451
Senegal	1	295000000	295099999	0.003798379795625806
Senegal	1	295100000	295199999	0.003843588288873434
Senegal	1	295200000	295299999	0.004979332908987999
Senegal	1	295300000	295399999	0.0037414964754134417
Senegal	1	295400000	295499999	0.0034781363792717457
Senegal	1	295500000	295599999	0.001594388042576611
Senegal	1	295600000	295699999	0.005127876531332731
Senegal	1	295700000	295799999	0.004051432944834232
Senegal	1	295800000	295899999	0.00272040325216949
Senegal	1	295900000	295999999	0.0026055152993649244
Senegal	1	296000000	296099999	0.003363983007147908
Senegal	1	296100000	296199999	0.003918884322047234
Senegal	1	296200000	296299999	0.002633311552926898
Senegal	1	296300000	296399999	0.002604449400678277
Senegal	1	296400000	296499999	
Senegal	1	296500000	296599999	0.0021686747204512358
Senegal	1	296600000	296699999	0.0038785464130342007
Senegal	1	296700000	296799999	0.0036061371210962534
Senegal	1	296800000	296899999	0.002799539128318429
Senegal	1	296900000	296999999	0.0026546886656433344
Senegal	1	297000000	297099999	0.0019334051758050919
Senegal	1	297100000	297199999	0.002220002468675375
Senegal	1	297200000	297299999	0.0024691354483366013
Senegal	1	297300000	297399999	0.0022796352859586477
Senegal	1	297400000	297499999	0.002888126065954566
Senegal	1	297500000	297599999	0.0027126739732921124
Senegal	1	297600000	297699999	0.0022796352859586477
Senegal	1	297700000	297799999	0.0029235503170639277
Senegal	1	297800000	297899999	0.0029584907460957766
Senegal	1	297900000	297999999	0.0058100526221096516
Senegal	1	298000000	298099999	0.0031074509024620056
Senegal	1	298100000	298199999	0.0040454561822116375
Senegal	1	298200000	298299999	0.0030264421366155148
Senegal	1	298300000	298399999	0.003705172333866358
Senegal	1	298400000	298499999	0.003614729968830943
Senegal	1	298500000	298599999	0.003153424710035324
Senegal	1	298600000	298699999	0.0031168831046670675
Senegal	1	298700000	298799999	0.0030708492267876863
Senegal	1	298800000	298899999	0.0029946763534098864
Senegal	1	298900000	298999999	0.0035151694901287556
Senegal	1	299000000	299099999	0.0034709947649389505
Senegal	1	299100000	299199999	0.003102086251601577
Senegal	1	299200000	299299999	0.003363983007147908
Senegal	1	299300000	299399999	0.003705493872985244
Senegal	1	299400000	299499999	0.003363983007147908
Senegal	1	299500000	299599999	0.003640608862042427
Senegal	1	299600000	299699999	0.004239198053255677
Senegal	1	299700000	299799999	0.004034065175801516
Senegal	1	299800000	299899999	0.0039716847240924835
Senegal	1	299900000	299999999	0.0029843896627426147
Senegal	1	300000000	300099999	0.0032894739415496588
Senegal	1	300100000	300199999	0.0037283137207850814
Senegal	1	300200000	300299999	0.0034689726307988167
Senegal	1	300300000	300399999	0.0035818303003907204
Senegal	1	300400000	300499999	0.003640608862042427
Senegal	1	300500000	300599999	0.00352360843680799
Senegal	1	300600000	300699999	0.0038785464130342007
Senegal	1	300700000	300799999	0.003998063504695892
Senegal	1	300800000	300899999	0.003802733263000846
Senegal	1	300900000	300999999	0.003206335473805666
Senegal	1	301000000	301099999	0.0037414964754134417
Senegal	1	301100000	301199999	0.002714654430747032
Senegal	1	301200000	301299999	0.0028662418480962515
Senegal	1	301300000	301399999	0.003876321716234088
Senegal	1	301400000	301499999	0.004116900265216827
Senegal	1	301500000	301599999	0.0035472786985337734
Senegal	1	301600000	301699999	0.0033562059979885817
Senegal	1	301700000	301799999	0.0032894739415496588
Senegal	1	301800000	301899999	0.003965492360293865
Senegal	1	301900000	301999999	0.0029040053486824036
Senegal	1	302000000	302099999	0.003128249431028962
Senegal	1	302100000	302199999	0.003363983007147908
Senegal	1	302200000	302299999	0.0033119297586381435
Senegal	1	302300000	302399999	0.0029946763534098864
Senegal	1	302400000	302499999	0.0032429187558591366
Senegal	1	302500000	302599999	0.002809756202623248
Senegal	1	302600000	302699999	0.003586000297218561
Senegal	1	302700000	302799999	0.002931812545284629
Senegal	1	302800000	302899999	0.0030159223824739456
Senegal	1	302900000	302999999	0.0031648536678403616
Senegal	1	303000000	303099999	0.0031168831046670675
Senegal	1	303100000	303199999	0.004085452761501074
Senegal	1	303200000	303299999	0.0031532810535281897
Senegal	1	303300000	303399999	0.0029843896627426147
Senegal	1	303400000	303499999	0.002625000197440386
Senegal	1	303500000	303599999	0.00317889591678977
Senegal	1	303600000	303699999	0.004034065175801516
Senegal	1	303700000	303799999	0.0031074509024620056
Senegal	1	303800000	303899999	0.003116931882686913
Senegal	1	303900000	303999999	0.0034709947649389505
Senegal	1	304000000	304099999	0.0038785464130342007
Senegal	1	304100000	304199999	0.0029800706543028355
Senegal	1	304200000	304299999	0.0035818303003907204
Senegal	1	304300000	304399999	0.0036327822599560022
Senegal	1	304400000	304499999	0.0038767229998484254
Senegal	1	304500000	304599999	0.003450889838859439
Senegal	1	304600000	304699999	0.00398891931399703
Senegal	1	304700000	304799999	0.0031074509024620056
Senegal	1	304800000	304899999	0.0035236079711467028
Senegal	1	304900000	304999999	0.003686989424750209
Senegal	1	305000000	305099999	0.0032026146072894335
Senegal	1	305100000	305199999	0.003802733263000846
Senegal	1	305200000	305299999	0.003640428651124239
Senegal	1	305300000	305399999	0.0035209977068006992
Senegal	1	305400000	305499999	0.003586000297218561
Senegal	1	305500000	305599999	0.0032894739415496588
Senegal	1	305600000	305699999	0.003612061496824026
Senegal	1	305700000	305799999	0.0034587800037115812
Senegal	1	305800000	305899999	0.00398891931399703
Senegal	1	305900000	305999999	0.0029946763534098864
Senegal	1	306000000	306099999	0.0034709947649389505
Senegal	1	306100000	306199999	0.00352360843680799
Senegal	1	306200000	306299999	0.0035472786985337734
Senegal	1	306300000	306399999	0.002809756202623248
Senegal	1	306400000	306499999	0.002604449400678277
Senegal	1	306500000	306599999	0.0034486062359064817
Senegal	1	306600000	306699999	0.003046551253646612
Senegal	1	306700000	306799999	0.003141264198347926
Senegal	1	306800000	306899999	0.004680480808019638
Senegal	1	306900000	306999999	0.0032531784381717443
Senegal	1	307000000	307099999	0.00352360843680799
Senegal	1	307100000	307199999	0.003997508902102709
Senegal	1	307200000	307299999	0.002888126065954566
Senegal	1	307300000	307399999	0.0029235503170639277
Senegal	1	307400000	307499999	0.0032198880799114704
Senegal	1	307500000	307599999	0.00406597089022398
Senegal	1	307600000	307699999	0.003424310125410557
Senegal	1	307700000	307799999	0.0030148326186463237
Senegal	1	307800000	307899999	0.0026529107708483934
Senegal	1	307900000	307999999	0.002424157690256834
Senegal	1	308000000	308099999	0.0030708492267876863
Senegal	1	308100000	308199999	0.0027126739732921124
Senegal	1	308200000	308299999	0.0024691354483366013
Senegal	1	308300000	308399999	0.002397391712293029
Senegal	1	308400000	308499999	0.0025070507545024157
Senegal	1	308500000	308599999	0.002451051725074649
Senegal	1	308600000	308699999	0.00242353742942214
Senegal	1	308700000	308799999	0.0023296992294490337
Senegal	1	308800000	308899999	0.0023171259090304375
Senegal	1	308900000	308999999	0.0022796352859586477
Senegal	1	309000000	309099999	0.0027112059760838747
Senegal	1	309100000	309199999	0.0024067331105470657
Senegal	1	309200000	309299999	0.0024562699254602194
Senegal	1	309300000	309399999	0.0027126739732921124
Senegal	1	309400000	309499999	0.002457051072269678
Senegal	1	309500000	309599999	0.002633311552926898
Senegal	1	309600000	309699999	0.002438727067783475
Senegal	1	309700000	309799999	0.002278256230056286
Senegal	1	309800000	309899999	0.002320852829143405
Senegal	1	309900000	309999999	0.0021477665286511183
Senegal	1	310000000	310099999	0.002604449400678277
Senegal	1	310100000	310199999	0.0022796352859586477
Senegal	1	310200000	310299999	0.0027528998907655478
Senegal	1	310300000	310399999	0.0028220975073054433
Senegal	1	310400000	310499999	0.003046551253646612
Senegal	1	310500000	310599999	0.0031122355721890926
Senegal	1	310600000	310699999	0.0032531784381717443
Senegal	1	310700000	310799999	0.0048790606670081615
Senegal	1	310800000	310827022	0.010869062505662441
