country	chrom	start	end	r2samp
USA	1	0	99999	0.0069724200293421745
USA	1	100000	199999	0.012178046628832817
USA	1	200000	299999	0.0037538688629865646
USA	1	300000	399999	0.004125058185309172
USA	1	400000	499999	0.003481445834040642
USA	1	500000	599999	0.003259246237576008
USA	1	600000	699999	0.0041145149152725935
USA	1	700000	799999	0.001377410371787846
USA	1	800000	899999	0.003986065741628408
USA	1	900000	999999	0.0029052388854324818
USA	1	1000000	1099999	0.0053172369953244925
USA	1	1100000	1199999	0.00385579327121377
USA	1	1200000	1299999	0.0038095859345048666
USA	1	1300000	1399999	0.002560636028647423
USA	1	1400000	1499999	0.002328781643882394
USA	1	1500000	1599999	0.003232615999877453
USA	1	1600000	1699999	0.00422440399415791
USA	1	1700000	1799999	0.0032223414164036512
USA	1	1800000	1899999	0.002620373386889696
USA	1	1900000	1999999	0.0031317174434661865
USA	1	2000000	2099999	0.003436426166445017
USA	1	2100000	2199999	0.0024752661120146513
USA	1	2200000	2299999	0.002755102002993226
USA	1	2300000	2399999	0.0025644791312515736
USA	1	2400000	2499999	0.0018219297635369003
USA	1	2500000	2599999	0.002181940944865346
USA	1	2600000	2699999	0.002880530431866646
USA	1	2700000	2799999	0.0034130015410482883
USA	1	2800000	2899999	0.0031905430369079113
USA	1	2900000	2999999	0.004539006855338812
USA	1	3000000	3099999	0.003999344073235989
USA	1	3100000	3199999	0.0028985620010644197
USA	1	3200000	3299999	0.003031779546290636
USA	1	3300000	3399999	0.0032950807362794876
USA	1	3400000	3499999	0.0040597375482320786
USA	1	3500000	3599999	0.0048034279607236385
USA	1	3600000	3699999	0.0037645642878487706
USA	1	3700000	3799999	0.005548411048948765
USA	1	3800000	3899999	0.0038643209263682365
USA	1	3900000	3999999	0.00340580428019166
USA	1	4000000	4099999	0.002361895516514778
USA	1	4100000	4199999	0.0023721493780612946
USA	1	4200000	4299999	0.002856538165360689
USA	1	4300000	4399999	0.0024746349081397057
USA	1	4400000	4499999	0.004074060823768377
USA	1	4500000	4599999	0.003894628258422017
USA	1	4600000	4699999	0.003704088507220149
USA	1	4700000	4799999	0.002921652514487505
USA	1	4800000	4899999	0.002856538165360689
USA	1	4900000	4999999	0.0028929284308105707
USA	1	5000000	5099999	0.004474512301385403
USA	1	5100000	5199999	0.0030178981833159924
USA	1	5200000	5299999	0.002856553066521883
USA	1	5300000	5399999	0.002856538165360689
USA	1	5400000	5499999	0.0026818944606930017
USA	1	5500000	5599999	0.0035339201567694545
USA	1	5600000	5699999	0.004412072245031595
USA	1	5700000	5799999	0.002231841441243887
USA	1	5800000	5899999	0.0031787732150405645
USA	1	5900000	5999999	0.0030827352311462164
USA	1	6000000	6099999	0.004577474668622017
USA	1	6100000	6199999	0.003866309067234397
USA	1	6200000	6299999	0.0037053364794701338
USA	1	6300000	6399999	0.003106952295638621
USA	1	6400000	6499999	0.0022935776505619287
USA	1	6500000	6599999	0.004467300605028868
USA	1	6600000	6699999	0.004465673351660371
USA	1	6700000	6799999	0.005247786641120911
USA	1	6800000	6899999	0.00329566840082407
USA	1	6900000	6999999	0.002856538165360689
USA	1	7000000	7099999	0.007323591271415353
USA	1	7100000	7199999	0.003454294055700302
USA	1	7200000	7299999	0.0035037570632994175
USA	1	7300000	7399999	0.0017451912863180041
USA	1	7400000	7499999	0.002720846561715007
USA	1	7500000	7599999	0.004616010235622525
USA	1	7600000	7699999	0.002381786936894059
USA	1	7700000	7799999	0.003166378475725651
USA	1	7800000	7899999	0.0033302841475233436
USA	1	7900000	7999999	0.0026964114513248205
USA	1	8000000	8099999	0.004003564827144146
USA	1	8100000	8199999	0.0018286730628460646
USA	1	8200000	8299999	0.004690134897828102
USA	1	8300000	8399999	0.0030253028962761164
USA	1	8400000	8499999	0.00045955879613757133
USA	1	8500000	8599999	0.002687613945454359
USA	1	8600000	8699999	0.0031934245489537716
USA	1	8700000	8799999	0.0029713381081819534
USA	1	8800000	8899999	0.0025633752811700106
USA	1	8900000	8999999	0.0017342863138765097
USA	1	9000000	9099999	0.0016574687324464321
USA	1	9100000	9199999	0.003197428537532687
USA	1	9200000	9299999	0.004236143548041582
USA	1	9300000	9399999	0.0036222476046532393
USA	1	9400000	9499999	0.003535719122737646
USA	1	9500000	9599999	0.0031853027176111937
USA	1	9600000	9699999	0.003338014241307974
USA	1	9700000	9799999	0.006654439959675074
USA	1	9800000	9899999	0.002334483666345477
USA	1	9900000	9999999	0.004413930233567953
USA	1	10000000	10099999	0.0034970531705766916
USA	1	10100000	10199999	0.003757380647584796
USA	1	10200000	10299999	0.002652146387845278
USA	1	10300000	10399999	0.0032223414164036512
USA	1	10400000	10499999	0.0034131736028939486
USA	1	10500000	10599999	0.003970274236053228
USA	1	10600000	10699999	0.002259422792121768
USA	1	10700000	10799999	0.004030026961117983
USA	1	10800000	10899999	0.004103877581655979
USA	1	10900000	10999999	0.003586435574106872
USA	1	11000000	11099999	0.002831714926287532
USA	1	11100000	11199999	0.002357583027333021
USA	1	11200000	11299999	0.005574447102844715
USA	1	11300000	11399999	0.003407104522921145
USA	1	11400000	11499999	0.003945569973438978
USA	1	11500000	11599999	0.005234778393059969
USA	1	11600000	11699999	0.0047636814415454865
USA	1	11700000	11799999	0.004780815914273262
USA	1	11800000	11899999	0.002005163114517927
USA	1	11900000	11999999	0.0025330716744065285
USA	1	12000000	12099999	0.002040038350969553
USA	1	12100000	12199999	0.003356778062880039
USA	1	12200000	12299999	0.005442215595394373
USA	1	12300000	12399999	0.003310196567326784
USA	1	12400000	12499999	0.0035028596175834537
USA	1	12500000	12599999	0.0035010369028896093
USA	1	12600000	12699999	0.003591913962736726
USA	1	12700000	12799999	0.0037460298044607043
USA	1	12800000	12899999	0.0022751515498384833
USA	1	12900000	12999999	0.0030770697630941868
USA	1	13000000	13099999	0.0023738055024296045
USA	1	13100000	13199999	0.0030557680875062943
USA	1	13200000	13299999	0.003136656479910016
USA	1	13300000	13399999	0.004497143905609846
USA	1	13400000	13499999	0.00797066418454051
USA	1	13500000	13599999	0.004289635689929128
USA	1	13600000	13699999	0.003133227815851569
USA	1	13700000	13799999	0.004052397329360247
USA	1	13800000	13899999	0.003960641101002693
USA	1	13900000	13999999	0.0035779194440692663
USA	1	14000000	14099999	0.003025500918738544
USA	1	14100000	14199999	0.0044108796864748
USA	1	14200000	14299999	0.002432186622172594
USA	1	14300000	14399999	0.005335366353392601
USA	1	14400000	14499999	0.005363013595342636
USA	1	14500000	14599999	0.00529483612626791
USA	1	14600000	14699999	0.0035897432826459408
USA	1	14700000	14799999	0.004759944975376129
USA	1	14800000	14899999	0.0032514301128685474
USA	1	14900000	14999999	0.002437703078612685
USA	1	15000000	15099999	0.001550868502818048
USA	1	15100000	15199999	0.0027780442032963037
USA	1	15200000	15299999	0.0031857809517532587
USA	1	15300000	15399999	0.0030710704158991575
USA	1	15400000	15499999	0.0034794111270457506
USA	1	15500000	15599999	0.0059206499718129635
USA	1	15600000	15699999	0.004491238854825497
USA	1	15700000	15799999	0.003266591113060713
USA	1	15800000	15899999	0.007287103682756424
USA	1	15900000	15999999	0.007721752859652042
USA	1	16000000	16099999	0.0025835863780230284
USA	1	16100000	16199999	0.0036485071759670973
USA	1	16200000	16299999	0.004179106559604406
USA	1	16300000	16399999	0.005486946552991867
USA	1	16400000	16499999	0.0016593140317127109
USA	1	16500000	16599999	0.0029620223212987185
USA	1	16600000	16699999	0.004379636142402887
USA	1	16700000	16799999	0.003882915712893009
USA	1	16800000	16899999	0.00802034791558981
USA	1	16900000	16999999	0.003934822976589203
USA	1	17000000	17099999	0.0020460629602894187
USA	1	17100000	17199999	0.005060670431703329
USA	1	17200000	17299999	0.008393528871238232
USA	1	17300000	17399999	0.003579098731279373
USA	1	17400000	17499999	0.005990729667246342
USA	1	17500000	17599999	0.003983254078775644
USA	1	17600000	17699999	0.004435962997376919
USA	1	17700000	17799999	0.004803596530109644
USA	1	17800000	17899999	0.003031444735825062
USA	1	17900000	17999999	0.00858857948333025
USA	1	18000000	18099999	0.0054173574317246675
USA	1	18100000	18199999	0.0036665841471403837
USA	1	18200000	18299999	0.005067329853773117
USA	1	18300000	18399999	0.003790571354329586
USA	1	18400000	18499999	0.0032021719962358475
USA	1	18500000	18599999	0.004102552775293589
USA	1	18600000	18699999	0.005398644367232919
USA	1	18700000	18799999	0.003247455693781376
USA	1	18800000	18899999	0.0035779194440692663
USA	1	18900000	18999999	0.005990719422698021
USA	1	19000000	19099999	0.003482491127215326
USA	1	19100000	19199999	0.0037677306681871414
USA	1	19200000	19299999	0.0024008406326174736
USA	1	19300000	19399999	0.0029859114438295364
USA	1	19400000	19499999	0.0038643190637230873
USA	1	19500000	19599999	0.002237762324512005
USA	1	19600000	19699999	0.003757380647584796
USA	1	19700000	19799999	0.0036308980779722333
USA	1	19800000	19899999	0.002425319515168667
USA	1	19900000	19999999	0.004268703982234001
USA	1	20000000	20099999	0.0054372763261199
USA	1	20100000	20199999	0.004120879340916872
USA	1	20200000	20299999	0.0034884694032371044
USA	1	20300000	20399999	0.003912434447556734
USA	1	20400000	20499999	0.003588308347389102
USA	1	20500000	20599999	0.002780492650344968
USA	1	20600000	20699999	0.0042821564711630344
USA	1	20700000	20799999	0.0037663120310753584
USA	1	20800000	20899999	0.00397890224121511
USA	1	20900000	20999999	0.003031779546290636
USA	1	21000000	21099999	0.004428632091730833
USA	1	21100000	21199999	0.004669504705816507
USA	1	21200000	21299999	0.0071298847906291485
USA	1	21300000	21399999	0.004719005431979895
USA	1	21400000	21499999	0.0034643509425222874
USA	1	21500000	21599999	0.00659296615049243
USA	1	21600000	21699999	0.004126306623220444
USA	1	21700000	21799999	0.004151067230850458
USA	1	21800000	21899999	0.00705780740827322
USA	1	21900000	21999999	0.002953585237264633
USA	1	22000000	22099999	0.0030929658096283674
USA	1	22100000	22199999	0.003842814825475216
USA	1	22200000	22299999	0.004483013413846493
USA	1	22300000	22399999	0.0029943438712507486
USA	1	22400000	22499999	0.004337162245064974
USA	1	22500000	22599999	0.00537107652053237
USA	1	22600000	22699999	0.003009591018781066
USA	1	22700000	22799999	0.004959641490131617
USA	1	22800000	22899999	0.006357908248901367
USA	1	22900000	22999999	0.006387314759194851
USA	1	23000000	23099999	0.0037677306681871414
USA	1	23100000	23199999	0.004005568567663431
USA	1	23200000	23299999	0.003273322246968746
USA	1	23300000	23399999	0.0033981020096689463
USA	1	23400000	23499999	0.0041675688698887825
USA	1	23500000	23599999	0.003170585143379867
USA	1	23600000	23699999	0.004731960128992796
USA	1	23700000	23799999	0.0036665841471403837
USA	1	23800000	23899999	0.003457964165136218
USA	1	23900000	23999999	0.004090705420821905
USA	1	24000000	24099999	0.0037677306681871414
USA	1	24100000	24199999	0.004092673771083355
USA	1	24200000	24299999	0.004660388920456171
USA	1	24300000	24399999	0.003247455693781376
USA	1	24400000	24499999	0.0046159313060343266
USA	1	24500000	24599999	0.005236500408500433
USA	1	24600000	24699999	0.006674503441900015
USA	1	24700000	24799999	0.00280194659717381
USA	1	24800000	24899999	0.0039158049039542675
USA	1	24900000	24999999	0.004969783592969179
USA	1	25000000	25099999	0.004148079082369804
USA	1	25100000	25199999	0.004329736344516277
USA	1	25200000	25299999	0.004330653231590986
USA	1	25300000	25399999	0.005030032247304916
USA	1	25400000	25499999	0.0087890625
USA	1	25500000	25599999	0.005982799921184778
USA	1	25600000	25699999	0.005107093136757612
USA	1	25700000	25799999	0.004175188485532999
USA	1	25800000	25899999	0.005990125704556704
USA	1	25900000	25999999	0.004732651170343161
USA	1	26000000	26099999	0.005220730323344469
USA	1	26100000	26199999	0.002646484412252903
USA	1	26200000	26299999	0.002913752803578973
USA	1	26300000	26399999	0.00338028185069561
USA	1	26400000	26499999	0.004929117159917951
USA	1	26500000	26599999	0.003652427578344941
USA	1	26600000	26699999	0.004228244069963694
USA	1	26700000	26799999	0.005214562639594078
USA	1	26800000	26899999	0.0033654740545898676
USA	1	26900000	26999999	0.004120879340916872
USA	1	27000000	27099999	0.0035918389912694693
USA	1	27100000	27199999	0.0039724064990878105
USA	1	27200000	27299999	0.004728513304144144
USA	1	27300000	27399999	0.00434335763566196
USA	1	27400000	27499999	0.003837671596556902
USA	1	27500000	27599999	0.003930236212909222
USA	1	27600000	27699999	0.003137602237984538
USA	1	27700000	27799999	0.0051109762862324715
USA	1	27800000	27899999	0.005384122021496296
USA	1	27900000	27999999	0.0038079882506281137
USA	1	28000000	28099999	0.002743735443800688
USA	1	28100000	28199999	0.004047065507620573
USA	1	28200000	28299999	0.003803214291110635
USA	1	28300000	28399999	0.005317281000316143
USA	1	28400000	28499999	0.0025137128541246057
USA	1	28500000	28599999	0.00236344151198864
USA	1	28600000	28699999	0.00366131286136806
USA	1	28700000	28799999	0.004445693921297789
USA	1	28800000	28899999	0.003627213416621089
USA	1	28900000	28999999	0.005538230761885643
USA	1	29000000	29099999	0.0058745089918375015
USA	1	29100000	29199999	0.004080228973180056
USA	1	29200000	29299999	0.005609491374343634
USA	1	29300000	29399999	0.005230751354247332
USA	1	29400000	29499999	0.0026297024451196194
USA	1	29500000	29599999	0.004112429451197386
USA	1	29600000	29699999	0.0031740928534418344
USA	1	29700000	29799999	0.0042323158122599125
USA	1	29800000	29899999	0.004525589291006327
USA	1	29900000	29999999	0.004953011404722929
USA	1	30000000	30099999	0.004328700713813305
USA	1	30100000	30199999	0.004182759672403336
USA	1	30200000	30299999	0.0026203710585832596
USA	1	30300000	30399999	0.0036456927191466093
USA	1	30400000	30499999	0.004819589667022228
USA	1	30500000	30599999	0.003028926206752658
USA	1	30600000	30699999	0.003518610028550029
USA	1	30700000	30799999	0.005329986568540335
USA	1	30800000	30899999	0.004120879340916872
USA	1	30900000	30999999	0.00496699521318078
USA	1	31000000	31099999	0.004846748663112521
USA	1	31100000	31199999	0.003663242794573307
USA	1	31200000	31299999	0.004120878409594297
USA	1	31300000	31399999	0.0030905285384505987
USA	1	31400000	31499999	0.002924280008301139
USA	1	31500000	31599999	0.003356778062880039
USA	1	31600000	31699999	0.00291375326924026
USA	1	31700000	31799999	0.003898614551872015
USA	1	31800000	31899999	0.004235784988850355
USA	1	31900000	31999999	0.003261808305978775
USA	1	32000000	32099999	0.003544560633599758
USA	1	32100000	32199999	0.002743734512478113
USA	1	32200000	32299999	0.002931769471615553
USA	1	32300000	32399999	0.003695710562169552
USA	1	32400000	32499999	0.0037677306681871414
USA	1	32500000	32599999	0.00350517057813704
USA	1	32600000	32699999	0.0024164365604519844
USA	1	32700000	32799999	0.004873683210462332
USA	1	32800000	32899999	0.004334529861807823
USA	1	32900000	32999999	0.0026455025654286146
USA	1	33000000	33099999	0.004652578616514802
USA	1	33100000	33199999	0.006199363619089127
USA	1	33200000	33299999	0.004539006855338812
USA	1	33300000	33399999	0.0034921717597171664
USA	1	33400000	33499999	0.002931777620688081
USA	1	33500000	33599999	0.0036138559225946665
USA	1	33600000	33699999	0.002559590619057417
USA	1	33700000	33799999	0.002775040455162525
USA	1	33800000	33899999	0.002328781643882394
USA	1	33900000	33999999	0.002449789782986045
USA	1	34000000	34099999	0.002257821848616004
USA	1	34100000	34199999	0.0030174842104315758
USA	1	34200000	34299999	0.002521660178899765
USA	1	34300000	34399999	0.002855501603335142
USA	1	34400000	34499999	0.0022938447073101997
USA	1	34500000	34599999	0.0016137707279995084
USA	1	34600000	34699999	0.002215396845713258
USA	1	34700000	34799999	0.002636707853525877
USA	1	34800000	34899999	0.0031974425073713064
USA	1	34900000	34999999	0.004454649053514004
USA	1	35000000	35099999	0.004207792226225138
USA	1	35100000	35199999	0.00487368181347847
USA	1	35200000	35299999	0.005058726295828819
USA	1	35300000	35399999	0.0033126308117061853
USA	1	35400000	35499999	0.007502961903810501
USA	1	35500000	35599999	0.0063622863963246346
USA	1	35600000	35699999	0.006184175610542297
USA	1	35700000	35799999	0.0058731576427817345
USA	1	35800000	35899999	0.005076806526631117
USA	1	35900000	35999999	0.004243828356266022
USA	1	36000000	36099999	0.0026447258424013853
USA	1	36100000	36199999	0.0032193853985518217
USA	1	36200000	36299999	0.002368599409237504
USA	1	36300000	36399999	0.0031389209907501936
USA	1	36400000	36499999	0.008670239709317684
USA	1	36500000	36599999	0.004379420541226864
USA	1	36600000	36699999	0.002856538165360689
USA	1	36700000	36799999	0.004295482765883207
USA	1	36800000	36899999	0.0035873723682016134
USA	1	36900000	36999999	0.00484800711274147
USA	1	37000000	37099999	0.003579614218324423
USA	1	37100000	37199999	0.0030844337306916714
USA	1	37200000	37299999	0.005385487340390682
USA	1	37300000	37399999	0.005268646404147148
USA	1	37400000	37499999	0.0039724078960716724
USA	1	37500000	37599999	0.0031857809517532587
USA	1	37600000	37699999	0.0037677306681871414
USA	1	37700000	37799999	0.00668535428121686
USA	1	37800000	37899999	0.003627273952588439
USA	1	37900000	37999999	0.003697858424857259
USA	1	38000000	38099999	0.004466273821890354
USA	1	38100000	38199999	0.005406975746154785
USA	1	38200000	38299999	0.003955735359340906
USA	1	38300000	38399999	0.004988580010831356
USA	1	38400000	38499999	0.003101092530414462
USA	1	38500000	38599999	0.005778120830655098
USA	1	38600000	38699999	0.0052123055793344975
USA	1	38700000	38799999	0.00495000509545207
USA	1	38800000	38899999	0.00433855876326561
USA	1	38900000	38999999	0.0048814695328474045
USA	1	39000000	39099999	0.0029275601264089346
USA	1	39100000	39199999	0.0059112380258738995
USA	1	39200000	39299999	0.0034171212464571
USA	1	39300000	39399999	0.003728125710040331
USA	1	39400000	39499999	0.003055767621845007
USA	1	39500000	39599999	0.003409877885133028
USA	1	39600000	39699999	0.004576659295707941
USA	1	39700000	39799999	0.0035555399954319
USA	1	39800000	39899999	0.002400557277724147
USA	1	39900000	39999999	0.003517316421493888
USA	1	40000000	40099999	0.004369539208710194
USA	1	40100000	40199999	0.005079185124486685
USA	1	40200000	40299999	0.004197908798232675
USA	1	40300000	40399999	0.003510883776471019
USA	1	40400000	40499999	0.007341054733842611
USA	1	40500000	40599999	0.005090747959911823
USA	1	40600000	40699999	0.005824398249387741
USA	1	40700000	40799999	0.004884759895503521
USA	1	40800000	40899999	0.0035445604007691145
USA	1	40900000	40999999	0.002373807830736041
USA	1	41000000	41099999	0.005687554366886616
USA	1	41100000	41199999	0.004373776726424694
USA	1	41200000	41299999	0.0031974425073713064
USA	1	41300000	41399999	0.008066036738455296
USA	1	41400000	41499999	0.006271701771765947
USA	1	41500000	41599999	0.003322133095934987
USA	1	41600000	41699999	0.003894628258422017
USA	1	41700000	41799999	0.0036959098652005196
USA	1	41800000	41899999	0.0034011960960924625
USA	1	41900000	41999999	0.0036883314605802298
USA	1	42000000	42099999	0.006738694384694099
USA	1	42100000	42199999	0.003757380647584796
USA	1	42200000	42299999	0.005588129162788391
USA	1	42300000	42399999	0.005055977497249842
USA	1	42400000	42499999	0.00551879801787436
USA	1	42500000	42599999	0.0055879466235637665
USA	1	42600000	42699999	0.004390920978039503
USA	1	42700000	42799999	0.008578356355428696
USA	1	42800000	42899999	0.004283998627215624
USA	1	42900000	42999999	0.006722151767462492
USA	1	43000000	43099999	0.008848641067743301
USA	1	43100000	43199999	0.007459681481122971
USA	1	43200000	43299999	0.004598636645823717
USA	1	43300000	43399999	0.005420236615464091
USA	1	43400000	43499999	0.004831071011722088
USA	1	43500000	43599999	0.0025562834925949574
USA	1	43600000	43699999	0.004801516886800528
USA	1	43700000	43799999	0.0027740856166929007
USA	1	43800000	43899999	0.001727140275761485
USA	1	43900000	43999999	0.0028897866141051054
USA	1	44000000	44099999	0.004886498907580972
USA	1	44100000	44199999	0.007167985662817955
USA	1	44200000	44299999	0.003031823434866965
USA	1	44300000	44399999	0.004492014646530151
USA	1	44400000	44499999	0.005144254770129919
USA	1	44500000	44599999	0.00390085531398654
USA	1	44600000	44699999	0.003542209044098854
USA	1	44700000	44799999	0.005247241351753473
USA	1	44800000	44899999	0.005048956256359816
USA	1	44900000	44999999	0.004576659295707941
USA	1	45000000	45099999	0.003395065199583769
USA	1	45100000	45199999	0.003531872993335128
USA	1	45200000	45299999	0.0043351911008358
USA	1	45300000	45399999	0.003969431854784489
USA	1	45400000	45499999	0.004569659009575844
USA	1	45500000	45599999	0.0033462594728916883
USA	1	45600000	45699999	0.0057530386839061975
USA	1	45700000	45799999	0.0035606554010882974
USA	1	45800000	45899999	0.003784765722230077
USA	1	45900000	45999999	0.006063926266506314
USA	1	46000000	46099999	0.005702520254999399
USA	1	46100000	46199999	0.0035719082225114107
USA	1	46200000	46299999	0.004491758998483419
USA	1	46300000	46399999	0.007657785899937153
USA	1	46400000	46499999	0.004031728953123093
USA	1	46500000	46599999	0.004329734481871128
USA	1	46600000	46699999	0.0056190649047493935
USA	1	46700000	46799999	0.0038643190637230873
USA	1	46800000	46899999	0.004051117226481438
USA	1	46900000	46999999	0.006937507539987564
USA	1	47000000	47099999	0.01131073571741581
USA	1	47100000	47199999	0.004095710348337889
USA	1	47200000	47299999	0.0054869684390723705
USA	1	47300000	47399999	0.0061179399490356445
USA	1	47400000	47499999	0.006263294257223606
USA	1	47500000	47599999	0.00873861974105239
USA	1	47600000	47699999	0.007176560815423727
USA	1	47700000	47799999	0.00595347722992301
USA	1	47800000	47899999	0.0037857540883123875
USA	1	47900000	47999999	0.004576658830046654
USA	1	48000000	48099999	0.0062756710685789585
USA	1	48100000	48199999	0.005767811089754105
USA	1	48200000	48299999	0.005838611163198948
USA	1	48300000	48399999	0.007648952305316925
USA	1	48400000	48499999	0.021520748734474182
USA	1	48500000	48599999	0.007316922303289175
USA	1	48600000	48699999	0.006357908248901367
USA	1	48700000	48799999	0.0031628486467525363
USA	1	48800000	48899999	0.004675066098570824
USA	1	48900000	48999999	0.004360359627753496
USA	1	49000000	49099999	0.004378019366413355
USA	1	49100000	49199999	0.009419151581823826
USA	1	49200000	49299999	0.008622889406979084
USA	1	49300000	49399999	0.009608674794435501
USA	1	49400000	49499999	0.018246378749608994
USA	1	49500000	49599999	0.008371688425540924
USA	1	49600000	49699999	0.004704663995653391
USA	1	49700000	49799999	0.009211160242557526
USA	1	49800000	49899999	0.0068503315560519695
USA	1	49900000	49999999	0.005227189045399427
USA	1	50000000	50099999	0.003757380647584796
USA	1	50100000	50199999	0.0022095958702266216
USA	1	50200000	50299999	0.0029137523379176855
USA	1	50300000	50399999	0.0025015638675540686
USA	1	50400000	50499999	0.002775040455162525
USA	1	50500000	50599999	0.0027479862328618765
USA	1	50600000	50699999	0.00299645378254354
USA	1	50700000	50799999	0.00506924232468009
USA	1	50800000	50899999	0.003983254078775644
USA	1	50900000	50999999	0.006086335051804781
USA	1	51000000	51099999	0.004404250532388687
USA	1	51100000	51199999	0.002328781643882394
USA	1	51200000	51299999	0.0051091492641717196
USA	1	51300000	51399999	0.004251144826412201
USA	1	51400000	51499999	0.004539006855338812
USA	1	51500000	51599999	0.0035445604007691145
USA	1	51600000	51699999	0.005530561786144972
USA	1	51700000	51799999	0.008007563184946775
USA	1	51800000	51899999	0.003655044944025576
USA	1	51900000	51999999	0.003978305961936712
USA	1	52000000	52099999	0.005514314863830805
USA	1	52100000	52199999	0.005833194125443697
USA	1	52200000	52299999	0.002856538165360689
USA	1	52300000	52399999	0.0026178357657045126
USA	1	52400000	52499999	0.003176653990522027
USA	1	52500000	52599999	0.005003775004297495
USA	1	52600000	52699999	0.004108094144612551
USA	1	52700000	52799999	0.006417087744921446
USA	1	52800000	52899999	0.003611051943153143
USA	1	52900000	52999999	0.005114030092954636
USA	1	53000000	53099999	0.003544560866430402
USA	1	53100000	53199999	0.002264467068016529
USA	1	53200000	53299999	0.004924869863316417
USA	1	53300000	53399999	0.0062369974330067635
USA	1	53400000	53499999	0.0033976894337683916
USA	1	53500000	53599999	0.0037677306681871414
USA	1	53600000	53699999	0.004120879340916872
USA	1	53700000	53799999	0.005980594549328089
USA	1	53800000	53899999	0.0062956660985946655
USA	1	53900000	53999999	0.0037135088350623846
USA	1	54000000	54099999	0.002839975990355015
USA	1	54100000	54199999	0.0027372182812541723
USA	1	54200000	54299999	0.004311024211347103
USA	1	54300000	54399999	0.0031974425073713064
USA	1	54400000	54499999	0.0019822693429887295
USA	1	54500000	54599999	0.0026455025654286146
USA	1	54600000	54699999	0.0038902058731764555
USA	1	54700000	54799999	0.007582776248455048
USA	1	54800000	54899999	0.0060049486346542835
USA	1	54900000	54999999	0.004093090305104852
USA	1	55000000	55099999	0.003954248037189245
USA	1	55100000	55199999	0.004835417959839106
USA	1	55200000	55299999	0.006179479882121086
USA	1	55300000	55399999	0.004102826584130526
USA	1	55400000	55499999	0.0032814571168273687
USA	1	55500000	55599999	0.005711367819458246
USA	1	55600000	55699999	0.002915476681664586
USA	1	55700000	55799999	0.004277834203094244
USA	1	55800000	55899999	0.0033802164252847433
USA	1	55900000	55999999	0.006449128966778517
USA	1	56000000	56099999	0.0039534480310976505
USA	1	56100000	56199999	0.004380424739792943
USA	1	56200000	56299999	0.004764279583469033
USA	1	56300000	56399999	0.005736967548727989
USA	1	56400000	56499999	0.0039724078960716724
USA	1	56500000	56599999	0.0027780442032963037
USA	1	56600000	56699999	0.002372395247220993
USA	1	56700000	56799999	0.003028926206752658
USA	1	56800000	56899999	0.00340580428019166
USA	1	56900000	56999999	0.0038674708921462297
USA	1	57000000	57099999	0.00452381419017911
USA	1	57100000	57199999	0.005801701452583075
USA	1	57200000	57299999	0.0033672156278043985
USA	1	57300000	57399999	0.005842307116836309
USA	1	57400000	57499999	0.004381523933261633
USA	1	57500000	57599999	0.006913359742611647
USA	1	57600000	57699999	0.004501260817050934
USA	1	57700000	57799999	0.005319312214851379
USA	1	57800000	57899999	0.0037840622244402766
USA	1	57900000	57999999	0.011068075895309448
USA	1	58000000	58099999	0.004120879340916872
USA	1	58100000	58199999	0.0055055986158549786
USA	1	58200000	58299999	0.005383319221436977
USA	1	58300000	58399999	0.006449404638260603
USA	1	58400000	58499999	0.00697764428332448
USA	1	58500000	58599999	0.005515260621905327
USA	1	58600000	58699999	0.005440948065370321
USA	1	58700000	58799999	0.0051398309879004955
USA	1	58800000	58899999	0.0034913120325654745
USA	1	58900000	58999999	0.003782906336709857
USA	1	59000000	59099999	0.005337641574442387
USA	1	59100000	59199999	0.004539006855338812
USA	1	59200000	59299999	0.003745458787307143
USA	1	59300000	59399999	0.0044981068931519985
USA	1	59400000	59499999	0.0035880841314792633
USA	1	59500000	59599999	0.00297471322119236
USA	1	59600000	59699999	0.0028578394558280706
USA	1	59700000	59799999	0.0046750642359256744
USA	1	59800000	59899999	0.003954248037189245
USA	1	59900000	59999999	0.0035434341989457607
USA	1	60000000	60099999	0.003496503923088312
USA	1	60100000	60199999	0.006092917174100876
USA	1	60200000	60299999	0.0029620223212987185
USA	1	60300000	60399999	0.005385487340390682
USA	1	60400000	60499999	0.004619157407432795
USA	1	60500000	60599999	0.0030557680875062943
USA	1	60600000	60699999	0.0033076375257223845
USA	1	60700000	60799999	0.00378712743986398
USA	1	60800000	60899999	0.002331513911485672
USA	1	60900000	60999999	0.0029275601264089346
USA	1	61000000	61099999	0.0040207733400166035
USA	1	61100000	61199999	0.004849638789892197
USA	1	61200000	61299999	0.004024393856525421
USA	1	61300000	61399999	0.0033195813884958625
USA	1	61400000	61499999	0.003257244825363159
USA	1	61500000	61599999	0.004889931064099073
USA	1	61600000	61699999	0.003196361009031534
USA	1	61700000	61799999	0.002931769471615553
USA	1	61800000	61899999	0.006894586142152548
USA	1	61900000	61999999	0.005636110436171293
USA	1	62000000	62099999	0.004284319467842579
USA	1	62100000	62199999	0.006573488935828209
USA	1	62200000	62299999	0.003051856067031622
USA	1	62300000	62399999	0.0025015638675540686
USA	1	62400000	62499999	0.0039749182760715485
USA	1	62500000	62599999	0.006689389701932669
USA	1	62600000	62699999	0.0035753194242715836
USA	1	62700000	62799999	0.005769051611423492
USA	1	62800000	62899999	0.0030851007904857397
USA	1	62900000	62999999	0.0032223414164036512
USA	1	63000000	63099999	0.004279666114598513
USA	1	63100000	63199999	0.006163709331303835
USA	1	63200000	63299999	0.0036489602643996477
USA	1	63300000	63399999	0.0030748809222131968
USA	1	63400000	63499999	0.004517319146543741
USA	1	63500000	63599999	0.004277834203094244
USA	1	63600000	63699999	0.0032841176725924015
USA	1	63700000	63799999	0.0035434341989457607
USA	1	63800000	63899999	0.0037135088350623846
USA	1	63900000	63999999	0.004952652379870415
USA	1	64000000	64099999	0.005636132787913084
USA	1	64100000	64199999	0.004024394787847996
USA	1	64200000	64299999	0.0043076416477561
USA	1	64300000	64399999	0.003383789211511612
USA	1	64400000	64499999	0.0033338821958750486
USA	1	64500000	64599999	0.004516713786870241
USA	1	64600000	64699999	0.003361714305356145
USA	1	64700000	64799999	0.004416151903569698
USA	1	64800000	64899999	0.00480463239364326
USA	1	64900000	64999999	0.00431052315980196
USA	1	65000000	65099999	0.004762822762131691
USA	1	65100000	65199999	0.002931769471615553
USA	1	65200000	65299999	0.003436426166445017
USA	1	65300000	65399999	0.004032254219055176
USA	1	65400000	65499999	0.00407259538769722
USA	1	65500000	65599999	0.003458057646639645
USA	1	65600000	65699999	0.004618009086698294
USA	1	65700000	65799999	0.005005461163818836
USA	1	65800000	65899999	0.005038774572312832
USA	1	65900000	65999999	0.0036215060390532017
USA	1	66000000	66099999	0.005469428841024637
USA	1	66100000	66199999	0.008782094344496727
USA	1	66200000	66299999	0.007528466172516346
USA	1	66300000	66399999	0.003780949395149946
USA	1	66400000	66499999	0.006048386450856924
USA	1	66500000	66599999	0.005441142711788416
USA	1	66600000	66699999	0.004190431442111731
USA	1	66700000	66799999	0.0029817356262356043
USA	1	66800000	66899999	0.006506281904876232
USA	1	66900000	66999999	0.004013442434370518
USA	1	67000000	67099999	0.005916156340390444
USA	1	67100000	67199999	0.004738111048936844
USA	1	67200000	67299999	0.0045975311659276485
USA	1	67300000	67399999	0.002632040996104479
USA	1	67400000	67499999	0.00475655565969646
USA	1	67500000	67599999	0.0039479369297623634
USA	1	67600000	67699999	0.003028324106708169
USA	1	67700000	67799999	0.004284004680812359
USA	1	67800000	67899999	0.0044087995775043964
USA	1	67900000	67999999	0.007077715825289488
USA	1	68000000	68099999	0.0046151140704751015
USA	1	68100000	68199999	0.0037967595271766186
USA	1	68200000	68299999	0.00588066759519279
USA	1	68300000	68399999	0.004251144826412201
USA	1	68400000	68499999	0.004790727514773607
USA	1	68500000	68599999	0.0038095531053841114
USA	1	68600000	68699999	0.00305308704264462
USA	1	68700000	68799999	0.006350427400320768
USA	1	68800000	68899999	0.003334653563797474
USA	1	68900000	68999999	0.0038912389427423477
USA	1	69000000	69099999	0.003882915712893009
USA	1	69100000	69199999	0.005052710417658091
USA	1	69200000	69299999	0.003810955910012126
USA	1	69300000	69399999	0.003663326147943735
USA	1	69400000	69499999	0.0050184354186058044
USA	1	69500000	69599999	0.005253788083791733
USA	1	69600000	69699999	0.005171729251742363
USA	1	69700000	69799999	0.005335366353392601
USA	1	69800000	69899999	0.0038670452777296305
USA	1	69900000	69999999	0.00645856698974967
USA	1	70000000	70099999	0.005744996480643749
USA	1	70100000	70199999	0.006506628356873989
USA	1	70200000	70299999	0.006304824259132147
USA	1	70300000	70399999	0.004272503778338432
USA	1	70400000	70499999	0.0054897957015782595
USA	1	70500000	70599999	0.005390992388129234
USA	1	70600000	70699999	0.0031285006552934647
USA	1	70700000	70799999	0.0040108817629516125
USA	1	70800000	70899999	0.0045194963458925486
USA	1	70900000	70999999	0.008033640682697296
USA	1	71000000	71099999	0.0036514236126095057
USA	1	71100000	71199999	0.003949697129428387
USA	1	71200000	71299999	0.003866309067234397
USA	1	71300000	71399999	0.00569410715252161
USA	1	71400000	71499999	0.003946957644075155
USA	1	71500000	71599999	0.0033426100853830576
USA	1	71600000	71699999	0.005145220551639795
USA	1	71700000	71799999	0.004539006855338812
USA	1	71800000	71899999	0.004924349719658494
USA	1	71900000	71999999	0.005088211270049214
USA	1	72000000	72099999	0.003334146225824952
USA	1	72100000	72199999	0.003515470540151
USA	1	72200000	72299999	0.006240596994757652
USA	1	72300000	72399999	0.004779167473316193
USA	1	72400000	72499999	0.0029620223212987185
USA	1	72500000	72599999	0.0038514549378305674
USA	1	72600000	72699999	0.003645325661636889
USA	1	72700000	72799999	0.006320483051240444
USA	1	72800000	72899999	0.005328004714101553
USA	1	72900000	72999999	0.003357464447617531
USA	1	73000000	73099999	0.007295167073607445
USA	1	73100000	73199999	0.004413928370922804
USA	1	73200000	73299999	0.0043500144965946674
USA	1	73300000	73399999	0.0024416923988610506
USA	1	73400000	73499999	0.003776024328544736
USA	1	73500000	73599999	0.00522759510204196
USA	1	73600000	73699999	0.004621988162398338
USA	1	73700000	73799999	0.006509078200906515
USA	1	73800000	73899999	0.008890988305211067
USA	1	73900000	73999999	0.005983860697597265
USA	1	74000000	74099999	0.009246225468814373
USA	1	74100000	74199999	0.004539006855338812
USA	1	74200000	74299999	0.009468205273151398
USA	1	74300000	74399999	0.006015958730131388
USA	1	74400000	74499999	0.005679386202245951
USA	1	74500000	74599999	0.0035832407884299755
USA	1	74600000	74699999	0.005207439418882132
USA	1	74700000	74799999	0.004773368593305349
USA	1	74800000	74899999	0.005811422597616911
USA	1	74900000	74999999	0.004163963254541159
USA	1	75000000	75099999	0.007165901828557253
USA	1	75100000	75199999	0.006188597530126572
USA	1	75200000	75299999	0.008335729129612446
USA	1	75300000	75399999	0.008242586627602577
USA	1	75400000	75499999	0.009821504354476929
USA	1	75500000	75599999	0.005860672332346439
USA	1	75600000	75699999	0.012871752493083477
USA	1	75700000	75799999	0.007074068300426006
USA	1	75800000	75899999	0.009082864969968796
USA	1	75900000	75999999	0.007138692308217287
USA	1	76000000	76099999	0.007660896750167012
USA	1	76100000	76199999	0.008475804701447487
USA	1	76200000	76299999	0.011848428752273321
USA	1	76300000	76399999	0.00692433537915349
USA	1	76400000	76499999	0.004467300605028868
USA	1	76500000	76599999	0.008359936997294426
USA	1	76600000	76699999	0.006573393475264311
USA	1	76700000	76799999	0.004460742697119713
USA	1	76800000	76899999	0.006215274799615145
USA	1	76900000	76999999	0.004345401655882597
USA	1	77000000	77099999	0.008341096341609955
USA	1	77100000	77199999	0.0057827073615044355
USA	1	77200000	77299999	0.00429817708209157
USA	1	77300000	77399999	0.008361645974218845
USA	1	77400000	77499999	0.004832684062421322
USA	1	77500000	77599999	0.005959787871688604
USA	1	77600000	77699999	0.005385487340390682
USA	1	77700000	77799999	0.006720547564327717
USA	1	77800000	77899999	0.005441782996058464
USA	1	77900000	77999999	0.007094073109328747
USA	1	78000000	78099999	0.006946592126041651
USA	1	78100000	78199999	0.011815971694886684
USA	1	78200000	78299999	0.007861009798943996
USA	1	78300000	78399999	0.004416436655446887
USA	1	78400000	78499999	0.005388537421822548
USA	1	78500000	78599999	0.008140652440488338
USA	1	78600000	78699999	0.00904623232781887
USA	1	78700000	78799999	0.008058839477598667
USA	1	78800000	78899999	0.005196995101869106
USA	1	78900000	78999999	0.006361212581396103
USA	1	79000000	79099999	0.003960641101002693
USA	1	79100000	79199999	0.007229182869195938
USA	1	79200000	79299999	0.0053657288663089275
USA	1	79300000	79399999	0.007528624031692743
USA	1	79400000	79499999	0.011737977154552937
USA	1	79500000	79599999	0.005448582116514444
USA	1	79600000	79699999	0.006577637977898121
USA	1	79700000	79799999	0.007656248286366463
USA	1	79800000	79899999	0.010108647868037224
USA	1	79900000	79999999	0.009693547151982784
USA	1	80000000	80099999	0.006080913124606013
USA	1	80100000	80199999	0.006060289219021797
USA	1	80200000	80299999	0.006995548494160175
USA	1	80300000	80399999	0.007455990882590413
USA	1	80400000	80499999	0.005753778852522373
USA	1	80500000	80599999	0.005792157957330346
USA	1	80600000	80699999	0.006086577428504825
USA	1	80700000	80799999	0.006410005269572139
USA	1	80800000	80899999	0.008820654824376106
USA	1	80900000	80999999	0.007425022777169943
USA	1	81000000	81099999	0.011923492886126041
USA	1	81100000	81199999	0.0058558296877890825
USA	1	81200000	81299999	0.005609218962490559
USA	1	81300000	81399999	0.01194725837558508
USA	1	81400000	81499999	0.003457964165136218
USA	1	81500000	81599999	0.008489030413329601
USA	1	81600000	81699999	0.005509333219379187
USA	1	81700000	81799999	0.006741268094629049
USA	1	81800000	81899999	0.008936542086303234
USA	1	81900000	81999999	0.0059526883997023106
USA	1	82000000	82099999	0.0075660571455955505
USA	1	82100000	82199999	0.006350427400320768
USA	1	82200000	82299999	0.006218227557837963
USA	1	82300000	82399999	0.0067660133354365826
USA	1	82400000	82499999	0.006449404638260603
USA	1	82500000	82599999	0.003920144401490688
USA	1	82600000	82699999	0.004674899857491255
USA	1	82700000	82799999	0.00492998119443655
USA	1	82800000	82899999	0.004542101174592972
USA	1	82900000	82999999	0.004648115485906601
USA	1	83000000	83099999	0.004798561567440629
USA	1	83100000	83199999	0.00475068436935544
USA	1	83200000	83299999	0.0061132158152759075
USA	1	83300000	83399999	0.005236334167420864
USA	1	83400000	83499999	0.004798213951289654
USA	1	83500000	83599999	0.006986646912992001
USA	1	83600000	83699999	0.007735272869467735
USA	1	83700000	83799999	0.003517024335451424
USA	1	83800000	83899999	0.004628259222954512
USA	1	83900000	83999999	0.005281690042465925
USA	1	84000000	84099999	0.005940276198089123
USA	1	84100000	84199999	0.004295482765883207
USA	1	84200000	84299999	0.005672401748597622
USA	1	84300000	84399999	0.004175188485532999
USA	1	84400000	84499999	0.00545003404840827
USA	1	84500000	84599999	0.005160171538591385
USA	1	84600000	84699999	0.0031767303589731455
USA	1	84700000	84799999	0.005389362340793014
USA	1	84800000	84899999	0.003487420966848731
USA	1	84900000	84999999	0.0043066078796982765
USA	1	85000000	85099999	0.0054139806888997555
USA	1	85100000	85199999	0.004401408601552248
USA	1	85200000	85299999	0.0039724078960716724
USA	1	85300000	85399999	0.010278264991939068
USA	1	85400000	85499999	0.011644680984318256
USA	1	85500000	85599999	0.0061998819001019
USA	1	85600000	85699999	0.007088239770382643
USA	1	85700000	85799999	0.005978634115308523
USA	1	85800000	85899999	0.011563923209905624
USA	1	85900000	85999999	0.007635760586708784
USA	1	86000000	86099999	0.014225214719772339
USA	1	86100000	86199999	0.003550579771399498
USA	1	86200000	86299999	0.0056761326268315315
USA	1	86300000	86399999	0.005972839891910553
USA	1	86400000	86499999	0.00491954805329442
USA	1	86500000	86599999	0.01280903723090887
USA	1	86600000	86699999	0.006798759568482637
USA	1	86700000	86799999	0.007948786951601505
USA	1	86800000	86899999	0.008645405992865562
USA	1	86900000	86999999	0.005116352345794439
USA	1	87000000	87099999	0.004835678264498711
USA	1	87100000	87199999	0.008131168782711029
USA	1	87200000	87299999	0.005904133431613445
USA	1	87300000	87399999	0.005328004714101553
USA	1	87400000	87499999	0.010200140997767448
USA	1	87500000	87599999	0.008139807730913162
USA	1	87600000	87699999	0.005930840037763119
USA	1	87700000	87799999	0.004676733864471316
USA	1	87800000	87899999	0.004732243018224835
USA	1	87900000	87999999	0.005404634168371558
USA	1	88000000	88099999	0.008454153314232826
USA	1	88100000	88199999	0.00428767642006278
USA	1	88200000	88299999	0.005302896723151207
USA	1	88300000	88399999	0.006057831458747387
USA	1	88400000	88499999	0.007028860505670309
USA	1	88500000	88599999	0.008667265996336937
USA	1	88600000	88699999	0.009389144368469715
USA	1	88700000	88799999	0.00896196998655796
USA	1	88800000	88899999	0.009569224901497364
USA	1	88900000	88999999	0.005247719585895538
USA	1	89000000	89099999	0.005469440016895533
USA	1	89100000	89199999	0.006130135152488947
USA	1	89200000	89299999	0.007054256275296211
USA	1	89300000	89399999	0.010180629789829254
USA	1	89400000	89499999	0.011105747893452644
USA	1	89500000	89599999	0.01208463218063116
USA	1	89600000	89699999	0.0044320072047412395
USA	1	89700000	89799999	0.006557051558047533
USA	1	89800000	89899999	0.006737786810845137
USA	1	89900000	89999999	0.006125680869445205
USA	1	90000000	90099999	0.014585455879569054
USA	1	90100000	90199999	0.007789703086018562
USA	1	90200000	90299999	0.021304761990904808
USA	1	90300000	90399999	0.004435715265572071
USA	1	90400000	90499999	0.002635466167703271
USA	1	90500000	90599999	0.006655205972492695
USA	1	90600000	90699999	0.007289243396371603
USA	1	90700000	90799999	0.008885852061212063
USA	1	90800000	90899999	0.008245602250099182
USA	1	90900000	90999999	0.009630977176129818
USA	1	91000000	91099999	0.0054869684390723705
USA	1	91100000	91199999	0.008401556871831417
USA	1	91200000	91299999	0.007895996794104576
USA	1	91300000	91399999	0.005183856002986431
USA	1	91400000	91499999	0.004722979385405779
USA	1	91500000	91599999	0.008904017973691225
USA	1	91600000	91699999	0.00340580428019166
USA	1	91700000	91799999	0.009314949624240398
USA	1	91800000	91899999	0.00553818978369236
USA	1	91900000	91999999	0.0046733105555176735
USA	1	92000000	92099999	0.006872022058814764
USA	1	92100000	92199999	0.0038804258219897747
USA	1	92200000	92299999	0.006318601779639721
USA	1	92300000	92399999	0.009529183618724346
USA	1	92400000	92499999	0.013547724112868309
USA	1	92500000	92599999	0.007138695102185011
USA	1	92600000	92699999	0.004187604878097773
USA	1	92700000	92799999	0.00708417734131217
USA	1	92800000	92899999	0.00531797856092453
USA	1	92900000	92999999	0.0033931483048945665
USA	1	93000000	93099999	0.0038389230612665415
USA	1	93100000	93199999	0.006286219228059053
USA	1	93200000	93299999	0.005428904667496681
USA	1	93300000	93399999	0.005004435312002897
USA	1	93400000	93499999	0.005842050537467003
USA	1	93500000	93599999	0.007369369268417358
USA	1	93600000	93699999	0.004251144826412201
USA	1	93700000	93799999	0.0033287974074482918
USA	1	93800000	93899999	0.0043559568002820015
USA	1	93900000	93999999	0.021418094635009766
USA	1	94000000	94099999	0.010660979896783829
USA	1	94100000	94199999	0.00608214782550931
USA	1	94200000	94299999	0.007179527543485165
USA	1	94300000	94399999	0.005360000766813755
USA	1	94400000	94499999	0.007204977795481682
USA	1	94500000	94599999	0.009221553336828947
USA	1	94600000	94699999	0.009007709100842476
USA	1	94700000	94799999	0.00915792491286993
USA	1	94800000	94899999	0.007898633368313313
USA	1	94900000	94999999	0.008926642127335072
USA	1	95000000	95099999	0.016310468316078186
USA	1	95100000	95199999	0.007325688377022743
USA	1	95200000	95299999	0.00957015622407198
USA	1	95300000	95399999	0.007073122076690197
USA	1	95400000	95499999	0.005018431227654219
USA	1	95500000	95599999	0.010471849702298641
USA	1	95600000	95699999	0.007614932954311371
USA	1	95700000	95799999	0.005268646404147148
USA	1	95800000	95899999	0.007183910813182592
USA	1	95900000	95999999	0.005876467563211918
USA	1	96000000	96099999	0.006350427400320768
USA	1	96100000	96199999	0.005613368004560471
USA	1	96200000	96299999	0.006214486435055733
USA	1	96300000	96399999	0.004921236075460911
USA	1	96400000	96499999	0.003982913680374622
USA	1	96500000	96599999	0.00591016560792923
USA	1	96600000	96699999	0.006005174946039915
USA	1	96700000	96799999	0.004928873386234045
USA	1	96800000	96899999	0.007485785521566868
USA	1	96900000	96999999	0.007661347510293126
USA	1	97000000	97099999	0.0059206499718129635
USA	1	97100000	97199999	0.005456195212900639
USA	1	97200000	97299999	0.0077554755844175816
USA	1	97300000	97399999	0.004537391476333141
USA	1	97400000	97499999	0.004110294859856367
USA	1	97500000	97599999	0.006773578003048897
USA	1	97600000	97699999	0.005720040295273066
USA	1	97700000	97799999	0.008304550312459469
USA	1	97800000	97899999	0.010538646019995213
USA	1	97900000	97999999	0.004986738786101341
USA	1	98000000	98099999	0.011696895118802786
USA	1	98100000	98199999	0.007056663278490305
USA	1	98200000	98299999	0.004945577587932348
USA	1	98300000	98399999	0.007520638406276703
USA	1	98400000	98499999	0.005220446269959211
USA	1	98500000	98599999	0.004189882893115282
USA	1	98600000	98699999	0.004150521941483021
USA	1	98700000	98799999	0.006106680259108543
USA	1	98800000	98899999	0.003356778062880039
USA	1	98900000	98999999	0.004499788163229823
USA	1	99000000	99099999	0.008327872958034277
USA	1	99100000	99199999	0.008088691160082817
USA	1	99200000	99299999	0.005655890330672264
USA	1	99300000	99399999	0.003341126721352339
USA	1	99400000	99499999	0.005257109645754099
USA	1	99500000	99599999	0.00525779789313674
USA	1	99600000	99699999	0.006937436759471893
USA	1	99700000	99799999	0.003891314147040248
USA	1	99800000	99899999	0.004925237502902746
USA	1	99900000	99999999	0.00477717537432909
USA	1	100000000	100099999	0.0051700149197131395
USA	1	100100000	100199999	0.0035708521027117968
USA	1	100200000	100299999	0.004057085141539574
USA	1	100300000	100399999	0.00692091416567564
USA	1	100400000	100499999	0.006267707794904709
USA	1	100500000	100599999	0.007138693705201149
USA	1	100600000	100699999	0.0040089585818350315
USA	1	100700000	100799999	0.004674899857491255
USA	1	100800000	100899999	0.00513695552945137
USA	1	100900000	100999999	0.0033356917556375265
USA	1	101000000	101099999	0.005242750281468034
USA	1	101100000	101199999	0.004557391162961721
USA	1	101200000	101299999	0.005910167936235666
USA	1	101300000	101399999	0.005910160951316357
USA	1	101400000	101499999	0.00318560260348022
USA	1	101500000	101599999	0.0041147805750370026
USA	1	101600000	101699999	0.0047874844167381525
USA	1	101700000	101799999	0.005719235632568598
USA	1	101800000	101899999	0.0071149044670164585
USA	1	101900000	101999999	0.0051203276962041855
USA	1	102000000	102099999	0.009915853850543499
USA	1	102100000	102199999	0.006598961539566517
USA	1	102200000	102299999	0.005855727707967162
USA	1	102300000	102399999	0.0031890009995549917
USA	1	102400000	102499999	0.004252261482179165
USA	1	102500000	102599999	0.008547008037567139
USA	1	102600000	102699999	0.00591279286891222
USA	1	102700000	102799999	0.007336806505918503
USA	1	102800000	102899999	0.003946793731302023
USA	1	102900000	102999999	0.006216739770025015
USA	1	103000000	103099999	0.003593518165871501
USA	1	103100000	103199999	0.0036028483882546425
USA	1	103200000	103299999	0.005852842703461647
USA	1	103300000	103399999	0.007432222831994295
USA	1	103400000	103499999	0.006553303450345993
USA	1	103500000	103599999	0.0048425046261399984
USA	1	103600000	103699999	0.0053482153452932835
USA	1	103700000	103799999	0.005085919052362442
USA	1	103800000	103899999	0.005043257027864456
USA	1	103900000	103999999	0.005707377567887306
USA	1	104000000	104099999	0.0060051740147173405
USA	1	104100000	104199999	0.010455799289047718
USA	1	104200000	104299999	0.004517812747508287
USA	1	104300000	104399999	0.005353856366127729
USA	1	104400000	104499999	0.004649672191590071
USA	1	104500000	104599999	0.004851649980992079
USA	1	104600000	104699999	0.006568967364728451
USA	1	104700000	104799999	0.0054869684390723705
USA	1	104800000	104899999	0.005772293545305729
USA	1	104900000	104999999	0.004223726689815521
USA	1	105000000	105099999	0.004120879340916872
USA	1	105100000	105199999	0.005891444627195597
USA	1	105200000	105299999	0.006260077003389597
USA	1	105300000	105399999	0.00502411974593997
USA	1	105400000	105499999	0.004274843260645866
USA	1	105500000	105599999	0.003648933721706271
USA	1	105600000	105699999	0.005190315656363964
USA	1	105700000	105799999	0.002656917553395033
USA	1	105800000	105899999	0.0037905708886682987
USA	1	105900000	105999999	0.0044950805604457855
USA	1	106000000	106099999	0.0036549712531268597
USA	1	106100000	106199999	0.0057661766186356544
USA	1	106200000	106299999	0.004205331671983004
USA	1	106300000	106399999	0.004303466295823455
USA	1	106400000	106499999	0.005067437421530485
USA	1	106500000	106599999	0.003641177900135517
USA	1	106600000	106699999	0.004163963254541159
USA	1	106700000	106799999	0.005373950116336346
USA	1	106800000	106899999	0.005087616387754679
USA	1	106900000	106999999	0.004437279421836138
USA	1	107000000	107099999	0.004576659295707941
USA	1	107100000	107199999	0.00425832299515605
USA	1	107200000	107299999	0.005329281557351351
USA	1	107300000	107399999	0.005575438495725393
USA	1	107400000	107499999	0.004830876365303993
USA	1	107500000	107599999	0.003916995599865913
USA	1	107600000	107699999	0.0047935498878359795
USA	1	107700000	107799999	0.00515773007646203
USA	1	107800000	107899999	0.004759944975376129
USA	1	107900000	107999999	0.004008122719824314
USA	1	108000000	108099999	0.008161095902323723
USA	1	108100000	108199999	0.005003831349313259
USA	1	108200000	108299999	0.005744996480643749
USA	1	108300000	108399999	0.007854056544601917
USA	1	108400000	108499999	0.005415676161646843
USA	1	108500000	108599999	0.005598993040621281
USA	1	108600000	108699999	0.006763819605112076
USA	1	108700000	108799999	0.0047935498878359795
USA	1	108800000	108899999	0.005915932822972536
USA	1	108900000	108999999	0.006471259985119104
USA	1	109000000	109099999	0.003330499166622758
USA	1	109100000	109199999	0.004008959513157606
USA	1	109200000	109299999	0.0055745490826666355
USA	1	109300000	109399999	0.008281533606350422
USA	1	109400000	109499999	0.005109041929244995
USA	1	109500000	109599999	0.004892224445939064
USA	1	109600000	109699999	0.0032001894433051348
USA	1	109700000	109799999	0.0029620223212987185
USA	1	109800000	109899999	0.0070616560988128185
USA	1	109900000	109999999	0.005893674213439226
USA	1	110000000	110099999	0.004518244415521622
USA	1	110100000	110199999	0.0067563364282250404
USA	1	110200000	110299999	0.00463821878656745
USA	1	110300000	110399999	0.003387957811355591
USA	1	110400000	110499999	0.0034574028104543686
USA	1	110500000	110599999	0.007752739358693361
USA	1	110600000	110699999	0.004419366829097271
USA	1	110700000	110799999	0.007276506628841162
USA	1	110800000	110899999	0.006335793295875192
USA	1	110900000	110999999	0.005636132787913084
USA	1	111000000	111099999	0.004952652379870415
USA	1	111100000	111199999	0.005055977497249842
USA	1	111200000	111299999	0.010226381942629814
USA	1	111300000	111399999	0.0061247823759913445
USA	1	111400000	111499999	0.005229071248322725
USA	1	111500000	111599999	0.004834089893847704
USA	1	111600000	111699999	0.0055055986158549786
USA	1	111700000	111799999	0.007717027794569731
USA	1	111800000	111899999	0.00697808712720871
USA	1	111900000	111999999	0.007455303566530347
USA	1	112000000	112099999	0.007929976098239422
USA	1	112100000	112199999	0.0072283626068383455
USA	1	112200000	112299999	0.004429679363965988
USA	1	112300000	112399999	0.002977489843033254
USA	1	112400000	112499999	0.009001816622912884
USA	1	112500000	112599999	0.004970406647771597
USA	1	112600000	112699999	0.008850954473018646
USA	1	112700000	112799999	0.004759946838021278
USA	1	112800000	112899999	0.007258110214024782
USA	1	112900000	112999999	0.009620429016649723
USA	1	113000000	113099999	0.006575166713446379
USA	1	113100000	113199999	0.004003982525318861
USA	1	113200000	113299999	0.007722576847299933
USA	1	113300000	113399999	0.004905106732621789
USA	1	113400000	113499999	0.005691443104296923
USA	1	113500000	113599999	0.005248024128377438
USA	1	113600000	113699999	0.005200633313506842
USA	1	113700000	113799999	0.006753685884177685
USA	1	113800000	113899999	0.009060701355338097
USA	1	113900000	113999999	0.005632167449221015
USA	1	114000000	114099999	0.005609008949249983
USA	1	114100000	114199999	0.005003831349313259
USA	1	114200000	114299999	0.003966276068240404
USA	1	114300000	114399999	0.004546568961814046
USA	1	114400000	114499999	0.007397757610306144
USA	1	114500000	114599999	0.004748139530420303
USA	1	114600000	114699999	0.01344360876828432
USA	1	114700000	114799999	0.00622154027223587
USA	1	114800000	114899999	0.007580817677080631
USA	1	114900000	114999999	0.006584436632692814
USA	1	115000000	115099999	0.00951476814225316
USA	1	115100000	115199999	0.003431367687880993
USA	1	115200000	115299999	0.006704691331833601
USA	1	115300000	115399999	0.005157084669917822
USA	1	115400000	115499999	0.00471195625141263
USA	1	115500000	115599999	0.008290154859423637
USA	1	115600000	115699999	0.004582942929118872
USA	1	115700000	115799999	0.0034872740507125854
USA	1	115800000	115899999	0.006291427183896303
USA	1	115900000	115999999	0.002620373386889696
USA	1	116000000	116099999	0.002793896710500121
USA	1	116100000	116199999	0.0073110670782625675
USA	1	116200000	116299999	0.005957405548542738
USA	1	116300000	116399999	0.006388068664819002
USA	1	116400000	116499999	0.0031974425073713064
USA	1	116500000	116599999	0.0047935498878359795
USA	1	116600000	116699999	0.004539006855338812
USA	1	116700000	116799999	0.0032877526246011257
USA	1	116800000	116899999	0.00392627390101552
USA	1	116900000	116999999	0.006013769190758467
USA	1	117000000	117099999	0.004450095351785421
USA	1	117100000	117199999	0.004862508736550808
USA	1	117200000	117299999	0.0030617816373705864
USA	1	117300000	117399999	0.0032670297659933567
USA	1	117400000	117499999	0.004728898871690035
USA	1	117500000	117599999	0.0034261851105839014
USA	1	117600000	117699999	0.004581002052873373
USA	1	117700000	117799999	0.006741268094629049
USA	1	117800000	117899999	0.0040199176874011755
USA	1	117900000	117999999	0.0034697623923420906
USA	1	118000000	118099999	0.004831071011722088
USA	1	118100000	118199999	0.0035897624911740422
USA	1	118200000	118299999	0.005075184628367424
USA	1	118300000	118399999	0.004761315416544676
USA	1	118400000	118499999	0.0036160980816930532
USA	1	118500000	118599999	0.00478889187797904
USA	1	118600000	118699999	0.0054869684390723705
USA	1	118700000	118799999	0.0049409824423491955
USA	1	118800000	118899999	0.008321488276124
USA	1	118900000	118999999	0.011012041941285133
USA	1	119000000	119099999	0.0036298446357250214
USA	1	119100000	119199999	0.005238519050180912
USA	1	119200000	119299999	0.0045119833666831255
USA	1	119300000	119399999	0.00621527386829257
USA	1	119400000	119499999	0.01231278944760561
USA	1	119500000	119599999	0.009649516083300114
USA	1	119600000	119699999	0.006733020767569542
USA	1	119700000	119799999	0.005391886457800865
USA	1	119800000	119899999	0.007046366110444069
USA	1	119900000	119999999	0.004796814639121294
USA	1	120000000	120099999	0.00701549556106329
USA	1	120100000	120199999	0.003883966477587819
USA	1	120200000	120299999	0.005836669355630875
USA	1	120300000	120399999	0.002443340141326189
USA	1	120400000	120499999	0.0018929620273411274
USA	1	120500000	120599999	0.002913752803578973
USA	1	120600000	120699999	0.007782684173434973
USA	1	120700000	120799999	0.005100791808217764
USA	1	120800000	120899999	0.004706122446805239
USA	1	120900000	120999999	0.006374462973326445
USA	1	121000000	121099999	0.004495379747822881
USA	1	121100000	121199999	0.003965725423768163
USA	1	121200000	121299999	0.006850460544228554
USA	1	121300000	121399999	0.009977746289223433
USA	1	121400000	121499999	0.006350949872285128
USA	1	121500000	121599999	0.009930177591741085
USA	1	121600000	121699999	0.010790245607495308
USA	1	121700000	121799999	0.007049345877021551
USA	1	121800000	121899999	0.00664316420443356
USA	1	121900000	121999999	0.008434808813035488
USA	1	122000000	122099999	0.008116859942674637
USA	1	122100000	122199999	0.00819450244307518
USA	1	122200000	122299999	0.006949834059923887
USA	1	122300000	122399999	0.005141479894518852
USA	1	122400000	122499999	0.0065569046419113874
USA	1	122500000	122599999	0.004995608702301979
USA	1	122600000	122699999	0.009060634765774012
USA	1	122700000	122799999	0.009192864410579205
USA	1	122800000	122899999	0.0036344260443001986
USA	1	122900000	122999999	0.006733020767569542
USA	1	123000000	123099999	0.008368881419301033
USA	1	123100000	123199999	0.004221375100314617
USA	1	123200000	123299999	0.004401407670229673
USA	1	123300000	123399999	0.0029484499245882034
USA	1	123400000	123499999	0.008130143396556377
USA	1	123500000	123599999	0.006601432338356972
USA	1	123600000	123699999	0.004576659295707941
USA	1	123700000	123799999	0.003351040417328477
USA	1	123800000	123899999	0.005944615695625544
USA	1	123900000	123999999	0.0032193853985518217
USA	1	124000000	124099999	0.004755883011966944
USA	1	124100000	124199999	0.005645127035677433
USA	1	124200000	124299999	0.005426647607237101
USA	1	124300000	124399999	0.008378851227462292
USA	1	124400000	124499999	0.00803285464644432
USA	1	124500000	124599999	0.006042306311428547
USA	1	124600000	124699999	0.007521342486143112
USA	1	124700000	124799999	0.005811774637550116
USA	1	124800000	124899999	0.004401407670229673
USA	1	124900000	124999999	0.00672950129956007
USA	1	125000000	125099999	0.005690706428140402
USA	1	125100000	125199999	0.0024824386928230524
USA	1	125200000	125299999	0.0037381635047495365
USA	1	125300000	125399999	0.0038980944082140923
USA	1	125400000	125499999	0.0035434341989457607
USA	1	125500000	125599999	0.002466251142323017
USA	1	125600000	125699999	0.004008122719824314
USA	1	125700000	125799999	0.0038663095328956842
USA	1	125800000	125899999	0.006310485303401947
USA	1	125900000	125999999	0.005539401900023222
USA	1	126000000	126099999	0.0036858385428786278
USA	1	126100000	126199999	0.006188597530126572
USA	1	126200000	126299999	0.004907616414129734
USA	1	126300000	126399999	0.006201127078384161
USA	1	126400000	126499999	0.005984202492982149
USA	1	126500000	126599999	0.0033006665762513876
USA	1	126600000	126699999	0.004743302706629038
USA	1	126700000	126799999	0.004796814639121294
USA	1	126800000	126899999	0.0037677306681871414
USA	1	126900000	126999999	0.006106680259108543
USA	1	127000000	127099999	0.007562866434454918
USA	1	127100000	127199999	0.003697388689033687
USA	1	127200000	127299999	0.004666467662900686
USA	1	127300000	127399999	0.008760868571698666
USA	1	127400000	127499999	0.004479823401197791
USA	1	127500000	127599999	0.0056763989850878716
USA	1	127600000	127699999	0.0064057945273816586
USA	1	127700000	127799999	0.006693520583212376
USA	1	127800000	127899999	0.003894628258422017
USA	1	127900000	127999999	0.005792062729597092
USA	1	128000000	128099999	0.004459060495719314
USA	1	128100000	128199999	0.0035459441132843494
USA	1	128200000	128299999	0.0060934764333069324
USA	1	128300000	128399999	0.004662845749408007
USA	1	128400000	128499999	0.005630125757306814
USA	1	128500000	128599999	0.004443699959665537
USA	1	128600000	128699999	0.003617993788793683
USA	1	128700000	128799999	0.004439034499228001
USA	1	128800000	128899999	0.006733020767569542
USA	1	128900000	128999999	0.003960641101002693
USA	1	129000000	129099999	0.002657247707247734
USA	1	129100000	129199999	0.002005163114517927
USA	1	129200000	129299999	0.0015390156768262386
USA	1	129300000	129399999	0.0027377137448638678
USA	1	129400000	129499999	0.00519936066120863
USA	1	129500000	129599999	0.0039724078960716724
USA	1	129600000	129699999	0.0060051740147173405
USA	1	129700000	129799999	0.00299645378254354
USA	1	129800000	129899999	0.005487341433763504
USA	1	129900000	129999999	0.008292924612760544
USA	1	130000000	130099999	0.008663877844810486
USA	1	130100000	130199999	0.003816793439909816
USA	1	130200000	130299999	0.0025716563686728477
USA	1	130300000	130399999	0.004040404222905636
USA	1	130400000	130499999	0.0023474181070923805
USA	1	130500000	130599999	0.011793993413448334
USA	1	130600000	130699999	0.0024126817006617785
USA	1	130700000	130799999	0.009483136236667633
USA	1	130800000	130899999	0.009012216702103615
USA	1	130900000	130999999	0.008287843316793442
USA	1	131000000	131099999	0.007884910330176353
USA	1	131100000	131199999	0.008405944798141718
USA	1	131200000	131299999	0.003339409362524748
USA	1	131300000	131399999	0.00338028185069561
USA	1	131400000	131499999	0.0053107840940356255
USA	1	131500000	131599999	0.0037669541779905558
USA	1	131600000	131699999	0.006741731893271208
USA	1	131700000	131799999	0.004927229136228561
USA	1	131800000	131899999	0.003825957188382745
USA	1	131900000	131999999	0.004831071011722088
USA	1	132000000	132099999	0.003789832815527916
USA	1	132100000	132199999	0.007126892916858196
USA	1	132200000	132299999	0.004856326850131154
USA	1	132300000	132399999	0.007904667407274246
USA	1	132400000	132499999	0.007459982763975859
USA	1	132500000	132599999	0.004629630129784346
USA	1	132600000	132699999	0.004431141074746847
USA	1	132700000	132799999	0.00610667560249567
USA	1	132800000	132899999	0.0036302199587225914
USA	1	132900000	132999999	0.009033101610839367
USA	1	133000000	133099999	0.0027341945096850395
USA	1	133100000	133199999	0.002616989193484187
USA	1	133200000	133299999	0.004767409525811672
USA	1	133300000	133399999	0.004430785309523344
USA	1	133400000	133499999	0.0045373402535915375
USA	1	133500000	133599999	0.006497456692159176
USA	1	133600000	133699999	0.006417087744921446
USA	1	133700000	133799999	0.003031779546290636
USA	1	133800000	133899999	0.00332640646956861
USA	1	133900000	133999999	0.004120879340916872
USA	1	134000000	134099999	0.00793833564966917
USA	1	134100000	134199999	0.011146456934511662
USA	1	134200000	134299999	0.010708716232329607
USA	1	134300000	134399999	0.010112832766026258
USA	1	134400000	134499999	0.004982597194612026
USA	1	134500000	134599999	0.006085061468183994
USA	1	134600000	134699999	0.0025206112768501043
USA	1	134700000	134799999	0.00453900545835495
USA	1	134800000	134899999	0.004862508736550808
USA	1	134900000	134999999	0.006770875304937363
USA	1	135000000	135099999	0.007752302568405867
USA	1	135100000	135199999	0.0061392406933009624
USA	1	135200000	135299999	0.004597438964992762
USA	1	135300000	135399999	0.005173865705728531
USA	1	135400000	135499999	0.0028895384166389704
USA	1	135500000	135599999	0.005107090808451176
USA	1	135600000	135699999	0.005846761167049408
USA	1	135700000	135799999	0.0032670297659933567
USA	1	135800000	135899999	0.008214316330850124
USA	1	135900000	135999999	0.006265908945351839
USA	1	136000000	136099999	0.0023588465992361307
USA	1	136100000	136199999	0.005094953812658787
USA	1	136200000	136299999	0.007352938409894705
USA	1	136300000	136399999	0.005988523829728365
USA	1	136400000	136499999	0.004990643821656704
USA	1	136500000	136599999	0.007295174058526754
USA	1	136600000	136699999	0.005456195212900639
USA	1	136700000	136799999	0.0038070748560130596
USA	1	136800000	136899999	0.005636132787913084
USA	1	136900000	136999999	0.008033640682697296
USA	1	137000000	137099999	0.008367594331502914
USA	1	137100000	137199999	0.00842272862792015
USA	1	137200000	137299999	0.007502964232116938
USA	1	137300000	137399999	0.008478512987494469
USA	1	137400000	137499999	0.005772755481302738
USA	1	137500000	137599999	0.004221951821818948
USA	1	137600000	137699999	0.007112086750566959
USA	1	137700000	137799999	0.009038800373673439
USA	1	137800000	137899999	0.003157250350341201
USA	1	137900000	137999999	0.004329233430325985
USA	1	138000000	138099999	0.0044441563077270985
USA	1	138100000	138199999	0.004780815914273262
USA	1	138200000	138299999	0.007076837122440338
USA	1	138300000	138399999	0.004793326836079359
USA	1	138400000	138499999	0.0035897432826459408
USA	1	138500000	138599999	0.007357604335993528
USA	1	138600000	138699999	0.005108528304845095
USA	1	138700000	138799999	0.004582942929118872
USA	1	138800000	138899999	0.007490169024094939
USA	1	138900000	138999999	0.00535578653216362
USA	1	139000000	139099999	0.00430374825373292
USA	1	139100000	139199999	0.0066413721069693565
USA	1	139200000	139299999	0.008621182292699814
USA	1	139300000	139399999	0.0075304340571165085
USA	1	139400000	139499999	0.007033548085018992
USA	1	139500000	139599999	0.006741268094629049
USA	1	139600000	139699999	0.005081044975668192
USA	1	139700000	139799999	0.006991121685132384
USA	1	139800000	139899999	0.004401405807584524
USA	1	139900000	139999999	0.004397752694785595
USA	1	140000000	140099999	0.007773151155561209
USA	1	140100000	140199999	0.004275488201528788
USA	1	140200000	140299999	0.008374100551009178
USA	1	140300000	140399999	0.0029275601264089346
USA	1	140400000	140499999	0.0036485260352492332
USA	1	140500000	140599999	0.0037844940088689327
USA	1	140600000	140699999	0.004064097534865141
USA	1	140700000	140799999	0.006105680949985981
USA	1	140800000	140899999	0.006290133809670806
USA	1	140900000	140999999	0.004629630129784346
USA	1	141000000	141099999	0.004120879340916872
USA	1	141100000	141199999	0.006142198573797941
USA	1	141200000	141299999	0.00568681675940752
USA	1	141300000	141399999	0.002727493643760681
USA	1	141400000	141499999	0.004429843509569764
USA	1	141500000	141599999	0.005840110592544079
USA	1	141600000	141699999	0.006859268061816692
USA	1	141700000	141799999	0.002937581855803728
USA	1	141800000	141899999	0.0047935498878359795
USA	1	141900000	141999999	0.009067105129361153
USA	1	142000000	142099999	0.00493494956754148
USA	1	142100000	142199999	0.007586469408124685
USA	1	142200000	142299999	0.009956899099051952
USA	1	142300000	142399999	0.004694934468716383
USA	1	142400000	142499999	0.005022832192480564
USA	1	142500000	142599999	0.002556286519393325
USA	1	142600000	142699999	0.004918819759041071
USA	1	142700000	142799999	0.0054869684390723705
USA	1	142800000	142899999	0.007517979480326176
USA	1	142900000	142999999	0.00459778867661953
USA	1	143000000	143099999	0.004885485861450434
USA	1	143100000	143199999	0.0064990888349711895
USA	1	143200000	143299999	0.008010384626686573
USA	1	143300000	143399999	0.0068077086471021175
USA	1	143400000	143499999	0.007141995243728161
USA	1	143500000	143599999	0.007143919821828604
USA	1	143600000	143699999	0.016611751168966293
USA	1	143700000	143799999	0.006335661746561527
USA	1	143800000	143899999	0.007295174524188042
USA	1	143900000	143999999	0.003492827760055661
USA	1	144000000	144099999	0.004334527533501387
USA	1	144100000	144199999	0.00586548401042819
USA	1	144200000	144299999	0.009837962687015533
USA	1	144300000	144399999	0.007364203687757254
USA	1	144400000	144499999	0.0031429780647158623
USA	1	144500000	144599999	0.006387921050190926
USA	1	144600000	144699999	0.006917675957083702
USA	1	144700000	144799999	0.008667097426950932
USA	1	144800000	144899999	0.005982799921184778
USA	1	144900000	144999999	0.007954517379403114
USA	1	145000000	145099999	0.011256429832428694
USA	1	145100000	145199999	0.0038643190637230873
USA	1	145200000	145299999	0.0044108796864748
USA	1	145300000	145399999	0.0038643195293843746
USA	1	145400000	145499999	0.005728078540414572
USA	1	145500000	145599999	0.004683836130425334
USA	1	145600000	145699999	0.006494310451671481
USA	1	145700000	145799999	0.004511084407567978
USA	1	145800000	145899999	0.006930781062692404
USA	1	145900000	145999999	0.012344117276370525
USA	1	146000000	146099999	0.011297434102743864
USA	1	146100000	146199999	0.004629630129784346
USA	1	146200000	146299999	0.008369979448616505
USA	1	146300000	146399999	0.007188146701082587
USA	1	146400000	146499999	0.006481481716036797
USA	1	146500000	146599999	0.0032201807480305433
USA	1	146600000	146699999	0.0027794663328677416
USA	1	146700000	146799999	0.008817157708108425
USA	1	146800000	146899999	0.006009481847286224
USA	1	146900000	146999999	0.003247455693781376
USA	1	147000000	147099999	0.0045014789793640375
USA	1	147100000	147199999	0.006708499509841204
USA	1	147200000	147299999	0.005890926346182823
USA	1	147300000	147399999	0.0040207733400166035
USA	1	147400000	147499999	0.0017286345828324556
USA	1	147500000	147599999	0.006404098588973284
USA	1	147600000	147699999	0.01889973133802414
USA	1	147700000	147799999	0.012977970764040947
USA	1	147800000	147899999	0.0037677306681871414
USA	1	147900000	147999999	0.002366022439673543
USA	1	148000000	148099999	0.003648525569587946
USA	1	148100000	148199999	0.0037381649017333984
USA	1	148200000	148299999	0.004084952641278505
USA	1	148300000	148399999	0.004429285414516926
USA	1	148400000	148499999	0.00378087698481977
USA	1	148500000	148599999	0.039428506046533585
USA	1	148600000	148699999	0.016358166933059692
USA	1	148700000	148799999	0.007613029098138213
USA	1	148800000	148899999	0.003517316421493888
USA	1	148900000	148999999	0.023688241839408875
USA	1	149000000	149099999	0.004048022907227278
USA	1	149100000	149199999	0.004743762547150254
USA	1	149200000	149299999	0.0044633010402321815
USA	1	149300000	149399999	0.003382901311852038
USA	1	149400000	149499999	0.012350749224424362
USA	1	149500000	149599999	0.025439348071813583
USA	1	149600000	149699999	0.02820361964404583
USA	1	149700000	149799999	0.025769436731934547
USA	1	149800000	149899999	0.016641912050545216
USA	1	149900000	149999999	0.017392217181622982
USA	1	150000000	150099999	0.015858618542551994
USA	1	150100000	150199999	0.015013045631349087
USA	1	150200000	150299999	0.008647852577269077
USA	1	150300000	150399999	0.004872692748904228
USA	1	150400000	150499999	0.005548411048948765
USA	1	150500000	150599999	0.003653536783531308
USA	1	150600000	150699999	0.0099563580006361
USA	1	150700000	150799999	0.0050654904916882515
USA	1	150800000	150899999	0.0034961539786309004
USA	1	150900000	150999999	0.0015379773685708642
USA	1	151000000	151099999	0.0023597475374117494
USA	1	151100000	151199999	0.002867761068046093
USA	1	151200000	151299999	0.003356778062880039
USA	1	151300000	151399999	0.003983254078775644
USA	1	151400000	151499999	0.005442616296932101
USA	1	151500000	151599999	0.0035186077002435923
USA	1	151600000	151699999	0.0015172740677371621
USA	1	151700000	151799999	0.0018773464253172278
USA	1	151800000	151899999	0.002368599409237504
USA	1	151900000	151999999	0.0032137339003384113
USA	1	152000000	152099999	0.0021583677735179663
USA	1	152100000	152199999	0.009060930460691452
USA	1	152200000	152299999	0.002295837621204555
USA	1	152300000	152399999	0.002931769471615553
USA	1	152400000	152499999	0.0020934490021318197
USA	1	152500000	152599999	0.002933200215920806
USA	1	152600000	152699999	0.001746177498716861
USA	1	152700000	152799999	0.0026642747689038515
USA	1	152800000	152899999	0.004227706231176853
USA	1	152900000	152999999	0.0018451496725901961
USA	1	153000000	153099999	0.0030557680875062943
USA	1	153100000	153199999	0.002636707853525877
USA	1	153200000	153299999	0.002342263236641884
USA	1	153300000	153399999	0.0016565718688070774
USA	1	153400000	153499999	0.00340580428019166
USA	1	153500000	153599999	0.0025206112768501043
USA	1	153600000	153699999	0.0017342863138765097
USA	1	153700000	153799999	0.002259422792121768
USA	1	153800000	153899999	0.002794091240502894
USA	1	153900000	153999999	0.002964829094707966
USA	1	154000000	154099999	0.002656917553395033
USA	1	154100000	154199999	0.0022507288958877325
USA	1	154200000	154299999	0.00383411580696702
USA	1	154300000	154399999	0.002313696430064738
USA	1	154400000	154499999	0.002437703078612685
USA	1	154500000	154599999	0.009874551557004452
USA	1	154600000	154699999	0.001377410371787846
USA	1	154700000	154799999	0.0017346993554383516
USA	1	154800000	154899999	0.0018972676480188966
USA	1	154900000	154999999	0.0021432458888739347
USA	1	155000000	155099999	0.003089167643338442
USA	1	155100000	155199999	0.0027272687293589115
USA	1	155200000	155299999	0.004429679363965988
USA	1	155300000	155399999	0.0036028483882546425
USA	1	155400000	155499999	0.009057304821908474
USA	1	155500000	155599999	0.00519936066120863
USA	1	155600000	155699999	0.01765766553580761
USA	1	155700000	155799999	0.003627079539000988
USA	1	155800000	155899999	0.00577196292579174
USA	1	155900000	155999999	0.0070145693607628345
USA	1	156000000	156099999	0.005115974694490433
USA	1	156100000	156199999	0.007970095612108707
USA	1	156200000	156299999	0.00961405597627163
USA	1	156300000	156399999	0.0033494001254439354
USA	1	156400000	156499999	0.003894628258422017
USA	1	156500000	156599999	0.009636140428483486
USA	1	156600000	156699999	0.003778770798817277
USA	1	156700000	156799999	0.002856538165360689
USA	1	156800000	156899999	0.002019740524701774
USA	1	156900000	156999999	0.009507054463028908
USA	1	157000000	157099999	0.003200518200173974
USA	1	157100000	157199999	0.0031471564434468746
USA	1	157200000	157299999	0.003113935934379697
USA	1	157300000	157399999	0.005389209371060133
USA	1	157400000	157499999	0.002237762324512005
USA	1	157500000	157599999	0.0018881536670960486
USA	1	157600000	157699999	0.00383411580696702
USA	1	157700000	157799999	0.0025729890912771225
USA	1	157800000	157899999	0.003898374503478408
USA	1	157900000	157999999	0.004013442434370518
USA	1	158000000	158099999	0.0014498144737444818
USA	1	158100000	158199999	0.00575094111263752
USA	1	158200000	158299999	0.0027983037289232016
USA	1	158300000	158399999	0.004013442434370518
USA	1	158400000	158499999	0.0036549707874655724
USA	1	158500000	158599999	0.002522211754694581
USA	1	158600000	158699999	0.004575458820909262
USA	1	158700000	158799999	0.007075756788253784
USA	1	158800000	158899999	0.004253873601555824
USA	1	158900000	158999999	0.0023237657733261585
USA	1	159000000	159099999	0.003972241654992104
USA	1	159100000	159199999	0.005297312047332525
USA	1	159200000	159299999	0.006341148633509874
USA	1	159300000	159399999	0.004189685918390751
USA	1	159400000	159499999	0.003226711880415678
USA	1	159500000	159599999	0.0033387283328920603
USA	1	159600000	159699999	0.008891797624528408
USA	1	159700000	159799999	0.009195169433951378
USA	1	159800000	159899999	0.018640240654349327
USA	1	159900000	159999999	0.012972770258784294
USA	1	160000000	160099999	0.018558444455266
USA	1	160100000	160199999	0.020481225103139877
USA	1	160200000	160299999	0.007904667407274246
USA	1	160300000	160399999	0.011196539271622896
USA	1	160400000	160499999	0.006731261033564806
USA	1	160500000	160599999	0.003982913680374622
USA	1	160600000	160699999	0.004831071011722088
USA	1	160700000	160799999	0.0028621822129935026
USA	1	160800000	160899999	0.004639542195945978
USA	1	160900000	160999999	0.00827595079317689
USA	1	161000000	161099999	0.00422035763040185
USA	1	161100000	161199999	0.01477099396288395
USA	1	161200000	161299999	0.008622889406979084
USA	1	161300000	161399999	0.01066787913441658
USA	1	161400000	161499999	0.010396976955235004
USA	1	161500000	161599999	0.01419370248913765
USA	1	161600000	161699999	0.004166037775576115
USA	1	161700000	161799999	0.007783158915117383
USA	1	161800000	161899999	0.00966239720582962
USA	1	161900000	161999999	0.018874645233154297
USA	1	162000000	162099999	0.01044448558241129
USA	1	162100000	162199999	0.010501379147171974
USA	1	162200000	162299999	0.015005983412265778
USA	1	162300000	162399999	0.0044149914756417274
USA	1	162400000	162499999	0.0036665855441242456
USA	1	162500000	162599999	0.0032627390464767814
USA	1	162600000	162699999	0.014431433752179146
USA	1	162700000	162799999	0.0063851336017251015
USA	1	162800000	162899999	0.0025729890912771225
USA	1	162900000	162999999	0.002109000226482749
USA	1	163000000	163099999	0.004197881557047367
USA	1	163100000	163199999	0.0035134560894221067
USA	1	163200000	163299999	0.0025613384786993265
USA	1	163300000	163399999	0.0055211684666574
USA	1	163400000	163499999	0.0035434341989457607
USA	1	163500000	163599999	0.005852842703461647
USA	1	163600000	163699999	0.00965731032192707
USA	1	163700000	163799999	0.0035082893446087837
USA	1	163800000	163899999	0.002437703078612685
USA	1	163900000	163999999	0.005751728313043714
USA	1	164000000	164099999	0.00670256488956511
USA	1	164100000	164199999	0.002559590619057417
USA	1	164200000	164299999	0.0039724078960716724
USA	1	164300000	164399999	0.0021895531099289656
USA	1	164400000	164499999	0.00562844006344676
USA	1	164500000	164599999	0.00820793304592371
USA	1	164600000	164699999	0.0027766770217567682
USA	1	164700000	164799999	0.003423499991185963
USA	1	164800000	164899999	0.002080319682136178
USA	1	164900000	164999999	0.0027135766576975584
USA	1	165000000	165099999	0.003413241822272539
USA	1	165100000	165199999	0.003475779667496681
USA	1	165200000	165299999	0.0060991100035607815
USA	1	165300000	165399999	0.0020582429133355618
USA	1	165400000	165499999	0.002342263236641884
USA	1	165500000	165599999	0.0025162731762975454
USA	1	165600000	165699999	0.0030923711601644754
USA	1	165700000	165799999	0.003328855149447918
USA	1	165800000	165899999	0.003648525569587946
USA	1	165900000	165999999	0.002692616661079228
USA	1	166000000	166099999	0.0033132857643067837
USA	1	166100000	166199999	0.00634686928242445
USA	1	166200000	166299999	0.008254106156527996
USA	1	166300000	166399999	0.003757380647584796
USA	1	166400000	166499999	0.00433569704182446
USA	1	166500000	166599999	0.0019381389720365405
USA	1	166600000	166699999	0.002856538165360689
USA	1	166700000	166799999	0.00471098255366087
USA	1	166800000	166899999	0.0021895531099289656
USA	1	166900000	166999999	0.014015762135386467
USA	1	167000000	167099999	0.008503487333655357
USA	1	167100000	167199999	0.012255767360329628
USA	1	167200000	167299999	0.09016536176204681
USA	1	167300000	167399999	0.002488290425390005
USA	1	167400000	167499999	0.004190431442111731
USA	1	167500000	167599999	0.002636707853525877
USA	1	167600000	167699999	0.003894628258422017
USA	1	167700000	167799999	0.003418112173676491
USA	1	167800000	167899999	0.0021090018562972546
USA	1	167900000	167999999	0.002522211754694581
USA	1	168000000	168099999	0.002329191891476512
USA	1	168100000	168199999	0.00291375326924026
USA	1	168200000	168299999	0.0072769541293382645
USA	1	168300000	168399999	0.006736867129802704
USA	1	168400000	168499999	0.00338028185069561
USA	1	168500000	168599999	0.004881867207586765
USA	1	168600000	168699999	0.004450095351785421
USA	1	168700000	168799999	0.0042696441523730755
USA	1	168800000	168899999	0.0074936156161129475
USA	1	168900000	168999999	0.004000603687018156
USA	1	169000000	169099999	0.00341973383910954
USA	1	169100000	169199999	0.008087941911071539
USA	1	169200000	169299999	0.005836665630340576
USA	1	169300000	169399999	0.006291427183896303
USA	1	169400000	169499999	0.004238027147948742
USA	1	169500000	169599999	0.004524391144514084
USA	1	169600000	169699999	0.006712504429742694
USA	1	169700000	169799999	0.00486843753606081
USA	1	169800000	169899999	0.006517380941659212
USA	1	169900000	169999999	0.0034130015410482883
USA	1	170000000	170099999	0.0037677306681871414
USA	1	170100000	170199999	0.004743302706629038
USA	1	170200000	170299999	0.0035434341989457607
USA	1	170300000	170399999	0.005491463001817465
USA	1	170400000	170499999	0.006772878114134073
USA	1	170500000	170599999	0.005055977497249842
USA	1	170600000	170699999	0.004163963254541159
USA	1	170700000	170799999	0.002913752803578973
USA	1	170800000	170899999	0.003254037001170218
USA	1	170900000	170999999	0.004576659295707941
USA	1	171000000	171099999	0.0038643190637230873
USA	1	171100000	171199999	0.008590461686253548
USA	1	171200000	171299999	0.004456086549907923
USA	1	171300000	171399999	0.002363445470109582
USA	1	171400000	171499999	0.005902180448174477
USA	1	171500000	171599999	0.004245854215696454
USA	1	171600000	171699999	0.011585704982280731
USA	1	171700000	171799999	0.003948800731450319
USA	1	171800000	171899999	0.005676940083503723
USA	1	171900000	171999999	0.005964205367490649
USA	1	172000000	172099999	0.0025206112768501043
USA	1	172100000	172199999	0.003206408000551164
USA	1	172200000	172299999	0.0033881908748298883
USA	1	172300000	172399999	0.0074247932061553
USA	1	172400000	172499999	0.003747770795598626
USA	1	172500000	172599999	0.01183987595140934
USA	1	172600000	172699999	0.04921380430459976
USA	1	172700000	172799999	0.0058736600913107395
USA	1	172800000	172899999	0.0027476996183395386
USA	1	172900000	172999999	0.0030373679473996162
USA	1	173000000	173099999	0.002512251492589712
USA	1	173100000	173199999	0.006357908248901367
USA	1	173200000	173299999	0.003219003789126873
USA	1	173300000	173399999	0.003981964662671089
USA	1	173400000	173499999	0.007189318537712097
USA	1	173500000	173599999	0.006180517841130495
USA	1	173600000	173699999	0.0037473170086741447
USA	1	173700000	173799999	0.0032107734587043524
USA	1	173800000	173899999	0.004135805647820234
USA	1	173900000	173999999	0.0029943438712507486
USA	1	174000000	174099999	0.004941311897709966
USA	1	174100000	174199999	0.004438911331817508
USA	1	174200000	174299999	0.00374883646145463
USA	1	174300000	174399999	0.0055211684666574
USA	1	174400000	174499999	0.007854056544601917
USA	1	174500000	174599999	0.004576659295707941
USA	1	174600000	174699999	0.004627089481800795
USA	1	174700000	174799999	0.005185093730688095
USA	1	174800000	174899999	0.005732913035899401
USA	1	174900000	174999999	0.004679835168644786
USA	1	175000000	175099999	0.006736867129802704
USA	1	175100000	175199999	0.005420953966677189
USA	1	175200000	175299999	0.0040207733400166035
USA	1	175300000	175399999	0.003366720164194703
USA	1	175400000	175499999	0.003983447793871164
USA	1	175500000	175599999	0.0070520073641091585
USA	1	175600000	175699999	0.005965100135654211
USA	1	175700000	175799999	0.008155440911650658
USA	1	175800000	175899999	0.004995608702301979
USA	1	175900000	175999999	0.006037047598510981
USA	1	176000000	176099999	0.0031234275083988905
USA	1	176100000	176199999	0.00474906200543046
USA	1	176200000	176299999	0.0056943208910524845
USA	1	176300000	176399999	0.004669504705816507
USA	1	176400000	176499999	0.00506186718121171
USA	1	176500000	176599999	0.007189318537712097
USA	1	176600000	176699999	0.010567632503807545
USA	1	176700000	176799999	0.011547848582267761
USA	1	176800000	176899999	0.0028649100568145514
USA	1	176900000	176999999	0.004099439829587936
USA	1	177000000	177099999	0.005743286572396755
USA	1	177100000	177199999	0.005961217917501926
USA	1	177200000	177299999	0.007718509528785944
USA	1	177300000	177399999	0.005538607947528362
USA	1	177400000	177499999	0.005666515324264765
USA	1	177500000	177599999	0.006849044701084495
USA	1	177600000	177699999	0.0087890625
USA	1	177700000	177799999	0.005609489977359772
USA	1	177800000	177899999	0.010504059493541718
USA	1	177900000	177999999	0.007199318613857031
USA	1	178000000	178099999	0.007139596622437239
USA	1	178100000	178199999	0.007355572190135717
USA	1	178200000	178299999	0.013283999636769295
USA	1	178300000	178399999	0.006793219596147537
USA	1	178400000	178499999	0.0040207733400166035
USA	1	178500000	178599999	0.004638750571757555
USA	1	178600000	178699999	0.007030392764136195
USA	1	178700000	178799999	0.006291427183896303
USA	1	178800000	178899999	0.004831071011722088
USA	1	178900000	178999999	0.007189318537712097
USA	1	179000000	179099999	0.005717627704143524
USA	1	179100000	179199999	0.014087785966694355
USA	1	179200000	179299999	0.0032223414164036512
USA	1	179300000	179399999	0.003929221071302891
USA	1	179400000	179499999	0.0073103567119687796
USA	1	179500000	179599999	0.007050992455333471
USA	1	179600000	179699999	0.008936543948948383
USA	1	179700000	179799999	0.005588339641690254
USA	1	179800000	179899999	0.006325473543256521
USA	1	179900000	179999999	0.0054030215833336115
USA	1	180000000	180099999	0.006448150146752596
USA	1	180100000	180199999	0.006529325619339943
USA	1	180200000	180299999	0.007674543419852853
USA	1	180300000	180399999	0.010167032480239868
USA	1	180400000	180499999	0.010721636936068535
USA	1	180500000	180599999	0.010194510221481323
USA	1	180600000	180699999	0.00776814017444849
USA	1	180700000	180799999	0.0028855556156486273
USA	1	180800000	180899999	0.009354207664728165
USA	1	180900000	180999999	0.00824266392737627
USA	1	181000000	181099999	0.007017584051936865
USA	1	181100000	181199999	0.008567094337195158
USA	1	181200000	181299999	0.012198019307106733
USA	1	181300000	181399999	0.006040964741259813
USA	1	181400000	181499999	0.014588347170501947
USA	1	181500000	181599999	0.005306912586092949
USA	1	181600000	181699999	0.00688683707267046
USA	1	181700000	181799999	0.010487601161003113
USA	1	181800000	181899999	0.0077734694350510836
USA	1	181900000	181999999	0.011475739069283009
USA	1	182000000	182099999	0.007552336435765028
USA	1	182100000	182199999	0.007746356539428234
USA	1	182200000	182299999	0.008590461686253548
USA	1	182300000	182399999	0.007442934904247522
USA	1	182400000	182499999	0.0051895733922719955
USA	1	182500000	182599999	0.00877638254314661
USA	1	182600000	182699999	0.0139627899043262
USA	1	182700000	182799999	0.007889899425208569
USA	1	182800000	182899999	0.006304824259132147
USA	1	182900000	182999999	0.009834717959165573
USA	1	183000000	183099999	0.009217323735356331
USA	1	183100000	183199999	0.004018271341919899
USA	1	183200000	183299999	0.006544942501932383
USA	1	183300000	183399999	0.008996724151074886
USA	1	183400000	183499999	0.010361941531300545
USA	1	183500000	183599999	0.0070939334109425545
USA	1	183600000	183699999	0.008176255039870739
USA	1	183700000	183799999	0.008814535103738308
USA	1	183800000	183899999	0.01285478938370943
USA	1	183900000	183999999	0.004928873386234045
USA	1	184000000	184099999	0.004029465140774846
USA	1	184100000	184199999	0.004163963254541159
USA	1	184200000	184299999	0.006953246891498566
USA	1	184300000	184399999	0.004673460498452187
USA	1	184400000	184499999	0.011582313105463982
USA	1	184500000	184599999	0.012419871054589748
USA	1	184600000	184699999	0.0048430971801280975
USA	1	184700000	184799999	0.0029943438712507486
USA	1	184800000	184899999	0.010997808538377285
USA	1	184900000	184999999	0.012235448695719242
USA	1	185000000	185099999	0.010035349987447262
USA	1	185100000	185199999	0.011089826002717018
USA	1	185200000	185299999	0.007242686115205288
USA	1	185300000	185399999	0.005989377852529287
USA	1	185400000	185499999	0.005981262307614088
USA	1	185500000	185599999	0.012038039974868298
USA	1	185600000	185699999	0.0035594652872532606
USA	1	185700000	185799999	0.008004125207662582
USA	1	185800000	185899999	0.012433388270437717
USA	1	185900000	185999999	0.006388368317857385
USA	1	186000000	186099999	0.00895988754928112
USA	1	186100000	186199999	0.013203700073063374
USA	1	186200000	186299999	0.019426923245191574
USA	1	186300000	186399999	0.007415240630507469
USA	1	186400000	186499999	0.011461691930890083
USA	1	186500000	186599999	0.008029886521399021
USA	1	186600000	186699999	0.007242681458592415
USA	1	186700000	186799999	0.010974466800689697
USA	1	186800000	186899999	0.009853755123913288
USA	1	186900000	186999999	0.01436423510313034
USA	1	187000000	187099999	0.007635745452716947
USA	1	187100000	187199999	0.008428574074059725
USA	1	187200000	187299999	0.006372047122567892
USA	1	187300000	187399999	0.00707314838655293
USA	1	187400000	187499999	0.007694308180361986
USA	1	187500000	187599999	0.014689612202346325
USA	1	187600000	187699999	0.011492387857288122
USA	1	187700000	187799999	0.009881165809929371
USA	1	187800000	187899999	0.008358156308531761
USA	1	187900000	187999999	0.016126537695527077
USA	1	188000000	188099999	0.009964704979211092
USA	1	188100000	188199999	0.006467060185968876
USA	1	188200000	188299999	0.003224433632567525
USA	1	188300000	188399999	0.00823834165930748
USA	1	188400000	188499999	0.007635880960151553
USA	1	188500000	188599999	0.008774630725383759
USA	1	188600000	188699999	0.005003829021006823
USA	1	188700000	188799999	0.0072771040722727776
USA	1	188800000	188899999	0.006737786810845137
USA	1	188900000	188999999	0.012453787960112095
USA	1	189000000	189099999	0.006154273170977831
USA	1	189100000	189199999	0.005187417380511761
USA	1	189200000	189299999	0.006841021589934826
USA	1	189300000	189399999	0.006601432338356972
USA	1	189400000	189499999	0.005540539510548115
USA	1	189500000	189599999	0.005410260055214167
USA	1	189600000	189699999	0.009482784662395716
USA	1	189700000	189799999	0.009442104026675224
USA	1	189800000	189899999	0.005116707179695368
USA	1	189900000	189999999	0.007408118341118097
USA	1	190000000	190099999	0.005420953966677189
USA	1	190100000	190199999	0.003496503923088312
USA	1	190200000	190299999	0.006553032901138067
USA	1	190300000	190399999	0.0027183296624571085
USA	1	190400000	190499999	0.005508038215339184
USA	1	190500000	190599999	0.007264742162078619
USA	1	190600000	190699999	0.005944615695625544
USA	1	190700000	190799999	0.006765842903405428
USA	1	190800000	190899999	0.0071270763874053955
USA	1	190900000	190999999	0.009241360239684582
USA	1	191000000	191099999	0.006603475194424391
USA	1	191100000	191199999	0.005817565135657787
USA	1	191200000	191299999	0.005389209371060133
USA	1	191300000	191399999	0.007432601880282164
USA	1	191400000	191499999	0.0047935498878359795
USA	1	191500000	191599999	0.002933200215920806
USA	1	191600000	191699999	0.006072778720408678
USA	1	191700000	191799999	0.010318438056856394
USA	1	191800000	191899999	0.0041669136844575405
USA	1	191900000	191999999	0.006291427183896303
USA	1	192000000	192099999	0.006405617110431194
USA	1	192100000	192199999	0.006291427183896303
USA	1	192200000	192299999	0.01049866620451212
USA	1	192300000	192399999	0.013910931535065174
USA	1	192400000	192499999	0.013255220837891102
USA	1	192500000	192599999	0.011417806148529053
USA	1	192600000	192699999	0.008977552875876427
USA	1	192700000	192799999	0.0049720583483576775
USA	1	192800000	192899999	0.0054869684390723705
USA	1	192900000	192999999	0.007929575629532337
USA	1	193000000	193099999	0.007195877376943827
USA	1	193100000	193199999	0.0061327568255364895
USA	1	193200000	193299999	0.006458874559029937
USA	1	193300000	193399999	0.004511084407567978
USA	1	193400000	193499999	0.008116412907838821
USA	1	193500000	193599999	0.008219955489039421
USA	1	193600000	193699999	0.00984093639999628
USA	1	193700000	193799999	0.007105556316673756
USA	1	193800000	193899999	0.009342784993350506
USA	1	193900000	193999999	0.00480439281091094
USA	1	194000000	194099999	0.005121386609971523
USA	1	194100000	194199999	0.003273322246968746
USA	1	194200000	194299999	0.0021562748588621616
USA	1	194300000	194399999	0.003330499166622758
USA	1	194400000	194499999	0.006304824259132147
USA	1	194500000	194599999	0.003518610028550029
USA	1	194600000	194699999	0.012091049458831549
USA	1	194700000	194799999	0.007714441046118736
USA	1	194800000	194899999	0.003894628258422017
USA	1	194900000	194999999	0.002913752803578973
USA	1	195000000	195099999	0.005577952601015568
USA	1	195100000	195199999	0.002924280008301139
USA	1	195200000	195299999	0.006867412710562348
USA	1	195300000	195399999	0.007247637957334518
USA	1	195400000	195499999	0.005344312638044357
USA	1	195500000	195599999	0.007718099746853113
USA	1	195600000	195699999	0.0035779194440692663
USA	1	195700000	195799999	0.005002603400498629
USA	1	195800000	195899999	0.008014705032110214
USA	1	195900000	195999999	0.008337698876857758
USA	1	196000000	196099999	0.007644037716090679
USA	1	196100000	196199999	0.006168163847178221
USA	1	196200000	196299999	0.005876592360436916
USA	1	196300000	196399999	0.008209118619561195
USA	1	196400000	196499999	0.008992606773972511
USA	1	196500000	196599999	0.006923175882548094
USA	1	196600000	196699999	0.007557791192084551
USA	1	196700000	196799999	0.005564182531088591
USA	1	196800000	196899999	0.006167883053421974
USA	1	196900000	196999999	0.004682671511545777
USA	1	197000000	197099999	0.007557103410363197
USA	1	197100000	197199999	0.006042153807356954
USA	1	197200000	197299999	0.005980420857667923
USA	1	197300000	197399999	0.008341647684574127
USA	1	197400000	197499999	0.007745728362351656
USA	1	197500000	197599999	0.007091562729328871
USA	1	197600000	197699999	0.006309501361101866
USA	1	197700000	197799999	0.009106861893087626
USA	1	197800000	197899999	0.008712522685527802
USA	1	197900000	197999999	0.008163188584148884
USA	1	198000000	198099999	0.009721998125314713
USA	1	198100000	198199999	0.009651757776737213
USA	1	198200000	198299999	0.008056959137320518
USA	1	198300000	198399999	0.015506012365221977
USA	1	198400000	198499999	0.014993039425462484
USA	1	198500000	198599999	0.008457030169665813
USA	1	198600000	198699999	0.006466271821409464
USA	1	198700000	198799999	0.015103844925761223
USA	1	198800000	198899999	0.006736867129802704
USA	1	198900000	198999999	0.018122583627700806
USA	1	199000000	199099999	0.00893654115498066
USA	1	199100000	199199999	0.007727849297225475
USA	1	199200000	199299999	0.011634880676865578
USA	1	199300000	199399999	0.006947471294552088
USA	1	199400000	199499999	0.016121262684464455
USA	1	199500000	199599999	0.005789234768599272
USA	1	199600000	199699999	0.006760061718523502
USA	1	199700000	199799999	0.0074715083464980125
USA	1	199800000	199899999	0.006592896766960621
USA	1	199900000	199999999	0.012693231925368309
USA	1	200000000	200099999	0.00805552490055561
USA	1	200100000	200199999	0.004897837061434984
USA	1	200200000	200299999	0.002931769471615553
USA	1	200300000	200399999	0.0035090327728539705
USA	1	200400000	200499999	0.004118710290640593
USA	1	200500000	200599999	0.004832033533602953
USA	1	200600000	200699999	0.0059449258260428905
USA	1	200700000	200799999	0.009072700515389442
USA	1	200800000	200899999	0.005623748991638422
USA	1	200900000	200999999	0.004108094144612551
USA	1	201000000	201099999	0.0048804571852087975
USA	1	201100000	201199999	0.005511345341801643
USA	1	201200000	201299999	0.004873683210462332
USA	1	201300000	201399999	0.0055163586512207985
USA	1	201400000	201499999	0.004743302706629038
USA	1	201500000	201599999	0.005090747959911823
USA	1	201600000	201699999	0.007440474815666676
USA	1	201700000	201799999	0.004539006855338812
USA	1	201800000	201899999	0.0033045477466657758
USA	1	201900000	201999999	0.005115974694490433
USA	1	202000000	202099999	0.006761942058801651
USA	1	202100000	202199999	0.0058779027312994
USA	1	202200000	202299999	0.00372770125977695
USA	1	202300000	202399999	0.006299172295257449
USA	1	202400000	202499999	0.005422969348728657
USA	1	202500000	202599999	0.007406576536595821
USA	1	202600000	202699999	0.007866320200264454
USA	1	202700000	202799999	0.004556747851893306
USA	1	202800000	202899999	0.004764001350849867
USA	1	202900000	202999999	0.006930773612111807
USA	1	203000000	203099999	0.0042073666118085384
USA	1	203100000	203199999	0.0107783367857337
USA	1	203200000	203299999	0.007162566762417555
USA	1	203300000	203399999	0.010797164402902126
USA	1	203400000	203499999	0.007766264956444502
USA	1	203500000	203599999	0.0047935498878359795
USA	1	203600000	203699999	0.003526102751493454
USA	1	203700000	203799999	0.002820086432620883
USA	1	203800000	203899999	0.004860084503889084
USA	1	203900000	203999999	0.00577196292579174
USA	1	204000000	204099999	0.007468182127922773
USA	1	204100000	204199999	0.004669382702559233
USA	1	204200000	204299999	0.0056640999391674995
USA	1	204300000	204399999	0.010092533193528652
USA	1	204400000	204499999	0.003876430098898709
USA	1	204500000	204599999	0.003638544352725148
USA	1	204600000	204699999	0.005020196083933115
USA	1	204700000	204799999	0.007462495006620884
USA	1	204800000	204899999	0.009439066983759403
USA	1	204900000	204999999	0.002725111902691424
USA	1	205000000	205099999	0.00428767642006278
USA	1	205100000	205199999	0.006235036067664623
USA	1	205200000	205299999	0.007771768141537905
USA	1	205300000	205399999	0.006039348430931568
USA	1	205400000	205499999	0.004793545696884394
USA	1	205500000	205599999	0.002257821848616004
USA	1	205600000	205699999	0.002657247707247734
USA	1	205700000	205799999	0.002983412006869912
USA	1	205800000	205899999	0.004262370988726616
USA	1	205900000	205999999	0.005593223497271538
USA	1	206000000	206099999	0.008386383764445782
USA	1	206100000	206199999	0.00735984044149518
USA	1	206200000	206299999	0.009457819163799286
USA	1	206300000	206399999	0.003205124754458666
USA	1	206400000	206499999	0.004276828374713659
USA	1	206500000	206599999	0.005821762140840292
USA	1	206600000	206699999	0.0040207733400166035
USA	1	206700000	206799999	0.0055211684666574
USA	1	206800000	206899999	0.005769052542746067
USA	1	206900000	206999999	0.006414056988433003
USA	1	207000000	207099999	0.004379419609904289
USA	1	207100000	207199999	0.008811458945274353
USA	1	207200000	207299999	0.01025400124490261
USA	1	207300000	207399999	0.008051278069615364
USA	1	207400000	207499999	0.004277834203094244
USA	1	207500000	207599999	0.0034480716567486525
USA	1	207600000	207699999	0.007974531501531601
USA	1	207700000	207799999	0.005893182009458542
USA	1	207800000	207899999	0.003609440289437771
USA	1	207900000	207999999	0.004322957247495651
USA	1	208000000	208099999	0.005187417380511761
USA	1	208100000	208199999	0.005415972322225571
USA	1	208200000	208299999	0.007421314250677824
USA	1	208300000	208399999	0.009844745509326458
USA	1	208400000	208499999	0.006077621132135391
USA	1	208500000	208599999	0.004190431442111731
USA	1	208600000	208699999	0.004529690835624933
USA	1	208700000	208799999	0.002363445470109582
USA	1	208800000	208899999	0.0020422653760761023
USA	1	208900000	208999999	0.001398094347678125
USA	1	209000000	209099999	0.002257821848616004
USA	1	209100000	209199999	0.001809400855563581
USA	1	209200000	209299999	0.0021102502942085266
USA	1	209300000	209399999	0.005117983091622591
USA	1	209400000	209499999	0.0061982241459190845
USA	1	209500000	209599999	0.00678019062615931
USA	1	209600000	209699999	0.004096681717783213
USA	1	209700000	209799999	0.0074320402927696705
USA	1	209800000	209899999	0.005286843981593847
USA	1	209900000	209999999	0.002646484412252903
USA	1	210000000	210099999	0.006518302485346794
USA	1	210100000	210199999	0.005935862194746733
USA	1	210200000	210299999	0.006367581430822611
USA	1	210300000	210399999	0.0049063838087022305
USA	1	210400000	210499999	0.004508061334490776
USA	1	210500000	210599999	0.00299645378254354
USA	1	210600000	210699999	0.0035445643588900566
USA	1	210700000	210799999	0.004980630706995726
USA	1	210800000	210899999	0.0050988285802304745
USA	1	210900000	210999999	0.006203933153301477
USA	1	211000000	211099999	0.0036873723147436976
USA	1	211100000	211199999	0.005767811089754105
USA	1	211200000	211299999	0.006119087804108858
USA	1	211300000	211399999	0.0031449507223442197
USA	1	211400000	211499999	0.004499831236898899
USA	1	211500000	211599999	0.0025118966586887836
USA	1	211600000	211699999	0.003925715573132038
USA	1	211700000	211799999	0.0023390320129692554
USA	1	211800000	211899999	0.0025015638675540686
USA	1	211900000	211999999	0.0028270187322050333
USA	1	212000000	212099999	0.004232676234096289
USA	1	212100000	212199999	0.0033670971170067787
USA	1	212200000	212299999	0.004078790312632918
USA	1	212300000	212399999	0.005326395854353905
USA	1	212400000	212499999	0.005956288427114487
USA	1	212500000	212599999	0.0049455491825938225
USA	1	212600000	212699999	0.001936979009769857
USA	1	212700000	212799999	0.003215513890609145
USA	1	212800000	212899999	0.00668655289337039
USA	1	212900000	212999999	0.0031857809517532587
USA	1	213000000	213099999	0.005155743099749088
USA	1	213100000	213199999	0.005626867990940809
USA	1	213200000	213299999	0.0079030841588974
USA	1	213300000	213399999	0.005193908233195543
USA	1	213400000	213499999	0.006186053156852722
USA	1	213500000	213599999	0.00506695918738842
USA	1	213600000	213699999	0.004408594686537981
USA	1	213700000	213799999	0.004138373304158449
USA	1	213800000	213899999	0.005003418540582061
USA	1	213900000	213999999	0.003816793439909816
USA	1	214000000	214099999	0.004937505815178156
USA	1	214100000	214199999	0.004033413249999285
USA	1	214200000	214299999	0.006529325619339943
USA	1	214300000	214399999	0.008057747967541218
USA	1	214400000	214499999	0.0034508880926296115
USA	1	214500000	214599999	0.0026455025654286146
USA	1	214600000	214699999	0.006064476212486625
USA	1	214700000	214799999	0.005634897854179144
USA	1	214800000	214899999	0.008117514662444592
USA	1	214900000	214999999	0.004519067006185651
USA	1	215000000	215099999	0.007940506562590599
USA	1	215100000	215199999	0.004048771224915981
USA	1	215200000	215299999	0.006722151767462492
USA	1	215300000	215399999	0.003866309067234397
USA	1	215400000	215499999	0.004858887055888772
USA	1	215500000	215599999	0.003945240750908852
USA	1	215600000	215699999	0.005752272438257933
USA	1	215700000	215799999	0.00421783234924078
USA	1	215800000	215899999	0.0035569968167692423
USA	1	215900000	215999999	0.004888645373284817
USA	1	216000000	216099999	0.004296788480132818
USA	1	216100000	216199999	0.0037243833066895604
USA	1	216200000	216299999	0.004125766921788454
USA	1	216300000	216399999	0.0053917826153337955
USA	1	216400000	216499999	0.006871632765978575
USA	1	216500000	216599999	0.007861238904297352
USA	1	216600000	216699999	0.0034178479108959436
USA	1	216700000	216799999	0.0048035490326583385
USA	1	216800000	216899999	0.004070975352078676
USA	1	216900000	216999999	0.0043868329375982285
USA	1	217000000	217099999	0.006993022747337818
USA	1	217100000	217199999	0.005360090639442205
USA	1	217200000	217299999	0.005540353246033192
USA	1	217300000	217399999	0.006203933153301477
USA	1	217400000	217499999	0.0094418884254992
USA	1	217500000	217599999	0.005006672348827124
USA	1	217600000	217699999	0.005732913035899401
USA	1	217700000	217799999	0.0038643190637230873
USA	1	217800000	217899999	0.006259556394070387
USA	1	217900000	217999999	0.002805897733196616
USA	1	218000000	218099999	0.0067678177729249
USA	1	218100000	218199999	0.0110243558883667
USA	1	218200000	218299999	0.006442327983677387
USA	1	218300000	218399999	0.0036927866749465466
USA	1	218400000	218499999	0.004901961423456669
USA	1	218500000	218599999	0.0033815352944657207
USA	1	218600000	218699999	0.005732913035899401
USA	1	218700000	218799999	0.004381523933261633
USA	1	218800000	218899999	0.0036719648633152246
USA	1	218900000	218999999	0.004501816350966692
USA	1	219000000	219099999	0.0033497929107397795
USA	1	219100000	219199999	0.004901961423456669
USA	1	219200000	219299999	0.00681130588054657
USA	1	219300000	219399999	0.00706512900069356
USA	1	219400000	219499999	0.004604533780366182
USA	1	219500000	219599999	0.005745791830122471
USA	1	219600000	219699999	0.008411455899477005
USA	1	219700000	219799999	0.009144432377070189
USA	1	219800000	219899999	0.006029285956174135
USA	1	219900000	219999999	0.005876592360436916
USA	1	220000000	220099999	0.006106680259108543
USA	1	220100000	220199999	0.002363445470109582
USA	1	220200000	220299999	0.0057615661062300205
USA	1	220300000	220399999	0.004858614876866341
USA	1	220400000	220499999	0.005003831349313259
USA	1	220500000	220599999	0.0034872740507125854
USA	1	220600000	220699999	0.003862993558868766
USA	1	220700000	220799999	0.00595031981356442
USA	1	220800000	220899999	0.0034678438678383827
USA	1	220900000	220999999	0.005038774572312832
USA	1	221000000	221099999	0.0047196566592901945
USA	1	221100000	221199999	0.004422463942319155
USA	1	221200000	221299999	0.004527600482106209
USA	1	221300000	221399999	0.004654217045754194
USA	1	221400000	221499999	0.002657247707247734
USA	1	221500000	221599999	0.00427135219797492
USA	1	221600000	221699999	0.006491164211183786
USA	1	221700000	221799999	0.0033572190441191196
USA	1	221800000	221899999	0.005323492921888828
USA	1	221900000	221999999	0.008947991766035557
USA	1	222000000	222099999	0.00379719166085124
USA	1	222100000	222199999	0.003543674014508724
USA	1	222200000	222299999	0.0033226213417947292
USA	1	222300000	222399999	0.003894628258422017
USA	1	222400000	222499999	0.0029275601264089346
USA	1	222500000	222599999	0.003653536783531308
USA	1	222600000	222699999	0.006432452704757452
USA	1	222700000	222799999	0.0027971843956038356
USA	1	222800000	222899999	0.00424773758277297
USA	1	222900000	222999999	0.006952894385904074
USA	1	223000000	223099999	0.007634154986590147
USA	1	223100000	223199999	0.003518610028550029
USA	1	223200000	223299999	0.003879307769238949
USA	1	223300000	223399999	0.005460427142679691
USA	1	223400000	223499999	0.009248118847608566
USA	1	223500000	223599999	0.005772293545305729
USA	1	223600000	223699999	0.0051702880300581455
USA	1	223700000	223799999	0.005906952545046806
USA	1	223800000	223899999	0.0044824592769145966
USA	1	223900000	223999999	0.002095307456329465
USA	1	224000000	224099999	0.005461134947836399
USA	1	224100000	224199999	0.0047506834380328655
USA	1	224200000	224299999	0.00627170642837882
USA	1	224300000	224399999	0.0039158049039542675
USA	1	224400000	224499999	0.004031898453831673
USA	1	224500000	224599999	0.005817807279527187
USA	1	224600000	224699999	0.005742189008742571
USA	1	224700000	224799999	0.005588129162788391
USA	1	224800000	224899999	0.004309036303311586
USA	1	224900000	224999999	0.005055294372141361
USA	1	225000000	225099999	0.005765226203948259
USA	1	225100000	225199999	0.003657663008198142
USA	1	225200000	225299999	0.004120879340916872
USA	1	225300000	225399999	0.005613318644464016
USA	1	225400000	225499999	0.004764212295413017
USA	1	225500000	225599999	0.006436344236135483
USA	1	225600000	225699999	0.004187605809420347
USA	1	225700000	225799999	0.005655708722770214
USA	1	225800000	225899999	0.006789826788008213
USA	1	225900000	225999999	0.003841336350888014
USA	1	226000000	226099999	0.007562708808109164
USA	1	226100000	226199999	0.004336090758442879
USA	1	226200000	226299999	0.003882915712893009
USA	1	226300000	226399999	0.005632379092276096
USA	1	226400000	226499999	0.0036799090448766947
USA	1	226500000	226599999	0.004094160161912441
USA	1	226600000	226699999	0.005449128802865744
USA	1	226700000	226799999	0.0063240183517336845
USA	1	226800000	226899999	0.0044108796864748
USA	1	226900000	226999999	0.006662933621555567
USA	1	227000000	227099999	0.0050486852414906025
USA	1	227100000	227199999	0.0058660118374973536
USA	1	227200000	227299999	0.0044658437836915255
USA	1	227300000	227399999	0.005712594371289015
USA	1	227400000	227499999	0.0071107372641563416
USA	1	227500000	227599999	0.006320483051240444
USA	1	227600000	227699999	0.004093877971172333
USA	1	227700000	227799999	0.006421623285859823
USA	1	227800000	227899999	0.0045975311659276485
USA	1	227900000	227999999	0.008274950087070465
USA	1	228000000	228099999	0.005024145822972059
USA	1	228100000	228199999	0.007459562970325351
USA	1	228200000	228299999	0.007614470086991787
USA	1	228300000	228399999	0.007240745704621077
USA	1	228400000	228499999	0.00618073670193553
USA	1	228500000	228599999	0.0027605914510786533
USA	1	228600000	228699999	0.006219220347702503
USA	1	228700000	228799999	0.008549278602004051
USA	1	228800000	228899999	0.005385487340390682
USA	1	228900000	228999999	0.005771572235971689
USA	1	229000000	229099999	0.00701034558005631
USA	1	229100000	229199999	0.006800475064665079
USA	1	229200000	229299999	0.009516745805740356
USA	1	229300000	229399999	0.006995388772338629
USA	1	229400000	229499999	0.007770143914967775
USA	1	229500000	229599999	0.005302896723151207
USA	1	229600000	229699999	0.00681590661406517
USA	1	229700000	229799999	0.004471214953809977
USA	1	229800000	229899999	0.006630730349570513
USA	1	229900000	229999999	0.0070939334109425545
USA	1	230000000	230099999	0.006120710633695126
USA	1	230100000	230199999	0.0048225149512290955
USA	1	230200000	230299999	0.004928367445245385
USA	1	230300000	230399999	0.004879835993051529
USA	1	230400000	230499999	0.008828393649309874
USA	1	230500000	230599999	0.0065664928406476974
USA	1	230600000	230699999	0.0055004749447107315
USA	1	230700000	230799999	0.00888354703783989
USA	1	230800000	230899999	0.004242184106260538
USA	1	230900000	230999999	0.005268646404147148
USA	1	231000000	231099999	0.006211880128830671
USA	1	231100000	231199999	0.0031495816074311733
USA	1	231200000	231299999	0.00568681675940752
USA	1	231300000	231399999	0.008931517601013184
USA	1	231400000	231499999	0.005885259713977575
USA	1	231500000	231599999	0.007180916611105204
USA	1	231600000	231699999	0.00541298370808363
USA	1	231700000	231799999	0.005157206207513809
USA	1	231800000	231899999	0.009155097883194685
USA	1	231900000	231999999	0.004013442434370518
USA	1	232000000	232099999	0.006440647877752781
USA	1	232100000	232199999	0.005134331062436104
USA	1	232200000	232299999	0.004867482930421829
USA	1	232300000	232399999	0.006683893036097288
USA	1	232400000	232499999	0.006277628242969513
USA	1	232500000	232599999	0.004089739173650742
USA	1	232600000	232699999	0.005479554645717144
USA	1	232700000	232799999	0.006710472051054239
USA	1	232800000	232899999	0.006805621087551117
USA	1	232900000	232999999	0.005371579900383949
USA	1	233000000	233099999	0.00448638666421175
USA	1	233100000	233199999	0.008058191277086735
USA	1	233200000	233299999	0.005440948065370321
USA	1	233300000	233399999	0.0036365720443427563
USA	1	233400000	233499999	0.008747815154492855
USA	1	233500000	233599999	0.006344612222164869
USA	1	233600000	233699999	0.007194158621132374
USA	1	233700000	233799999	0.007635744754225016
USA	1	233800000	233899999	0.0049776341766119
USA	1	233900000	233999999	0.005113811232149601
USA	1	234000000	234099999	0.005546055734157562
USA	1	234100000	234199999	0.004376442637294531
USA	1	234200000	234299999	0.005482182605192065
USA	1	234300000	234399999	0.005718164145946503
USA	1	234400000	234499999	0.007582769729197025
USA	1	234500000	234599999	0.003842164296656847
USA	1	234600000	234699999	0.005095108412206173
USA	1	234700000	234799999	0.007243087748065591
USA	1	234800000	234899999	0.004833813291043043
USA	1	234900000	234999999	0.00617500115185976
USA	1	235000000	235099999	0.005268646404147148
USA	1	235100000	235199999	0.005714285187423229
USA	1	235200000	235299999	0.007836572825908661
USA	1	235300000	235399999	0.007669160608202219
USA	1	235400000	235499999	0.010833528824150562
USA	1	235500000	235599999	0.005926394369453192
USA	1	235600000	235699999	0.007931803353130817
USA	1	235700000	235799999	0.007942259311676025
USA	1	235800000	235899999	0.009247724898159504
USA	1	235900000	235999999	0.007051900029182434
USA	1	236000000	236099999	0.004275488201528788
USA	1	236100000	236199999	0.011779105756431818
USA	1	236200000	236299999	0.005385487340390682
USA	1	236300000	236399999	0.006437398958951235
USA	1	236400000	236499999	0.008137721568346024
USA	1	236500000	236599999	0.00162508524954319
USA	1	236600000	236699999	0.0061731524765491486
USA	1	236700000	236799999	0.00819250289350748
USA	1	236800000	236899999	0.01226580049842596
USA	1	236900000	236999999	0.005783594213426113
USA	1	237000000	237099999	0.013418459333479404
USA	1	237100000	237199999	0.008171912282705307
USA	1	237200000	237299999	0.009151963982731104
USA	1	237300000	237399999	0.00463821878656745
USA	1	237400000	237499999	0.006251276936382055
USA	1	237500000	237599999	0.011348246596753597
USA	1	237600000	237699999	0.007636785972863436
USA	1	237700000	237799999	0.009112668223679066
USA	1	237800000	237899999	0.006647130940109491
USA	1	237900000	237999999	0.006237485911697149
USA	1	238000000	238099999	0.004480294417589903
USA	1	238100000	238199999	0.005273209419101477
USA	1	238200000	238299999	0.005144084803760052
USA	1	238300000	238399999	0.007116766180843115
USA	1	238400000	238499999	0.005842148791998625
USA	1	238500000	238599999	0.006401622202247381
USA	1	238600000	238699999	0.004966106731444597
USA	1	238700000	238799999	0.0038272531237453222
USA	1	238800000	238899999	0.006230031605809927
USA	1	238900000	238999999	0.005316573660820723
USA	1	239000000	239099999	0.005915983114391565
USA	1	239100000	239199999	0.006964609492570162
USA	1	239200000	239299999	0.0054198517464101315
USA	1	239300000	239399999	0.002449789782986045
USA	1	239400000	239499999	0.004644807428121567
USA	1	239500000	239599999	0.004120880272239447
USA	1	239600000	239699999	0.003199448576197028
USA	1	239700000	239799999	0.0042096395045518875
USA	1	239800000	239899999	0.004152738023549318
USA	1	239900000	239999999	0.005353234708309174
USA	1	240000000	240099999	0.006849315948784351
USA	1	240100000	240199999	0.00383411580696702
USA	1	240200000	240299999	0.008516642730683088
USA	1	240300000	240399999	0.004190817475318909
USA	1	240400000	240499999	0.00630068127065897
USA	1	240500000	240599999	0.003971208352595568
USA	1	240600000	240699999	0.006105503998696804
USA	1	240700000	240799999	0.0047481367364525795
USA	1	240800000	240899999	0.0032367496751248837
USA	1	240900000	240999999	0.0048225149512290955
USA	1	241000000	241099999	0.0031271101906895638
USA	1	241100000	241199999	0.0034461640752851963
USA	1	241200000	241299999	0.008790090680122375
USA	1	241300000	241399999	0.010807462967932224
USA	1	241400000	241499999	0.017447911202907562
USA	1	241500000	241599999	0.00679033761844039
USA	1	241600000	241699999	0.003348657744936645
USA	1	241700000	241799999	0.01325277891010046
USA	1	241800000	241899999	0.003950017504394054
USA	1	241900000	241999999	0.004755883011966944
USA	1	242000000	242099999	0.00344466557726264
USA	1	242100000	242199999	0.0028415643610060215
USA	1	242200000	242299999	0.0016947358381003141
USA	1	242300000	242399999	0.005385496187955141
USA	1	242400000	242499999	0.0056896694004535675
USA	1	242500000	242599999	0.004324364243075252
USA	1	242600000	242699999	0.008435802534222603
USA	1	242700000	242799999	0.007735006976872683
USA	1	242800000	242899999	0.007786691654473543
USA	1	242900000	242999999	0.007303901948034763
USA	1	243000000	243099999	0.007144661853089929
USA	1	243100000	243199999	0.007065713871270418
USA	1	243200000	243299999	0.00731043959967792
USA	1	243300000	243399999	0.005667053163051605
USA	1	243400000	243499999	0.010319736786186695
USA	1	243500000	243599999	0.005582842277362943
USA	1	243600000	243699999	0.00655693793669343
USA	1	243700000	243799999	0.010312268510460854
USA	1	243800000	243899999	0.005966613534837961
USA	1	243900000	243999999	0.0061214580200612545
USA	1	244000000	244099999	0.007669160608202219
USA	1	244100000	244199999	0.00829319842159748
USA	1	244200000	244299999	0.009816472418606281
USA	1	244300000	244399999	0.0062952181324362755
USA	1	244400000	244499999	0.006240596994757652
USA	1	244500000	244599999	0.005155559163540602
USA	1	244600000	244699999	0.004592573270201683
USA	1	244700000	244799999	0.0023201494477689266
USA	1	244800000	244899999	0.00398847833275795
USA	1	244900000	244999999	0.0044248392805457115
USA	1	245000000	245099999	0.004211700987070799
USA	1	245100000	245199999	0.0028270187322050333
USA	1	245200000	245299999	0.0031925272196531296
USA	1	245300000	245399999	0.00453990837559104
USA	1	245400000	245499999	0.00431331992149353
USA	1	245500000	245599999	0.004148079082369804
USA	1	245600000	245699999	0.004613104276359081
USA	1	245700000	245799999	0.004571797791868448
USA	1	245800000	245899999	0.0073440964333713055
USA	1	245900000	245999999	0.003974917344748974
USA	1	246000000	246099999	0.0034764776937663555
USA	1	246100000	246199999	0.005282581318169832
USA	1	246200000	246299999	0.004834089893847704
USA	1	246300000	246399999	0.006240596994757652
USA	1	246400000	246499999	0.003815623000264168
USA	1	246500000	246599999	0.007403242867439985
USA	1	246600000	246699999	0.0035911891609430313
USA	1	246700000	246799999	0.00581130338832736
USA	1	246800000	246899999	0.008323706686496735
USA	1	246900000	246999999	0.005368883954361081
USA	1	247000000	247099999	0.0019495507003739476
USA	1	247100000	247199999	0.0066831151489168406
USA	1	247200000	247299999	0.0033102190354838967
USA	1	247300000	247399999	0.005796349141746759
USA	1	247400000	247499999	0.004568931646645069
USA	1	247500000	247599999	0.0040844338946044445
USA	1	247600000	247699999	0.004429679363965988
USA	1	247700000	247799999	0.005630859173834324
USA	1	247800000	247899999	0.004644807428121567
USA	1	247900000	247999999	0.005220166873186827
USA	1	248000000	248099999	0.004511116538196802
USA	1	248100000	248199999	0.0067554800771176815
USA	1	248200000	248299999	0.012501965276896954
USA	1	248300000	248399999	0.0034963698126375675
USA	1	248400000	248499999	0.004834088496863842
USA	1	248500000	248599999	0.006004757015034556
USA	1	248600000	248699999	0.007200939580798149
USA	1	248700000	248799999	0.0070722950622439384
USA	1	248800000	248899999	0.006199256982654333
USA	1	248900000	248999999	0.00557518657296896
USA	1	249000000	249099999	0.005390875972807407
USA	1	249100000	249199999	0.00837820116430521
USA	1	249200000	249299999	0.009792933240532875
USA	1	249300000	249399999	0.00643237354233861
USA	1	249400000	249499999	0.0065613368060439825
USA	1	249500000	249599999	0.005427411058917642
USA	1	249600000	249699999	0.007834507152438164
USA	1	249700000	249799999	0.009157853201031685
USA	1	249800000	249899999	0.009504270739853382
USA	1	249900000	249999999	0.007326545659452677
USA	1	250000000	250099999	0.005876592360436916
USA	1	250100000	250199999	0.006080708000808954
USA	1	250200000	250299999	0.011724933050572872
USA	1	250300000	250399999	0.008912303484976292
USA	1	250400000	250499999	0.0036039352416992188
USA	1	250500000	250599999	0.00966804288327694
USA	1	250600000	250699999	0.00782025745138526
USA	1	250700000	250799999	0.010872229002416134
USA	1	250800000	250899999	0.00628687022253871
USA	1	250900000	250999999	0.005970808677375317
USA	1	251000000	251099999	0.00449850526638329
USA	1	251100000	251199999	0.0068680294789373875
USA	1	251200000	251299999	0.00693940557539463
USA	1	251300000	251399999	0.005268646404147148
USA	1	251400000	251499999	0.008279097266495228
USA	1	251500000	251599999	0.005076806526631117
USA	1	251600000	251699999	0.007116766180843115
USA	1	251700000	251799999	0.008603433147072792
USA	1	251800000	251899999	0.006915970705449581
USA	1	251900000	251999999	0.0028555025346577168
USA	1	252000000	252099999	0.005982536822557449
USA	1	252100000	252199999	0.00683461781591177
USA	1	252200000	252299999	0.00366131286136806
USA	1	252300000	252399999	0.007339315954595804
USA	1	252400000	252499999	0.004511678125709295
USA	1	252500000	252599999	0.0031366515904664993
USA	1	252600000	252699999	0.0030088310595601797
USA	1	252700000	252799999	0.003367216559126973
USA	1	252800000	252899999	0.004489514511078596
USA	1	252900000	252999999	0.007764070527628064
USA	1	253000000	253099999	0.006710943300276995
USA	1	253100000	253199999	0.004743302706629038
USA	1	253200000	253299999	0.003710917429998517
USA	1	253300000	253399999	0.007633362198248506
USA	1	253400000	253499999	0.007295174524188042
USA	1	253500000	253599999	0.005767927970737219
USA	1	253600000	253699999	0.007295174524188042
USA	1	253700000	253799999	0.009521131869405508
USA	1	253800000	253899999	0.004467617254704237
USA	1	253900000	253999999	0.0058227707631886005
USA	1	254000000	254099999	0.008062680251896381
USA	1	254100000	254199999	0.004576659295707941
USA	1	254200000	254299999	0.0031846186611801386
USA	1	254300000	254399999	0.00576945673674345
USA	1	254400000	254499999	0.00488748075440526
USA	1	254500000	254599999	0.007025792263448238
USA	1	254600000	254699999	0.006793553475290537
USA	1	254700000	254799999	0.004379325546324253
USA	1	254800000	254899999	0.0036450382322072983
USA	1	254900000	254999999	0.010106615722179413
USA	1	255000000	255099999	0.01678556390106678
USA	1	255100000	255199999	0.004655608907341957
USA	1	255200000	255299999	0.004120879340916872
USA	1	255300000	255399999	0.008357769809663296
USA	1	255400000	255499999	0.014669870026409626
USA	1	255500000	255599999	0.006315844599157572
USA	1	255600000	255699999	0.005449127871543169
USA	1	255700000	255799999	0.00973076093941927
USA	1	255800000	255899999	0.005666967947036028
USA	1	255900000	255999999	0.00628818292170763
USA	1	256000000	256099999	0.007222525309771299
USA	1	256100000	256199999	0.004482481861487031
USA	1	256200000	256299999	0.004979120567440987
USA	1	256300000	256399999	0.014311267994344234
USA	1	256400000	256499999	0.008977754972875118
USA	1	256500000	256599999	0.00692179542966187
USA	1	256600000	256699999	0.006072838790714741
USA	1	256700000	256799999	0.004752545617520809
USA	1	256800000	256899999	0.0037677306681871414
USA	1	256900000	256999999	0.005982584087178111
USA	1	257000000	257099999	0.0032768207602202892
USA	1	257100000	257199999	0.0045373886823654175
USA	1	257200000	257299999	0.008364715613424778
USA	1	257300000	257399999	0.011302439495921135
USA	1	257400000	257499999	0.010010512080043554
USA	1	257500000	257599999	0.00947543978691101
USA	1	257600000	257699999	0.007035316899418831
USA	1	257700000	257799999	0.006616038270294666
USA	1	257800000	257899999	0.013612999580800533
USA	1	257900000	257999999	0.007078512106090784
USA	1	258000000	258099999	0.005566236563026905
USA	1	258100000	258199999	0.008268488571047783
USA	1	258200000	258299999	0.007445153314620256
USA	1	258300000	258399999	0.004842568188905716
USA	1	258400000	258499999	0.0074633448384702206
USA	1	258500000	258599999	0.00568877998739481
USA	1	258600000	258699999	0.008889819495379925
USA	1	258700000	258799999	0.006982159800827503
USA	1	258800000	258899999	0.005344312638044357
USA	1	258900000	258999999	0.004570382181555033
USA	1	259000000	259099999	0.007255464792251587
USA	1	259100000	259199999	0.006371242459863424
USA	1	259200000	259299999	0.004879835993051529
USA	1	259300000	259399999	0.008687160909175873
USA	1	259400000	259499999	0.004277834203094244
USA	1	259500000	259599999	0.004458202514797449
USA	1	259600000	259699999	0.004796814639121294
USA	1	259700000	259799999	0.012708804570138454
USA	1	259800000	259899999	0.008326319977641106
USA	1	259900000	259999999	0.006093402160331607
USA	1	260000000	260099999	0.005916156340390444
USA	1	260100000	260199999	0.004779167473316193
USA	1	260200000	260299999	0.007329562213271856
USA	1	260300000	260399999	0.009608066640794277
USA	1	260400000	260499999	0.007341054733842611
USA	1	260500000	260599999	0.00590447336435318
USA	1	260600000	260699999	0.00697547011077404
USA	1	260700000	260799999	0.009711779654026031
USA	1	260800000	260899999	0.006764515768736601
USA	1	260900000	260999999	0.006387921050190926
USA	1	261000000	261099999	0.0062983655370771885
USA	1	261100000	261199999	0.007634950336068869
USA	1	261200000	261299999	0.007524277549237013
USA	1	261300000	261399999	0.005302206613123417
USA	1	261400000	261499999	0.009963939432054758
USA	1	261500000	261599999	0.006710536777973175
USA	1	261600000	261699999	0.0046221367083489895
USA	1	261700000	261799999	0.006169473985210061
USA	1	261800000	261899999	0.009014846757054329
USA	1	261900000	261999999	0.006017114967107773
USA	1	262000000	262099999	0.008032738231122494
USA	1	262100000	262199999	0.003560619195923209
USA	1	262200000	262299999	0.007163488771766424
USA	1	262300000	262399999	0.005868257489055395
USA	1	262400000	262499999	0.0031366515904664993
USA	1	262500000	262599999	0.004252217710018158
USA	1	262600000	262699999	0.0056538968347013
USA	1	262700000	262799999	0.0026187137700617313
USA	1	262800000	262899999	0.004504970274865627
USA	1	262900000	262999999	0.004775387700647116
USA	1	263000000	263099999	0.0034795384854078293
USA	1	263100000	263199999	0.004794423468410969
USA	1	263200000	263299999	0.00387693103402853
USA	1	263300000	263399999	0.004301753593608737
USA	1	263400000	263499999	0.004444778896868229
USA	1	263500000	263599999	0.004572669044137001
USA	1	263600000	263699999	0.004640610655769706
USA	1	263700000	263799999	0.0060984911397099495
USA	1	263800000	263899999	0.004251144826412201
USA	1	263900000	263999999	0.004731085849925876
USA	1	264000000	264099999	0.004763738252222538
USA	1	264100000	264199999	0.003615296329371631
USA	1	264200000	264299999	0.0076357461512088776
USA	1	264300000	264399999	0.00746929831802845
USA	1	264400000	264499999	0.007850110530853271
USA	1	264500000	264599999	0.009737702086567879
USA	1	264600000	264699999	0.00708382623270154
USA	1	264700000	264799999	0.006707578431814909
USA	1	264800000	264899999	0.007660094182938337
USA	1	264900000	264999999	0.008327842690050602
USA	1	265000000	265099999	0.01044801902025938
USA	1	265100000	265199999	0.004932372597977519
USA	1	265200000	265299999	0.009019789285957813
USA	1	265300000	265399999	0.012859304435551167
USA	1	265400000	265499999	0.013445600867271423
USA	1	265500000	265599999	0.009444366209208965
USA	1	265600000	265699999	0.006933238822966814
USA	1	265700000	265799999	0.011351262219250202
USA	1	265800000	265899999	0.009504006244242191
USA	1	265900000	265999999	0.01143021835014224
USA	1	266000000	266099999	0.009520899504423141
USA	1	266100000	266199999	0.006376051343977451
USA	1	266200000	266299999	0.010783254634588957
USA	1	266300000	266399999	0.00741713447496295
USA	1	266400000	266499999	0.008194929920136929
USA	1	266500000	266599999	0.003931944025680423
USA	1	266600000	266699999	0.0064561262261122465
USA	1	266700000	266799999	0.006382509833201766
USA	1	266800000	266899999	0.006684163585305214
USA	1	266900000	266999999	0.008141870610415936
USA	1	267000000	267099999	0.006853815633803606
USA	1	267100000	267199999	0.00408931402489543
USA	1	267200000	267299999	0.0036098372656852007
USA	1	267300000	267399999	0.004369538277387619
USA	1	267400000	267499999	0.00682729110121727
USA	1	267500000	267599999	0.005379141308367252
USA	1	267600000	267699999	0.006261524278670549
USA	1	267700000	267799999	0.006304928567260504
USA	1	267800000	267899999	0.009963201358914375
USA	1	267900000	267999999	0.0034784364979714155
USA	1	268000000	268099999	0.004968816647306085
USA	1	268100000	268199999	0.006238947622478008
USA	1	268200000	268299999	0.0028954034205526114
USA	1	268300000	268399999	0.0058113099075853825
USA	1	268400000	268499999	0.0058218869380652905
USA	1	268500000	268599999	0.004455156158655882
USA	1	268600000	268699999	0.004612385295331478
USA	1	268700000	268799999	0.003308129613287747
USA	1	268800000	268899999	0.008097481913864613
USA	1	268900000	268999999	0.004232845269143581
USA	1	269000000	269099999	0.0056891292333602905
USA	1	269100000	269199999	0.0062636942602694035
USA	1	269200000	269299999	0.004503257572650909
USA	1	269300000	269399999	0.006187529768794775
USA	1	269400000	269499999	0.004667950561270118
USA	1	269500000	269599999	0.0034928414970636368
USA	1	269600000	269699999	0.007334728026762605
USA	1	269700000	269799999	0.004533710423856974
USA	1	269800000	269899999	0.006799007765948772
USA	1	269900000	269999999	0.007925757206976414
USA	1	270000000	270099999	0.00734460586681962
USA	1	270100000	270199999	0.007266166154295206
USA	1	270200000	270299999	0.005695982836186886
USA	1	270300000	270399999	0.006134426686912775
USA	1	270400000	270499999	0.0057890452444553375
USA	1	270500000	270599999	0.00571427820250392
USA	1	270600000	270699999	0.006842875154688954
USA	1	270700000	270799999	0.012361106462776661
USA	1	270800000	270899999	0.009550265036523342
USA	1	270900000	270999999	0.007741034030914307
USA	1	271000000	271099999	0.005220727063715458
USA	1	271100000	271199999	0.005005281884223223
USA	1	271200000	271299999	0.0034794111270457506
USA	1	271300000	271399999	0.006159480661153793
USA	1	271400000	271499999	0.008750390727072954
USA	1	271500000	271599999	0.00928168511018157
USA	1	271600000	271699999	0.005679828114807606
USA	1	271700000	271799999	0.0091842757537961
USA	1	271800000	271899999	0.018246058374643326
USA	1	271900000	271999999	0.011082323268055916
USA	1	272000000	272099999	0.011208110954612494
USA	1	272100000	272199999	0.006379961967468262
USA	1	272200000	272299999	0.008112139068543911
USA	1	272300000	272399999	0.010293588973581791
USA	1	272400000	272499999	0.010811048559844494
USA	1	272500000	272599999	0.007172815967351198
USA	1	272600000	272699999	0.0052823591977357864
USA	1	272700000	272799999	0.0029740692116320133
USA	1	272800000	272899999	0.005812847055494785
USA	1	272900000	272999999	0.005469986703246832
USA	1	273000000	273099999	0.004390946589410305
USA	1	273100000	273199999	0.005972801707684994
USA	1	273200000	273299999	0.005094953812658787
USA	1	273300000	273399999	0.005385487340390682
USA	1	273400000	273499999	0.008832515217363834
USA	1	273500000	273599999	0.00506186718121171
USA	1	273600000	273699999	0.008217335678637028
USA	1	273700000	273799999	0.006387921050190926
USA	1	273800000	273899999	0.012144181877374649
USA	1	273900000	273999999	0.008033436723053455
USA	1	274000000	274099999	0.00508001958951354
USA	1	274100000	274199999	0.005169368349015713
USA	1	274200000	274299999	0.006087133660912514
USA	1	274300000	274399999	0.006235058419406414
USA	1	274400000	274499999	0.008183358702808619
USA	1	274500000	274599999	0.006256742402911186
USA	1	274600000	274699999	0.006062965374439955
USA	1	274700000	274799999	0.005115893669426441
USA	1	274800000	274899999	0.005038111470639706
USA	1	274900000	274999999	0.004636312834918499
USA	1	275000000	275099999	0.005085065960884094
USA	1	275100000	275199999	0.005234430078417063
USA	1	275200000	275299999	0.00469222804531455
USA	1	275300000	275399999	0.0030060040298849344
USA	1	275400000	275499999	0.008750341832637787
USA	1	275500000	275599999	0.0030557680875062943
USA	1	275600000	275699999	0.007670344319194555
USA	1	275700000	275799999	0.007334135472774506
USA	1	275800000	275899999	0.00982708390802145
USA	1	275900000	275999999	0.004120879340916872
USA	1	276000000	276099999	0.011592743918299675
USA	1	276100000	276199999	0.01976674608886242
USA	1	276200000	276299999	0.0069427997805178165
USA	1	276300000	276399999	0.00698255468159914
USA	1	276400000	276499999	0.00921514630317688
USA	1	276500000	276599999	0.0028997522313147783
USA	1	276600000	276699999	0.007966331206262112
USA	1	276700000	276799999	0.0037448883522301912
USA	1	276800000	276899999	0.006679052487015724
USA	1	276900000	276999999	0.004402334336191416
USA	1	277000000	277099999	0.006703424733132124
USA	1	277100000	277199999	0.0053028983529657125
USA	1	277200000	277299999	0.002657247707247734
USA	1	277300000	277399999	0.0037450757808983326
USA	1	277400000	277499999	0.007143017835915089
USA	1	277500000	277599999	0.0035994763020426035
USA	1	277600000	277699999	0.006484344135969877
USA	1	277700000	277799999	0.006680125370621681
USA	1	277800000	277899999	0.0032984530553221703
USA	1	277900000	277999999	0.00351140764541924
USA	1	278000000	278099999	0.005389209371060133
USA	1	278100000	278199999	0.01703544706106186
USA	1	278200000	278299999	0.00902767525985837
USA	1	278300000	278399999	0.0061098625883460045
USA	1	278400000	278499999	0.018148887902498245
USA	1	278500000	278599999	0.014794117771089077
USA	1	278600000	278699999	0.008473956026136875
USA	1	278700000	278799999	0.005801687948405743
USA	1	278800000	278899999	0.013965216465294361
USA	1	278900000	278999999	0.008693420328199863
USA	1	279000000	279099999	0.011981382966041565
USA	1	279100000	279199999	0.012080464512109756
USA	1	279200000	279299999	0.005184478126466274
USA	1	279300000	279399999	0.01178881898522377
USA	1	279400000	279499999	0.006530197570100427
USA	1	279500000	279599999	0.0048932118806988
USA	1	279600000	279699999	0.0046331314370036125
USA	1	279700000	279799999	0.00765775702893734
USA	1	279800000	279899999	0.019901512190699577
USA	1	279900000	279999999	0.005505552049726248
USA	1	280000000	280099999	0.014178910292685032
USA	1	280100000	280199999	0.007248122710734606
USA	1	280200000	280299999	0.004653868265450001
USA	1	280300000	280399999	0.003776025725528598
USA	1	280400000	280499999	0.003628179430961609
USA	1	280500000	280599999	0.006481481716036797
USA	1	280600000	280699999	0.005755869206041098
USA	1	280700000	280799999	0.007262517232447863
USA	1	280800000	280899999	0.01464179577305913
USA	1	280900000	280999999	0.007782682776451111
USA	1	281000000	281099999	0.007850704714655876
USA	1	281100000	281199999	0.0072362227365374565
USA	1	281200000	281299999	0.016792943701148033
USA	1	281300000	281399999	0.006064229644834995
USA	1	281400000	281499999	0.008027644362300634
USA	1	281500000	281599999	0.004496963694691658
USA	1	281600000	281699999	0.0069724200293421745
USA	1	281700000	281799999	0.004554637707769871
USA	1	281800000	281899999	0.003409877885133028
USA	1	281900000	281999999	0.00922510027885437
USA	1	282000000	282099999	0.008655459620058537
USA	1	282100000	282199999	0.0044108796864748
USA	1	282200000	282299999	0.006920913700014353
USA	1	282300000	282399999	0.003978305961936712
USA	1	282400000	282499999	0.0048021599650382996
USA	1	282500000	282599999	0.006746436003595591
USA	1	282600000	282699999	0.006507602985948324
USA	1	282700000	282799999	0.00293214269913733
USA	1	282800000	282899999	0.004967214539647102
USA	1	282900000	282999999	0.005513716954737902
USA	1	283000000	283099999	0.0023899965453892946
USA	1	283100000	283199999	0.0019822693429887295
USA	1	283200000	283299999	0.0030557680875062943
USA	1	283300000	283399999	0.0027377137448638678
USA	1	283400000	283499999	0.0033802164252847433
USA	1	283500000	283599999	0.010060504078865051
USA	1	283600000	283699999	0.009412102866917849
USA	1	283700000	283799999	0.01766144670546055
USA	1	283800000	283899999	0.012523724231868982
USA	1	283900000	283999999	0.08036747574806213
USA	1	284000000	284099999	0.013787781354039907
USA	1	284100000	284199999	0.016014205291867256
USA	1	284200000	284299999	0.008590460289269686
USA	1	284300000	284399999	0.005973631050437689
USA	1	284400000	284499999	0.0031857809517532587
USA	1	284500000	284599999	0.005957405548542738
USA	1	284600000	284699999	0.0039094896055758
USA	1	284700000	284799999	0.003945301752537489
USA	1	284800000	284899999	0.005962172523140907
USA	1	284900000	284999999	0.0035187567118555307
USA	1	285000000	285099999	0.0039032006170600653
USA	1	285100000	285199999	0.014457521960139275
USA	1	285200000	285299999	0.009285480715334415
USA	1	285300000	285399999	0.016847627237439156
USA	1	285400000	285499999	0.01767546311020851
USA	1	285500000	285599999	0.0052955010905861855
USA	1	285600000	285699999	0.0061327568255364895
USA	1	285700000	285799999	0.016468383371829987
USA	1	285800000	285899999	0.021889658644795418
USA	1	285900000	285999999	0.004785668570548296
USA	1	286000000	286099999	0.01029789075255394
USA	1	286100000	286199999	0.00765775702893734
USA	1	286200000	286299999	0.010574708692729473
USA	1	286300000	286399999	0.0075881569646298885
USA	1	286400000	286499999	0.006854161154478788
USA	1	286500000	286599999	0.0038487084675580263
USA	1	286600000	286699999	0.007817971520125866
USA	1	286700000	286799999	0.006571074947714806
USA	1	286800000	286899999	0.009381847456097603
USA	1	286900000	286999999	0.009006669744849205
USA	1	287000000	287099999	0.00891591003164649
USA	1	287100000	287199999	0.010925558395683765
USA	1	287200000	287299999	0.006357908248901367
USA	1	287300000	287399999	0.010159983299672604
USA	1	287400000	287499999	0.007043520919978619
USA	1	287500000	287599999	0.006240537855774164
USA	1	287600000	287699999	0.007998531684279442
USA	1	287700000	287799999	0.005872271489351988
USA	1	287800000	287899999	0.0016362739261239767
USA	1	287900000	287999999	0.002257821848616004
USA	1	288000000	288099999	0.013476941734552383
USA	1	288100000	288199999	0.005120057612657547
USA	1	288200000	288299999	0.019197456538677216
USA	1	288300000	288399999	0.01321965828537941
USA	1	288400000	288499999	0.014188910368829966
USA	1	288500000	288599999	0.00934942439198494
USA	1	288600000	288699999	0.0038670452777296305
USA	1	288700000	288799999	0.003836279734969139
USA	1	288800000	288899999	0.005952528677880764
USA	1	288900000	288999999	0.005365666467696428
USA	1	289000000	289099999	0.0038315290585160255
USA	1	289100000	289199999	0.00427341228350997
USA	1	289200000	289299999	0.004353062715381384
USA	1	289300000	289399999	0.007449153810739517
USA	1	289400000	289499999	0.0038643265143036842
USA	1	289500000	289599999	0.0028111243154853582
USA	1	289600000	289699999	0.0037677306681871414
USA	1	289700000	289799999	0.0062096300534904
USA	1	289800000	289899999	0.007165005896240473
USA	1	289900000	289999999	0.004422998055815697
USA	1	290000000	290099999	0.002559590619057417
USA	1	290100000	290199999	0.004576657433062792
USA	1	290200000	290299999	0.006761662196367979
USA	1	290300000	290399999	0.004628259222954512
USA	1	290400000	290499999	0.009173964150249958
USA	1	290500000	290599999	0.004120879340916872
USA	1	290600000	290699999	0.004869744181632996
USA	1	290700000	290799999	0.007562894839793444
USA	1	290800000	290899999	0.005120057612657547
USA	1	290900000	290999999	0.00650907913222909
USA	1	291000000	291099999	0.005865487270057201
USA	1	291100000	291199999	0.012301375158131123
USA	1	291200000	291299999	0.007824048399925232
USA	1	291300000	291399999	0.0038643265143036842
USA	1	291400000	291499999	0.007841921411454678
USA	1	291500000	291599999	0.004588842857629061
USA	1	291600000	291699999	0.008091517724096775
USA	1	291700000	291799999	0.004353994037955999
USA	1	291800000	291899999	0.019138489849865437
USA	1	291900000	291999999	0.005884552374482155
USA	1	292000000	292099999	0.0032384279184043407
USA	1	292100000	292199999	0.006167883053421974
USA	1	292200000	292299999	0.005009697750210762
USA	1	292300000	292399999	0.006962285377085209
USA	1	292400000	292499999	0.005405641393736005
USA	1	292500000	292599999	0.007247637957334518
USA	1	292600000	292699999	0.0050606695003807545
USA	1	292700000	292799999	0.008157072588801384
USA	1	292800000	292899999	0.007720653899013996
USA	1	292900000	292999999	0.006739303469657898
USA	1	293000000	293099999	0.008051990531384945
USA	1	293100000	293199999	0.00715897954069078
USA	1	293200000	293299999	0.011433403939008713
USA	1	293300000	293399999	0.004737562732771039
USA	1	293400000	293499999	0.004744154401123524
USA	1	293500000	293599999	0.008943701162934303
USA	1	293600000	293699999	0.008323438465595245
USA	1	293700000	293799999	0.006509078200906515
USA	1	293800000	293899999	0.005169462412595749
USA	1	293900000	293999999	0.008789027109742165
USA	1	294000000	294099999	0.006622173823416233
USA	1	294100000	294199999	0.004013442434370518
USA	1	294200000	294299999	0.0032859942875802517
USA	1	294300000	294399999	0.0051203276962041855
USA	1	294400000	294499999	0.002077515237033367
USA	1	294500000	294599999	0.00418048445135355
USA	1	294600000	294699999	0.0032056313939392567
USA	1	294700000	294799999	0.002931769471615553
USA	1	294800000	294899999	0.0031372264493256807
USA	1	294900000	294999999	0.005725204246118665
USA	1	295000000	295099999	0.0031691938638687134
USA	1	295100000	295199999	0.005865484941750765
USA	1	295200000	295299999	0.010783452540636063
USA	1	295300000	295399999	0.004013442434370518
USA	1	295400000	295499999	0.005297312047332525
USA	1	295500000	295599999	0.0025496468879282475
USA	1	295600000	295699999	0.005995634943246841
USA	1	295700000	295799999	0.005744996480643749
USA	1	295800000	295899999	0.002585503039881587
USA	1	295900000	295999999	0.0021283228415995836
USA	1	296000000	296099999	0.0032001894433051348
USA	1	296100000	296199999	0.0021535218693315983
USA	1	296200000	296299999	0.0021271274890750647
USA	1	296300000	296399999	0.0021090018562972546
USA	1	296400000	296499999	
USA	1	296500000	296599999	0.0013091986766085029
USA	1	296600000	296699999	0.00565867149271071
USA	1	296700000	296799999	0.0019822693429887295
USA	1	296800000	296899999	0.0032063608523458242
USA	1	296900000	296999999	0.0028086374513804913
USA	1	297000000	297099999	0.002564134309068322
USA	1	297100000	297199999	0.0022034768480807543
USA	1	297200000	297299999	0.0021865377202630043
USA	1	297300000	297399999	0.0017702595796436071
USA	1	297400000	297499999	0.002328781643882394
USA	1	297500000	297599999	0.0019665684085339308
USA	1	297600000	297699999	0.0022935779998078942
USA	1	297700000	297799999	0.0014946884475648403
USA	1	297800000	297899999	0.0029252308886498213
USA	1	297900000	297999999	0.0041387914679944515
USA	1	298000000	298099999	0.002618714701384306
USA	1	298100000	298199999	0.009613435249775648
USA	1	298200000	298299999	0.0029337864834815264
USA	1	298300000	298399999	0.005581212462857366
USA	1	298400000	298499999	0.004044209141284227
USA	1	298500000	298599999	0.003219003789126873
USA	1	298600000	298699999	0.004004590678960085
USA	1	298700000	298799999	0.004587496630847454
USA	1	298800000	298899999	0.003900470328517258
USA	1	298900000	298999999	0.0059850336983799934
USA	1	299000000	299099999	0.004408122040331364
USA	1	299100000	299199999	0.004118487238883972
USA	1	299200000	299299999	0.003517316421493888
USA	1	299300000	299399999	0.0042528260964900255
USA	1	299400000	299499999	0.0033885191660374403
USA	1	299500000	299599999	0.0036818727385252714
USA	1	299600000	299699999	0.00453931512311101
USA	1	299700000	299799999	0.005662412382662296
USA	1	299800000	299899999	0.005546055734157562
USA	1	299900000	299999999	0.002994622802361846
USA	1	300000000	300099999	0.005370470229536295
USA	1	300100000	300199999	0.004036658676341176
USA	1	300200000	300299999	0.0047935498878359795
USA	1	300300000	300399999	0.004938941448926926
USA	1	300400000	300499999	0.0039032006170600653
USA	1	300500000	300599999	0.009108014870435
USA	1	300600000	300699999	0.008133850991725922
USA	1	300700000	300799999	0.004148079082369804
USA	1	300800000	300899999	0.006417070981115103
USA	1	300900000	300999999	0.004738110117614269
USA	1	301000000	301099999	0.004969783592969179
USA	1	301100000	301199999	0.0038052781019359827
USA	1	301200000	301299999	0.00344789563678205
USA	1	301300000	301399999	0.0060735405422747135
USA	1	301400000	301499999	0.01142901461571455
USA	1	301500000	301599999	0.00921732746064663
USA	1	301600000	301699999	0.004386218264698982
USA	1	301700000	301799999	0.0062794622499495745
USA	1	301800000	301899999	0.006157227326184511
USA	1	301900000	301999999	0.0028123108204454184
USA	1	302000000	302099999	0.002817966975271702
USA	1	302100000	302199999	0.0058598031755536795
USA	1	302200000	302299999	0.005295900162309408
USA	1	302300000	302399999	0.005548411048948765
USA	1	302400000	302499999	0.004133124835789204
USA	1	302500000	302599999	0.0032032837625592947
USA	1	302600000	302699999	0.004413928370922804
USA	1	302700000	302799999	0.005335366353392601
USA	1	302800000	302899999	0.002827119082212448
USA	1	302900000	302999999	0.0031857809517532587
USA	1	303000000	303099999	0.003341127187013626
USA	1	303100000	303199999	0.005601602606475353
USA	1	303200000	303299999	0.002793896710500121
USA	1	303300000	303399999	0.0020806659013032913
USA	1	303400000	303499999	0.0033942516893148422
USA	1	303500000	303599999	0.003055767621845007
USA	1	303600000	303699999	0.004317149985581636
USA	1	303700000	303799999	0.004452188964933157
USA	1	303800000	303899999	0.0035183955915272236
USA	1	303900000	303999999	0.0034428564831614494
USA	1	304000000	304099999	0.005285357125103474
USA	1	304100000	304199999	0.0036652437411248684
USA	1	304200000	304299999	0.004292121157050133
USA	1	304300000	304399999	0.003409877885133028
USA	1	304400000	304499999	0.004617348313331604
USA	1	304500000	304599999	0.004777682712301612
USA	1	304600000	304699999	0.004673135466873646
USA	1	304700000	304799999	0.003307364066131413
USA	1	304800000	304899999	0.004740597680211067
USA	1	304900000	304999999	0.00303446501493454
USA	1	305000000	305099999	0.0042727666441351175
USA	1	305100000	305199999	0.0033470802009105682
USA	1	305200000	305299999	0.00422320794314146
USA	1	305300000	305399999	0.00431190594099462
USA	1	305400000	305499999	0.00776883284561336
USA	1	305500000	305599999	0.004629630129784346
USA	1	305600000	305699999	0.005262337159365416
USA	1	305700000	305799999	0.003526102751493454
USA	1	305800000	305899999	0.005314155016094446
USA	1	305900000	305999999	0.002632040996104479
USA	1	306000000	306099999	0.0037905615754425526
USA	1	306100000	306199999	0.003929221071302891
USA	1	306200000	306299999	0.005256282165646553
USA	1	306300000	306399999	0.0031250002793967724
USA	1	306400000	306499999	0.0035606196615844965
USA	1	306500000	306599999	0.005072701722383499
USA	1	306600000	306699999	0.003836540738120675
USA	1	306700000	306799999	0.003200518200173974
USA	1	306800000	306899999	0.00509301945567131
USA	1	306900000	306999999	0.0026763586793094873
USA	1	307000000	307099999	0.005501146661117673
USA	1	307100000	307199999	0.005094956140965223
USA	1	307200000	307299999	0.002413512673228979
USA	1	307300000	307399999	0.0030253028962761164
USA	1	307400000	307499999	0.003654971718788147
USA	1	307500000	307599999	0.003883966477587819
USA	1	307600000	307699999	0.0053197662346065044
USA	1	307700000	307799999	0.0035173159558326006
USA	1	307800000	307899999	0.003758528269827366
USA	1	307900000	307999999	0.004501469433307648
USA	1	308000000	308099999	0.003909500082954764
USA	1	308100000	308199999	0.003496503923088312
USA	1	308200000	308299999	0.004638879792764783
USA	1	308300000	308399999	0.004006148548796773
USA	1	308400000	308499999	0.0043536098673939705
USA	1	308500000	308599999	0.004740195581689477
USA	1	308600000	308699999	0.002962023252621293
USA	1	308700000	308799999	0.0034130015410482883
USA	1	308800000	308899999	0.0025729890912771225
USA	1	308900000	308999999	0.004419366829097271
USA	1	309000000	309099999	0.005406189244240522
USA	1	309100000	309199999	0.0051203276962041855
USA	1	309200000	309299999	0.003949631471186876
USA	1	309300000	309399999	0.0038902058731764555
USA	1	309400000	309499999	0.004015131387859583
USA	1	309500000	309599999	0.0035694483667612076
USA	1	309600000	309699999	0.0054869684390723705
USA	1	309700000	309799999	0.004343071952462196
USA	1	309800000	309899999	0.003838826436549425
USA	1	309900000	309999999	0.0034972921712324023
USA	1	310000000	310099999	0.0056052734144032
USA	1	310100000	310199999	0.005389515310525894
USA	1	310200000	310299999	0.007438170723617077
USA	1	310300000	310399999	0.005808515939861536
USA	1	310400000	310499999	0.005247241351753473
USA	1	310500000	310599999	0.0034784364979714155
USA	1	310600000	310699999	0.00587798934429884
USA	1	310700000	310799999	0.007367206271737814
USA	1	310800000	310827022	0.02410222962498665
