chrom pos i inv assoc Debug023_aegypti_Bantata_Senegal_F_1 Debug023_aegypti_Bantata_Senegal_F_11 Debug023_aegypti_Bantata_Senegal_F_2 Debug023_aegypti_Bantata_Senegal_F_3 Debug023_aegypti_Bantata_Senegal_F_4 Debug023_aegypti_Bantata_Senegal_F_5 Debug023_aegypti_Bantata_Senegal_M_10 Debug023_aegypti_Bantata_Senegal_M_6 Debug023_aegypti_Bantata_Senegal_M_7 Debug023_aegypti_Bantata_Senegal_M_8 Debug023_aegypti_Bantata_Senegal_M_9 Debug023_aegypti_Thies_Senegal_F_1 Debug023_aegypti_Thies_Senegal_M_2 Debug023_aegypti_Thies_Senegal_M_3 Debug023_aegypti_Thies_Senegal_M_4 Debug023_aegypti_Thies_Senegal_M_5 Debug024_aegypti_Kedougou_Senegal_F_1 Debug024_aegypti_Kedougou_Senegal_F_12 Debug024_aegypti_Kedougou_Senegal_F_15 Debug024_aegypti_Kedougou_Senegal_F_18 Debug024_aegypti_Kedougou_Senegal_F_19 Debug024_aegypti_Kedougou_Senegal_F_3 Debug024_aegypti_Kedougou_Senegal_F_5 Debug024_aegypti_Kedougou_Senegal_F_7 Debug024_aegypti_Kedougou_Senegal_F_8 Debug024_aegypti_Kedougou_Senegal_M_10 Debug024_aegypti_Kedougou_Senegal_M_11 Debug024_aegypti_Kedougou_Senegal_M_14 Debug024_aegypti_Kedougou_Senegal_M_16 Debug024_aegypti_Kedougou_Senegal_M_17 Debug024_aegypti_Kedougou_Senegal_M_2 Debug024_aegypti_Kedougou_Senegal_M_20 Debug024_aegypti_Kedougou_Senegal_M_4 Debug024_aegypti_Kedougou_Senegal_M_6 Debug024_aegypti_Kedougou_Senegal_M_9 Debug024_aegypti_Mindin_Senegal_F_10 Debug024_aegypti_Mindin_Senegal_F_12 Debug024_aegypti_Mindin_Senegal_F_14 Debug024_aegypti_Mindin_Senegal_F_15 Debug024_aegypti_Mindin_Senegal_F_17 Debug024_aegypti_Mindin_Senegal_F_19 Debug024_aegypti_Mindin_Senegal_F_2 Debug024_aegypti_Mindin_Senegal_F_3 Debug024_aegypti_Mindin_Senegal_F_6 Debug024_aegypti_Mindin_Senegal_F_8 Debug024_aegypti_Mindin_Senegal_M_1 Debug024_aegypti_Mindin_Senegal_M_11 Debug024_aegypti_Mindin_Senegal_M_13 Debug024_aegypti_Mindin_Senegal_M_16 Debug024_aegypti_Mindin_Senegal_M_18 Debug024_aegypti_Mindin_Senegal_M_20 Debug024_aegypti_Mindin_Senegal_M_4 Debug024_aegypti_Mindin_Senegal_M_5 Debug024_aegypti_Mindin_Senegal_M_7 Debug024_aegypti_Mindin_Senegal_M_9 Debug024_aegypti_Ngoye_Senegal_F_1 Debug024_aegypti_Ngoye_Senegal_F_10 Debug024_aegypti_Ngoye_Senegal_F_11 Debug024_aegypti_Ngoye_Senegal_F_12 Debug024_aegypti_Ngoye_Senegal_F_16 Debug024_aegypti_Ngoye_Senegal_F_19 Debug024_aegypti_Ngoye_Senegal_F_20 Debug024_aegypti_Ngoye_Senegal_F_3 Debug024_aegypti_Ngoye_Senegal_F_7 Debug024_aegypti_Ngoye_Senegal_F_8 Debug024_aegypti_Ngoye_Senegal_M_13 Debug024_aegypti_Ngoye_Senegal_M_14 Debug024_aegypti_Ngoye_Senegal_M_15 Debug024_aegypti_Ngoye_Senegal_M_18 Debug024_aegypti_Ngoye_Senegal_M_2 Debug024_aegypti_Ngoye_Senegal_M_4 Debug024_aegypti_Ngoye_Senegal_M_5 Debug024_aegypti_Ngoye_Senegal_M_6 Debug024_aegypti_Ngoye_Senegal_M_9 Debug024_aegypti_PK10_Senegal_F_1 Debug024_aegypti_PK10_Senegal_F_10 Debug024_aegypti_PK10_Senegal_F_12 Debug024_aegypti_PK10_Senegal_F_14 Debug024_aegypti_PK10_Senegal_F_15 Debug024_aegypti_PK10_Senegal_F_17 Debug024_aegypti_PK10_Senegal_F_19 Debug024_aegypti_PK10_Senegal_F_3 Debug024_aegypti_PK10_Senegal_F_5 Debug024_aegypti_PK10_Senegal_F_8 Debug024_aegypti_PK10_Senegal_M_11 Debug024_aegypti_PK10_Senegal_M_13 Debug024_aegypti_PK10_Senegal_M_16 Debug024_aegypti_PK10_Senegal_M_18 Debug024_aegypti_PK10_Senegal_M_20 Debug024_aegypti_PK10_Senegal_M_4 Debug024_aegypti_PK10_Senegal_M_7 Debug024_aegypti_PK10_Senegal_M_9 Debug024_aegypti_Thies_Senegal_F_12 Debug024_aegypti_Thies_Senegal_F_13 Debug024_aegypti_Thies_Senegal_F_17 Debug024_aegypti_Thies_Senegal_M_14 Debug024_aegypti_Thies_Senegal_M_15 Debug024_aegypti_Thies_Senegal_M_16 Debug024_aegypti_Thies_Senegal_M_18 Debug024_aegypti_Thies_Senegal_M_19 Debug024_aegypti_Thies_Senegal_M_20 include
NC_035108.1 307096261 1 2_Senegal_1_1 6.02339088569898e-31 0 0 0 0 0 0 0 0 0 0 0 2 1 1 1 1 0 0 0 0 0 0 0 0 0 0 0 0 0 1 0 0 0 0 0 0 0 0 1 0 0 0 0 0 0 0 0 0 0 1 0 0 0 0 0 2 2 2 2 1 2 2 2 2 0 2 2 1 2 2 1 1 2 0 0 0 0 0 0 0 0 0 0 0 0 0 0 1 0 0 0 0 2 2 1 2 1 0 2 2 1 FALSE
NC_035108.1 309208348 2 2_Senegal_1_1 2.23448483795979e-27 0 0 0 0 0 0 0 0 0 0 0 1 1 2 1 1 0 0 1 1 0 0 0 0 0 0 0 0 0 1 0 0 0 0 0 0 0 1 1 0 0 0 0 0 0 0 0 0 0 1 0 1 0 0 0 2 2 2 2 1 2 2 2 1 0 2 2 1 2 2 1 0 2 0 0 0 0 0 0 0 0 0 0 0 0 0 0 1 0 0 0 0 2 2 1 2 1 0 2 2 1 FALSE
NC_035108.1 309356778 3 2_Senegal_1_1 7.64329740157503e-27 0 0 0 0 0 0 0 0 0 0 0 1 1 2 1 1 0 0 0 0 0 0 0 0 0 0 0 0 0 1 1 0 0 0 0 0 0 1 1 0 0 0 0 0 0 0 0 0 0 2 0 1 0 0 0 2 2 2 2 2 2 2 2 2 0 2 2 1 1 2 1 0 2 1 0 0 0 0 0 0 0 1 0 0 0 0 0 1 0 1 0 1 2 2 1 2 1 0 2 2 1 FALSE
NC_035108.1 309388977 4 2_Senegal_1_1 2.64025765731347e-26 0 0 0 0 0 0 0 0 0 0 0 1 1 2 1 1 0 0 0 0 0 0 0 0 0 0 0 0 0 1 0 0 0 0 0 0 0 0 1 0 0 0 0 0 0 0 0 0 0 0 0 0 0 0 0 2 2 2 2 1 2 2 2 2 1 2 2 1 2 2 1 0 2 0 0 0 0 0 0 0 0 0 0 0 0 0 0 0 0 0 0 0 1 2 1 2 1 0 2 2 0 FALSE
NC_035108.1 309442040 5 2_Senegal_1_1 2.98633849579146e-27 0 0 0 0 0 0 0 0 0 0 0 1 1 2 1 1 0 0 0 0 0 0 0 0 0 1 0 0 0 1 0 0 0 0 0 0 0 0 1 1 0 0 0 0 0 0 0 0 0 0 0 0 0 0 0 2 2 2 2 2 2 2 2 2 1 2 2 1 2 2 1 0 2 1 0 0 0 0 0 0 0 0 0 0 0 0 0 0 0 0 0 0 1 2 1 2 1 0 2 2 0 FALSE
NC_035108.1 309446767 6 2_Senegal_1_1 2.58229300621571e-29 0 0 0 0 0 0 0 0 0 0 0 1 1 2 1 1 0 0 0 0 0 0 0 0 0 0 0 0 0 1 0 0 0 0 0 0 0 0 1 0 0 0 0 0 0 0 0 0 0 0 0 0 0 0 0 2 2 2 2 2 2 2 2 2 1 2 2 1 2 2 1 0 2 1 0 0 0 0 0 0 0 0 0 0 0 0 0 0 0 0 0 0 1 2 1 2 1 0 2 2 0 FALSE
NC_035108.1 309446789 7 2_Senegal_1_1 5.3743099742016e-28 0 0 0 0 0 0 0 0 0 0 0 1 1 2 1 1 0 0 0 0 0 0 0 0 0 0 0 0 0 1 0 0 0 0 0 0 0 0 1 0 0 0 0 0 0 0 0 0 0 0 0 0 0 0 0 2 2 2 2 2 2 2 2 2 1 2 2 0 2 2 1 0 2 1 0 0 0 0 0 0 0 0 0 0 0 0 0 0 0 0 0 0 1 2 1 2 1 0 2 2 0 FALSE
NC_035108.1 309447076 8 2_Senegal_1_1 3.29814199198811e-28 0 0 0 0 0 0 0 0 0 0 0 1 1 2 1 1 0 0 0 0 0 0 0 0 0 0 0 0 0 1 0 0 0 0 0 0 0 0 1 0 0 0 0 0 0 0 1 0 0 0 0 0 0 0 0 2 2 2 2 2 2 2 2 2 1 2 2 1 2 2 1 0 2 1 0 0 0 0 0 0 0 0 0 0 0 0 0 0 0 0 0 0 1 2 1 2 1 0 2 2 0 FALSE
NC_035108.1 309456117 9 2_Senegal_1_1 3.29814199198811e-28 0 0 0 0 0 0 0 0 0 0 0 1 1 2 1 1 0 0 1 0 0 0 0 0 0 0 0 0 0 1 0 0 0 0 0 0 0 0 1 0 0 0 0 0 0 0 0 0 0 0 0 0 0 0 0 2 2 2 2 2 2 2 2 2 1 2 2 1 2 2 1 0 2 1 0 0 0 0 0 0 0 0 0 0 0 0 0 0 0 0 0 0 1 2 1 2 1 0 2 2 0 FALSE
NC_035108.1 309467921 10 2_Senegal_1_1 2.39719270497374e-34 0 0 0 0 0 0 0 0 0 0 0 1 1 2 1 1 0 0 0 0 0 0 0 0 0 0 0 0 0 1 0 0 0 0 0 0 0 0 1 0 0 0 0 0 0 0 0 0 0 1 0 1 0 0 0 2 2 2 2 2 2 2 2 2 1 2 2 1 2 2 1 0 2 1 0 0 0 0 0 0 0 0 0 0 0 0 0 1 0 0 0 0 2 2 1 2 1 0 2 2 1 FALSE
NC_035108.1 309468460 11 2_Senegal_1_1 2.24917809142401e-27 0 0 0 0 0 0 1 0 0 0 0 1 1 2 1 1 0 0 0 0 0 0 1 0 0 0 0 0 0 1 0 1 0 0 0 0 0 0 1 0 0 0 1 0 0 0 0 0 1 1 0 1 0 0 0 2 2 2 2 2 2 1 2 2 1 2 2 1 2 2 1 0 2 1 1 0 0 0 0 0 0 0 0 0 0 0 0 1 0 0 0 0 2 2 1 2 1 0 2 2 1 FALSE
NC_035108.1 309475544 12 2_Senegal_1_1 6.02868900497584e-30 0 0 0 0 0 0 1 0 0 0 0 1 1 2 1 1 0 0 0 0 0 0 1 0 0 0 0 0 0 1 0 0 0 0 0 0 0 0 1 0 0 0 0 0 0 0 0 0 1 1 0 2 0 0 0 2 2 2 2 2 2 2 2 2 1 2 2 1 2 2 1 0 2 1 1 0 0 0 0 0 0 0 0 0 0 0 0 1 0 0 0 0 2 2 1 2 1 0 2 2 1 FALSE
NC_035108.1 309475630 13 2_Senegal_1_1 2.41046860139226e-30 0 0 0 0 0 0 0 0 0 0 0 1 1 2 1 1 0 0 0 0 0 0 0 0 0 0 0 0 0 1 0 0 0 0 0 0 0 0 1 0 0 0 0 0 0 0 0 0 0 1 1 1 0 0 0 2 2 2 2 2 2 2 2 2 1 2 2 1 2 2 1 0 2 1 1 0 0 0 0 0 0 0 0 0 0 0 0 1 0 0 0 0 2 2 1 2 1 0 2 1 1 FALSE
NC_035108.1 309481221 14 2_Senegal_1_1 1.76613929456236e-27 0 0 0 0 0 0 0 0 0 0 0 1 1 2 0 0 0 0 0 0 0 0 0 0 0 0 0 0 0 0 0 0 0 0 0 0 0 0 1 0 0 0 0 0 0 0 0 0 0 1 0 1 0 0 0 2 2 2 2 2 1 1 2 2 1 2 2 1 2 1 1 0 2 1 0 0 0 0 0 0 0 0 0 0 0 0 0 1 0 0 0 0 2 2 1 2 0 0 2 2 1 FALSE
NC_035108.1 309482201 15 2_Senegal_1_1 4.10578499274818e-27 0 0 0 0 0 0 0 0 0 0 0 1 1 2 0 0 0 0 0 0 0 0 0 0 0 0 0 0 0 0 0 0 0 0 0 0 0 0 1 0 0 0 0 0 0 0 0 0 0 1 0 2 0 0 0 2 2 2 2 2 1 1 2 2 1 2 2 1 2 1 1 0 2 1 0 0 0 0 0 0 0 0 0 0 0 0 0 1 0 0 0 0 2 2 1 2 0 0 2 2 1 FALSE
NC_035108.1 309520911 16 2_Senegal_1_1 1.16900357148427e-35 0 0 0 0 0 0 0 0 0 0 0 1 1 2 1 1 0 0 0 0 0 0 0 0 0 0 0 0 0 1 0 0 0 0 0 0 0 0 1 0 0 0 0 0 0 0 0 0 0 1 0 1 0 0 0 2 2 2 2 2 2 2 2 2 0 2 2 1 2 2 1 0 2 1 0 0 0 0 0 0 0 0 0 0 0 0 0 1 0 0 0 0 2 2 1 2 1 0 2 2 1 FALSE
NC_035108.1 309526500 17 2_Senegal_1_1 4.71660968161701e-30 0 0 0 0 0 0 0 0 0 0 0 1 1 2 1 1 0 0 0 0 0 0 0 0 0 0 0 0 0 1 0 0 0 0 0 0 0 0 1 0 0 0 0 0 0 0 0 0 0 1 0 1 0 0 0 2 2 2 2 2 2 1 2 2 0 2 2 1 2 2 1 0 1 1 0 0 0 0 0 0 0 0 0 0 0 0 0 1 0 0 0 0 2 2 1 2 1 0 2 1 1 FALSE
NC_035108.1 309526501 18 2_Senegal_1_1 2.70338328342252e-31 0 0 0 0 0 0 0 0 0 0 0 1 1 2 1 1 0 0 0 0 0 0 0 0 0 0 0 0 0 1 0 0 0 0 0 0 0 0 1 0 0 0 0 0 0 0 0 0 0 1 0 1 0 0 0 2 2 2 2 2 2 2 2 2 0 2 2 1 2 2 1 0 2 1 0 0 0 0 0 0 0 1 0 0 0 0 0 1 0 0 0 1 2 2 1 2 1 0 2 1 1 FALSE
NC_035108.1 309528384 19 2_Senegal_1_1 1.72475675771499e-29 0 0 0 0 0 0 0 0 0 0 0 1 1 2 1 1 0 0 0 0 0 0 0 0 0 0 0 0 0 1 0 1 0 0 0 0 0 0 1 0 0 0 0 0 0 0 0 1 0 1 0 1 0 0 0 2 2 2 2 2 2 2 2 2 0 2 2 1 2 1 1 0 2 1 0 0 0 0 0 0 0 1 0 0 0 0 0 1 0 0 0 1 2 2 1 2 1 0 2 2 1 FALSE
NC_035108.1 309533684 20 2_Senegal_1_1 2.40523748422627e-29 0 0 0 0 0 0 0 0 0 0 0 1 1 2 1 1 0 1 0 0 0 0 0 0 0 0 0 0 0 1 0 0 0 0 0 0 0 0 2 0 0 0 0 0 0 0 0 0 0 1 0 1 0 0 0 2 2 2 2 2 2 2 2 2 0 2 2 1 2 2 1 0 2 1 0 0 0 0 0 0 0 0 0 0 0 0 0 1 0 1 0 0 2 2 1 2 2 0 2 2 1 FALSE
NC_035108.1 309533957 21 2_Senegal_1_1 2.26668890099183e-28 0 0 0 0 0 0 0 0 0 0 0 1 1 2 1 1 0 0 1 1 0 0 0 0 0 1 0 0 0 1 0 1 0 0 0 0 0 0 1 1 0 0 0 0 0 0 0 0 0 1 0 1 0 0 0 2 2 2 2 2 2 2 2 2 0 2 2 1 2 2 1 0 2 1 0 1 0 0 0 0 0 1 0 0 0 0 0 1 0 0 0 1 2 2 1 2 1 0 2 2 1 FALSE
NC_035108.1 309533976 22 2_Senegal_1_1 6.31931636720234e-27 0 0 0 0 0 0 0 0 0 0 0 1 1 1 1 1 0 0 0 0 0 0 0 0 0 0 0 0 0 1 0 0 0 0 0 0 0 0 1 0 0 0 0 0 0 0 0 0 0 1 0 1 0 0 0 2 2 2 2 2 2 2 2 2 0 2 2 0 2 2 1 0 1 1 0 0 0 0 0 0 0 1 0 0 0 0 0 1 0 0 0 1 2 2 0 2 1 0 2 2 1 FALSE
NC_035108.1 309534217 23 2_Senegal_1_1 3.66607547083203e-32 0 0 0 0 0 0 0 0 0 0 0 1 1 2 1 1 0 0 0 0 0 0 0 0 0 0 0 0 0 1 0 0 0 0 0 0 0 0 1 0 0 0 0 0 0 0 0 0 0 1 0 1 0 0 0 2 2 2 2 2 2 2 2 2 0 2 2 1 2 2 1 0 2 1 0 0 0 0 0 0 0 1 1 0 0 0 0 1 0 0 0 1 2 2 1 2 1 0 2 2 1 FALSE
NC_035108.1 309534349 24 2_Senegal_1_1 1.48935587814402e-33 0 0 0 0 0 0 0 0 0 0 0 1 1 2 1 1 0 0 0 0 0 0 0 0 0 0 0 0 0 1 0 0 0 0 0 0 0 0 1 0 0 0 0 0 0 0 0 0 0 1 0 1 0 0 0 2 2 1 2 2 2 2 2 2 0 2 2 1 2 2 1 0 2 1 0 0 0 0 0 0 0 0 0 0 0 0 0 1 0 0 0 0 2 2 1 2 1 0 2 2 1 FALSE
NC_035108.1 309534555 25 2_Senegal_1_1 4.41943778903648e-31 0 0 0 0 0 0 0 0 0 0 0 1 1 2 1 1 0 0 0 0 0 0 0 0 0 0 0 0 0 1 0 0 0 0 0 0 0 0 1 0 0 0 0 0 0 0 0 0 0 2 0 2 0 0 0 2 2 2 2 2 2 2 2 2 0 2 2 1 2 2 1 0 2 1 0 0 0 0 0 0 0 1 0 0 0 0 0 1 0 0 0 1 2 2 1 2 1 0 2 2 1 FALSE
NC_035108.1 309534879 26 2_Senegal_1_1 1.16900357148427e-35 0 0 0 0 0 0 0 0 0 0 0 1 1 2 1 1 0 0 0 0 0 0 0 0 0 0 0 0 0 1 0 0 0 0 0 0 0 0 1 0 0 0 0 0 0 0 0 0 0 1 0 1 0 0 0 2 2 2 2 2 2 2 2 2 0 2 2 1 2 2 1 0 2 1 0 0 0 0 0 0 0 0 0 0 0 0 0 1 0 0 0 0 2 2 1 2 1 0 2 2 1 FALSE
NC_035108.1 309542058 27 2_Senegal_1_1 3.04173988230831e-31 0 1 0 0 0 0 0 0 0 0 0 1 1 2 1 1 0 0 1 1 0 0 0 0 0 0 0 0 0 1 0 0 0 0 0 0 0 0 1 0 0 0 0 0 0 0 0 0 0 1 0 1 0 0 0 2 2 2 2 2 2 2 2 2 0 2 2 1 2 2 1 0 2 1 0 0 0 0 1 0 0 0 0 0 0 0 0 1 0 0 0 0 2 2 1 2 1 0 2 2 1 FALSE
NC_035108.1 309542071 28 2_Senegal_1_1 6.12681612055149e-27 0 0 0 0 0 0 0 0 0 0 0 1 1 2 1 2 0 0 0 0 0 0 0 0 0 0 0 0 0 1 0 0 0 0 0 0 0 0 1 0 0 0 0 0 0 0 0 0 0 0 0 1 0 0 0 2 2 2 2 1 2 2 1 2 0 2 2 1 2 2 1 0 2 0 0 0 0 0 0 0 0 0 0 0 0 0 0 1 0 0 0 0 2 2 1 2 1 0 2 2 1 FALSE
NC_035108.1 309548823 29 2_Senegal_1_1 2.89246942396705e-26 0 1 0 0 0 0 0 0 0 0 0 1 1 2 1 1 0 0 0 1 0 0 0 0 0 0 0 0 0 0 0 0 0 0 0 0 0 0 1 0 0 0 0 0 0 1 0 0 0 1 0 1 0 0 0 2 2 2 2 2 2 2 2 2 0 2 2 1 2 1 1 0 2 1 0 1 0 0 0 0 0 0 0 0 0 0 0 2 0 0 0 0 2 2 1 2 1 0 2 2 1 FALSE
NC_035108.1 309549227 30 2_Senegal_1_1 1.36472680523587e-30 0 0 0 0 0 0 0 0 0 0 0 1 1 2 1 1 0 0 0 0 0 0 0 0 0 0 0 0 1 1 0 0 0 0 0 0 0 0 1 0 0 0 0 0 0 0 0 0 0 1 0 1 0 0 0 2 1 2 2 2 2 2 2 2 0 2 2 1 2 2 1 0 2 1 0 0 0 0 0 0 0 0 0 0 0 0 0 1 0 0 0 0 2 1 1 2 1 0 2 2 1 FALSE
NC_035108.1 309550230 31 2_Senegal_1_1 2.26668890099183e-28 0 1 0 0 0 0 0 0 0 0 0 1 1 2 1 1 0 0 0 0 0 0 0 0 0 1 0 0 0 1 0 0 0 0 0 0 0 0 1 1 0 0 1 0 0 0 1 0 0 1 0 1 0 0 0 2 2 2 2 2 2 2 2 2 0 2 2 1 2 2 1 0 2 1 0 0 1 0 0 0 0 1 0 0 0 0 0 1 0 0 0 1 2 2 1 2 1 0 2 2 1 FALSE
NC_035108.1 309550635 32 2_Senegal_1_1 1.56655522232519e-28 0 1 0 0 0 0 0 0 0 0 0 1 1 2 1 1 0 1 0 0 0 0 0 0 0 0 0 0 0 1 0 0 0 0 0 0 0 0 1 0 0 0 1 0 0 0 0 0 0 2 0 2 0 0 0 2 2 2 2 2 2 2 2 2 0 2 2 1 2 2 1 0 2 1 0 0 0 0 0 0 0 0 0 0 0 0 0 1 0 0 0 0 2 2 1 2 0 0 2 2 1 FALSE
NC_035108.1 309552169 33 2_Senegal_1_1 2.34018166738032e-32 0 0 0 0 0 0 0 0 0 0 0 1 1 2 1 1 0 0 0 0 0 0 0 0 0 0 0 0 0 1 0 0 0 0 0 0 0 0 1 0 0 0 0 1 0 0 0 0 0 1 0 1 0 0 0 2 2 2 2 2 2 2 2 2 0 2 2 1 2 2 1 0 2 1 0 0 0 0 0 0 0 0 0 0 0 0 0 1 0 0 0 0 1 2 1 2 1 0 2 2 1 FALSE
NC_035108.1 309567571 34 2_Senegal_1_1 2.39719270497374e-34 0 0 0 0 0 0 0 0 0 0 0 1 1 2 1 1 0 0 0 0 0 0 0 0 0 0 0 0 0 1 0 0 0 0 0 0 0 0 1 0 0 0 1 0 0 0 0 0 0 1 0 1 0 0 0 2 2 2 2 2 2 2 2 2 0 2 2 1 2 2 1 0 2 1 0 0 0 0 0 0 0 0 0 0 0 0 0 1 0 0 0 0 2 2 1 2 1 0 2 2 1 FALSE
NC_035108.1 309567706 35 2_Senegal_1_1 2.41046860139226e-30 0 0 0 0 0 0 0 0 0 0 0 1 1 2 1 1 0 0 0 0 0 0 0 1 0 0 0 0 0 1 0 0 0 0 0 0 0 0 1 0 0 0 1 0 0 1 0 0 0 1 0 1 0 0 0 2 2 2 2 1 2 2 2 2 0 2 2 1 2 2 1 0 2 1 0 0 0 0 0 0 0 0 0 0 0 0 0 1 0 0 0 0 2 2 1 2 1 0 2 2 1 FALSE
NC_035108.1 309567716 36 2_Senegal_1_1 2.41046860139226e-30 0 0 0 0 0 0 0 0 0 0 0 1 1 2 1 1 0 0 0 0 0 0 0 1 0 0 0 0 0 1 0 0 0 0 0 0 0 0 1 0 0 0 1 0 0 1 0 0 0 1 0 1 0 0 0 2 2 2 2 1 2 2 2 2 0 2 2 1 2 2 1 0 2 1 0 0 0 0 0 0 0 0 0 0 0 0 0 1 0 0 0 0 2 2 1 2 1 0 2 2 1 FALSE
NC_035108.1 309568025 37 2_Senegal_1_1 1.48935587814402e-33 0 0 0 0 0 0 0 0 0 0 0 1 1 2 1 1 0 0 0 0 0 0 0 0 0 0 0 0 0 1 0 0 0 0 0 0 0 0 1 0 0 0 0 0 0 0 0 0 0 1 0 1 0 0 0 1 2 2 2 2 2 2 2 2 0 2 2 1 2 2 1 0 2 1 0 0 0 0 0 0 0 0 0 0 0 0 0 1 0 0 0 0 2 2 1 2 1 0 2 2 1 FALSE
NC_035108.1 309568111 38 2_Senegal_1_1 4.71660968161701e-30 0 0 0 0 0 0 0 0 0 0 0 1 1 2 1 1 0 0 0 0 0 0 0 0 0 0 0 0 0 1 0 0 0 0 0 0 0 0 1 0 0 0 0 0 0 0 0 0 0 1 0 1 0 0 0 1 2 2 2 1 2 2 2 2 0 2 2 1 2 1 1 0 2 1 0 0 0 0 0 0 0 0 0 0 0 0 0 1 0 0 0 0 2 2 1 2 1 0 2 2 1 FALSE
NC_035108.1 309568473 39 2_Senegal_1_1 3.4398312661517e-33 0 0 0 0 0 0 0 0 0 0 0 1 1 2 1 1 0 0 0 1 0 0 0 0 0 0 0 0 0 1 0 0 0 0 0 0 0 0 1 0 0 0 0 0 0 0 1 0 0 1 0 1 0 0 0 2 2 2 2 2 2 2 2 2 0 2 2 1 2 2 1 0 2 1 0 0 0 0 0 0 0 0 0 0 0 0 0 1 0 0 0 0 2 2 1 2 1 0 2 2 1 FALSE
NC_035108.1 309568661 40 2_Senegal_1_1 1.16900357148427e-35 0 0 0 0 0 0 0 0 0 0 0 1 1 2 1 1 0 0 0 0 0 0 0 0 0 0 0 0 0 1 0 0 0 0 0 0 0 0 1 0 0 0 0 0 0 0 0 0 0 1 0 1 0 0 0 2 2 2 2 2 2 2 2 2 0 2 2 1 2 2 1 0 2 1 0 0 0 0 0 0 0 0 0 0 0 0 0 1 0 0 0 0 2 2 1 2 1 0 2 2 1 FALSE
NC_035108.1 309568800 41 2_Senegal_1_1 3.4398312661517e-33 1 0 0 0 0 0 0 0 0 0 0 1 1 2 1 1 0 0 0 0 0 0 0 0 0 0 0 0 0 1 0 0 0 0 0 0 0 0 1 0 0 0 0 0 0 0 0 0 0 1 0 1 0 0 0 2 2 2 2 2 2 2 2 2 0 2 2 1 2 2 1 0 2 1 0 0 0 0 0 0 0 0 0 0 0 0 1 1 0 0 0 0 2 2 1 2 1 0 2 2 1 FALSE
NC_035108.1 309569606 42 2_Senegal_1_1 5.9471880522715e-30 0 0 0 0 0 0 0 0 0 0 0 1 1 2 1 1 0 0 0 0 0 0 0 0 0 1 0 0 0 1 0 0 0 0 0 0 0 0 1 1 0 0 1 0 0 0 0 0 0 2 0 2 0 0 0 2 2 2 2 2 2 2 2 2 0 2 2 1 2 2 1 0 2 1 0 0 0 0 0 0 0 0 0 0 0 0 0 1 0 0 0 0 2 2 1 2 1 0 2 2 1 FALSE
NC_035108.1 309570245 43 2_Senegal_1_1 2.05851394131767e-26 0 0 0 0 0 0 0 0 0 0 0 1 1 2 1 1 0 1 1 1 0 0 0 0 0 0 0 0 0 2 0 0 0 0 0 0 0 0 1 0 0 0 0 0 0 0 0 0 0 2 0 2 0 0 0 2 2 2 2 2 2 2 2 2 0 2 2 1 2 1 1 0 2 1 0 0 0 0 0 0 0 0 0 0 0 0 0 1 0 0 0 0 2 2 1 2 1 0 2 2 1 FALSE
NC_035108.1 309570279 44 2_Senegal_1_1 8.11148420072625e-36 0 0 0 0 0 0 0 0 0 0 0 1 1 2 1 1 0 0 0 0 0 0 0 0 0 0 0 0 0 1 0 0 0 0 0 0 0 0 1 0 0 0 0 0 0 0 0 0 0 1 0 1 0 0 0 2 2 2 2 2 1 2 2 2 0 2 2 1 2 1 1 0 2 1 0 0 0 0 0 0 0 0 0 0 0 0 0 1 0 0 0 0 2 2 1 2 1 0 2 2 1 FALSE
NC_035108.1 309585747 45 2_Senegal_1_1 2.19855356626677e-28 0 0 0 0 0 0 0 0 0 0 0 1 1 2 1 1 0 0 0 0 0 0 0 0 0 0 0 0 0 1 0 0 0 0 1 0 0 0 1 0 0 0 0 0 0 0 0 0 0 1 0 1 0 0 0 2 2 2 2 2 2 2 2 2 0 2 2 1 2 2 2 0 2 1 0 0 0 0 0 0 0 1 0 0 0 0 0 1 0 0 0 1 2 2 2 2 1 0 2 2 1 FALSE
NC_035108.1 309585887 46 2_Senegal_1_1 2.40523748422627e-29 0 0 0 0 0 0 0 0 0 0 0 1 1 2 1 1 0 0 0 0 0 0 0 0 0 0 0 0 0 1 0 0 0 0 0 0 0 0 2 0 0 0 0 0 0 0 0 0 0 2 0 1 0 0 0 2 2 2 2 2 2 2 2 2 0 2 2 1 2 2 1 0 2 1 0 0 0 0 0 0 0 1 0 0 0 0 0 1 0 0 0 1 2 2 1 2 1 0 2 2 1 FALSE
NC_035108.1 309625287 47 2_Senegal_1_1 2.26056385567345e-32 0 0 0 1 0 0 0 0 0 0 0 1 1 2 1 1 0 0 0 0 0 0 0 0 0 0 0 0 0 1 0 0 0 0 0 0 0 0 1 0 0 0 0 0 0 0 0 0 0 2 0 2 0 0 0 2 2 2 2 2 2 2 2 2 0 2 2 1 2 2 1 0 2 1 0 0 0 0 0 0 0 0 0 0 0 0 0 1 0 0 0 0 2 2 1 2 1 0 2 2 1 FALSE
NC_035108.1 309626022 48 2_Senegal_1_1 1.48935587814402e-33 0 0 0 0 0 0 0 0 0 0 0 1 1 2 1 1 0 0 0 0 0 0 0 0 0 0 0 0 0 1 0 0 0 0 0 0 0 0 1 0 0 0 0 0 0 0 0 0 0 1 0 1 0 0 0 2 2 2 2 2 2 2 2 2 0 1 2 1 2 2 1 0 2 1 0 0 0 0 0 0 0 0 0 0 0 0 0 1 0 0 0 0 2 2 1 2 1 0 2 2 1 FALSE
NC_035108.1 309630170 49 2_Senegal_1_1 1.58059814781038e-28 0 0 0 0 0 0 0 0 0 0 0 1 1 2 1 1 0 0 0 0 0 0 0 0 0 0 0 0 0 1 0 0 0 0 0 0 0 0 1 0 0 0 0 0 0 0 0 0 0 2 0 2 0 0 0 2 2 2 2 2 2 2 2 2 0 2 1 1 2 2 1 0 2 1 0 0 1 0 0 0 0 0 0 0 0 0 0 1 0 0 0 0 2 1 1 2 1 0 2 2 1 FALSE
NC_035108.1 309631933 50 2_Senegal_1_1 1.73504420921551e-26 0 0 0 0 0 0 0 0 0 0 0 1 1 2 1 1 0 0 1 1 0 0 0 0 0 0 0 0 0 1 0 0 0 0 0 0 0 0 1 0 0 0 0 0 0 0 0 0 0 1 0 1 0 0 0 2 1 2 2 2 2 2 2 2 0 2 2 1 2 2 1 0 2 1 0 0 0 1 0 0 0 0 1 0 0 0 0 1 0 0 0 0 2 0 1 1 1 0 2 2 1 FALSE
NC_035108.1 309644654 51 2_Senegal_1_1 3.65390878310285e-27 0 0 0 0 0 0 0 0 0 0 0 1 1 2 1 1 0 0 0 0 0 0 0 0 0 0 0 0 0 1 0 0 0 0 0 0 0 0 1 0 0 0 0 0 0 0 0 0 0 1 0 1 0 0 0 1 1 2 2 2 2 2 2 2 0 1 2 1 2 2 1 0 2 1 0 0 0 0 0 0 0 0 0 0 0 0 0 1 0 0 0 0 2 0 1 1 1 0 2 2 1 FALSE
NC_035108.1 309645000 52 2_Senegal_1_1 3.52337945429738e-26 0 0 0 0 0 0 0 0 0 0 0 1 1 2 1 1 0 0 0 0 0 0 0 0 0 0 0 0 0 1 0 1 0 0 0 0 0 0 1 0 0 0 0 0 0 0 0 0 0 1 0 1 0 0 0 2 1 2 2 2 2 1 1 2 0 2 2 1 2 2 1 0 2 1 0 0 0 0 0 0 0 0 0 0 0 0 0 1 0 0 0 0 2 0 1 1 1 0 2 2 1 FALSE
NC_035108.1 309645948 53 2_Senegal_1_1 1.07514018835998e-27 0 0 0 0 0 0 0 0 0 0 0 1 1 2 1 1 0 0 1 1 0 0 0 0 0 0 0 0 0 1 0 1 0 0 0 0 0 0 1 0 0 0 2 0 0 0 0 0 0 1 0 1 1 0 0 2 2 2 2 2 2 2 2 2 0 2 2 1 2 2 1 0 2 1 0 0 1 0 0 0 0 0 1 0 0 0 1 1 0 0 0 0 2 2 1 2 1 0 2 2 1 FALSE
NC_035108.1 309646292 54 2_Senegal_1_1 1.39794794922856e-27 0 0 0 0 0 0 0 0 0 0 0 2 1 2 1 1 0 0 0 0 0 0 0 0 0 0 0 0 0 1 0 1 0 0 0 0 0 0 1 0 0 0 1 0 0 0 0 0 0 1 0 1 0 0 0 2 2 2 2 2 2 2 2 2 0 2 2 1 2 2 1 0 2 1 0 0 1 0 0 0 0 0 0 0 0 0 1 1 0 0 0 0 2 2 1 1 1 0 2 2 1 FALSE
NC_035108.1 309648196 55 2_Senegal_1_1 3.96674280328519e-32 0 0 0 0 0 0 0 0 0 0 0 1 1 2 1 1 0 0 0 0 0 0 0 0 0 0 0 0 0 1 0 0 0 0 0 0 0 0 1 0 0 0 0 0 0 0 0 0 0 1 0 1 0 0 0 2 2 2 2 2 2 2 2 2 0 2 2 1 2 2 1 0 2 1 0 0 0 0 0 0 0 0 0 0 0 0 0 1 0 0 0 0 2 0 1 1 1 0 2 2 1 FALSE
NC_035108.1 309654317 56 2_Senegal_1_1 8.72355694765358e-28 0 0 0 0 0 0 0 0 0 0 0 2 1 2 1 1 0 0 0 0 0 0 0 0 0 0 0 0 0 1 0 0 0 0 0 0 0 0 1 0 0 0 1 0 0 1 0 0 0 1 0 1 0 0 0 2 2 2 2 2 2 2 2 2 0 2 2 1 2 2 1 0 2 1 1 0 1 1 0 0 0 0 0 0 0 0 1 1 0 0 0 0 2 2 1 2 1 0 2 2 1 FALSE
NC_035108.1 309657309 57 2_Senegal_1_1 2.82680905876735e-30 0 0 0 0 0 0 0 0 0 0 0 1 1 2 1 1 0 0 0 0 0 0 0 0 0 0 0 0 0 1 0 0 0 0 0 0 0 0 1 0 0 0 0 0 0 0 0 0 0 1 0 1 0 0 0 2 2 2 2 2 2 1 2 2 0 2 2 1 2 2 1 0 2 1 0 0 0 0 0 0 0 0 0 0 0 0 0 1 0 0 0 0 2 0 1 1 1 0 2 2 1 FALSE
NC_035108.1 309663659 58 2_Senegal_1_1 3.02730782858332e-26 0 0 0 0 0 0 0 0 0 0 0 1 1 2 1 1 0 0 0 1 0 0 0 0 0 0 0 0 0 1 0 0 0 0 0 0 0 0 1 0 0 0 0 0 0 0 0 0 0 1 0 1 0 0 0 2 2 2 2 1 2 2 2 2 0 2 2 1 2 2 1 0 2 1 0 0 0 0 0 0 0 0 0 0 0 0 0 1 0 0 0 0 1 0 1 1 1 0 2 2 0 FALSE
NC_035108.1 309663846 59 2_Senegal_1_1 7.41811759300382e-29 0 0 0 0 0 0 0 0 0 0 0 1 1 2 1 1 0 0 0 0 0 0 0 0 0 0 0 0 0 1 0 0 0 0 0 0 0 0 1 0 0 0 0 0 0 0 0 0 0 1 0 1 0 0 0 2 2 2 2 2 2 2 2 2 0 2 2 1 2 2 1 0 2 1 0 0 0 0 0 0 0 0 0 0 0 0 0 1 0 0 0 0 1 0 1 1 1 0 2 2 0 FALSE
NC_035108.1 309670084 60 2_Senegal_1_1 8.87280295137467e-28 0 0 0 0 0 0 0 0 0 0 0 1 1 2 1 1 0 0 0 0 0 0 0 0 0 0 0 0 0 1 0 0 0 0 0 0 0 0 1 0 0 0 0 0 1 0 0 0 0 1 0 1 0 0 0 2 2 2 2 2 2 2 2 2 0 2 2 1 2 2 1 0 2 1 0 0 0 0 0 0 0 0 0 0 0 0 0 1 0 0 0 0 1 0 1 1 1 0 2 2 0 FALSE
NC_035108.1 309682810 61 2_Senegal_1_1 8.87280295137467e-28 0 0 0 0 0 0 0 0 0 0 0 1 1 2 1 1 0 0 0 0 0 0 0 0 0 0 0 0 0 1 0 0 0 0 0 1 0 0 1 0 0 0 0 0 0 0 0 0 0 1 0 1 0 0 0 2 2 2 2 2 2 2 2 2 0 2 2 1 2 2 1 0 2 1 0 0 0 0 0 0 0 0 0 0 0 0 0 1 0 0 0 0 1 0 1 1 1 0 2 2 0 FALSE
NC_035108.1 309684312 62 2_Senegal_1_1 7.41811759300382e-29 0 0 0 0 0 0 0 0 0 0 0 1 1 2 1 1 0 0 0 0 0 0 0 0 0 0 0 0 0 1 0 0 0 0 0 0 0 0 1 0 0 0 0 0 0 0 0 0 0 1 0 1 0 0 0 2 2 2 2 2 2 2 2 2 0 2 2 1 2 2 1 0 2 1 0 0 0 0 0 0 0 0 0 0 0 0 0 1 0 0 0 0 1 0 1 1 1 0 2 2 0 FALSE
NC_035108.1 309689509 63 2_Senegal_1_1 4.78522862325178e-27 0 0 0 0 0 0 1 0 0 0 0 2 1 2 1 1 0 0 0 0 0 0 0 0 0 0 0 0 0 1 0 0 0 0 0 0 0 0 1 0 0 0 0 0 0 1 0 0 0 1 0 0 0 0 0 2 2 2 2 2 2 2 2 2 0 2 2 1 2 2 1 0 2 1 1 0 0 1 0 0 0 0 0 0 0 0 0 1 0 0 0 0 1 2 1 2 1 0 2 2 0 FALSE
NC_035108.1 309689888 64 2_Senegal_1_1 1.97628152473086e-33 0 0 0 0 0 0 0 0 0 0 0 1 1 2 1 1 0 0 0 0 0 0 0 0 0 0 0 0 0 1 0 0 0 0 0 0 0 0 1 0 0 0 0 0 0 0 0 0 0 1 0 0 0 0 0 2 2 2 2 2 2 2 2 2 0 2 2 1 2 2 1 0 2 1 0 0 0 0 0 0 0 0 0 0 0 0 0 1 0 0 0 0 1 2 1 2 1 0 2 2 0 FALSE
NC_035108.1 309699878 65 2_Senegal_1_1 6.3693767206751e-31 0 0 0 0 0 0 0 0 0 0 0 1 1 2 1 1 0 0 1 1 0 0 0 0 0 0 0 0 0 1 0 0 0 0 0 0 0 0 1 0 0 0 0 0 0 0 0 0 0 1 0 0 0 0 0 2 2 2 2 2 2 2 2 2 0 2 2 1 2 2 1 0 2 1 0 0 0 0 0 0 0 0 0 0 0 0 0 1 0 0 0 0 1 2 1 2 1 0 2 2 0 FALSE
NC_035108.1 309779308 66 2_Senegal_1_1 1.73504420921551e-26 0 0 0 0 0 0 0 0 0 0 0 1 1 2 1 1 0 0 1 1 0 0 0 0 0 1 0 0 0 1 0 0 0 0 0 0 0 1 1 1 0 0 0 0 0 0 0 0 0 1 0 0 0 0 0 2 2 2 2 2 2 2 2 2 0 2 2 1 2 2 1 1 2 1 0 0 0 0 0 0 0 0 0 0 0 0 0 1 0 0 0 0 1 0 1 1 1 0 2 2 0 FALSE
NC_035108.1 309801045 67 2_Senegal_1_1 8.68525297697839e-27 0 0 0 0 1 0 0 0 0 0 0 1 1 2 1 1 1 0 0 0 0 0 0 0 0 1 0 0 0 1 0 0 0 0 0 0 0 0 1 1 0 0 0 0 1 0 0 0 0 1 0 1 0 0 0 2 2 2 2 2 2 2 2 2 0 2 2 1 2 2 1 1 2 1 0 0 0 0 0 1 1 0 0 0 0 0 0 1 1 0 0 0 1 2 1 2 1 0 2 2 0 FALSE
NC_035108.1 309801114 68 2_Senegal_1_1 1.43020588492038e-26 0 0 0 0 0 0 0 0 0 0 0 1 1 2 1 1 1 0 0 0 0 0 0 0 0 1 0 0 0 2 0 0 0 0 0 0 0 0 1 1 0 0 0 0 1 0 0 0 0 1 0 1 0 0 0 2 2 2 2 2 2 2 2 2 0 2 2 1 2 2 1 1 2 1 0 0 0 0 0 1 2 0 0 1 0 0 0 1 0 0 0 0 2 2 1 2 1 0 2 2 0 FALSE
NC_035108.1 309802599 69 2_Senegal_1_1 3.66607547083203e-32 0 0 0 0 0 0 0 0 0 0 0 1 1 2 1 1 1 0 1 1 0 0 0 0 0 0 0 0 0 1 0 0 0 0 0 0 0 0 1 0 0 0 0 0 0 0 0 0 0 1 0 1 0 0 0 2 2 2 2 2 2 2 2 2 0 2 2 1 2 2 1 1 2 1 0 0 0 0 0 0 0 0 0 0 0 0 0 1 0 0 0 0 2 2 1 2 1 0 2 2 0 FALSE
NC_035108.1 309802856 70 2_Senegal_1_1 2.18340989273106e-26 0 0 0 0 0 0 0 0 0 0 0 1 1 2 1 1 1 0 0 0 0 0 0 0 0 0 0 0 0 2 0 0 0 0 0 0 0 0 2 0 0 0 0 0 1 0 0 0 0 1 0 1 0 0 0 2 2 2 2 2 2 2 2 2 0 2 2 1 2 2 1 1 2 1 0 0 0 0 0 1 2 0 0 1 0 0 0 1 0 0 0 0 2 2 1 2 1 0 2 2 0 FALSE
NC_035108.1 310026615 71 2_Senegal_1_1 1.21934181413929e-28 0 0 0 0 0 0 0 0 0 1 0 1 1 2 1 1 0 0 0 0 0 0 0 0 0 0 0 0 0 1 0 0 0 0 0 0 0 0 1 0 0 0 0 0 0 0 0 0 0 1 0 1 0 0 0 2 2 2 2 2 2 2 2 2 0 2 2 1 2 1 1 2 2 1 0 0 0 0 0 0 0 0 0 0 0 0 0 1 0 0 0 0 1 2 1 2 1 0 2 2 0 FALSE
NC_035108.1 310048536 72 2_Senegal_1_1 3.40953220477492e-31 0 0 0 0 0 0 0 0 0 0 0 1 1 2 1 1 0 0 0 0 0 0 0 0 0 0 0 0 0 1 0 0 0 0 0 0 0 0 1 0 0 0 0 0 0 0 0 0 0 1 0 1 0 0 0 2 2 2 2 2 2 2 2 2 0 2 2 1 2 1 1 2 2 1 0 0 0 0 0 0 0 0 0 0 0 0 0 1 0 0 0 0 1 2 1 2 1 0 2 2 1 FALSE
NC_035108.1 311036554 73 2_Senegal_1_1 1.06559873872788e-30 0 0 0 0 0 0 0 0 0 0 0 1 1 2 1 1 0 0 0 0 0 0 0 0 0 0 0 0 0 1 0 0 1 0 0 0 0 0 1 0 0 1 0 0 0 0 1 1 0 2 0 0 0 0 1 2 2 2 2 2 1 2 2 2 0 2 2 1 2 2 1 2 2 1 0 0 0 0 0 0 0 0 0 0 0 0 0 1 0 0 0 0 2 2 1 2 1 0 2 2 1 FALSE
NC_035108.1 311138477 74 2_Senegal_1_1 2.55651144272673e-29 0 0 0 0 0 0 0 0 0 0 0 1 1 2 1 1 0 0 0 0 0 0 0 0 0 0 0 0 0 1 0 0 1 0 0 0 0 0 1 0 0 0 0 0 0 0 0 0 0 1 0 1 0 0 0 2 2 2 2 1 2 2 2 2 0 2 2 0 2 2 1 2 2 1 0 0 0 0 0 0 0 0 0 0 0 0 0 1 1 0 0 0 2 2 1 2 1 0 2 2 1 FALSE
NC_035108.1 311138673 75 2_Senegal_1_1 3.60904497258928e-31 0 0 0 0 0 0 0 0 0 0 0 1 1 2 1 1 0 0 0 0 0 0 0 0 0 0 0 0 0 1 0 0 1 0 0 0 0 0 1 0 0 0 0 0 0 0 0 0 0 1 0 1 0 0 0 2 2 2 2 2 2 2 2 2 1 2 2 0 2 2 1 2 2 1 0 0 0 0 0 0 0 0 0 0 0 0 0 1 0 0 0 0 2 2 1 2 1 0 2 2 1 FALSE
NC_035108.1 311138980 76 2_Senegal_1_1 3.60904497258928e-31 0 0 0 0 0 0 0 0 0 0 0 1 1 2 1 1 0 0 0 0 0 0 0 0 0 0 0 0 0 1 0 0 1 0 0 0 0 1 1 0 0 0 0 0 0 0 0 0 0 1 0 1 0 0 0 2 2 2 2 2 2 2 2 2 0 2 2 0 2 2 1 2 2 1 0 0 0 0 0 0 0 0 0 0 0 0 0 1 0 0 0 0 2 2 1 2 1 0 2 2 1 FALSE
NC_035108.1 311154246 77 2_Senegal_1_1 2.74247316040521e-29 0 0 0 0 0 0 0 0 0 1 0 1 1 2 1 1 0 1 0 0 0 0 0 0 0 0 0 0 0 1 0 0 1 0 0 0 0 1 1 0 0 0 0 0 0 0 0 0 0 1 0 1 0 0 0 2 2 2 2 2 2 2 2 2 0 2 2 0 2 2 1 2 2 1 0 0 0 0 0 0 0 0 0 0 0 0 0 1 0 0 0 0 2 2 1 2 1 0 2 2 1 FALSE
NC_035108.1 311240518 78 2_Senegal_1_1 4.12023184806972e-26 0 0 0 1 0 0 0 0 0 0 0 1 1 2 1 1 0 0 0 0 0 0 0 0 0 0 0 1 0 1 0 0 1 0 0 0 1 1 1 0 0 0 0 0 0 0 0 0 0 2 0 1 0 0 0 2 2 2 2 2 2 2 2 2 0 2 2 0 2 2 1 2 2 1 0 0 0 0 0 0 1 0 0 0 0 0 0 1 0 0 0 0 2 2 1 2 1 0 2 2 1 FALSE
NC_035108.1 311597119 79 2_Senegal_1_1 1.9218411077083e-28 0 0 0 0 0 0 1 0 0 0 0 1 1 2 1 1 0 0 0 0 0 0 0 0 0 0 0 0 0 1 0 0 1 0 0 0 0 0 1 0 0 1 0 0 0 0 0 0 1 1 0 1 0 1 1 2 2 2 2 2 2 2 2 2 0 2 2 1 2 2 1 2 2 1 0 0 0 0 1 0 0 0 0 0 0 0 0 1 0 0 0 0 2 2 1 2 1 0 2 2 1 FALSE
NC_035108.1 311741508 80 2_Senegal_1_1 2.55651144272673e-29 0 0 0 0 0 0 0 0 0 0 0 1 1 2 1 1 0 0 0 0 0 0 0 0 0 0 0 0 0 1 0 0 1 0 0 0 0 0 1 0 0 1 0 0 0 0 0 0 0 1 0 0 0 0 1 2 2 2 2 2 1 2 2 2 0 2 2 1 2 2 2 2 2 1 0 0 0 0 0 0 0 0 0 0 0 0 0 1 0 0 0 0 1 2 0 2 1 0 2 2 1 FALSE
NC_035108.1 311743192 81 2_Senegal_1_1 1.39794794922856e-27 0 0 0 0 0 0 0 0 0 0 0 1 1 2 1 1 0 0 0 0 0 0 0 0 0 1 0 0 0 1 0 0 1 0 0 0 0 0 1 1 0 1 0 0 0 0 0 0 0 1 0 0 0 0 1 2 2 2 2 2 2 2 2 2 0 2 2 1 2 2 1 2 2 1 0 0 0 0 0 0 0 0 0 0 0 0 0 1 0 0 0 0 1 2 0 2 1 0 2 2 1 FALSE
NC_035108.1 311782089 82 2_Senegal_1_1 1.1117706049132e-27 0 0 0 0 0 0 0 0 0 0 0 1 1 2 1 0 0 0 0 0 0 0 0 0 0 0 0 0 0 1 0 0 1 0 0 0 0 0 1 0 0 1 0 0 0 0 0 0 0 1 0 0 0 0 1 2 2 2 2 2 2 2 2 2 0 1 2 1 2 2 1 2 2 1 0 0 0 0 0 0 0 0 0 0 0 0 0 1 0 0 0 0 1 2 0 2 1 1 2 2 1 FALSE
NC_035108.1 312078388 83 2_Senegal_1_1 7.84348045785016e-27 0 0 0 0 0 0 0 0 0 0 0 1 1 2 1 1 0 0 0 0 0 0 0 0 0 0 2 0 0 1 0 0 0 0 0 0 0 0 1 0 0 0 0 0 0 0 0 0 0 0 0 1 0 0 0 2 2 2 2 2 2 2 2 1 0 2 2 1 2 2 1 2 2 1 0 0 0 0 0 0 0 0 0 0 0 0 0 1 0 0 0 0 2 2 1 2 1 2 1 2 0 FALSE
NC_035108.1 312078992 84 2_Senegal_1_1 2.44311738864164e-28 0 0 0 0 0 0 0 0 0 0 0 1 1 2 1 1 0 0 0 0 0 0 0 0 0 0 1 0 0 1 0 0 0 0 0 0 0 0 1 0 0 0 0 0 0 0 0 0 0 2 0 1 0 0 0 2 2 2 2 2 1 2 2 1 0 2 2 1 2 2 1 2 2 1 0 0 0 0 0 0 0 0 0 0 0 0 0 1 0 0 0 0 2 2 1 2 1 2 1 2 0 FALSE
NC_035108.1 312079492 85 2_Senegal_1_1 2.44311738864164e-28 0 0 0 0 0 0 0 0 0 0 0 1 1 2 1 1 0 0 0 0 0 0 0 0 0 0 1 0 0 1 0 0 0 0 0 0 0 0 1 0 0 0 0 0 0 0 0 0 0 2 0 1 0 0 0 2 2 2 2 2 1 2 2 1 0 2 2 1 2 2 1 2 2 1 0 0 0 0 0 0 0 0 0 0 0 0 0 1 0 0 0 0 2 2 1 2 1 2 1 2 0 FALSE
NC_035108.1 312079581 86 2_Senegal_1_1 2.44311738864164e-28 0 0 0 0 0 0 0 0 0 0 0 1 1 2 1 1 0 0 0 0 0 0 0 0 0 0 1 0 0 1 0 0 0 0 0 0 0 0 1 0 0 0 0 0 0 0 0 0 0 2 0 1 0 0 0 2 2 2 2 2 1 2 2 1 0 2 2 1 2 2 1 2 2 1 0 0 0 0 0 0 0 0 0 0 0 0 0 1 0 0 0 0 2 2 1 2 1 2 1 2 0 FALSE
NC_035108.1 312079873 87 2_Senegal_1_1 1.61471515251034e-26 0 0 0 0 0 0 0 0 0 0 1 1 1 2 1 1 0 0 0 0 0 0 0 0 0 0 1 0 0 1 0 0 0 0 0 0 0 0 1 0 0 0 0 0 0 0 0 0 0 1 0 1 0 0 0 2 2 2 2 2 2 2 2 1 0 2 2 1 2 2 1 2 2 1 0 0 0 0 0 0 0 0 0 0 0 0 0 1 0 1 0 0 2 2 1 2 1 2 1 2 0 FALSE
NC_035108.1 312107326 88 2_Senegal_1_1 3.01551460062338e-26 0 0 0 0 0 0 0 0 0 0 0 1 1 2 1 1 0 0 0 0 0 0 0 0 0 0 1 0 0 1 0 0 1 0 0 0 0 0 1 0 0 0 0 0 0 0 0 0 0 2 1 1 1 0 0 2 2 2 2 2 2 2 2 2 0 2 2 1 2 2 1 2 2 1 0 0 0 0 0 0 0 0 0 0 0 0 0 1 0 0 2 0 2 2 1 2 1 2 2 2 0 FALSE
NC_035108.1 312107475 89 2_Senegal_1_1 8.09180966513409e-30 0 0 0 0 0 0 0 0 0 0 0 1 1 2 1 1 0 0 0 0 0 0 0 0 0 0 1 0 0 1 0 0 1 0 0 0 0 0 1 0 0 0 0 0 0 0 0 0 0 1 1 1 0 0 0 2 2 2 2 2 2 2 2 2 0 2 2 1 2 2 1 2 2 1 0 0 0 0 0 0 0 0 0 0 0 0 0 1 0 0 0 0 2 2 1 2 1 2 2 2 0 FALSE
NC_035108.1 312112608 90 2_Senegal_1_1 8.09180966513409e-30 0 0 0 0 0 0 0 0 0 0 0 1 1 2 1 1 0 0 0 0 0 0 0 0 0 0 1 0 0 1 0 0 1 0 0 0 0 0 1 0 0 0 0 0 0 0 0 0 0 1 0 1 0 0 0 2 2 2 2 2 2 2 2 2 0 2 2 1 2 2 1 2 2 1 0 0 0 0 0 0 0 0 0 0 0 0 0 1 0 0 1 0 2 2 1 2 1 2 2 2 0 FALSE
NC_035108.1 312114917 91 2_Senegal_1_1 3.41054983151578e-28 0 0 0 0 0 0 0 0 0 0 0 1 1 2 1 1 0 0 0 0 0 0 0 0 0 0 1 0 0 1 0 0 1 0 0 0 0 0 1 0 0 0 0 0 0 0 0 1 0 2 0 1 0 0 0 2 2 2 2 2 2 2 2 2 0 2 2 1 2 2 1 2 2 1 0 0 0 0 0 0 0 0 0 0 0 0 0 1 0 0 0 0 2 2 1 2 1 2 2 2 0 FALSE
NC_035108.1 312125753 92 2_Senegal_1_1 3.01551460062338e-26 0 0 0 0 0 0 0 0 0 0 0 1 1 2 1 1 0 0 0 0 1 0 0 0 0 0 1 0 0 1 0 0 1 0 0 0 0 0 1 0 0 0 0 0 0 0 0 0 0 2 1 1 0 0 0 2 2 2 2 2 2 2 2 2 0 2 2 1 2 2 1 2 2 1 0 0 0 0 0 0 0 0 0 0 0 0 0 1 0 0 2 0 2 2 1 2 1 2 2 2 0 FALSE
NC_035108.1 312126363 93 2_Senegal_1_1 1.17316138287014e-27 0 0 0 0 0 0 0 0 0 0 0 1 1 2 1 0 0 0 0 0 0 0 0 0 0 0 1 0 0 1 0 0 0 0 0 0 0 0 1 0 0 0 0 0 0 0 0 0 0 1 0 1 0 0 0 2 2 2 2 2 2 2 2 1 0 2 2 1 2 2 1 1 2 1 0 0 0 0 0 0 0 0 0 0 0 0 0 1 0 0 0 0 1 2 0 2 1 1 1 2 0 FALSE
NC_035108.1 312126665 94 2_Senegal_1_1 8.09180966513409e-30 0 0 0 0 0 0 0 0 0 0 0 1 1 2 1 1 0 0 0 0 0 0 0 0 0 0 1 0 0 1 0 0 1 0 1 0 0 0 1 0 0 0 0 0 0 0 0 0 0 1 0 1 0 0 0 2 2 2 2 2 2 2 2 2 0 2 2 1 2 2 1 2 2 1 0 0 0 0 0 0 0 0 0 0 0 0 0 1 0 0 0 0 2 2 1 2 1 2 2 2 0 FALSE
NC_035108.1 312130203 95 2_Senegal_1_1 2.40580827038241e-27 0 0 0 0 0 1 0 0 0 0 0 1 1 2 1 1 0 0 0 0 0 0 0 0 0 0 1 0 0 1 0 0 1 0 0 0 0 0 1 0 0 0 0 0 0 0 0 0 1 1 0 1 0 0 0 2 2 2 2 2 2 2 2 2 0 2 2 2 2 2 1 2 2 1 0 0 0 0 0 0 0 0 0 0 0 0 0 1 0 0 0 0 2 2 1 2 1 2 2 2 0 FALSE
NC_035108.1 312205820 96 2_Senegal_1_1 1.19520327810609e-27 0 0 0 0 0 0 0 0 0 0 0 1 2 2 1 2 0 0 0 0 0 0 0 0 0 0 1 0 0 1 0 0 1 0 0 0 0 0 1 0 0 0 0 0 0 0 0 0 0 1 0 1 0 0 0 2 2 2 2 2 2 2 2 2 0 2 2 1 2 2 1 2 2 1 0 0 0 0 0 0 0 0 0 0 0 0 0 1 0 0 0 0 2 2 1 2 1 2 2 2 0 FALSE
NC_035108.1 312209558 97 2_Senegal_1_1 6.22103770495897e-29 0 0 0 0 0 0 0 0 0 0 0 1 1 2 1 1 0 0 0 0 0 0 0 0 0 0 1 0 0 1 0 0 1 0 0 0 0 0 1 0 0 0 0 0 0 0 0 0 0 1 0 1 1 0 0 2 2 2 2 2 2 2 2 2 0 2 2 1 2 2 1 2 2 1 0 0 0 0 0 0 0 0 0 0 0 0 0 1 0 1 0 0 2 2 1 2 1 2 2 2 0 FALSE
NC_035108.1 307084024 1 2_Senegal_2_1 6.25761941347969e-28 0 0 0 0 0 0 0 0 0 0 0 1 1 1 1 1 0 0 0 0 0 0 0 0 0 0 0 0 0 1 0 0 0 0 0 0 0 0 1 0 0 0 0 0 0 0 0 0 0 1 0 0 0 0 0 2 2 2 2 1 2 2 2 2 0 2 2 1 2 2 1 1 1 0 0 0 0 0 0 0 0 0 0 0 0 0 0 1 0 0 0 0 1 1 1 1 1 0 2 1 1 FALSE
NC_035108.1 307096261 2 2_Senegal_2_1 9.18688746428225e-33 0 0 0 0 0 0 0 0 0 0 0 2 1 1 1 1 0 0 0 0 0 0 0 0 0 0 0 0 0 1 0 0 0 0 0 0 0 0 1 0 0 0 0 0 0 0 0 0 0 1 0 0 0 0 0 2 2 2 2 1 2 2 2 2 0 2 2 1 2 2 1 1 2 0 0 0 0 0 0 0 0 0 0 0 0 0 0 1 0 0 0 0 2 2 1 2 1 0 2 2 1 FALSE
NC_035108.1 308521673 3 2_Senegal_2_1 7.56382058552881e-28 0 0 0 0 0 0 0 0 0 0 0 0 1 2 1 1 0 0 0 0 0 0 0 0 0 0 0 1 0 1 0 0 0 0 0 0 0 0 1 0 0 0 0 0 0 0 0 0 0 1 0 0 0 0 0 2 2 2 2 2 2 2 2 2 0 2 2 1 2 2 1 0 2 1 0 0 0 0 0 0 0 0 0 0 0 0 0 1 0 0 0 0 1 1 0 1 1 0 2 0 1 FALSE
NC_035108.1 309208348 4 2_Senegal_2_1 3.35579403539563e-29 0 0 0 0 0 0 0 0 0 0 0 1 1 2 1 1 0 0 1 1 0 0 0 0 0 0 0 0 0 1 0 0 0 0 0 0 0 1 1 0 0 0 0 0 0 0 0 0 0 1 0 1 0 0 0 2 2 2 2 1 2 2 2 1 0 2 2 1 2 2 1 0 2 0 0 0 0 0 0 0 0 0 0 0 0 0 0 1 0 0 0 0 2 2 1 2 1 0 2 2 1 FALSE
NC_035108.1 309209805 5 2_Senegal_2_1 7.1847836292827e-28 0 0 0 0 0 0 0 0 0 0 0 1 1 2 1 1 0 0 0 0 0 0 0 0 0 0 0 0 0 1 0 0 0 0 0 0 0 0 1 0 0 0 0 0 0 0 0 0 0 1 0 1 0 0 0 2 2 2 2 1 2 2 2 1 0 2 2 1 2 2 1 0 2 0 0 0 0 0 0 0 0 0 0 0 0 0 0 0 0 0 0 0 1 2 1 2 1 0 2 2 0 FALSE
NC_035108.1 309356778 6 2_Senegal_2_1 2.08436183481846e-28 0 0 0 0 0 0 0 0 0 0 0 1 1 2 1 1 0 0 0 0 0 0 0 0 0 0 0 0 0 1 1 0 0 0 0 0 0 1 1 0 0 0 0 0 0 0 0 0 0 2 0 1 0 0 0 2 2 2 2 2 2 2 2 2 0 2 2 1 1 2 1 0 2 1 0 0 0 0 0 0 0 1 0 0 0 0 0 1 0 1 0 1 2 2 1 2 1 0 2 2 1 FALSE
NC_035108.1 309388977 7 2_Senegal_2_1 4.68443713774233e-28 0 0 0 0 0 0 0 0 0 0 0 1 1 2 1 1 0 0 0 0 0 0 0 0 0 0 0 0 0 1 0 0 0 0 0 0 0 0 1 0 0 0 0 0 0 0 0 0 0 0 0 0 0 0 0 2 2 2 2 1 2 2 2 2 1 2 2 1 2 2 1 0 2 0 0 0 0 0 0 0 0 0 0 0 0 0 0 0 0 0 0 0 1 2 1 2 1 0 2 2 0 FALSE
NC_035108.1 309442040 8 2_Senegal_2_1 5.50652079191488e-29 0 0 0 0 0 0 0 0 0 0 0 1 1 2 1 1 0 0 0 0 0 0 0 0 0 1 0 0 0 1 0 0 0 0 0 0 0 0 1 1 0 0 0 0 0 0 0 0 0 0 0 0 0 0 0 2 2 2 2 2 2 2 2 2 1 2 2 1 2 2 1 0 2 1 0 0 0 0 0 0 0 0 0 0 0 0 0 0 0 0 0 0 1 2 1 2 1 0 2 2 0 FALSE
NC_035108.1 309446767 9 2_Senegal_2_1 3.79097784203907e-31 0 0 0 0 0 0 0 0 0 0 0 1 1 2 1 1 0 0 0 0 0 0 0 0 0 0 0 0 0 1 0 0 0 0 0 0 0 0 1 0 0 0 0 0 0 0 0 0 0 0 0 0 0 0 0 2 2 2 2 2 2 2 2 2 1 2 2 1 2 2 1 0 2 1 0 0 0 0 0 0 0 0 0 0 0 0 0 0 0 0 0 0 1 2 1 2 1 0 2 2 0 FALSE
NC_035108.1 309446789 10 2_Senegal_2_1 9.20325253382317e-30 0 0 0 0 0 0 0 0 0 0 0 1 1 2 1 1 0 0 0 0 0 0 0 0 0 0 0 0 0 1 0 0 0 0 0 0 0 0 1 0 0 0 0 0 0 0 0 0 0 0 0 0 0 0 0 2 2 2 2 2 2 2 2 2 1 2 2 0 2 2 1 0 2 1 0 0 0 0 0 0 0 0 0 0 0 0 0 0 0 0 0 0 1 2 1 2 1 0 2 2 0 FALSE
NC_035108.1 309447076 11 2_Senegal_2_1 5.47113802955684e-30 0 0 0 0 0 0 0 0 0 0 0 1 1 2 1 1 0 0 0 0 0 0 0 0 0 0 0 0 0 1 0 0 0 0 0 0 0 0 1 0 0 0 0 0 0 0 1 0 0 0 0 0 0 0 0 2 2 2 2 2 2 2 2 2 1 2 2 1 2 2 1 0 2 1 0 0 0 0 0 0 0 0 0 0 0 0 0 0 0 0 0 0 1 2 1 2 1 0 2 2 0 FALSE
NC_035108.1 309456117 12 2_Senegal_2_1 5.47113802955684e-30 0 0 0 0 0 0 0 0 0 0 0 1 1 2 1 1 0 0 1 0 0 0 0 0 0 0 0 0 0 1 0 0 0 0 0 0 0 0 1 0 0 0 0 0 0 0 0 0 0 0 0 0 0 0 0 2 2 2 2 2 2 2 2 2 1 2 2 1 2 2 1 0 2 1 0 0 0 0 0 0 0 0 0 0 0 0 0 0 0 0 0 0 1 2 1 2 1 0 2 2 0 FALSE
NC_035108.1 309467921 13 2_Senegal_2_1 2.39163126048622e-36 0 0 0 0 0 0 0 0 0 0 0 1 1 2 1 1 0 0 0 0 0 0 0 0 0 0 0 0 0 1 0 0 0 0 0 0 0 0 1 0 0 0 0 0 0 0 0 0 0 1 0 1 0 0 0 2 2 2 2 2 2 2 2 2 1 2 2 1 2 2 1 0 2 1 0 0 0 0 0 0 0 0 0 0 0 0 0 1 0 0 0 0 2 2 1 2 1 0 2 2 1 FALSE
NC_035108.1 309468460 14 2_Senegal_2_1 4.02190702822278e-29 0 0 0 0 0 0 1 0 0 0 0 1 1 2 1 1 0 0 0 0 0 0 1 0 0 0 0 0 0 1 0 1 0 0 0 0 0 0 1 0 0 0 1 0 0 0 0 0 1 1 0 1 0 0 0 2 2 2 2 2 2 1 2 2 1 2 2 1 2 2 1 0 2 1 1 0 0 0 0 0 0 0 0 0 0 0 0 1 0 0 0 0 2 2 1 2 1 0 2 2 1 FALSE
NC_035108.1 309475544 15 2_Senegal_2_1 9.65153654968833e-32 0 0 0 0 0 0 1 0 0 0 0 1 1 2 1 1 0 0 0 0 0 0 1 0 0 0 0 0 0 1 0 0 0 0 0 0 0 0 1 0 0 0 0 0 0 0 0 0 1 1 0 2 0 0 0 2 2 2 2 2 2 2 2 2 1 2 2 1 2 2 1 0 2 1 1 0 0 0 0 0 0 0 0 0 0 0 0 1 0 0 0 0 2 2 1 2 1 0 2 2 1 FALSE
NC_035108.1 309475630 16 2_Senegal_2_1 3.09172237038366e-32 0 0 0 0 0 0 0 0 0 0 0 1 1 2 1 1 0 0 0 0 0 0 0 0 0 0 0 0 0 1 0 0 0 0 0 0 0 0 1 0 0 0 0 0 0 0 0 0 0 1 1 1 0 0 0 2 2 2 2 2 2 2 2 2 1 2 2 1 2 2 1 0 2 1 1 0 0 0 0 0 0 0 0 0 0 0 0 1 0 0 0 0 2 2 1 2 1 0 2 1 1 FALSE
NC_035108.1 309520911 17 2_Senegal_2_1 1.00215343740039e-37 0 0 0 0 0 0 0 0 0 0 0 1 1 2 1 1 0 0 0 0 0 0 0 0 0 0 0 0 0 1 0 0 0 0 0 0 0 0 1 0 0 0 0 0 0 0 0 0 0 1 0 1 0 0 0 2 2 2 2 2 2 2 2 2 0 2 2 1 2 2 1 0 2 1 0 0 0 0 0 0 0 0 0 0 0 0 0 1 0 0 0 0 2 2 1 2 1 0 2 2 1 FALSE
NC_035108.1 309526500 18 2_Senegal_2_1 4.60323653244957e-32 0 0 0 0 0 0 0 0 0 0 0 1 1 2 1 1 0 0 0 0 0 0 0 0 0 0 0 0 0 1 0 0 0 0 0 0 0 0 1 0 0 0 0 0 0 0 0 0 0 1 0 1 0 0 0 2 2 2 2 2 2 1 2 2 0 2 2 1 2 2 1 0 1 1 0 0 0 0 0 0 0 0 0 0 0 0 0 1 0 0 0 0 2 2 1 2 1 0 2 1 1 FALSE
NC_035108.1 309526501 19 2_Senegal_2_1 3.11815100901426e-33 0 0 0 0 0 0 0 0 0 0 0 1 1 2 1 1 0 0 0 0 0 0 0 0 0 0 0 0 0 1 0 0 0 0 0 0 0 0 1 0 0 0 0 0 0 0 0 0 0 1 0 1 0 0 0 2 2 2 2 2 2 2 2 2 0 2 2 1 2 2 1 0 2 1 0 0 0 0 0 0 0 1 0 0 0 0 0 1 0 0 0 1 2 2 1 2 1 0 2 1 1 FALSE
NC_035108.1 309528384 20 2_Senegal_2_1 2.43401139036253e-31 0 0 0 0 0 0 0 0 0 0 0 1 1 2 1 1 0 0 0 0 0 0 0 0 0 0 0 0 0 1 0 1 0 0 0 0 0 0 1 0 0 0 0 0 0 0 0 1 0 1 0 1 0 0 0 2 2 2 2 2 2 2 2 2 0 2 2 1 2 1 1 0 2 1 0 0 0 0 0 0 0 1 0 0 0 0 0 1 0 0 0 1 2 2 1 2 1 0 2 2 1 FALSE
NC_035108.1 309533684 21 2_Senegal_2_1 8.02129872611636e-31 0 0 0 0 0 0 0 0 0 0 0 1 1 2 1 1 0 1 0 0 0 0 0 0 0 0 0 0 0 1 0 0 0 0 0 0 0 0 2 0 0 0 0 0 0 0 0 0 0 1 0 1 0 0 0 2 2 2 2 2 2 2 2 2 0 2 2 1 2 2 1 0 2 1 0 0 0 0 0 0 0 0 0 0 0 0 0 1 0 1 0 0 2 2 1 2 2 0 2 2 1 FALSE
NC_035108.1 309533957 22 2_Senegal_2_1 4.51816332452015e-30 0 0 0 0 0 0 0 0 0 0 0 1 1 2 1 1 0 0 1 1 0 0 0 0 0 1 0 0 0 1 0 1 0 0 0 0 0 0 1 1 0 0 0 0 0 0 0 0 0 1 0 1 0 0 0 2 2 2 2 2 2 2 2 2 0 2 2 1 2 2 1 0 2 1 0 1 0 0 0 0 0 1 0 0 0 0 0 1 0 0 0 1 2 2 1 2 1 0 2 2 1 FALSE
NC_035108.1 309533976 23 2_Senegal_2_1 1.01096628976736e-28 0 0 0 0 0 0 0 0 0 0 0 1 1 1 1 1 0 0 0 0 0 0 0 0 0 0 0 0 0 1 0 0 0 0 0 0 0 0 1 0 0 0 0 0 0 0 0 0 0 1 0 1 0 0 0 2 2 2 2 2 2 2 2 2 0 2 2 0 2 2 1 0 1 1 0 0 0 0 0 0 0 1 0 0 0 0 0 1 0 0 0 1 2 2 0 2 1 0 2 2 1 FALSE
NC_035108.1 309534217 24 2_Senegal_2_1 4.70940177369065e-34 0 0 0 0 0 0 0 0 0 0 0 1 1 2 1 1 0 0 0 0 0 0 0 0 0 0 0 0 0 1 0 0 0 0 0 0 0 0 1 0 0 0 0 0 0 0 0 0 0 1 0 1 0 0 0 2 2 2 2 2 2 2 2 2 0 2 2 1 2 2 1 0 2 1 0 0 0 0 0 0 0 1 1 0 0 0 0 1 0 0 0 1 2 2 1 2 1 0 2 2 1 FALSE
NC_035108.1 309534349 25 2_Senegal_2_1 1.33497448132554e-35 0 0 0 0 0 0 0 0 0 0 0 1 1 2 1 1 0 0 0 0 0 0 0 0 0 0 0 0 0 1 0 0 0 0 0 0 0 0 1 0 0 0 0 0 0 0 0 0 0 1 0 1 0 0 0 2 2 1 2 2 2 2 2 2 0 2 2 1 2 2 1 0 2 1 0 0 0 0 0 0 0 0 0 0 0 0 0 1 0 0 0 0 2 2 1 2 1 0 2 2 1 FALSE
NC_035108.1 309534555 26 2_Senegal_2_1 8.50640412093325e-33 0 0 0 0 0 0 0 0 0 0 0 1 1 2 1 1 0 0 0 0 0 0 0 0 0 0 0 0 0 1 0 0 0 0 0 0 0 0 1 0 0 0 0 0 0 0 0 0 0 2 0 2 0 0 0 2 2 2 2 2 2 2 2 2 0 2 2 1 2 2 1 0 2 1 0 0 0 0 0 0 0 1 0 0 0 0 0 1 0 0 0 1 2 2 1 2 1 0 2 2 1 FALSE
NC_035108.1 309534879 27 2_Senegal_2_1 1.00215343740039e-37 0 0 0 0 0 0 0 0 0 0 0 1 1 2 1 1 0 0 0 0 0 0 0 0 0 0 0 0 0 1 0 0 0 0 0 0 0 0 1 0 0 0 0 0 0 0 0 0 0 1 0 1 0 0 0 2 2 2 2 2 2 2 2 2 0 2 2 1 2 2 1 0 2 1 0 0 0 0 0 0 0 0 0 0 0 0 0 1 0 0 0 0 2 2 1 2 1 0 2 2 1 FALSE
NC_035108.1 309542058 28 2_Senegal_2_1 4.34607956952584e-33 0 1 0 0 0 0 0 0 0 0 0 1 1 2 1 1 0 0 1 1 0 0 0 0 0 0 0 0 0 1 0 0 0 0 0 0 0 0 1 0 0 0 0 0 0 0 0 0 0 1 0 1 0 0 0 2 2 2 2 2 2 2 2 2 0 2 2 1 2 2 1 0 2 1 0 0 0 0 1 0 0 0 0 0 0 0 0 1 0 0 0 0 2 2 1 2 1 0 2 2 1 FALSE
NC_035108.1 309542071 29 2_Senegal_2_1 1.47747756575204e-28 0 0 0 0 0 0 0 0 0 0 0 1 1 2 1 2 0 0 0 0 0 0 0 0 0 0 0 0 0 1 0 0 0 0 0 0 0 0 1 0 0 0 0 0 0 0 0 0 0 0 0 1 0 0 0 2 2 2 2 1 2 2 1 2 0 2 2 1 2 2 1 0 2 0 0 0 0 0 0 0 0 0 0 0 0 0 0 1 0 0 0 0 2 2 1 2 1 0 2 2 1 FALSE
NC_035108.1 309548823 30 2_Senegal_2_1 8.46002212768459e-28 0 1 0 0 0 0 0 0 0 0 0 1 1 2 1 1 0 0 0 1 0 0 0 0 0 0 0 0 0 0 0 0 0 0 0 0 0 0 1 0 0 0 0 0 0 1 0 0 0 1 0 1 0 0 0 2 2 2 2 2 2 2 2 2 0 2 2 1 2 1 1 0 2 1 0 1 0 0 0 0 0 0 0 0 0 0 0 2 0 0 0 0 2 2 1 2 1 0 2 2 1 FALSE
NC_035108.1 309549227 31 2_Senegal_2_1 1.43623481054629e-32 0 0 0 0 0 0 0 0 0 0 0 1 1 2 1 1 0 0 0 0 0 0 0 0 0 0 0 0 1 1 0 0 0 0 0 0 0 0 1 0 0 0 0 0 0 0 0 0 0 1 0 1 0 0 0 2 1 2 2 2 2 2 2 2 0 2 2 1 2 2 1 0 2 1 0 0 0 0 0 0 0 0 0 0 0 0 0 1 0 0 0 0 2 1 1 2 1 0 2 2 1 FALSE
NC_035108.1 309550230 32 2_Senegal_2_1 4.51816332452015e-30 0 1 0 0 0 0 0 0 0 0 0 1 1 2 1 1 0 0 0 0 0 0 0 0 0 1 0 0 0 1 0 0 0 0 0 0 0 0 1 1 0 0 1 0 0 0 1 0 0 1 0 1 0 0 0 2 2 2 2 2 2 2 2 2 0 2 2 1 2 2 1 0 2 1 0 0 1 0 0 0 0 1 0 0 0 0 0 1 0 0 0 1 2 2 1 2 1 0 2 2 1 FALSE
NC_035108.1 309550635 33 2_Senegal_2_1 4.05080908234806e-30 0 1 0 0 0 0 0 0 0 0 0 1 1 2 1 1 0 1 0 0 0 0 0 0 0 0 0 0 0 1 0 0 0 0 0 0 0 0 1 0 0 0 1 0 0 0 0 0 0 2 0 2 0 0 0 2 2 2 2 2 2 2 2 2 0 2 2 1 2 2 1 0 2 1 0 0 0 0 0 0 0 0 0 0 0 0 0 1 0 0 0 0 2 2 1 2 0 0 2 2 1 FALSE
NC_035108.1 309552169 34 2_Senegal_2_1 2.39719270497374e-34 0 0 0 0 0 0 0 0 0 0 0 1 1 2 1 1 0 0 0 0 0 0 0 0 0 0 0 0 0 1 0 0 0 0 0 0 0 0 1 0 0 0 0 1 0 0 0 0 0 1 0 1 0 0 0 2 2 2 2 2 2 2 2 2 0 2 2 1 2 2 1 0 2 1 0 0 0 0 0 0 0 0 0 0 0 0 0 1 0 0 0 0 1 2 1 2 1 0 2 2 1 FALSE
NC_035108.1 309567571 35 2_Senegal_2_1 2.39163126048622e-36 0 0 0 0 0 0 0 0 0 0 0 1 1 2 1 1 0 0 0 0 0 0 0 0 0 0 0 0 0 1 0 0 0 0 0 0 0 0 1 0 0 0 1 0 0 0 0 0 0 1 0 1 0 0 0 2 2 2 2 2 2 2 2 2 0 2 2 1 2 2 1 0 2 1 0 0 0 0 0 0 0 0 0 0 0 0 0 1 0 0 0 0 2 2 1 2 1 0 2 2 1 FALSE
NC_035108.1 309567706 36 2_Senegal_2_1 3.09172237038366e-32 0 0 0 0 0 0 0 0 0 0 0 1 1 2 1 1 0 0 0 0 0 0 0 1 0 0 0 0 0 1 0 0 0 0 0 0 0 0 1 0 0 0 1 0 0 1 0 0 0 1 0 1 0 0 0 2 2 2 2 1 2 2 2 2 0 2 2 1 2 2 1 0 2 1 0 0 0 0 0 0 0 0 0 0 0 0 0 1 0 0 0 0 2 2 1 2 1 0 2 2 1 FALSE
NC_035108.1 309567716 37 2_Senegal_2_1 3.09172237038366e-32 0 0 0 0 0 0 0 0 0 0 0 1 1 2 1 1 0 0 0 0 0 0 0 1 0 0 0 0 0 1 0 0 0 0 0 0 0 0 1 0 0 0 1 0 0 1 0 0 0 1 0 1 0 0 0 2 2 2 2 1 2 2 2 2 0 2 2 1 2 2 1 0 2 1 0 0 0 0 0 0 0 0 0 0 0 0 0 1 0 0 0 0 2 2 1 2 1 0 2 2 1 FALSE
NC_035108.1 309568025 38 2_Senegal_2_1 1.33497448132554e-35 0 0 0 0 0 0 0 0 0 0 0 1 1 2 1 1 0 0 0 0 0 0 0 0 0 0 0 0 0 1 0 0 0 0 0 0 0 0 1 0 0 0 0 0 0 0 0 0 0 1 0 1 0 0 0 1 2 2 2 2 2 2 2 2 0 2 2 1 2 2 1 0 2 1 0 0 0 0 0 0 0 0 0 0 0 0 0 1 0 0 0 0 2 2 1 2 1 0 2 2 1 FALSE
NC_035108.1 309568111 39 2_Senegal_2_1 4.60323653244957e-32 0 0 0 0 0 0 0 0 0 0 0 1 1 2 1 1 0 0 0 0 0 0 0 0 0 0 0 0 0 1 0 0 0 0 0 0 0 0 1 0 0 0 0 0 0 0 0 0 0 1 0 1 0 0 0 1 2 2 2 1 2 2 2 2 0 2 2 1 2 1 1 0 2 1 0 0 0 0 0 0 0 0 0 0 0 0 0 1 0 0 0 0 2 2 1 2 1 0 2 2 1 FALSE
NC_035108.1 309568473 40 2_Senegal_2_1 3.92325533229644e-35 0 0 0 0 0 0 0 0 0 0 0 1 1 2 1 1 0 0 0 1 0 0 0 0 0 0 0 0 0 1 0 0 0 0 0 0 0 0 1 0 0 0 0 0 0 0 1 0 0 1 0 1 0 0 0 2 2 2 2 2 2 2 2 2 0 2 2 1 2 2 1 0 2 1 0 0 0 0 0 0 0 0 0 0 0 0 0 1 0 0 0 0 2 2 1 2 1 0 2 2 1 FALSE
NC_035108.1 309568661 41 2_Senegal_2_1 1.00215343740039e-37 0 0 0 0 0 0 0 0 0 0 0 1 1 2 1 1 0 0 0 0 0 0 0 0 0 0 0 0 0 1 0 0 0 0 0 0 0 0 1 0 0 0 0 0 0 0 0 0 0 1 0 1 0 0 0 2 2 2 2 2 2 2 2 2 0 2 2 1 2 2 1 0 2 1 0 0 0 0 0 0 0 0 0 0 0 0 0 1 0 0 0 0 2 2 1 2 1 0 2 2 1 FALSE
NC_035108.1 309568800 42 2_Senegal_2_1 3.92325533229644e-35 1 0 0 0 0 0 0 0 0 0 0 1 1 2 1 1 0 0 0 0 0 0 0 0 0 0 0 0 0 1 0 0 0 0 0 0 0 0 1 0 0 0 0 0 0 0 0 0 0 1 0 1 0 0 0 2 2 2 2 2 2 2 2 2 0 2 2 1 2 2 1 0 2 1 0 0 0 0 0 0 0 0 0 0 0 0 1 1 0 0 0 0 2 2 1 2 1 0 2 2 1 FALSE
NC_035108.1 309569606 43 2_Senegal_2_1 1.30449932321169e-31 0 0 0 0 0 0 0 0 0 0 0 1 1 2 1 1 0 0 0 0 0 0 0 0 0 1 0 0 0 1 0 0 0 0 0 0 0 0 1 1 0 0 1 0 0 0 0 0 0 2 0 2 0 0 0 2 2 2 2 2 2 2 2 2 0 2 2 1 2 2 1 0 2 1 0 0 0 0 0 0 0 0 0 0 0 0 0 1 0 0 0 0 2 2 1 2 1 0 2 2 1 FALSE
NC_035108.1 309570245 44 2_Senegal_2_1 7.80725621991715e-28 0 0 0 0 0 0 0 0 0 0 0 1 1 2 1 1 0 1 1 1 0 0 0 0 0 0 0 0 0 2 0 0 0 0 0 0 0 0 1 0 0 0 0 0 0 0 0 0 0 2 0 2 0 0 0 2 2 2 2 2 2 2 2 2 0 2 2 1 2 1 1 0 2 1 0 0 0 0 0 0 0 0 0 0 0 0 0 1 0 0 0 0 2 2 1 2 1 0 2 2 1 FALSE
NC_035108.1 309570279 45 2_Senegal_2_1 9.97398825474532e-34 0 0 0 0 0 0 0 0 0 0 0 1 1 2 1 1 0 0 0 0 0 0 0 0 0 0 0 0 0 1 0 0 0 0 0 0 0 0 1 0 0 0 0 0 0 0 0 0 0 1 0 1 0 0 0 2 2 2 2 2 1 2 2 2 0 2 2 1 2 1 1 0 2 1 0 0 0 0 0 0 0 0 0 0 0 0 0 1 0 0 0 0 2 2 1 2 1 0 2 2 1 FALSE
NC_035108.1 309585747 46 2_Senegal_2_1 8.19423120281449e-30 0 0 0 0 0 0 0 0 0 0 0 1 1 2 1 1 0 0 0 0 0 0 0 0 0 0 0 0 0 1 0 0 0 0 1 0 0 0 1 0 0 0 0 0 0 0 0 0 0 1 0 1 0 0 0 2 2 2 2 2 2 2 2 2 0 2 2 1 2 2 2 0 2 1 0 0 0 0 0 0 0 1 0 0 0 0 0 1 0 0 0 1 2 2 2 2 1 0 2 2 1 FALSE
NC_035108.1 309585887 47 2_Senegal_2_1 8.02129872611636e-31 0 0 0 0 0 0 0 0 0 0 0 1 1 2 1 1 0 0 0 0 0 0 0 0 0 0 0 0 0 1 0 0 0 0 0 0 0 0 2 0 0 0 0 0 0 0 0 0 0 2 0 1 0 0 0 2 2 2 2 2 2 2 2 2 0 2 2 1 2 2 1 0 2 1 0 0 0 0 0 0 0 1 0 0 0 0 0 1 0 0 0 1 2 2 1 2 1 0 2 2 1 FALSE
NC_035108.1 309625287 48 2_Senegal_2_1 3.74736146824148e-34 0 0 0 1 0 0 0 0 0 0 0 1 1 2 1 1 0 0 0 0 0 0 0 0 0 0 0 0 0 1 0 0 0 0 0 0 0 0 1 0 0 0 0 0 0 0 0 0 0 2 0 2 0 0 0 2 2 2 2 2 2 2 2 2 0 2 2 1 2 2 1 0 2 1 0 0 0 0 0 0 0 0 0 0 0 0 0 1 0 0 0 0 2 2 1 2 1 0 2 2 1 FALSE
NC_035108.1 309626022 49 2_Senegal_2_1 1.33497448132554e-35 0 0 0 0 0 0 0 0 0 0 0 1 1 2 1 1 0 0 0 0 0 0 0 0 0 0 0 0 0 1 0 0 0 0 0 0 0 0 1 0 0 0 0 0 0 0 0 0 0 1 0 1 0 0 0 2 2 2 2 2 2 2 2 2 0 1 2 1 2 2 1 0 2 1 0 0 0 0 0 0 0 0 0 0 0 0 0 1 0 0 0 0 2 2 1 2 1 0 2 2 1 FALSE
NC_035108.1 309630170 50 2_Senegal_2_1 3.05804415890785e-30 0 0 0 0 0 0 0 0 0 0 0 1 1 2 1 1 0 0 0 0 0 0 0 0 0 0 0 0 0 1 0 0 0 0 0 0 0 0 1 0 0 0 0 0 0 0 0 0 0 2 0 2 0 0 0 2 2 2 2 2 2 2 2 2 0 2 1 1 2 2 1 0 2 1 0 0 1 0 0 0 0 0 0 0 0 0 0 1 0 0 0 0 2 1 1 2 1 0 2 2 1 FALSE
NC_035108.1 309631933 51 2_Senegal_2_1 2.18175766724446e-28 0 0 0 0 0 0 0 0 0 0 0 1 1 2 1 1 0 0 1 1 0 0 0 0 0 0 0 0 0 1 0 0 0 0 0 0 0 0 1 0 0 0 0 0 0 0 0 0 0 1 0 1 0 0 0 2 1 2 2 2 2 2 2 2 0 2 2 1 2 2 1 0 2 1 0 0 0 1 0 0 0 0 1 0 0 0 0 1 0 0 0 0 2 0 1 1 1 0 2 2 1 FALSE
NC_035108.1 309644654 52 2_Senegal_2_1 3.35671106118163e-29 0 0 0 0 0 0 0 0 0 0 0 1 1 2 1 1 0 0 0 0 0 0 0 0 0 0 0 0 0 1 0 0 0 0 0 0 0 0 1 0 0 0 0 0 0 0 0 0 0 1 0 1 0 0 0 1 1 2 2 2 2 2 2 2 0 1 2 1 2 2 1 0 2 1 0 0 0 0 0 0 0 0 0 0 0 0 0 1 0 0 0 0 2 0 1 1 1 0 2 2 1 FALSE
NC_035108.1 309645000 53 2_Senegal_2_1 3.54565123485877e-28 0 0 0 0 0 0 0 0 0 0 0 1 1 2 1 1 0 0 0 0 0 0 0 0 0 0 0 0 0 1 0 1 0 0 0 0 0 0 1 0 0 0 0 0 0 0 0 0 0 1 0 1 0 0 0 2 1 2 2 2 2 1 1 2 0 2 2 1 2 2 1 0 2 1 0 0 0 0 0 0 0 0 0 0 0 0 0 1 0 0 0 0 2 0 1 1 1 0 2 2 1 FALSE
NC_035108.1 309645948 54 2_Senegal_2_1 2.2348747335683e-29 0 0 0 0 0 0 0 0 0 0 0 1 1 2 1 1 0 0 1 1 0 0 0 0 0 0 0 0 0 1 0 1 0 0 0 0 0 0 1 0 0 0 2 0 0 0 0 0 0 1 0 1 1 0 0 2 2 2 2 2 2 2 2 2 0 2 2 1 2 2 1 0 2 1 0 0 1 0 0 0 0 0 1 0 0 0 1 1 0 0 0 0 2 2 1 2 1 0 2 2 1 FALSE
NC_035108.1 309646292 55 2_Senegal_2_1 3.51132769505863e-29 0 0 0 0 0 0 0 0 0 0 0 2 1 2 1 1 0 0 0 0 0 0 0 0 0 0 0 0 0 1 0 1 0 0 0 0 0 0 1 0 0 0 1 0 0 0 0 0 0 1 0 1 0 0 0 2 2 2 2 2 2 2 2 2 0 2 2 1 2 2 1 0 2 1 0 0 1 0 0 0 0 0 0 0 0 0 1 1 0 0 0 0 2 2 1 1 1 0 2 2 1 FALSE
NC_035108.1 309648196 56 2_Senegal_2_1 3.18353635151632e-34 0 0 0 0 0 0 0 0 0 0 0 1 1 2 1 1 0 0 0 0 0 0 0 0 0 0 0 0 0 1 0 0 0 0 0 0 0 0 1 0 0 0 0 0 0 0 0 0 0 1 0 1 0 0 0 2 2 2 2 2 2 2 2 2 0 2 2 1 2 2 1 0 2 1 0 0 0 0 0 0 0 0 0 0 0 0 0 1 0 0 0 0 2 0 1 1 1 0 2 2 1 FALSE
NC_035108.1 309654317 57 2_Senegal_2_1 2.58490747880984e-29 0 0 0 0 0 0 0 0 0 0 0 2 1 2 1 1 0 0 0 0 0 0 0 0 0 0 0 0 0 1 0 0 0 0 0 0 0 0 1 0 0 0 1 0 0 1 0 0 0 1 0 1 0 0 0 2 2 2 2 2 2 2 2 2 0 2 2 1 2 2 1 0 2 1 1 0 1 1 0 0 0 0 0 0 0 0 1 1 0 0 0 0 2 2 1 2 1 0 2 2 1 FALSE
NC_035108.1 309657309 58 2_Senegal_2_1 2.3735523277933e-32 0 0 0 0 0 0 0 0 0 0 0 1 1 2 1 1 0 0 0 0 0 0 0 0 0 0 0 0 0 1 0 0 0 0 0 0 0 0 1 0 0 0 0 0 0 0 0 0 0 1 0 1 0 0 0 2 2 2 2 2 2 1 2 2 0 2 2 1 2 2 1 0 2 1 0 0 0 0 0 0 0 0 0 0 0 0 0 1 0 0 0 0 2 0 1 1 1 0 2 2 1 FALSE
NC_035108.1 309663659 59 2_Senegal_2_1 3.4696915743102e-28 0 0 0 0 0 0 0 0 0 0 0 1 1 2 1 1 0 0 0 1 0 0 0 0 0 0 0 0 0 1 0 0 0 0 0 0 0 0 1 0 0 0 0 0 0 0 0 0 0 1 0 1 0 0 0 2 2 2 2 1 2 2 2 2 0 2 2 1 2 2 1 0 2 1 0 0 0 0 0 0 0 0 0 0 0 0 0 1 0 0 0 0 1 0 1 1 1 0 2 2 0 FALSE
NC_035108.1 309663846 60 2_Senegal_2_1 7.37282927037303e-31 0 0 0 0 0 0 0 0 0 0 0 1 1 2 1 1 0 0 0 0 0 0 0 0 0 0 0 0 0 1 0 0 0 0 0 0 0 0 1 0 0 0 0 0 0 0 0 0 0 1 0 1 0 0 0 2 2 2 2 2 2 2 2 2 0 2 2 1 2 2 1 0 2 1 0 0 0 0 0 0 0 0 0 0 0 0 0 1 0 0 0 0 1 0 1 1 1 0 2 2 0 FALSE
NC_035108.1 309670084 61 2_Senegal_2_1 9.88181326902695e-30 0 0 0 0 0 0 0 0 0 0 0 1 1 2 1 1 0 0 0 0 0 0 0 0 0 0 0 0 0 1 0 0 0 0 0 0 0 0 1 0 0 0 0 0 1 0 0 0 0 1 0 1 0 0 0 2 2 2 2 2 2 2 2 2 0 2 2 1 2 2 1 0 2 1 0 0 0 0 0 0 0 0 0 0 0 0 0 1 0 0 0 0 1 0 1 1 1 0 2 2 0 FALSE
NC_035108.1 309682810 62 2_Senegal_2_1 9.88181326902695e-30 0 0 0 0 0 0 0 0 0 0 0 1 1 2 1 1 0 0 0 0 0 0 0 0 0 0 0 0 0 1 0 0 0 0 0 1 0 0 1 0 0 0 0 0 0 0 0 0 0 1 0 1 0 0 0 2 2 2 2 2 2 2 2 2 0 2 2 1 2 2 1 0 2 1 0 0 0 0 0 0 0 0 0 0 0 0 0 1 0 0 0 0 1 0 1 1 1 0 2 2 0 FALSE
NC_035108.1 309684312 63 2_Senegal_2_1 7.37282927037303e-31 0 0 0 0 0 0 0 0 0 0 0 1 1 2 1 1 0 0 0 0 0 0 0 0 0 0 0 0 0 1 0 0 0 0 0 0 0 0 1 0 0 0 0 0 0 0 0 0 0 1 0 1 0 0 0 2 2 2 2 2 2 2 2 2 0 2 2 1 2 2 1 0 2 1 0 0 0 0 0 0 0 0 0 0 0 0 0 1 0 0 0 0 1 0 1 1 1 0 2 2 0 FALSE
NC_035108.1 309689509 64 2_Senegal_2_1 1.28330520879276e-28 0 0 0 0 0 0 1 0 0 0 0 2 1 2 1 1 0 0 0 0 0 0 0 0 0 0 0 0 0 1 0 0 0 0 0 0 0 0 1 0 0 0 0 0 0 1 0 0 0 1 0 0 0 0 0 2 2 2 2 2 2 2 2 2 0 2 2 1 2 2 1 0 2 1 1 0 0 1 0 0 0 0 0 0 0 0 0 1 0 0 0 0 1 2 1 2 1 0 2 2 0 FALSE
NC_035108.1 309689888 65 2_Senegal_2_1 1.80896855071591e-35 0 0 0 0 0 0 0 0 0 0 0 1 1 2 1 1 0 0 0 0 0 0 0 0 0 0 0 0 0 1 0 0 0 0 0 0 0 0 1 0 0 0 0 0 0 0 0 0 0 1 0 0 0 0 0 2 2 2 2 2 2 2 2 2 0 2 2 1 2 2 1 0 2 1 0 0 0 0 0 0 0 0 0 0 0 0 0 1 0 0 0 0 1 2 1 2 1 0 2 2 0 FALSE
NC_035108.1 309699878 66 2_Senegal_2_1 7.70674542438534e-33 0 0 0 0 0 0 0 0 0 0 0 1 1 2 1 1 0 0 1 1 0 0 0 0 0 0 0 0 0 1 0 0 0 0 0 0 0 0 1 0 0 0 0 0 0 0 0 0 0 1 0 0 0 0 0 2 2 2 2 2 2 2 2 2 0 2 2 1 2 2 1 0 2 1 0 0 0 0 0 0 0 0 0 0 0 0 0 1 0 0 0 0 1 2 1 2 1 0 2 2 0 FALSE
NC_035108.1 309779308 67 2_Senegal_2_1 2.18175766724446e-28 0 0 0 0 0 0 0 0 0 0 0 1 1 2 1 1 0 0 1 1 0 0 0 0 0 1 0 0 0 1 0 0 0 0 0 0 0 1 1 1 0 0 0 0 0 0 0 0 0 1 0 0 0 0 0 2 2 2 2 2 2 2 2 2 0 2 2 1 2 2 1 1 2 1 0 0 0 0 0 0 0 0 0 0 0 0 0 1 0 0 0 0 1 0 1 1 1 0 2 2 0 FALSE
NC_035108.1 309801045 68 2_Senegal_2_1 1.65859138890815e-28 0 0 0 0 1 0 0 0 0 0 0 1 1 2 1 1 1 0 0 0 0 0 0 0 0 1 0 0 0 1 0 0 0 0 0 0 0 0 1 1 0 0 0 0 1 0 0 0 0 1 0 1 0 0 0 2 2 2 2 2 2 2 2 2 0 2 2 1 2 2 1 1 2 1 0 0 0 0 0 1 1 0 0 0 0 0 0 1 1 0 0 0 1 2 1 2 1 0 2 2 0 FALSE
NC_035108.1 309801114 69 2_Senegal_2_1 4.64205091336311e-28 0 0 0 0 0 0 0 0 0 0 0 1 1 2 1 1 1 0 0 0 0 0 0 0 0 1 0 0 0 2 0 0 0 0 0 0 0 0 1 1 0 0 0 0 1 0 0 0 0 1 0 1 0 0 0 2 2 2 2 2 2 2 2 2 0 2 2 1 2 2 1 1 2 1 0 0 0 0 0 1 2 0 0 1 0 0 0 1 0 0 0 0 2 2 1 2 1 0 2 2 0 FALSE
NC_035108.1 309802599 70 2_Senegal_2_1 4.70940177369065e-34 0 0 0 0 0 0 0 0 0 0 0 1 1 2 1 1 1 0 1 1 0 0 0 0 0 0 0 0 0 1 0 0 0 0 0 0 0 0 1 0 0 0 0 0 0 0 0 0 0 1 0 1 0 0 0 2 2 2 2 2 2 2 2 2 0 2 2 1 2 2 1 1 2 1 0 0 0 0 0 0 0 0 0 0 0 0 0 1 0 0 0 0 2 2 1 2 1 0 2 2 0 FALSE
NC_035108.1 309802856 71 2_Senegal_2_1 9.65208676077105e-28 0 0 0 0 0 0 0 0 0 0 0 1 1 2 1 1 1 0 0 0 0 0 0 0 0 0 0 0 0 2 0 0 0 0 0 0 0 0 2 0 0 0 0 0 1 0 0 0 0 1 0 1 0 0 0 2 2 2 2 2 2 2 2 2 0 2 2 1 2 2 1 1 2 1 0 0 0 0 0 1 2 0 0 1 0 0 0 1 0 0 0 0 2 2 1 2 1 0 2 2 0 FALSE
NC_035108.1 309806321 72 2_Senegal_2_1 1.55344986804481e-27 0 0 0 0 0 0 0 0 0 0 0 1 1 2 1 1 1 0 0 0 0 0 0 0 0 0 0 0 0 1 0 0 0 0 0 0 0 0 1 0 0 0 0 0 0 0 0 0 0 2 0 1 0 0 0 2 1 2 2 1 2 2 0 2 0 2 2 1 2 2 1 1 2 0 0 0 0 0 0 0 0 0 0 0 0 0 0 1 0 0 0 0 2 2 1 2 1 0 2 2 0 FALSE
NC_035108.1 310026615 73 2_Senegal_2_1 2.36997533187467e-30 0 0 0 0 0 0 0 0 0 1 0 1 1 2 1 1 0 0 0 0 0 0 0 0 0 0 0 0 0 1 0 0 0 0 0 0 0 0 1 0 0 0 0 0 0 0 0 0 0 1 0 1 0 0 0 2 2 2 2 2 2 2 2 2 0 2 2 1 2 1 1 2 2 1 0 0 0 0 0 0 0 0 0 0 0 0 0 1 0 0 0 0 1 2 1 2 1 0 2 2 0 FALSE
NC_035108.1 310027991 74 2_Senegal_2_1 1.21105021392526e-27 0 0 0 0 0 0 0 0 0 0 0 1 1 2 1 1 1 0 1 1 0 0 0 0 0 0 0 0 0 1 0 0 0 0 0 0 0 1 1 0 0 0 0 0 0 0 0 0 0 1 0 1 0 0 0 2 2 2 2 2 2 2 2 2 0 2 2 1 2 1 1 2 2 1 0 0 0 0 0 0 0 0 0 0 0 0 0 1 0 0 0 0 1 2 1 2 1 0 2 2 0 FALSE
NC_035108.1 310048536 75 2_Senegal_2_1 4.97353315629161e-33 0 0 0 0 0 0 0 0 0 0 0 1 1 2 1 1 0 0 0 0 0 0 0 0 0 0 0 0 0 1 0 0 0 0 0 0 0 0 1 0 0 0 0 0 0 0 0 0 0 1 0 1 0 0 0 2 2 2 2 2 2 2 2 2 0 2 2 1 2 1 1 2 2 1 0 0 0 0 0 0 0 0 0 0 0 0 0 1 0 0 0 0 1 2 1 2 1 0 2 2 1 FALSE
NC_035108.1 311036554 76 2_Senegal_2_1 1.07945179627332e-28 0 0 0 0 0 0 0 0 0 0 0 1 1 2 1 1 0 0 0 0 0 0 0 0 0 0 0 0 0 1 0 0 1 0 0 0 0 0 1 0 0 1 0 0 0 0 1 1 0 2 0 0 0 0 1 2 2 2 2 2 1 2 2 2 0 2 2 1 2 2 1 2 2 1 0 0 0 0 0 0 0 0 0 0 0 0 0 1 0 0 0 0 2 2 1 2 1 0 2 2 1 FALSE
NC_035108.1 311138477 77 2_Senegal_2_1 5.29149922267733e-31 0 0 0 0 0 0 0 0 0 0 0 1 1 2 1 1 0 0 0 0 0 0 0 0 0 0 0 0 0 1 0 0 1 0 0 0 0 0 1 0 0 0 0 0 0 0 0 0 0 1 0 1 0 0 0 2 2 2 2 1 2 2 2 2 0 2 2 0 2 2 1 2 2 1 0 0 0 0 0 0 0 0 0 0 0 0 0 1 1 0 0 0 2 2 1 2 1 0 2 2 1 FALSE
NC_035108.1 311138673 78 2_Senegal_2_1 7.22770706003157e-33 0 0 0 0 0 0 0 0 0 0 0 1 1 2 1 1 0 0 0 0 0 0 0 0 0 0 0 0 0 1 0 0 1 0 0 0 0 0 1 0 0 0 0 0 0 0 0 0 0 1 0 1 0 0 0 2 2 2 2 2 2 2 2 2 1 2 2 0 2 2 1 2 2 1 0 0 0 0 0 0 0 0 0 0 0 0 0 1 0 0 0 0 2 2 1 2 1 0 2 2 1 FALSE
NC_035108.1 311138980 79 2_Senegal_2_1 7.22770706003157e-33 0 0 0 0 0 0 0 0 0 0 0 1 1 2 1 1 0 0 0 0 0 0 0 0 0 0 0 0 0 1 0 0 1 0 0 0 0 1 1 0 0 0 0 0 0 0 0 0 0 1 0 1 0 0 0 2 2 2 2 2 2 2 2 2 0 2 2 0 2 2 1 2 2 1 0 0 0 0 0 0 0 0 0 0 0 0 0 1 0 0 0 0 2 2 1 2 1 0 2 2 1 FALSE
NC_035108.1 311154246 80 2_Senegal_2_1 6.8280195604432e-31 0 0 0 0 0 0 0 0 0 1 0 1 1 2 1 1 0 1 0 0 0 0 0 0 0 0 0 0 0 1 0 0 1 0 0 0 0 1 1 0 0 0 0 0 0 0 0 0 0 1 0 1 0 0 0 2 2 2 2 2 2 2 2 2 0 2 2 0 2 2 1 2 2 1 0 0 0 0 0 0 0 0 0 0 0 0 0 1 0 0 0 0 2 2 1 2 1 0 2 2 1 FALSE
NC_035108.1 311240518 81 2_Senegal_2_1 1.99792900930804e-27 0 0 0 1 0 0 0 0 0 0 0 1 1 2 1 1 0 0 0 0 0 0 0 0 0 0 0 1 0 1 0 0 1 0 0 0 1 1 1 0 0 0 0 0 0 0 0 0 0 2 0 1 0 0 0 2 2 2 2 2 2 2 2 2 0 2 2 0 2 2 1 2 2 1 0 0 0 0 0 0 1 0 0 0 0 0 0 1 0 0 0 0 2 2 1 2 1 0 2 2 1 FALSE
NC_035108.1 311263458 82 2_Senegal_2_1 1.99792900930804e-27 0 0 0 0 0 0 0 0 0 1 0 1 1 2 1 1 0 0 0 0 0 0 1 0 0 0 0 1 0 1 0 0 1 0 0 0 1 1 1 0 0 0 0 0 0 0 0 0 0 2 0 1 0 0 0 2 2 2 2 2 2 2 2 2 0 2 2 0 2 2 1 2 2 1 0 0 0 0 0 0 0 0 0 0 0 0 0 1 0 0 0 0 2 2 1 2 1 0 2 2 1 FALSE
NC_035108.1 311597119 83 2_Senegal_2_1 5.27723164582131e-30 0 0 0 0 0 0 1 0 0 0 0 1 1 2 1 1 0 0 0 0 0 0 0 0 0 0 0 0 0 1 0 0 1 0 0 0 0 0 1 0 0 1 0 0 0 0 0 0 1 1 0 1 0 1 1 2 2 2 2 2 2 2 2 2 0 2 2 1 2 2 1 2 2 1 0 0 0 0 1 0 0 0 0 0 0 0 0 1 0 0 0 0 2 2 1 2 1 0 2 2 1 FALSE
NC_035108.1 311743192 84 2_Senegal_2_1 3.51132769505863e-29 0 0 0 0 0 0 0 0 0 0 0 1 1 2 1 1 0 0 0 0 0 0 0 0 0 1 0 0 0 1 0 0 1 0 0 0 0 0 1 1 0 1 0 0 0 0 0 0 0 1 0 0 0 0 1 2 2 2 2 2 2 2 2 2 0 2 2 1 2 2 1 2 2 1 0 0 0 0 0 0 0 0 0 0 0 0 0 1 0 0 0 0 1 2 0 2 1 0 2 2 1 FALSE
NC_035108.1 311782089 85 2_Senegal_2_1 2.39059752398063e-29 0 0 0 0 0 0 0 0 0 0 0 1 1 2 1 0 0 0 0 0 0 0 0 0 0 0 0 0 0 1 0 0 1 0 0 0 0 0 1 0 0 1 0 0 0 0 0 0 0 1 0 0 0 0 1 2 2 2 2 2 2 2 2 2 0 1 2 1 2 2 1 2 2 1 0 0 0 0 0 0 0 0 0 0 0 0 0 1 0 0 0 0 1 2 0 2 1 1 2 2 1 FALSE
NC_035108.1 311807010 86 2_Senegal_2_1 1.21105021392526e-27 0 0 0 0 0 0 0 0 0 0 0 1 1 2 1 0 0 0 0 0 0 0 0 0 0 0 0 0 0 1 0 0 1 1 0 0 0 0 1 0 0 1 0 0 0 0 0 0 0 1 0 1 0 0 1 2 2 2 2 2 2 2 2 2 0 1 2 1 2 2 1 1 2 1 0 0 0 0 0 0 0 0 0 0 0 0 0 1 0 0 0 0 1 2 0 2 1 2 2 2 1 FALSE
NC_035108.1 312079873 87 2_Senegal_2_1 5.56560308817751e-28 0 0 0 0 0 0 0 0 0 0 1 1 1 2 1 1 0 0 0 0 0 0 0 0 0 0 1 0 0 1 0 0 0 0 0 0 0 0 1 0 0 0 0 0 0 0 0 0 0 1 0 1 0 0 0 2 2 2 2 2 2 2 2 1 0 2 2 1 2 2 1 2 2 1 0 0 0 0 0 0 0 0 0 0 0 0 0 1 0 1 0 0 2 2 1 2 1 2 1 2 0 FALSE
NC_035108.1 312107475 88 2_Senegal_2_1 2.55486856904418e-31 0 0 0 0 0 0 0 0 0 0 0 1 1 2 1 1 0 0 0 0 0 0 0 0 0 0 1 0 0 1 0 0 1 0 0 0 0 0 1 0 0 0 0 0 0 0 0 0 0 1 1 1 0 0 0 2 2 2 2 2 2 2 2 2 0 2 2 1 2 2 1 2 2 1 0 0 0 0 0 0 0 0 0 0 0 0 0 1 0 0 0 0 2 2 1 2 1 2 2 2 0 FALSE
NC_035108.1 312112608 89 2_Senegal_2_1 2.55486856904418e-31 0 0 0 0 0 0 0 0 0 0 0 1 1 2 1 1 0 0 0 0 0 0 0 0 0 0 1 0 0 1 0 0 1 0 0 0 0 0 1 0 0 0 0 0 0 0 0 0 0 1 0 1 0 0 0 2 2 2 2 2 2 2 2 2 0 2 2 1 2 2 1 2 2 1 0 0 0 0 0 0 0 0 0 0 0 0 0 1 0 0 1 0 2 2 1 2 1 2 2 2 0 FALSE
NC_035108.1 312114917 90 2_Senegal_2_1 1.70695744649516e-29 0 0 0 0 0 0 0 0 0 0 0 1 1 2 1 1 0 0 0 0 0 0 0 0 0 0 1 0 0 1 0 0 1 0 0 0 0 0 1 0 0 0 0 0 0 0 0 1 0 2 0 1 0 0 0 2 2 2 2 2 2 2 2 2 0 2 2 1 2 2 1 2 2 1 0 0 0 0 0 0 0 0 0 0 0 0 0 1 0 0 0 0 2 2 1 2 1 2 2 2 0 FALSE
NC_035108.1 312126363 91 2_Senegal_2_1 1.49352979162537e-29 0 0 0 0 0 0 0 0 0 0 0 1 1 2 1 0 0 0 0 0 0 0 0 0 0 0 1 0 0 1 0 0 0 0 0 0 0 0 1 0 0 0 0 0 0 0 0 0 0 1 0 1 0 0 0 2 2 2 2 2 2 2 2 1 0 2 2 1 2 2 1 1 2 1 0 0 0 0 0 0 0 0 0 0 0 0 0 1 0 0 0 0 1 2 0 2 1 1 1 2 0 FALSE
NC_035108.1 312126665 92 2_Senegal_2_1 2.55486856904418e-31 0 0 0 0 0 0 0 0 0 0 0 1 1 2 1 1 0 0 0 0 0 0 0 0 0 0 1 0 0 1 0 0 1 0 1 0 0 0 1 0 0 0 0 0 0 0 0 0 0 1 0 1 0 0 0 2 2 2 2 2 2 2 2 2 0 2 2 1 2 2 1 2 2 1 0 0 0 0 0 0 0 0 0 0 0 0 0 1 0 0 0 0 2 2 1 2 1 2 2 2 0 FALSE
NC_035108.1 312130203 93 2_Senegal_2_1 1.32819337033677e-28 0 0 0 0 0 1 0 0 0 0 0 1 1 2 1 1 0 0 0 0 0 0 0 0 0 0 1 0 0 1 0 0 1 0 0 0 0 0 1 0 0 0 0 0 0 0 0 0 1 1 0 1 0 0 0 2 2 2 2 2 2 2 2 2 0 2 2 2 2 2 1 2 2 1 0 0 0 0 0 0 0 0 0 0 0 0 0 1 0 0 0 0 2 2 1 2 1 2 2 2 0 FALSE
NC_035108.1 312205820 94 2_Senegal_2_1 8.17942723563287e-29 0 0 0 0 0 0 0 0 0 0 0 1 2 2 1 2 0 0 0 0 0 0 0 0 0 0 1 0 0 1 0 0 1 0 0 0 0 0 1 0 0 0 0 0 0 0 0 0 0 1 0 1 0 0 0 2 2 2 2 2 2 2 2 2 0 2 2 1 2 2 1 2 2 1 0 0 0 0 0 0 0 0 0 0 0 0 0 1 0 0 0 0 2 2 1 2 1 2 2 2 0 FALSE
NC_035108.1 312209558 95 2_Senegal_2_1 2.1761223395468e-30 0 0 0 0 0 0 0 0 0 0 0 1 1 2 1 1 0 0 0 0 0 0 0 0 0 0 1 0 0 1 0 0 1 0 0 0 0 0 1 0 0 0 0 0 0 0 0 0 0 1 0 1 1 0 0 2 2 2 2 2 2 2 2 2 0 2 2 1 2 2 1 2 2 1 0 0 0 0 0 0 0 0 0 0 0 0 0 1 0 1 0 0 2 2 1 2 1 2 2 2 0 FALSE
NC_035108.1 307096261 1 2_Senegal_3_1 9.73809119149904e-30 0 0 0 0 0 0 0 0 0 0 0 2 1 1 1 1 0 0 0 0 0 0 0 0 0 0 0 0 0 1 0 0 0 0 0 0 0 0 1 0 0 0 0 0 0 0 0 0 0 1 0 0 0 0 0 2 2 2 2 1 2 2 2 2 0 2 2 1 2 2 1 1 2 0 0 0 0 0 0 0 0 0 0 0 0 0 0 1 0 0 0 0 2 2 1 2 1 0 2 2 1 TRUE
NC_035108.1 309208348 2 2_Senegal_3_1 6.01174399038649e-28 0 0 0 0 0 0 0 0 0 0 0 1 1 2 1 1 0 0 1 1 0 0 0 0 0 0 0 0 0 1 0 0 0 0 0 0 0 1 1 0 0 0 0 0 0 0 0 0 0 1 0 1 0 0 0 2 2 2 2 1 2 2 2 1 0 2 2 1 2 2 1 0 2 0 0 0 0 0 0 0 0 0 0 0 0 0 0 1 0 0 0 0 2 2 1 2 1 0 2 2 1 TRUE
NC_035108.1 309446767 3 2_Senegal_3_1 7.23738068001498e-30 0 0 0 0 0 0 0 0 0 0 0 1 1 2 1 1 0 0 0 0 0 0 0 0 0 0 0 0 0 1 0 0 0 0 0 0 0 0 1 0 0 0 0 0 0 0 0 0 0 0 0 0 0 0 0 2 2 2 2 2 2 2 2 2 1 2 2 1 2 2 1 0 2 1 0 0 0 0 0 0 0 0 0 0 0 0 0 0 0 0 0 0 1 2 1 2 1 0 2 2 0 TRUE
NC_035108.1 309446789 4 2_Senegal_3_1 1.73781030401802e-28 0 0 0 0 0 0 0 0 0 0 0 1 1 2 1 1 0 0 0 0 0 0 0 0 0 0 0 0 0 1 0 0 0 0 0 0 0 0 1 0 0 0 0 0 0 0 0 0 0 0 0 0 0 0 0 2 2 2 2 2 2 2 2 2 1 2 2 0 2 2 1 0 2 1 0 0 0 0 0 0 0 0 0 0 0 0 0 0 0 0 0 0 1 2 1 2 1 0 2 2 0 TRUE
NC_035108.1 309447076 5 2_Senegal_3_1 1.04961249769932e-28 0 0 0 0 0 0 0 0 0 0 0 1 1 2 1 1 0 0 0 0 0 0 0 0 0 0 0 0 0 1 0 0 0 0 0 0 0 0 1 0 0 0 0 0 0 0 1 0 0 0 0 0 0 0 0 2 2 2 2 2 2 2 2 2 1 2 2 1 2 2 1 0 2 1 0 0 0 0 0 0 0 0 0 0 0 0 0 0 0 0 0 0 1 2 1 2 1 0 2 2 0 TRUE
NC_035108.1 309456117 6 2_Senegal_3_1 1.04961249769932e-28 0 0 0 0 0 0 0 0 0 0 0 1 1 2 1 1 0 0 1 0 0 0 0 0 0 0 0 0 0 1 0 0 0 0 0 0 0 0 1 0 0 0 0 0 0 0 0 0 0 0 0 0 0 0 0 2 2 2 2 2 2 2 2 2 1 2 2 1 2 2 1 0 2 1 0 0 0 0 0 0 0 0 0 0 0 0 0 0 0 0 0 0 1 2 1 2 1 0 2 2 0 TRUE
NC_035108.1 309467921 7 2_Senegal_3_1 5.33206187114643e-35 0 0 0 0 0 0 0 0 0 0 0 1 1 2 1 1 0 0 0 0 0 0 0 0 0 0 0 0 0 1 0 0 0 0 0 0 0 0 1 0 0 0 0 0 0 0 0 0 0 1 0 1 0 0 0 2 2 2 2 2 2 2 2 2 1 2 2 1 2 2 1 0 2 1 0 0 0 0 0 0 0 0 0 0 0 0 0 1 0 0 0 0 2 2 1 2 1 0 2 2 1 TRUE
NC_035108.1 309468460 8 2_Senegal_3_1 8.18984265093303e-28 0 0 0 0 0 0 1 0 0 0 0 1 1 2 1 1 0 0 0 0 0 0 1 0 0 0 0 0 0 1 0 1 0 0 0 0 0 0 1 0 0 0 1 0 0 0 0 0 1 1 0 1 0 0 0 2 2 2 2 2 2 1 2 2 1 2 2 1 2 2 1 0 2 1 1 0 0 0 0 0 0 0 0 0 0 0 0 1 0 0 0 0 2 2 1 2 1 0 2 2 1 TRUE
NC_035108.1 309475544 9 2_Senegal_3_1 1.96661317200604e-30 0 0 0 0 0 0 1 0 0 0 0 1 1 2 1 1 0 0 0 0 0 0 1 0 0 0 0 0 0 1 0 0 0 0 0 0 0 0 1 0 0 0 0 0 0 0 0 0 1 1 0 2 0 0 0 2 2 2 2 2 2 2 2 2 1 2 2 1 2 2 1 0 2 1 1 0 0 0 0 0 0 0 0 0 0 0 0 1 0 0 0 0 2 2 1 2 1 0 2 2 1 TRUE
NC_035108.1 309475630 10 2_Senegal_3_1 6.21702822017698e-31 0 0 0 0 0 0 0 0 0 0 0 1 1 2 1 1 0 0 0 0 0 0 0 0 0 0 0 0 0 1 0 0 0 0 0 0 0 0 1 0 0 0 0 0 0 0 0 0 0 1 1 1 0 0 0 2 2 2 2 2 2 2 2 2 1 2 2 1 2 2 1 0 2 1 1 0 0 0 0 0 0 0 0 0 0 0 0 1 0 0 0 0 2 2 1 2 1 0 2 1 1 TRUE
NC_035108.1 309520911 11 2_Senegal_3_1 2.21866042835502e-36 0 0 0 0 0 0 0 0 0 0 0 1 1 2 1 1 0 0 0 0 0 0 0 0 0 0 0 0 0 1 0 0 0 0 0 0 0 0 1 0 0 0 0 0 0 0 0 0 0 1 0 1 0 0 0 2 2 2 2 2 2 2 2 2 0 2 2 1 2 2 1 0 2 1 0 0 0 0 0 0 0 0 0 0 0 0 0 1 0 0 0 0 2 2 1 2 1 0 2 2 1 TRUE
NC_035108.1 309526500 12 2_Senegal_3_1 7.53060260059857e-31 0 0 0 0 0 0 0 0 0 0 0 1 1 2 1 1 0 0 0 0 0 0 0 0 0 0 0 0 0 1 0 0 0 0 0 0 0 0 1 0 0 0 0 0 0 0 0 0 0 1 0 1 0 0 0 2 2 2 2 2 2 1 2 2 0 2 2 1 2 2 1 0 1 1 0 0 0 0 0 0 0 0 0 0 0 0 0 1 0 0 0 0 2 2 1 2 1 0 2 1 1 TRUE
NC_035108.1 309526501 13 2_Senegal_3_1 6.24018506599238e-32 0 0 0 0 0 0 0 0 0 0 0 1 1 2 1 1 0 0 0 0 0 0 0 0 0 0 0 0 0 1 0 0 0 0 0 0 0 0 1 0 0 0 0 0 0 0 0 0 0 1 0 1 0 0 0 2 2 2 2 2 2 2 2 2 0 2 2 1 2 2 1 0 2 1 0 0 0 0 0 0 0 1 0 0 0 0 0 1 0 0 0 1 2 2 1 2 1 0 2 1 1 TRUE
NC_035108.1 309528384 14 2_Senegal_3_1 4.91427922872947e-30 0 0 0 0 0 0 0 0 0 0 0 1 1 2 1 1 0 0 0 0 0 0 0 0 0 0 0 0 0 1 0 1 0 0 0 0 0 0 1 0 0 0 0 0 0 0 0 1 0 1 0 1 0 0 0 2 2 2 2 2 2 2 2 2 0 2 2 1 2 1 1 0 2 1 0 0 0 0 0 0 0 1 0 0 0 0 0 1 0 0 0 1 2 2 1 2 1 0 2 2 1 TRUE
NC_035108.1 309533684 15 2_Senegal_3_1 1.44127910292972e-29 0 0 0 0 0 0 0 0 0 0 0 1 1 2 1 1 0 1 0 0 0 0 0 0 0 0 0 0 0 1 0 0 0 0 0 0 0 0 2 0 0 0 0 0 0 0 0 0 0 1 0 1 0 0 0 2 2 2 2 2 2 2 2 2 0 2 2 1 2 2 1 0 2 1 0 0 0 0 0 0 0 0 0 0 0 0 0 1 0 1 0 0 2 2 1 2 2 0 2 2 1 TRUE
NC_035108.1 309533957 16 2_Senegal_3_1 1.0332142721817e-28 0 0 0 0 0 0 0 0 0 0 0 1 1 2 1 1 0 0 1 1 0 0 0 0 0 1 0 0 0 1 0 1 0 0 0 0 0 0 1 1 0 0 0 0 0 0 0 0 0 1 0 1 0 0 0 2 2 2 2 2 2 2 2 2 0 2 2 1 2 2 1 0 2 1 0 1 0 0 0 0 0 1 0 0 0 0 0 1 0 0 0 1 2 2 1 2 1 0 2 2 1 TRUE
NC_035108.1 309534217 17 2_Senegal_3_1 1.06134867927483e-32 0 0 0 0 0 0 0 0 0 0 0 1 1 2 1 1 0 0 0 0 0 0 0 0 0 0 0 0 0 1 0 0 0 0 0 0 0 0 1 0 0 0 0 0 0 0 0 0 0 1 0 1 0 0 0 2 2 2 2 2 2 2 2 2 0 2 2 1 2 2 1 0 2 1 0 0 0 0 0 0 0 1 1 0 0 0 0 1 0 0 0 1 2 2 1 2 1 0 2 2 1 TRUE
NC_035108.1 309534349 18 2_Senegal_3_1 2.63870596833698e-34 0 0 0 0 0 0 0 0 0 0 0 1 1 2 1 1 0 0 0 0 0 0 0 0 0 0 0 0 0 1 0 0 0 0 0 0 0 0 1 0 0 0 0 0 0 0 0 0 0 1 0 1 0 0 0 2 2 1 2 2 2 2 2 2 0 2 2 1 2 2 1 0 2 1 0 0 0 0 0 0 0 0 0 0 0 0 0 1 0 0 0 0 2 2 1 2 1 0 2 2 1 TRUE
NC_035108.1 309534555 19 2_Senegal_3_1 1.53736781882851e-31 0 0 0 0 0 0 0 0 0 0 0 1 1 2 1 1 0 0 0 0 0 0 0 0 0 0 0 0 0 1 0 0 0 0 0 0 0 0 1 0 0 0 0 0 0 0 0 0 0 2 0 2 0 0 0 2 2 2 2 2 2 2 2 2 0 2 2 1 2 2 1 0 2 1 0 0 0 0 0 0 0 1 0 0 0 0 0 1 0 0 0 1 2 2 1 2 1 0 2 2 1 TRUE
NC_035108.1 309534879 20 2_Senegal_3_1 2.21866042835502e-36 0 0 0 0 0 0 0 0 0 0 0 1 1 2 1 1 0 0 0 0 0 0 0 0 0 0 0 0 0 1 0 0 0 0 0 0 0 0 1 0 0 0 0 0 0 0 0 0 0 1 0 1 0 0 0 2 2 2 2 2 2 2 2 2 0 2 2 1 2 2 1 0 2 1 0 0 0 0 0 0 0 0 0 0 0 0 0 1 0 0 0 0 2 2 1 2 1 0 2 2 1 TRUE
NC_035108.1 309542058 21 2_Senegal_3_1 9.83515553169828e-32 0 1 0 0 0 0 0 0 0 0 0 1 1 2 1 1 0 0 1 1 0 0 0 0 0 0 0 0 0 1 0 0 0 0 0 0 0 0 1 0 0 0 0 0 0 0 0 0 0 1 0 1 0 0 0 2 2 2 2 2 2 2 2 2 0 2 2 1 2 2 1 0 2 1 0 0 0 0 1 0 0 0 0 0 0 0 0 1 0 0 0 0 2 2 1 2 1 0 2 2 1 TRUE
NC_035108.1 309549227 22 2_Senegal_3_1 2.58315848725105e-31 0 0 0 0 0 0 0 0 0 0 0 1 1 2 1 1 0 0 0 0 0 0 0 0 0 0 0 0 1 1 0 0 0 0 0 0 0 0 1 0 0 0 0 0 0 0 0 0 0 1 0 1 0 0 0 2 1 2 2 2 2 2 2 2 0 2 2 1 2 2 1 0 2 1 0 0 0 0 0 0 0 0 0 0 0 0 0 1 0 0 0 0 2 1 1 2 1 0 2 2 1 TRUE
NC_035108.1 309550230 23 2_Senegal_3_1 1.0332142721817e-28 0 1 0 0 0 0 0 0 0 0 0 1 1 2 1 1 0 0 0 0 0 0 0 0 0 1 0 0 0 1 0 0 0 0 0 0 0 0 1 1 0 0 1 0 0 0 1 0 0 1 0 1 0 0 0 2 2 2 2 2 2 2 2 2 0 2 2 1 2 2 1 0 2 1 0 0 1 0 0 0 0 1 0 0 0 0 0 1 0 0 0 1 2 2 1 2 1 0 2 2 1 TRUE
NC_035108.1 309550635 24 2_Senegal_3_1 7.25840461295981e-29 0 1 0 0 0 0 0 0 0 0 0 1 1 2 1 1 0 1 0 0 0 0 0 0 0 0 0 0 0 1 0 0 0 0 0 0 0 0 1 0 0 0 1 0 0 0 0 0 0 2 0 2 0 0 0 2 2 2 2 2 2 2 2 2 0 2 2 1 2 2 1 0 2 1 0 0 0 0 0 0 0 0 0 0 0 0 0 1 0 0 0 0 2 2 1 2 0 0 2 2 1 TRUE
NC_035108.1 309552169 25 2_Senegal_3_1 4.77022125726185e-33 0 0 0 0 0 0 0 0 0 0 0 1 1 2 1 1 0 0 0 0 0 0 0 0 0 0 0 0 0 1 0 0 0 0 0 0 0 0 1 0 0 0 0 1 0 0 0 0 0 1 0 1 0 0 0 2 2 2 2 2 2 2 2 2 0 2 2 1 2 2 1 0 2 1 0 0 0 0 0 0 0 0 0 0 0 0 0 1 0 0 0 0 1 2 1 2 1 0 2 2 1 TRUE
NC_035108.1 309567571 26 2_Senegal_3_1 5.33206187114643e-35 0 0 0 0 0 0 0 0 0 0 0 1 1 2 1 1 0 0 0 0 0 0 0 0 0 0 0 0 0 1 0 0 0 0 0 0 0 0 1 0 0 0 1 0 0 0 0 0 0 1 0 1 0 0 0 2 2 2 2 2 2 2 2 2 0 2 2 1 2 2 1 0 2 1 0 0 0 0 0 0 0 0 0 0 0 0 0 1 0 0 0 0 2 2 1 2 1 0 2 2 1 TRUE
NC_035108.1 309567706 27 2_Senegal_3_1 6.21702822017698e-31 0 0 0 0 0 0 0 0 0 0 0 1 1 2 1 1 0 0 0 0 0 0 0 1 0 0 0 0 0 1 0 0 0 0 0 0 0 0 1 0 0 0 1 0 0 1 0 0 0 1 0 1 0 0 0 2 2 2 2 1 2 2 2 2 0 2 2 1 2 2 1 0 2 1 0 0 0 0 0 0 0 0 0 0 0 0 0 1 0 0 0 0 2 2 1 2 1 0 2 2 1 TRUE
NC_035108.1 309567716 28 2_Senegal_3_1 6.21702822017698e-31 0 0 0 0 0 0 0 0 0 0 0 1 1 2 1 1 0 0 0 0 0 0 0 1 0 0 0 0 0 1 0 0 0 0 0 0 0 0 1 0 0 0 1 0 0 1 0 0 0 1 0 1 0 0 0 2 2 2 2 1 2 2 2 2 0 2 2 1 2 2 1 0 2 1 0 0 0 0 0 0 0 0 0 0 0 0 0 1 0 0 0 0 2 2 1 2 1 0 2 2 1 TRUE
NC_035108.1 309568025 29 2_Senegal_3_1 2.63870596833698e-34 0 0 0 0 0 0 0 0 0 0 0 1 1 2 1 1 0 0 0 0 0 0 0 0 0 0 0 0 0 1 0 0 0 0 0 0 0 0 1 0 0 0 0 0 0 0 0 0 0 1 0 1 0 0 0 1 2 2 2 2 2 2 2 2 0 2 2 1 2 2 1 0 2 1 0 0 0 0 0 0 0 0 0 0 0 0 0 1 0 0 0 0 2 2 1 2 1 0 2 2 1 TRUE
NC_035108.1 309568111 30 2_Senegal_3_1 7.53060260059857e-31 0 0 0 0 0 0 0 0 0 0 0 1 1 2 1 1 0 0 0 0 0 0 0 0 0 0 0 0 0 1 0 0 0 0 0 0 0 0 1 0 0 0 0 0 0 0 0 0 0 1 0 1 0 0 0 1 2 2 2 1 2 2 2 2 0 2 2 1 2 1 1 0 2 1 0 0 0 0 0 0 0 0 0 0 0 0 0 1 0 0 0 0 2 2 1 2 1 0 2 2 1 TRUE
NC_035108.1 309568473 31 2_Senegal_3_1 8.79830775624275e-34 0 0 0 0 0 0 0 0 0 0 0 1 1 2 1 1 0 0 0 1 0 0 0 0 0 0 0 0 0 1 0 0 0 0 0 0 0 0 1 0 0 0 0 0 0 0 1 0 0 1 0 1 0 0 0 2 2 2 2 2 2 2 2 2 0 2 2 1 2 2 1 0 2 1 0 0 0 0 0 0 0 0 0 0 0 0 0 1 0 0 0 0 2 2 1 2 1 0 2 2 1 TRUE
NC_035108.1 309568661 32 2_Senegal_3_1 2.21866042835502e-36 0 0 0 0 0 0 0 0 0 0 0 1 1 2 1 1 0 0 0 0 0 0 0 0 0 0 0 0 0 1 0 0 0 0 0 0 0 0 1 0 0 0 0 0 0 0 0 0 0 1 0 1 0 0 0 2 2 2 2 2 2 2 2 2 0 2 2 1 2 2 1 0 2 1 0 0 0 0 0 0 0 0 0 0 0 0 0 1 0 0 0 0 2 2 1 2 1 0 2 2 1 TRUE
NC_035108.1 309568800 33 2_Senegal_3_1 8.79830775624275e-34 1 0 0 0 0 0 0 0 0 0 0 1 1 2 1 1 0 0 0 0 0 0 0 0 0 0 0 0 0 1 0 0 0 0 0 0 0 0 1 0 0 0 0 0 0 0 0 0 0 1 0 1 0 0 0 2 2 2 2 2 2 2 2 2 0 2 2 1 2 2 1 0 2 1 0 0 0 0 0 0 0 0 0 0 0 0 1 1 0 0 0 0 2 2 1 2 1 0 2 2 1 TRUE
NC_035108.1 309569606 34 2_Senegal_3_1 2.37057346663945e-30 0 0 0 0 0 0 0 0 0 0 0 1 1 2 1 1 0 0 0 0 0 0 0 0 0 1 0 0 0 1 0 0 0 0 0 0 0 0 1 1 0 0 1 0 0 0 0 0 0 2 0 2 0 0 0 2 2 2 2 2 2 2 2 2 0 2 2 1 2 2 1 0 2 1 0 0 0 0 0 0 0 0 0 0 0 0 0 1 0 0 0 0 2 2 1 2 1 0 2 2 1 TRUE
NC_035108.1 309570279 35 2_Senegal_3_1 1.7836515872836e-32 0 0 0 0 0 0 0 0 0 0 0 1 1 2 1 1 0 0 0 0 0 0 0 0 0 0 0 0 0 1 0 0 0 0 0 0 0 0 1 0 0 0 0 0 0 0 0 0 0 1 0 1 0 0 0 2 2 2 2 2 1 2 2 2 0 2 2 1 2 1 1 0 2 1 0 0 0 0 0 0 0 0 0 0 0 0 0 1 0 0 0 0 2 2 1 2 1 0 2 2 1 TRUE
NC_035108.1 309585747 36 2_Senegal_3_1 1.4786691489106e-28 0 0 0 0 0 0 0 0 0 0 0 1 1 2 1 1 0 0 0 0 0 0 0 0 0 0 0 0 0 1 0 0 0 0 1 0 0 0 1 0 0 0 0 0 0 0 0 0 0 1 0 1 0 0 0 2 2 2 2 2 2 2 2 2 0 2 2 1 2 2 2 0 2 1 0 0 0 0 0 0 0 1 0 0 0 0 0 1 0 0 0 1 2 2 2 2 1 0 2 2 1 TRUE
NC_035108.1 309585887 37 2_Senegal_3_1 1.44127910292972e-29 0 0 0 0 0 0 0 0 0 0 0 1 1 2 1 1 0 0 0 0 0 0 0 0 0 0 0 0 0 1 0 0 0 0 0 0 0 0 2 0 0 0 0 0 0 0 0 0 0 2 0 1 0 0 0 2 2 2 2 2 2 2 2 2 0 2 2 1 2 2 1 0 2 1 0 0 0 0 0 0 0 1 0 0 0 0 0 1 0 0 0 1 2 2 1 2 1 0 2 2 1 TRUE
NC_035108.1 309625287 38 2_Senegal_3_1 6.72771753958848e-33 0 0 0 1 0 0 0 0 0 0 0 1 1 2 1 1 0 0 0 0 0 0 0 0 0 0 0 0 0 1 0 0 0 0 0 0 0 0 1 0 0 0 0 0 0 0 0 0 0 2 0 2 0 0 0 2 2 2 2 2 2 2 2 2 0 2 2 1 2 2 1 0 2 1 0 0 0 0 0 0 0 0 0 0 0 0 0 1 0 0 0 0 2 2 1 2 1 0 2 2 1 TRUE
NC_035108.1 309626022 39 2_Senegal_3_1 2.63870596833698e-34 0 0 0 0 0 0 0 0 0 0 0 1 1 2 1 1 0 0 0 0 0 0 0 0 0 0 0 0 0 1 0 0 0 0 0 0 0 0 1 0 0 0 0 0 0 0 0 0 0 1 0 1 0 0 0 2 2 2 2 2 2 2 2 2 0 1 2 1 2 2 1 0 2 1 0 0 0 0 0 0 0 0 0 0 0 0 0 1 0 0 0 0 2 2 1 2 1 0 2 2 1 TRUE
NC_035108.1 309630170 40 2_Senegal_3_1 4.45106554720182e-29 0 0 0 0 0 0 0 0 0 0 0 1 1 2 1 1 0 0 0 0 0 0 0 0 0 0 0 0 0 1 0 0 0 0 0 0 0 0 1 0 0 0 0 0 0 0 0 0 0 2 0 2 0 0 0 2 2 2 2 2 2 2 2 2 0 2 1 1 2 2 1 0 2 1 0 0 1 0 0 0 0 0 0 0 0 0 0 1 0 0 0 0 2 1 1 2 1 0 2 2 1 TRUE
NC_035108.1 309644654 41 2_Senegal_3_1 4.15177139716064e-28 0 0 0 0 0 0 0 0 0 0 0 1 1 2 1 1 0 0 0 0 0 0 0 0 0 0 0 0 0 1 0 0 0 0 0 0 0 0 1 0 0 0 0 0 0 0 0 0 0 1 0 1 0 0 0 1 1 2 2 2 2 2 2 2 0 1 2 1 2 2 1 0 2 1 0 0 0 0 0 0 0 0 0 0 0 0 0 1 0 0 0 0 2 0 1 1 1 0 2 2 1 TRUE
NC_035108.1 309645948 42 2_Senegal_3_1 4.59160294494693e-28 0 0 0 0 0 0 0 0 0 0 0 1 1 2 1 1 0 0 1 1 0 0 0 0 0 0 0 0 0 1 0 1 0 0 0 0 0 0 1 0 0 0 2 0 0 0 0 0 0 1 0 1 1 0 0 2 2 2 2 2 2 2 2 2 0 2 2 1 2 2 1 0 2 1 0 0 1 0 0 0 0 0 1 0 0 0 1 1 0 0 0 0 2 2 1 2 1 0 2 2 1 TRUE
NC_035108.1 309646292 43 2_Senegal_3_1 6.31291132525712e-28 0 0 0 0 0 0 0 0 0 0 0 2 1 2 1 1 0 0 0 0 0 0 0 0 0 0 0 0 0 1 0 1 0 0 0 0 0 0 1 0 0 0 1 0 0 0 0 0 0 1 0 1 0 0 0 2 2 2 2 2 2 2 2 2 0 2 2 1 2 2 1 0 2 1 0 0 1 0 0 0 0 0 0 0 0 0 1 1 0 0 0 0 2 2 1 1 1 0 2 2 1 TRUE
NC_035108.1 309648196 44 2_Senegal_3_1 5.15193978628136e-33 0 0 0 0 0 0 0 0 0 0 0 1 1 2 1 1 0 0 0 0 0 0 0 0 0 0 0 0 0 1 0 0 0 0 0 0 0 0 1 0 0 0 0 0 0 0 0 0 0 1 0 1 0 0 0 2 2 2 2 2 2 2 2 2 0 2 2 1 2 2 1 0 2 1 0 0 0 0 0 0 0 0 0 0 0 0 0 1 0 0 0 0 2 0 1 1 1 0 2 2 1 TRUE
NC_035108.1 309654317 45 2_Senegal_3_1 5.23518635027167e-28 0 0 0 0 0 0 0 0 0 0 0 2 1 2 1 1 0 0 0 0 0 0 0 0 0 0 0 0 0 1 0 0 0 0 0 0 0 0 1 0 0 0 1 0 0 1 0 0 0 1 0 1 0 0 0 2 2 2 2 2 2 2 2 2 0 2 2 1 2 2 1 0 2 1 1 0 1 1 0 0 0 0 0 0 0 0 1 1 0 0 0 0 2 2 1 2 1 0 2 2 1 TRUE
NC_035108.1 309657309 46 2_Senegal_3_1 3.47534338758757e-31 0 0 0 0 0 0 0 0 0 0 0 1 1 2 1 1 0 0 0 0 0 0 0 0 0 0 0 0 0 1 0 0 0 0 0 0 0 0 1 0 0 0 0 0 0 0 0 0 0 1 0 1 0 0 0 2 2 2 2 2 2 1 2 2 0 2 2 1 2 2 1 0 2 1 0 0 0 0 0 0 0 0 0 0 0 0 0 1 0 0 0 0 2 0 1 1 1 0 2 2 1 TRUE
NC_035108.1 309663846 47 2_Senegal_3_1 1.06945409682643e-29 0 0 0 0 0 0 0 0 0 0 0 1 1 2 1 1 0 0 0 0 0 0 0 0 0 0 0 0 0 1 0 0 0 0 0 0 0 0 1 0 0 0 0 0 0 0 0 0 0 1 0 1 0 0 0 2 2 2 2 2 2 2 2 2 0 2 2 1 2 2 1 0 2 1 0 0 0 0 0 0 0 0 0 0 0 0 0 1 0 0 0 0 1 0 1 1 1 0 2 2 0 TRUE
NC_035108.1 309670084 48 2_Senegal_3_1 1.43865390427317e-28 0 0 0 0 0 0 0 0 0 0 0 1 1 2 1 1 0 0 0 0 0 0 0 0 0 0 0 0 0 1 0 0 0 0 0 0 0 0 1 0 0 0 0 0 1 0 0 0 0 1 0 1 0 0 0 2 2 2 2 2 2 2 2 2 0 2 2 1 2 2 1 0 2 1 0 0 0 0 0 0 0 0 0 0 0 0 0 1 0 0 0 0 1 0 1 1 1 0 2 2 0 TRUE
NC_035108.1 309682810 49 2_Senegal_3_1 1.43865390427317e-28 0 0 0 0 0 0 0 0 0 0 0 1 1 2 1 1 0 0 0 0 0 0 0 0 0 0 0 0 0 1 0 0 0 0 0 1 0 0 1 0 0 0 0 0 0 0 0 0 0 1 0 1 0 0 0 2 2 2 2 2 2 2 2 2 0 2 2 1 2 2 1 0 2 1 0 0 0 0 0 0 0 0 0 0 0 0 0 1 0 0 0 0 1 0 1 1 1 0 2 2 0 TRUE
NC_035108.1 309684312 50 2_Senegal_3_1 1.06945409682643e-29 0 0 0 0 0 0 0 0 0 0 0 1 1 2 1 1 0 0 0 0 0 0 0 0 0 0 0 0 0 1 0 0 0 0 0 0 0 0 1 0 0 0 0 0 0 0 0 0 0 1 0 1 0 0 0 2 2 2 2 2 2 2 2 2 0 2 2 1 2 2 1 0 2 1 0 0 0 0 0 0 0 0 0 0 0 0 0 1 0 0 0 0 1 0 1 1 1 0 2 2 0 TRUE
NC_035108.1 309689888 51 2_Senegal_3_1 3.50721003581435e-34 0 0 0 0 0 0 0 0 0 0 0 1 1 2 1 1 0 0 0 0 0 0 0 0 0 0 0 0 0 1 0 0 0 0 0 0 0 0 1 0 0 0 0 0 0 0 0 0 0 1 0 0 0 0 0 2 2 2 2 2 2 2 2 2 0 2 2 1 2 2 1 0 2 1 0 0 0 0 0 0 0 0 0 0 0 0 0 1 0 0 0 0 1 2 1 2 1 0 2 2 0 TRUE
NC_035108.1 309699878 52 2_Senegal_3_1 1.51456781646643e-31 0 0 0 0 0 0 0 0 0 0 0 1 1 2 1 1 0 0 1 1 0 0 0 0 0 0 0 0 0 1 0 0 0 0 0 0 0 0 1 0 0 0 0 0 0 0 0 0 0 1 0 0 0 0 0 2 2 2 2 2 2 2 2 2 0 2 2 1 2 2 1 0 2 1 0 0 0 0 0 0 0 0 0 0 0 0 0 1 0 0 0 0 1 2 1 2 1 0 2 2 0 TRUE
NC_035108.1 309802599 53 2_Senegal_3_1 8.07077198708196e-31 0 0 0 0 0 0 0 0 0 0 0 1 1 2 1 1 1 0 1 1 0 0 0 0 0 0 0 0 0 1 0 0 0 0 0 0 0 0 1 0 0 0 0 0 0 0 0 0 0 1 0 1 0 0 0 2 2 2 2 2 2 2 2 2 0 2 2 1 2 2 1 1 2 1 0 0 0 0 0 0 0 0 0 0 0 0 0 1 0 0 0 0 2 2 1 2 1 0 2 2 0 TRUE
NC_035108.1 310026615 54 2_Senegal_3_1 3.60904497258928e-31 0 0 0 0 0 0 0 0 0 1 0 1 1 2 1 1 0 0 0 0 0 0 0 0 0 0 0 0 0 1 0 0 0 0 0 0 0 0 1 0 0 0 0 0 0 0 0 0 0 1 0 1 0 0 0 2 2 2 2 2 2 2 2 2 0 2 2 1 2 1 1 2 2 1 0 0 0 0 0 0 0 0 0 0 0 0 0 1 0 0 0 0 1 2 1 2 1 0 2 2 0 TRUE
NC_035108.1 310027991 55 2_Senegal_3_1 1.85798357691438e-28 0 0 0 0 0 0 0 0 0 0 0 1 1 2 1 1 1 0 1 1 0 0 0 0 0 0 0 0 0 1 0 0 0 0 0 0 0 1 1 0 0 0 0 0 0 0 0 0 0 1 0 1 0 0 0 2 2 2 2 2 2 2 2 2 0 2 2 1 2 1 1 2 2 1 0 0 0 0 0 0 0 0 0 0 0 0 0 1 0 0 0 0 1 2 1 2 1 0 2 2 0 TRUE
NC_035108.1 310048536 56 2_Senegal_3_1 8.3420224588254e-34 0 0 0 0 0 0 0 0 0 0 0 1 1 2 1 1 0 0 0 0 0 0 0 0 0 0 0 0 0 1 0 0 0 0 0 0 0 0 1 0 0 0 0 0 0 0 0 0 0 1 0 1 0 0 0 2 2 2 2 2 2 2 2 2 0 2 2 1 2 1 1 2 2 1 0 0 0 0 0 0 0 0 0 0 0 0 0 1 0 0 0 0 1 2 1 2 1 0 2 2 1 TRUE
NC_035108.1 311036554 57 2_Senegal_3_1 3.02610069889269e-29 0 0 0 0 0 0 0 0 0 0 0 1 1 2 1 1 0 0 0 0 0 0 0 0 0 0 0 0 0 1 0 0 1 0 0 0 0 0 1 0 0 1 0 0 0 0 1 1 0 2 0 0 0 0 1 2 2 2 2 2 1 2 2 2 0 2 2 1 2 2 1 2 2 1 0 0 0 0 0 0 0 0 0 0 0 0 0 1 0 0 0 0 2 2 1 2 1 0 2 2 1 TRUE
NC_035108.1 311138477 58 2_Senegal_3_1 8.78366895231633e-32 0 0 0 0 0 0 0 0 0 0 0 1 1 2 1 1 0 0 0 0 0 0 0 0 0 0 0 0 0 1 0 0 1 0 0 0 0 0 1 0 0 0 0 0 0 0 0 0 0 1 0 1 0 0 0 2 2 2 2 1 2 2 2 2 0 2 2 0 2 2 1 2 2 1 0 0 0 0 0 0 0 0 0 0 0 0 0 1 1 0 0 0 2 2 1 2 1 0 2 2 1 TRUE
NC_035108.1 311138673 59 2_Senegal_3_1 1.32160244029695e-33 0 0 0 0 0 0 0 0 0 0 0 1 1 2 1 1 0 0 0 0 0 0 0 0 0 0 0 0 0 1 0 0 1 0 0 0 0 0 1 0 0 0 0 0 0 0 0 0 0 1 0 1 0 0 0 2 2 2 2 2 2 2 2 2 1 2 2 0 2 2 1 2 2 1 0 0 0 0 0 0 0 0 0 0 0 0 0 1 0 0 0 0 2 2 1 2 1 0 2 2 1 TRUE
NC_035108.1 311138980 60 2_Senegal_3_1 1.32160244029695e-33 0 0 0 0 0 0 0 0 0 0 0 1 1 2 1 1 0 0 0 0 0 0 0 0 0 0 0 0 0 1 0 0 1 0 0 0 0 1 1 0 0 0 0 0 0 0 0 0 0 1 0 1 0 0 0 2 2 2 2 2 2 2 2 2 0 2 2 0 2 2 1 2 2 1 0 0 0 0 0 0 0 0 0 0 0 0 0 1 0 0 0 0 2 2 1 2 1 0 2 2 1 TRUE
NC_035108.1 311154246 61 2_Senegal_3_1 1.25544241178678e-31 0 0 0 0 0 0 0 0 0 1 0 1 1 2 1 1 0 1 0 0 0 0 0 0 0 0 0 0 0 1 0 0 1 0 0 0 0 1 1 0 0 0 0 0 0 0 0 0 0 1 0 1 0 0 0 2 2 2 2 2 2 2 2 2 0 2 2 0 2 2 1 2 2 1 0 0 0 0 0 0 0 0 0 0 0 0 0 1 0 0 0 0 2 2 1 2 1 0 2 2 1 TRUE
NC_035108.1 311206481 62 2_Senegal_3_1 7.53166200725361e-28 0 0 1 0 0 0 0 0 0 0 0 1 1 2 1 1 0 0 0 0 0 0 0 0 0 0 0 0 0 1 0 0 1 0 0 0 1 1 1 0 0 0 0 0 0 0 0 0 0 1 1 1 1 0 0 2 2 2 2 2 2 2 2 2 0 2 2 0 2 2 1 2 2 1 0 0 0 0 0 0 0 0 0 0 1 0 0 1 0 0 0 0 2 2 1 1 1 0 2 2 1 TRUE
NC_035108.1 311240518 63 2_Senegal_3_1 5.40205831540452e-28 0 0 0 1 0 0 0 0 0 0 0 1 1 2 1 1 0 0 0 0 0 0 0 0 0 0 0 1 0 1 0 0 1 0 0 0 1 1 1 0 0 0 0 0 0 0 0 0 0 2 0 1 0 0 0 2 2 2 2 2 2 2 2 2 0 2 2 0 2 2 1 2 2 1 0 0 0 0 0 0 1 0 0 0 0 0 0 1 0 0 0 0 2 2 1 2 1 0 2 2 1 TRUE
NC_035108.1 311263458 64 2_Senegal_3_1 5.40205831540452e-28 0 0 0 0 0 0 0 0 0 1 0 1 1 2 1 1 0 0 0 0 0 0 1 0 0 0 0 1 0 1 0 0 1 0 0 0 1 1 1 0 0 0 0 0 0 0 0 0 0 2 0 1 0 0 0 2 2 2 2 2 2 2 2 2 0 2 2 0 2 2 1 2 2 1 0 0 0 0 0 0 0 0 0 0 0 0 0 1 0 0 0 0 2 2 1 2 1 0 2 2 1 TRUE
NC_035108.1 311597119 65 2_Senegal_3_1 1.09349049242495e-30 0 0 0 0 0 0 1 0 0 0 0 1 1 2 1 1 0 0 0 0 0 0 0 0 0 0 0 0 0 1 0 0 1 0 0 0 0 0 1 0 0 1 0 0 0 0 0 0 1 1 0 1 0 1 1 2 2 2 2 2 2 2 2 2 0 2 2 1 2 2 1 2 2 1 0 0 0 0 1 0 0 0 0 0 0 0 0 1 0 0 0 0 2 2 1 2 1 0 2 2 1 TRUE
NC_035108.1 311708299 66 2_Senegal_3_1 1.70600010505833e-29 0 0 1 0 0 0 0 0 0 0 0 1 1 2 1 1 0 0 0 0 0 0 0 0 0 0 0 0 0 1 0 0 1 0 0 0 0 0 1 0 0 1 0 0 0 0 0 0 0 1 1 0 1 0 1 2 2 2 2 2 2 2 2 2 0 2 2 1 2 2 1 2 2 1 0 0 0 0 0 0 0 0 0 0 0 0 0 1 0 0 2 0 2 2 0 2 1 0 2 2 1 TRUE
NC_035108.1 311741508 67 2_Senegal_3_1 4.90544524832392e-28 0 0 0 0 0 0 0 0 0 0 0 1 1 2 1 1 0 0 0 0 0 0 0 0 0 0 0 0 0 1 0 0 1 0 0 0 0 0 1 0 0 1 0 0 0 0 0 0 0 1 0 0 0 0 1 2 2 2 2 2 1 2 2 2 0 2 2 1 2 2 2 2 2 1 0 0 0 0 0 0 0 0 0 0 0 0 0 1 0 0 0 0 1 2 0 2 1 0 2 2 1 TRUE
NC_035108.1 311742532 68 2_Senegal_3_1 3.01232998337944e-29 0 0 1 0 0 0 0 0 0 0 0 1 1 2 1 1 0 0 0 0 0 0 0 0 0 0 0 0 0 1 0 0 1 0 0 0 0 0 1 0 0 0 0 0 0 0 0 0 0 1 1 0 1 0 0 2 2 2 2 2 2 2 2 2 0 2 2 1 2 2 1 2 2 1 0 1 0 0 0 0 0 0 0 0 0 0 0 1 0 0 2 1 1 2 0 2 1 1 2 2 1 TRUE
NC_035108.1 311743192 69 2_Senegal_3_1 5.86014444464687e-30 0 0 0 0 0 0 0 0 0 0 0 1 1 2 1 1 0 0 0 0 0 0 0 0 0 1 0 0 0 1 0 0 1 0 0 0 0 0 1 1 0 1 0 0 0 0 0 0 0 1 0 0 0 0 1 2 2 2 2 2 2 2 2 2 0 2 2 1 2 2 1 2 2 1 0 0 0 0 0 0 0 0 0 0 0 0 0 1 0 0 0 0 1 2 0 2 1 0 2 2 1 TRUE
NC_035108.1 311782089 70 2_Senegal_3_1 3.65283897262261e-30 0 0 0 0 0 0 0 0 0 0 0 1 1 2 1 0 0 0 0 0 0 0 0 0 0 0 0 0 0 1 0 0 1 0 0 0 0 0 1 0 0 1 0 0 0 0 0 0 0 1 0 0 0 0 1 2 2 2 2 2 2 2 2 2 0 1 2 1 2 2 1 2 2 1 0 0 0 0 0 0 0 0 0 0 0 0 0 1 0 0 0 0 1 2 0 2 1 1 2 2 1 TRUE
NC_035108.1 311785213 71 2_Senegal_3_1 4.90544524832392e-28 0 0 0 0 0 0 0 0 0 0 0 1 1 2 1 0 0 0 0 0 0 0 0 0 0 0 0 0 0 1 0 0 1 0 0 0 0 0 1 0 0 1 0 0 0 0 0 0 0 1 0 0 0 0 1 2 2 2 2 2 2 2 2 2 0 1 2 1 2 2 1 2 2 1 0 0 0 0 0 0 0 0 0 0 0 0 0 1 0 0 0 0 1 2 0 2 1 2 2 2 1 TRUE
NC_035108.1 312078353 72 2_Senegal_3_1 7.67150688873933e-28 0 0 0 0 0 0 0 0 0 0 0 1 1 2 1 1 0 0 0 0 0 0 0 0 0 0 2 0 0 1 0 0 0 0 0 0 0 0 1 0 0 0 0 0 0 0 0 0 0 0 0 1 0 0 0 2 2 2 2 2 2 2 2 1 0 2 2 1 2 2 1 2 2 1 0 0 0 0 0 0 0 0 0 0 0 0 0 1 0 0 0 0 2 2 2 2 1 2 1 2 0 TRUE
NC_035108.1 312078388 73 2_Senegal_3_1 1.27038384936025e-29 0 0 0 0 0 0 0 0 0 0 0 1 1 2 1 1 0 0 0 0 0 0 0 0 0 0 2 0 0 1 0 0 0 0 0 0 0 0 1 0 0 0 0 0 0 0 0 0 0 0 0 1 0 0 0 2 2 2 2 2 2 2 2 1 0 2 2 1 2 2 1 2 2 1 0 0 0 0 0 0 0 0 0 0 0 0 0 1 0 0 0 0 2 2 1 2 1 2 1 2 0 TRUE
NC_035108.1 312078992 74 2_Senegal_3_1 1.32330706492512e-29 0 0 0 0 0 0 0 0 0 0 0 1 1 2 1 1 0 0 0 0 0 0 0 0 0 0 1 0 0 1 0 0 0 0 0 0 0 0 1 0 0 0 0 0 0 0 0 0 0 2 0 1 0 0 0 2 2 2 2 2 1 2 2 1 0 2 2 1 2 2 1 2 2 1 0 0 0 0 0 0 0 0 0 0 0 0 0 1 0 0 0 0 2 2 1 2 1 2 1 2 0 TRUE
NC_035108.1 312079492 75 2_Senegal_3_1 1.32330706492512e-29 0 0 0 0 0 0 0 0 0 0 0 1 1 2 1 1 0 0 0 0 0 0 0 0 0 0 1 0 0 1 0 0 0 0 0 0 0 0 1 0 0 0 0 0 0 0 0 0 0 2 0 1 0 0 0 2 2 2 2 2 1 2 2 1 0 2 2 1 2 2 1 2 2 1 0 0 0 0 0 0 0 0 0 0 0 0 0 1 0 0 0 0 2 2 1 2 1 2 1 2 0 TRUE
NC_035108.1 312079581 76 2_Senegal_3_1 1.32330706492512e-29 0 0 0 0 0 0 0 0 0 0 0 1 1 2 1 1 0 0 0 0 0 0 0 0 0 0 1 0 0 1 0 0 0 0 0 0 0 0 1 0 0 0 0 0 0 0 0 0 0 2 0 1 0 0 0 2 2 2 2 2 1 2 2 1 0 2 2 1 2 2 1 2 2 1 0 0 0 0 0 0 0 0 0 0 0 0 0 1 0 0 0 0 2 2 1 2 1 2 1 2 0 TRUE
NC_035108.1 312079873 77 2_Senegal_3_1 5.96577464327588e-31 0 0 0 0 0 0 0 0 0 0 1 1 1 2 1 1 0 0 0 0 0 0 0 0 0 0 1 0 0 1 0 0 0 0 0 0 0 0 1 0 0 0 0 0 0 0 0 0 0 1 0 1 0 0 0 2 2 2 2 2 2 2 2 1 0 2 2 1 2 2 1 2 2 1 0 0 0 0 0 0 0 0 0 0 0 0 0 1 0 1 0 0 2 2 1 2 1 2 1 2 0 TRUE
NC_035108.1 312107326 78 2_Senegal_3_1 3.23305122668273e-30 0 0 0 0 0 0 0 0 0 0 0 1 1 2 1 1 0 0 0 0 0 0 0 0 0 0 1 0 0 1 0 0 1 0 0 0 0 0 1 0 0 0 0 0 0 0 0 0 0 2 1 1 1 0 0 2 2 2 2 2 2 2 2 2 0 2 2 1 2 2 1 2 2 1 0 0 0 0 0 0 0 0 0 0 0 0 0 1 0 0 2 0 2 2 1 2 1 2 2 2 0 TRUE
NC_035108.1 312107475 79 2_Senegal_3_1 1.90532063335607e-34 0 0 0 0 0 0 0 0 0 0 0 1 1 2 1 1 0 0 0 0 0 0 0 0 0 0 1 0 0 1 0 0 1 0 0 0 0 0 1 0 0 0 0 0 0 0 0 0 0 1 1 1 0 0 0 2 2 2 2 2 2 2 2 2 0 2 2 1 2 2 1 2 2 1 0 0 0 0 0 0 0 0 0 0 0 0 0 1 0 0 0 0 2 2 1 2 1 2 2 2 0 TRUE
NC_035108.1 312112608 80 2_Senegal_3_1 1.90532063335607e-34 0 0 0 0 0 0 0 0 0 0 0 1 1 2 1 1 0 0 0 0 0 0 0 0 0 0 1 0 0 1 0 0 1 0 0 0 0 0 1 0 0 0 0 0 0 0 0 0 0 1 0 1 0 0 0 2 2 2 2 2 2 2 2 2 0 2 2 1 2 2 1 2 2 1 0 0 0 0 0 0 0 0 0 0 0 0 0 1 0 0 1 0 2 2 1 2 1 2 2 2 0 TRUE
NC_035108.1 312114917 81 2_Senegal_3_1 2.00799391581476e-32 0 0 0 0 0 0 0 0 0 0 0 1 1 2 1 1 0 0 0 0 0 0 0 0 0 0 1 0 0 1 0 0 1 0 0 0 0 0 1 0 0 0 0 0 0 0 0 1 0 2 0 1 0 0 0 2 2 2 2 2 2 2 2 2 0 2 2 1 2 2 1 2 2 1 0 0 0 0 0 0 0 0 0 0 0 0 0 1 0 0 0 0 2 2 1 2 1 2 2 2 0 TRUE
NC_035108.1 312124313 82 2_Senegal_3_1 8.62404267481363e-29 0 0 0 0 0 0 0 0 0 0 0 1 1 2 1 1 0 1 0 0 0 0 0 0 0 0 1 0 0 1 0 0 1 0 0 0 0 0 1 0 0 0 0 0 0 0 0 0 0 2 1 1 0 0 0 2 2 2 2 2 2 2 2 2 0 2 2 1 2 2 1 2 2 1 0 0 0 0 0 0 0 0 0 0 0 0 0 1 0 0 1 0 2 1 1 2 1 2 2 2 0 TRUE
NC_035108.1 312125753 83 2_Senegal_3_1 3.23305122668273e-30 0 0 0 0 0 0 0 0 0 0 0 1 1 2 1 1 0 0 0 0 1 0 0 0 0 0 1 0 0 1 0 0 1 0 0 0 0 0 1 0 0 0 0 0 0 0 0 0 0 2 1 1 0 0 0 2 2 2 2 2 2 2 2 2 0 2 2 1 2 2 1 2 2 1 0 0 0 0 0 0 0 0 0 0 0 0 0 1 0 0 2 0 2 2 1 2 1 2 2 2 0 TRUE
NC_035108.1 312126363 84 2_Senegal_3_1 2.61420352361469e-29 0 0 0 0 0 0 0 0 0 0 0 1 1 2 1 0 0 0 0 0 0 0 0 0 0 0 1 0 0 1 0 0 0 0 0 0 0 0 1 0 0 0 0 0 0 0 0 0 0 1 0 1 0 0 0 2 2 2 2 2 2 2 2 1 0 2 2 1 2 2 1 1 2 1 0 0 0 0 0 0 0 0 0 0 0 0 0 1 0 0 0 0 1 2 0 2 1 1 1 2 0 TRUE
NC_035108.1 312126665 85 2_Senegal_3_1 1.90532063335607e-34 0 0 0 0 0 0 0 0 0 0 0 1 1 2 1 1 0 0 0 0 0 0 0 0 0 0 1 0 0 1 0 0 1 0 1 0 0 0 1 0 0 0 0 0 0 0 0 0 0 1 0 1 0 0 0 2 2 2 2 2 2 2 2 2 0 2 2 1 2 2 1 2 2 1 0 0 0 0 0 0 0 0 0 0 0 0 0 1 0 0 0 0 2 2 1 2 1 2 2 2 0 TRUE
NC_035108.1 312130203 86 2_Senegal_3_1 2.25477269040892e-31 0 0 0 0 0 1 0 0 0 0 0 1 1 2 1 1 0 0 0 0 0 0 0 0 0 0 1 0 0 1 0 0 1 0 0 0 0 0 1 0 0 0 0 0 0 0 0 0 1 1 0 1 0 0 0 2 2 2 2 2 2 2 2 2 0 2 2 2 2 2 1 2 2 1 0 0 0 0 0 0 0 0 0 0 0 0 0 1 0 0 0 0 2 2 1 2 1 2 2 2 0 TRUE
NC_035108.1 312202800 87 2_Senegal_3_1 1.32090364473476e-29 0 0 0 0 0 0 0 0 0 0 0 1 1 2 1 1 0 0 0 0 0 0 0 0 0 0 1 0 0 1 0 0 1 0 0 0 0 0 1 0 0 0 0 0 0 0 0 0 0 2 1 1 1 0 0 2 2 2 2 2 2 2 2 2 0 2 2 1 2 2 1 2 2 1 0 0 0 0 0 0 0 0 0 1 0 0 0 1 0 0 1 0 2 2 1 2 1 2 2 2 0 TRUE
NC_035108.1 312205734 88 2_Senegal_3_1 7.44136108921467e-29 0 0 0 0 0 0 0 0 0 0 0 1 1 2 1 1 0 0 0 0 0 0 0 0 0 0 1 0 1 1 0 0 1 0 0 0 0 0 1 1 0 0 0 0 0 0 0 0 1 2 0 1 1 0 0 2 2 2 2 2 2 2 2 2 0 2 2 1 2 2 1 2 2 1 0 0 0 0 0 0 0 0 1 0 0 0 0 1 0 0 0 0 2 2 1 2 1 2 2 2 0 TRUE
NC_035108.1 312205777 89 2_Senegal_3_1 6.9372672505128e-30 0 0 0 0 0 0 0 0 0 0 0 1 2 2 1 2 0 0 0 0 0 0 0 0 0 0 1 0 0 1 0 0 1 0 0 0 0 0 1 0 0 0 0 0 0 0 0 0 0 1 0 1 0 0 0 2 2 2 2 2 2 2 2 1 0 2 2 1 2 2 1 2 2 1 0 0 0 0 0 0 0 0 0 0 0 0 0 1 0 0 0 0 2 2 1 2 1 2 2 2 0 TRUE
NC_035108.1 312205820 90 2_Senegal_3_1 9.65132829427042e-32 0 0 0 0 0 0 0 0 0 0 0 1 2 2 1 2 0 0 0 0 0 0 0 0 0 0 1 0 0 1 0 0 1 0 0 0 0 0 1 0 0 0 0 0 0 0 0 0 0 1 0 1 0 0 0 2 2 2 2 2 2 2 2 2 0 2 2 1 2 2 1 2 2 1 0 0 0 0 0 0 0 0 0 0 0 0 0 1 0 0 0 0 2 2 1 2 1 2 2 2 0 TRUE
NC_035108.1 312205977 91 2_Senegal_3_1 7.44136108921467e-29 1 0 0 0 1 0 0 0 0 0 0 1 2 2 1 1 0 0 0 0 0 0 0 0 0 0 1 0 1 1 0 0 1 0 0 0 0 0 1 0 0 0 0 0 0 0 0 0 0 1 0 1 1 0 0 2 2 2 2 2 2 2 2 2 0 2 2 1 2 2 1 2 2 1 0 0 0 0 0 0 0 1 0 0 0 0 0 1 0 0 0 0 2 2 1 2 1 2 2 2 0 TRUE
NC_035108.1 312209558 92 2_Senegal_3_1 2.30989480552279e-33 0 0 0 0 0 0 0 0 0 0 0 1 1 2 1 1 0 0 0 0 0 0 0 0 0 0 1 0 0 1 0 0 1 0 0 0 0 0 1 0 0 0 0 0 0 0 0 0 0 1 0 1 1 0 0 2 2 2 2 2 2 2 2 2 0 2 2 1 2 2 1 2 2 1 0 0 0 0 0 0 0 0 0 0 0 0 0 1 0 1 0 0 2 2 1 2 1 2 2 2 0 TRUE
NC_035108.1 312220054 93 2_Senegal_3_1 1.17962152051787e-29 0 0 0 0 0 0 0 0 0 0 0 1 1 2 1 1 0 0 0 0 0 0 0 0 0 0 1 0 0 1 0 0 1 0 0 0 0 0 1 0 0 0 0 0 0 0 0 0 0 2 1 1 0 0 0 2 2 2 2 2 2 2 2 2 0 2 1 1 2 2 1 2 2 1 0 0 0 0 0 0 0 0 0 0 0 0 0 1 0 0 1 0 2 2 1 2 1 2 2 2 0 TRUE
NC_035108.1 312507980 94 2_Senegal_3_1 6.93496892237927e-28 0 1 0 0 0 0 0 0 0 0 0 1 2 2 1 1 0 0 0 0 0 0 0 0 0 0 1 0 0 1 0 0 2 0 0 0 0 0 1 0 0 0 0 0 1 0 0 0 0 0 0 1 0 0 0 2 2 1 2 2 2 2 2 2 0 2 2 1 2 2 1 2 1 1 0 0 0 0 0 0 0 0 0 0 0 0 0 1 0 0 0 0 2 2 1 2 1 2 2 2 1 TRUE
NC_035108.1 312513420 95 2_Senegal_3_1 4.65081883325936e-29 0 0 0 0 0 0 0 0 0 0 0 1 1 2 1 1 0 0 0 0 0 0 0 0 0 0 1 0 0 1 0 0 1 0 0 0 0 0 1 0 0 0 0 0 0 0 0 0 0 0 0 1 0 0 0 2 2 1 2 2 2 2 2 2 0 2 2 1 2 2 1 2 1 1 0 0 0 0 0 0 0 0 0 0 0 0 0 1 0 0 0 0 2 2 1 1 1 2 2 1 1 TRUE
NC_035108.1 312519620 96 2_Senegal_3_1 7.39031643733994e-30 0 0 0 0 0 0 0 0 1 0 0 1 1 2 1 1 0 0 0 0 0 0 0 0 0 0 1 0 0 1 0 0 1 0 0 0 0 0 1 0 0 0 0 0 0 0 0 0 0 1 0 1 0 0 0 2 2 1 2 2 2 2 2 2 0 2 2 1 2 2 1 2 1 1 0 0 0 0 0 0 0 1 0 0 0 0 0 1 0 0 1 1 2 2 1 2 1 2 2 2 1 TRUE
NC_035108.1 312521355 97 2_Senegal_3_1 4.90544524832392e-28 0 0 0 0 0 0 0 0 0 0 0 1 1 2 1 1 0 0 0 0 0 0 0 0 0 0 1 1 0 1 0 0 0 0 0 0 0 0 1 0 0 0 0 0 0 0 0 0 0 0 1 1 0 0 0 2 2 1 2 2 2 2 2 2 0 2 2 1 2 2 1 2 1 1 0 0 0 0 0 0 0 0 0 0 0 0 0 1 0 0 0 0 2 2 0 2 1 2 2 2 0 TRUE
NC_035108.1 312652113 98 2_Senegal_3_1 1.31311653518098e-29 0 0 0 0 0 0 0 0 0 0 0 1 1 2 1 1 0 0 0 0 0 0 0 0 0 0 1 0 0 1 0 1 0 0 0 0 0 0 1 0 0 0 0 0 0 0 0 0 0 0 0 1 0 0 0 2 2 1 2 2 2 2 2 2 0 2 2 1 2 2 1 2 2 1 0 0 0 0 0 0 0 0 0 0 0 0 0 1 1 0 0 0 2 2 0 2 1 2 2 2 0 TRUE
NC_035108.1 312668212 99 2_Senegal_3_1 1.41639640972028e-28 0 0 0 0 0 0 0 0 0 0 0 1 1 2 1 1 0 0 0 0 0 0 0 0 0 0 1 0 0 1 0 0 0 0 0 0 0 0 1 0 0 0 0 0 0 0 0 0 0 0 0 1 0 0 0 2 2 1 2 2 2 2 2 1 0 2 2 1 2 2 1 2 2 1 0 0 0 0 0 0 0 0 0 0 0 0 0 1 0 0 0 0 1 2 0 2 1 2 2 2 0 TRUE
NC_035108.1 312978968 100 2_Senegal_3_1 1.41639640972028e-28 0 0 0 0 0 0 0 0 0 0 0 1 1 2 1 1 0 0 0 0 0 0 0 0 0 0 1 0 0 1 0 0 0 0 0 0 0 0 1 0 0 0 0 0 0 0 0 0 0 0 0 1 0 0 0 2 2 1 2 2 2 2 2 1 0 2 2 1 2 2 1 2 1 1 0 0 0 0 0 0 0 0 0 0 0 0 0 1 0 0 0 0 2 2 0 2 1 2 2 2 0 TRUE
NC_035108.1 309208348 1 2_Senegal_4_1 2.81855904511912e-30 0 0 0 0 0 0 0 0 0 0 0 1 1 2 1 1 0 0 1 1 0 0 0 0 0 0 0 0 0 1 0 0 0 0 0 0 0 1 1 0 0 0 0 0 0 0 0 0 0 1 0 1 0 0 0 2 2 2 2 1 2 2 2 1 0 2 2 1 2 2 1 0 2 0 0 0 0 0 0 0 0 0 0 0 0 0 0 1 0 0 0 0 2 2 1 2 1 0 2 2 1 FALSE
NC_035108.1 309209805 2 2_Senegal_4_1 3.67932200837239e-29 0 0 0 0 0 0 0 0 0 0 0 1 1 2 1 1 0 0 0 0 0 0 0 0 0 0 0 0 0 1 0 0 0 0 0 0 0 0 1 0 0 0 0 0 0 0 0 0 0 1 0 1 0 0 0 2 2 2 2 1 2 2 2 1 0 2 2 1 2 2 1 0 2 0 0 0 0 0 0 0 0 0 0 0 0 0 0 0 0 0 0 0 1 2 1 2 1 0 2 2 0 FALSE
NC_035108.1 309356778 3 2_Senegal_4_1 2.26983371843684e-29 0 0 0 0 0 0 0 0 0 0 0 1 1 2 1 1 0 0 0 0 0 0 0 0 0 0 0 0 0 1 1 0 0 0 0 0 0 1 1 0 0 0 0 0 0 0 0 0 0 2 0 1 0 0 0 2 2 2 2 2 2 2 2 2 0 2 2 1 1 2 1 0 2 1 0 0 0 0 0 0 0 1 0 0 0 0 0 1 0 1 0 1 2 2 1 2 1 0 2 2 1 FALSE
NC_035108.1 309446767 4 2_Senegal_4_1 7.23738068001498e-30 0 0 0 0 0 0 0 0 0 0 0 1 1 2 1 1 0 0 0 0 0 0 0 0 0 0 0 0 0 1 0 0 0 0 0 0 0 0 1 0 0 0 0 0 0 0 0 0 0 0 0 0 0 0 0 2 2 2 2 2 2 2 2 2 1 2 2 1 2 2 1 0 2 1 0 0 0 0 0 0 0 0 0 0 0 0 0 0 0 0 0 0 1 2 1 2 1 0 2 2 0 FALSE
NC_035108.1 309467921 5 2_Senegal_4_1 5.56278474970093e-38 0 0 0 0 0 0 0 0 0 0 0 1 1 2 1 1 0 0 0 0 0 0 0 0 0 0 0 0 0 1 0 0 0 0 0 0 0 0 1 0 0 0 0 0 0 0 0 0 0 1 0 1 0 0 0 2 2 2 2 2 2 2 2 2 1 2 2 1 2 2 1 0 2 1 0 0 0 0 0 0 0 0 0 0 0 0 0 1 0 0 0 0 2 2 1 2 1 0 2 2 1 FALSE
NC_035108.1 309468460 6 2_Senegal_4_1 7.10725739059159e-30 0 0 0 0 0 0 1 0 0 0 0 1 1 2 1 1 0 0 0 0 0 0 1 0 0 0 0 0 0 1 0 1 0 0 0 0 0 0 1 0 0 0 1 0 0 0 0 0 1 1 0 1 0 0 0 2 2 2 2 2 2 1 2 2 1 2 2 1 2 2 1 0 2 1 1 0 0 0 0 0 0 0 0 0 0 0 0 1 0 0 0 0 2 2 1 2 1 0 2 2 1 FALSE
NC_035108.1 309475544 7 2_Senegal_4_1 4.60763202304213e-31 0 0 0 0 0 0 1 0 0 0 0 1 1 2 1 1 0 0 0 0 0 0 1 0 0 0 0 0 0 1 0 0 0 0 0 0 0 0 1 0 0 0 0 0 0 0 0 0 1 1 0 2 0 0 0 2 2 2 2 2 2 2 2 2 1 2 2 1 2 2 1 0 2 1 1 0 0 0 0 0 0 0 0 0 0 0 0 1 0 0 0 0 2 2 1 2 1 0 2 2 1 FALSE
NC_035108.1 309475630 8 2_Senegal_4_1 1.85203615181994e-33 0 0 0 0 0 0 0 0 0 0 0 1 1 2 1 1 0 0 0 0 0 0 0 0 0 0 0 0 0 1 0 0 0 0 0 0 0 0 1 0 0 0 0 0 0 0 0 0 0 1 1 1 0 0 0 2 2 2 2 2 2 2 2 2 1 2 2 1 2 2 1 0 2 1 1 0 0 0 0 0 0 0 0 0 0 0 0 1 0 0 0 0 2 2 1 2 1 0 2 1 1 FALSE
NC_035108.1 309520911 9 2_Senegal_4_1 1.43573714677107e-39 0 0 0 0 0 0 0 0 0 0 0 1 1 2 1 1 0 0 0 0 0 0 0 0 0 0 0 0 0 1 0 0 0 0 0 0 0 0 1 0 0 0 0 0 0 0 0 0 0 1 0 1 0 0 0 2 2 2 2 2 2 2 2 2 0 2 2 1 2 2 1 0 2 1 0 0 0 0 0 0 0 0 0 0 0 0 0 1 0 0 0 0 2 2 1 2 1 0 2 2 1 FALSE
NC_035108.1 309526500 10 2_Senegal_4_1 1.33704205506069e-33 0 0 0 0 0 0 0 0 0 0 0 1 1 2 1 1 0 0 0 0 0 0 0 0 0 0 0 0 0 1 0 0 0 0 0 0 0 0 1 0 0 0 0 0 0 0 0 0 0 1 0 1 0 0 0 2 2 2 2 2 2 1 2 2 0 2 2 1 2 2 1 0 1 1 0 0 0 0 0 0 0 0 0 0 0 0 0 1 0 0 0 0 2 2 1 2 1 0 2 1 1 FALSE
NC_035108.1 309526501 11 2_Senegal_4_1 1.32237268549201e-34 0 0 0 0 0 0 0 0 0 0 0 1 1 2 1 1 0 0 0 0 0 0 0 0 0 0 0 0 0 1 0 0 0 0 0 0 0 0 1 0 0 0 0 0 0 0 0 0 0 1 0 1 0 0 0 2 2 2 2 2 2 2 2 2 0 2 2 1 2 2 1 0 2 1 0 0 0 0 0 0 0 1 0 0 0 0 0 1 0 0 0 1 2 2 1 2 1 0 2 1 1 FALSE
NC_035108.1 309528384 12 2_Senegal_4_1 1.98969780910627e-32 0 0 0 0 0 0 0 0 0 0 0 1 1 2 1 1 0 0 0 0 0 0 0 0 0 0 0 0 0 1 0 1 0 0 0 0 0 0 1 0 0 0 0 0 0 0 0 1 0 1 0 1 0 0 0 2 2 2 2 2 2 2 2 2 0 2 2 1 2 1 1 0 2 1 0 0 0 0 0 0 0 1 0 0 0 0 0 1 0 0 0 1 2 2 1 2 1 0 2 2 1 FALSE
NC_035108.1 309533684 13 2_Senegal_4_1 2.69781972110541e-32 0 0 0 0 0 0 0 0 0 0 0 1 1 2 1 1 0 1 0 0 0 0 0 0 0 0 0 0 0 1 0 0 0 0 0 0 0 0 2 0 0 0 0 0 0 0 0 0 0 1 0 1 0 0 0 2 2 2 2 2 2 2 2 2 0 2 2 1 2 2 1 0 2 1 0 0 0 0 0 0 0 0 0 0 0 0 0 1 0 1 0 0 2 2 1 2 2 0 2 2 1 FALSE
NC_035108.1 309533957 14 2_Senegal_4_1 9.61220864728564e-31 0 0 0 0 0 0 0 0 0 0 0 1 1 2 1 1 0 0 1 1 0 0 0 0 0 1 0 0 0 1 0 1 0 0 0 0 0 0 1 1 0 0 0 0 0 0 0 0 0 1 0 1 0 0 0 2 2 2 2 2 2 2 2 2 0 2 2 1 2 2 1 0 2 1 0 1 0 0 0 0 0 1 0 0 0 0 0 1 0 0 0 1 2 2 1 2 1 0 2 2 1 FALSE
NC_035108.1 309533976 15 2_Senegal_4_1 7.54671534990198e-30 0 0 0 0 0 0 0 0 0 0 0 1 1 1 1 1 0 0 0 0 0 0 0 0 0 0 0 0 0 1 0 0 0 0 0 0 0 0 1 0 0 0 0 0 0 0 0 0 0 1 0 1 0 0 0 2 2 2 2 2 2 2 2 2 0 2 2 0 2 2 1 0 1 1 0 0 0 0 0 0 0 1 0 0 0 0 0 1 0 0 0 1 2 2 0 2 1 0 2 2 1 FALSE
NC_035108.1 309534217 16 2_Senegal_4_1 2.45659581423312e-35 0 0 0 0 0 0 0 0 0 0 0 1 1 2 1 1 0 0 0 0 0 0 0 0 0 0 0 0 0 1 0 0 0 0 0 0 0 0 1 0 0 0 0 0 0 0 0 0 0 1 0 1 0 0 0 2 2 2 2 2 2 2 2 2 0 2 2 1 2 2 1 0 2 1 0 0 0 0 0 0 0 1 1 0 0 0 0 1 0 0 0 1 2 2 1 2 1 0 2 2 1 FALSE
NC_035108.1 309534349 17 2_Senegal_4_1 2.49306001972147e-37 0 0 0 0 0 0 0 0 0 0 0 1 1 2 1 1 0 0 0 0 0 0 0 0 0 0 0 0 0 1 0 0 0 0 0 0 0 0 1 0 0 0 0 0 0 0 0 0 0 1 0 1 0 0 0 2 2 1 2 2 2 2 2 2 0 2 2 1 2 2 1 0 2 1 0 0 0 0 0 0 0 0 0 0 0 0 0 1 0 0 0 0 2 2 1 2 1 0 2 2 1 FALSE
NC_035108.1 309534555 18 2_Senegal_4_1 2.69781972110541e-32 0 0 0 0 0 0 0 0 0 0 0 1 1 2 1 1 0 0 0 0 0 0 0 0 0 0 0 0 0 1 0 0 0 0 0 0 0 0 1 0 0 0 0 0 0 0 0 0 0 2 0 2 0 0 0 2 2 2 2 2 2 2 2 2 0 2 2 1 2 2 1 0 2 1 0 0 0 0 0 0 0 1 0 0 0 0 0 1 0 0 0 1 2 2 1 2 1 0 2 2 1 FALSE
NC_035108.1 309534879 19 2_Senegal_4_1 1.43573714677107e-39 0 0 0 0 0 0 0 0 0 0 0 1 1 2 1 1 0 0 0 0 0 0 0 0 0 0 0 0 0 1 0 0 0 0 0 0 0 0 1 0 0 0 0 0 0 0 0 0 0 1 0 1 0 0 0 2 2 2 2 2 2 2 2 2 0 2 2 1 2 2 1 0 2 1 0 0 0 0 0 0 0 0 0 0 0 0 0 1 0 0 0 0 2 2 1 2 1 0 2 2 1 FALSE
NC_035108.1 309542058 20 2_Senegal_4_1 3.18555000109202e-34 0 1 0 0 0 0 0 0 0 0 0 1 1 2 1 1 0 0 1 1 0 0 0 0 0 0 0 0 0 1 0 0 0 0 0 0 0 0 1 0 0 0 0 0 0 0 0 0 0 1 0 1 0 0 0 2 2 2 2 2 2 2 2 2 0 2 2 1 2 2 1 0 2 1 0 0 0 0 1 0 0 0 0 0 0 0 0 1 0 0 0 0 2 2 1 2 1 0 2 2 1 FALSE
NC_035108.1 309542071 21 2_Senegal_4_1 4.7486448952435e-30 0 0 0 0 0 0 0 0 0 0 0 1 1 2 1 2 0 0 0 0 0 0 0 0 0 0 0 0 0 1 0 0 0 0 0 0 0 0 1 0 0 0 0 0 0 0 0 0 0 0 0 1 0 0 0 2 2 2 2 1 2 2 1 2 0 2 2 1 2 2 1 0 2 0 0 0 0 0 0 0 0 0 0 0 0 0 0 1 0 0 0 0 2 2 1 2 1 0 2 2 1 FALSE
NC_035108.1 309549227 22 2_Senegal_4_1 5.01104425936994e-34 0 0 0 0 0 0 0 0 0 0 0 1 1 2 1 1 0 0 0 0 0 0 0 0 0 0 0 0 1 1 0 0 0 0 0 0 0 0 1 0 0 0 0 0 0 0 0 0 0 1 0 1 0 0 0 2 1 2 2 2 2 2 2 2 0 2 2 1 2 2 1 0 2 1 0 0 0 0 0 0 0 0 0 0 0 0 0 1 0 0 0 0 2 1 1 2 1 0 2 2 1 FALSE
NC_035108.1 309550230 23 2_Senegal_4_1 9.61220864728564e-31 0 1 0 0 0 0 0 0 0 0 0 1 1 2 1 1 0 0 0 0 0 0 0 0 0 1 0 0 0 1 0 0 0 0 0 0 0 0 1 1 0 0 1 0 0 0 1 0 0 1 0 1 0 0 0 2 2 2 2 2 2 2 2 2 0 2 2 1 2 2 1 0 2 1 0 0 1 0 0 0 0 1 0 0 0 0 0 1 0 0 0 1 2 2 1 2 1 0 2 2 1 FALSE
NC_035108.1 309550635 24 2_Senegal_4_1 1.44127910292972e-29 0 1 0 0 0 0 0 0 0 0 0 1 1 2 1 1 0 1 0 0 0 0 0 0 0 0 0 0 0 1 0 0 0 0 0 0 0 0 1 0 0 0 1 0 0 0 0 0 0 2 0 2 0 0 0 2 2 2 2 2 2 2 2 2 0 2 2 1 2 2 1 0 2 1 0 0 0 0 0 0 0 0 0 0 0 0 0 1 0 0 0 0 2 2 1 2 0 0 2 2 1 FALSE
NC_035108.1 309552169 25 2_Senegal_4_1 6.91092417505232e-36 0 0 0 0 0 0 0 0 0 0 0 1 1 2 1 1 0 0 0 0 0 0 0 0 0 0 0 0 0 1 0 0 0 0 0 0 0 0 1 0 0 0 0 1 0 0 0 0 0 1 0 1 0 0 0 2 2 2 2 2 2 2 2 2 0 2 2 1 2 2 1 0 2 1 0 0 0 0 0 0 0 0 0 0 0 0 0 1 0 0 0 0 1 2 1 2 1 0 2 2 1 FALSE
NC_035108.1 309567571 26 2_Senegal_4_1 5.56278474970093e-38 0 0 0 0 0 0 0 0 0 0 0 1 1 2 1 1 0 0 0 0 0 0 0 0 0 0 0 0 0 1 0 0 0 0 0 0 0 0 1 0 0 0 1 0 0 0 0 0 0 1 0 1 0 0 0 2 2 2 2 2 2 2 2 2 0 2 2 1 2 2 1 0 2 1 0 0 0 0 0 0 0 0 0 0 0 0 0 1 0 0 0 0 2 2 1 2 1 0 2 2 1 FALSE
NC_035108.1 309567706 27 2_Senegal_4_1 1.85203615181994e-33 0 0 0 0 0 0 0 0 0 0 0 1 1 2 1 1 0 0 0 0 0 0 0 1 0 0 0 0 0 1 0 0 0 0 0 0 0 0 1 0 0 0 1 0 0 1 0 0 0 1 0 1 0 0 0 2 2 2 2 1 2 2 2 2 0 2 2 1 2 2 1 0 2 1 0 0 0 0 0 0 0 0 0 0 0 0 0 1 0 0 0 0 2 2 1 2 1 0 2 2 1 FALSE
NC_035108.1 309567716 28 2_Senegal_4_1 1.85203615181994e-33 0 0 0 0 0 0 0 0 0 0 0 1 1 2 1 1 0 0 0 0 0 0 0 1 0 0 0 0 0 1 0 0 0 0 0 0 0 0 1 0 0 0 1 0 0 1 0 0 0 1 0 1 0 0 0 2 2 2 2 1 2 2 2 2 0 2 2 1 2 2 1 0 2 1 0 0 0 0 0 0 0 0 0 0 0 0 0 1 0 0 0 0 2 2 1 2 1 0 2 2 1 FALSE
NC_035108.1 309568025 29 2_Senegal_4_1 2.49306001972147e-37 0 0 0 0 0 0 0 0 0 0 0 1 1 2 1 1 0 0 0 0 0 0 0 0 0 0 0 0 0 1 0 0 0 0 0 0 0 0 1 0 0 0 0 0 0 0 0 0 0 1 0 1 0 0 0 1 2 2 2 2 2 2 2 2 0 2 2 1 2 2 1 0 2 1 0 0 0 0 0 0 0 0 0 0 0 0 0 1 0 0 0 0 2 2 1 2 1 0 2 2 1 FALSE
NC_035108.1 309568111 30 2_Senegal_4_1 1.33704205506069e-33 0 0 0 0 0 0 0 0 0 0 0 1 1 2 1 1 0 0 0 0 0 0 0 0 0 0 0 0 0 1 0 0 0 0 0 0 0 0 1 0 0 0 0 0 0 0 0 0 0 1 0 1 0 0 0 1 2 2 2 1 2 2 2 2 0 2 2 1 2 1 1 0 2 1 0 0 0 0 0 0 0 0 0 0 0 0 0 1 0 0 0 0 2 2 1 2 1 0 2 2 1 FALSE
NC_035108.1 309568473 31 2_Senegal_4_1 1.39939623324442e-36 0 0 0 0 0 0 0 0 0 0 0 1 1 2 1 1 0 0 0 1 0 0 0 0 0 0 0 0 0 1 0 0 0 0 0 0 0 0 1 0 0 0 0 0 0 0 1 0 0 1 0 1 0 0 0 2 2 2 2 2 2 2 2 2 0 2 2 1 2 2 1 0 2 1 0 0 0 0 0 0 0 0 0 0 0 0 0 1 0 0 0 0 2 2 1 2 1 0 2 2 1 FALSE
NC_035108.1 309568661 32 2_Senegal_4_1 1.43573714677107e-39 0 0 0 0 0 0 0 0 0 0 0 1 1 2 1 1 0 0 0 0 0 0 0 0 0 0 0 0 0 1 0 0 0 0 0 0 0 0 1 0 0 0 0 0 0 0 0 0 0 1 0 1 0 0 0 2 2 2 2 2 2 2 2 2 0 2 2 1 2 2 1 0 2 1 0 0 0 0 0 0 0 0 0 0 0 0 0 1 0 0 0 0 2 2 1 2 1 0 2 2 1 FALSE
NC_035108.1 309568800 33 2_Senegal_4_1 1.39939623324442e-36 1 0 0 0 0 0 0 0 0 0 0 1 1 2 1 1 0 0 0 0 0 0 0 0 0 0 0 0 0 1 0 0 0 0 0 0 0 0 1 0 0 0 0 0 0 0 0 0 0 1 0 1 0 0 0 2 2 2 2 2 2 2 2 2 0 2 2 1 2 2 1 0 2 1 0 0 0 0 0 0 0 0 0 0 0 0 1 1 0 0 0 0 2 2 1 2 1 0 2 2 1 FALSE
NC_035108.1 309569606 34 2_Senegal_4_1 4.17718862659206e-31 0 0 0 0 0 0 0 0 0 0 0 1 1 2 1 1 0 0 0 0 0 0 0 0 0 1 0 0 0 1 0 0 0 0 0 0 0 0 1 1 0 0 1 0 0 0 0 0 0 2 0 2 0 0 0 2 2 2 2 2 2 2 2 2 0 2 2 1 2 2 1 0 2 1 0 0 0 0 0 0 0 0 0 0 0 0 0 1 0 0 0 0 2 2 1 2 1 0 2 2 1 FALSE
NC_035108.1 309570279 35 2_Senegal_4_1 2.35336303824762e-35 0 0 0 0 0 0 0 0 0 0 0 1 1 2 1 1 0 0 0 0 0 0 0 0 0 0 0 0 0 1 0 0 0 0 0 0 0 0 1 0 0 0 0 0 0 0 0 0 0 1 0 1 0 0 0 2 2 2 2 2 1 2 2 2 0 2 2 1 2 1 1 0 2 1 0 0 0 0 0 0 0 0 0 0 0 0 0 1 0 0 0 0 2 2 1 2 1 0 2 2 1 FALSE
NC_035108.1 309585747 36 2_Senegal_4_1 4.17718862659206e-31 0 0 0 0 0 0 0 0 0 0 0 1 1 2 1 1 0 0 0 0 0 0 0 0 0 0 0 0 0 1 0 0 0 0 1 0 0 0 1 0 0 0 0 0 0 0 0 0 0 1 0 1 0 0 0 2 2 2 2 2 2 2 2 2 0 2 2 1 2 2 2 0 2 1 0 0 0 0 0 0 0 1 0 0 0 0 0 1 0 0 0 1 2 2 2 2 1 0 2 2 1 FALSE
NC_035108.1 309585887 37 2_Senegal_4_1 2.69781972110541e-32 0 0 0 0 0 0 0 0 0 0 0 1 1 2 1 1 0 0 0 0 0 0 0 0 0 0 0 0 0 1 0 0 0 0 0 0 0 0 2 0 0 0 0 0 0 0 0 0 0 2 0 1 0 0 0 2 2 2 2 2 2 2 2 2 0 2 2 1 2 2 1 0 2 1 0 0 0 0 0 0 0 1 0 0 0 0 0 1 0 0 0 1 2 2 1 2 1 0 2 2 1 FALSE
NC_035108.1 309625287 38 2_Senegal_4_1 1.17578571565566e-33 0 0 0 1 0 0 0 0 0 0 0 1 1 2 1 1 0 0 0 0 0 0 0 0 0 0 0 0 0 1 0 0 0 0 0 0 0 0 1 0 0 0 0 0 0 0 0 0 0 2 0 2 0 0 0 2 2 2 2 2 2 2 2 2 0 2 2 1 2 2 1 0 2 1 0 0 0 0 0 0 0 0 0 0 0 0 0 1 0 0 0 0 2 2 1 2 1 0 2 2 1 FALSE
NC_035108.1 309626022 39 2_Senegal_4_1 2.49306001972147e-37 0 0 0 0 0 0 0 0 0 0 0 1 1 2 1 1 0 0 0 0 0 0 0 0 0 0 0 0 0 1 0 0 0 0 0 0 0 0 1 0 0 0 0 0 0 0 0 0 0 1 0 1 0 0 0 2 2 2 2 2 2 2 2 2 0 1 2 1 2 2 1 0 2 1 0 0 0 0 0 0 0 0 0 0 0 0 0 1 0 0 0 0 2 2 1 2 1 0 2 2 1 FALSE
NC_035108.1 309630170 40 2_Senegal_4_1 7.50272867588223e-30 0 0 0 0 0 0 0 0 0 0 0 1 1 2 1 1 0 0 0 0 0 0 0 0 0 0 0 0 0 1 0 0 0 0 0 0 0 0 1 0 0 0 0 0 0 0 0 0 0 2 0 2 0 0 0 2 2 2 2 2 2 2 2 2 0 2 1 1 2 2 1 0 2 1 0 0 1 0 0 0 0 0 0 0 0 0 0 1 0 0 0 0 2 1 1 2 1 0 2 2 1 FALSE
NC_035108.1 309631933 41 2_Senegal_4_1 1.64234997693967e-29 0 0 0 0 0 0 0 0 0 0 0 1 1 2 1 1 0 0 1 1 0 0 0 0 0 0 0 0 0 1 0 0 0 0 0 0 0 0 1 0 0 0 0 0 0 0 0 0 0 1 0 1 0 0 0 2 1 2 2 2 2 2 2 2 0 2 2 1 2 2 1 0 2 1 0 0 0 1 0 0 0 0 1 0 0 0 0 1 0 0 0 0 2 0 1 1 1 0 2 2 1 FALSE
NC_035108.1 309644654 42 2_Senegal_4_1 9.84546549680904e-31 0 0 0 0 0 0 0 0 0 0 0 1 1 2 1 1 0 0 0 0 0 0 0 0 0 0 0 0 0 1 0 0 0 0 0 0 0 0 1 0 0 0 0 0 0 0 0 0 0 1 0 1 0 0 0 1 1 2 2 2 2 2 2 2 0 1 2 1 2 2 1 0 2 1 0 0 0 0 0 0 0 0 0 0 0 0 0 1 0 0 0 0 2 0 1 1 1 0 2 2 1 FALSE
NC_035108.1 309645000 43 2_Senegal_4_1 1.43313547541923e-29 0 0 0 0 0 0 0 0 0 0 0 1 1 2 1 1 0 0 0 0 0 0 0 0 0 0 0 0 0 1 0 1 0 0 0 0 0 0 1 0 0 0 0 0 0 0 0 0 0 1 0 1 0 0 0 2 1 2 2 2 2 1 1 2 0 2 2 1 2 2 1 0 2 1 0 0 0 0 0 0 0 0 0 0 0 0 0 1 0 0 0 0 2 0 1 1 1 0 2 2 1 FALSE
NC_035108.1 309645948 44 2_Senegal_4_1 3.42259507705745e-30 0 0 0 0 0 0 0 0 0 0 0 1 1 2 1 1 0 0 1 1 0 0 0 0 0 0 0 0 0 1 0 1 0 0 0 0 0 0 1 0 0 0 2 0 0 0 0 0 0 1 0 1 1 0 0 2 2 2 2 2 2 2 2 2 0 2 2 1 2 2 1 0 2 1 0 0 1 0 0 0 0 0 1 0 0 0 1 1 0 0 0 0 2 2 1 2 1 0 2 2 1 FALSE
NC_035108.1 309646292 45 2_Senegal_4_1 2.86379595176169e-30 0 0 0 0 0 0 0 0 0 0 0 2 1 2 1 1 0 0 0 0 0 0 0 0 0 0 0 0 0 1 0 1 0 0 0 0 0 0 1 0 0 0 1 0 0 0 0 0 0 1 0 1 0 0 0 2 2 2 2 2 2 2 2 2 0 2 2 1 2 2 1 0 2 1 0 0 1 0 0 0 0 0 0 0 0 0 1 1 0 0 0 0 2 2 1 1 1 0 2 2 1 FALSE
NC_035108.1 309648196 46 2_Senegal_4_1 4.98202868798707e-36 0 0 0 0 0 0 0 0 0 0 0 1 1 2 1 1 0 0 0 0 0 0 0 0 0 0 0 0 0 1 0 0 0 0 0 0 0 0 1 0 0 0 0 0 0 0 0 0 0 1 0 1 0 0 0 2 2 2 2 2 2 2 2 2 0 2 2 1 2 2 1 0 2 1 0 0 0 0 0 0 0 0 0 0 0 0 0 1 0 0 0 0 2 0 1 1 1 0 2 2 1 FALSE
NC_035108.1 309654317 47 2_Senegal_4_1 3.42221072390125e-30 0 0 0 0 0 0 0 0 0 0 0 2 1 2 1 1 0 0 0 0 0 0 0 0 0 0 0 0 0 1 0 0 0 0 0 0 0 0 1 0 0 0 1 0 0 1 0 0 0 1 0 1 0 0 0 2 2 2 2 2 2 2 2 2 0 2 2 1 2 2 1 0 2 1 1 0 1 1 0 0 0 0 0 0 0 0 1 1 0 0 0 0 2 2 1 2 1 0 2 2 1 FALSE
NC_035108.1 309657309 48 2_Senegal_4_1 4.69399533275306e-34 0 0 0 0 0 0 0 0 0 0 0 1 1 2 1 1 0 0 0 0 0 0 0 0 0 0 0 0 0 1 0 0 0 0 0 0 0 0 1 0 0 0 0 0 0 0 0 0 0 1 0 1 0 0 0 2 2 2 2 2 2 1 2 2 0 2 2 1 2 2 1 0 2 1 0 0 0 0 0 0 0 0 0 0 0 0 0 1 0 0 0 0 2 0 1 1 1 0 2 2 1 FALSE
NC_035108.1 309663659 49 2_Senegal_4_1 1.46432371021082e-29 0 0 0 0 0 0 0 0 0 0 0 1 1 2 1 1 0 0 0 1 0 0 0 0 0 0 0 0 0 1 0 0 0 0 0 0 0 0 1 0 0 0 0 0 0 0 0 0 0 1 0 1 0 0 0 2 2 2 2 1 2 2 2 2 0 2 2 1 2 2 1 0 2 1 0 0 0 0 0 0 0 0 0 0 0 0 0 1 0 0 0 0 1 0 1 1 1 0 2 2 0 FALSE
NC_035108.1 309663846 50 2_Senegal_4_1 1.72137084715185e-32 0 0 0 0 0 0 0 0 0 0 0 1 1 2 1 1 0 0 0 0 0 0 0 0 0 0 0 0 0 1 0 0 0 0 0 0 0 0 1 0 0 0 0 0 0 0 0 0 0 1 0 1 0 0 0 2 2 2 2 2 2 2 2 2 0 2 2 1 2 2 1 0 2 1 0 0 0 0 0 0 0 0 0 0 0 0 0 1 0 0 0 0 1 0 1 1 1 0 2 2 0 FALSE
NC_035108.1 309670084 51 2_Senegal_4_1 3.47534338758757e-31 0 0 0 0 0 0 0 0 0 0 0 1 1 2 1 1 0 0 0 0 0 0 0 0 0 0 0 0 0 1 0 0 0 0 0 0 0 0 1 0 0 0 0 0 1 0 0 0 0 1 0 1 0 0 0 2 2 2 2 2 2 2 2 2 0 2 2 1 2 2 1 0 2 1 0 0 0 0 0 0 0 0 0 0 0 0 0 1 0 0 0 0 1 0 1 1 1 0 2 2 0 FALSE
NC_035108.1 309682810 52 2_Senegal_4_1 3.47534338758757e-31 0 0 0 0 0 0 0 0 0 0 0 1 1 2 1 1 0 0 0 0 0 0 0 0 0 0 0 0 0 1 0 0 0 0 0 1 0 0 1 0 0 0 0 0 0 0 0 0 0 1 0 1 0 0 0 2 2 2 2 2 2 2 2 2 0 2 2 1 2 2 1 0 2 1 0 0 0 0 0 0 0 0 0 0 0 0 0 1 0 0 0 0 1 0 1 1 1 0 2 2 0 FALSE
NC_035108.1 309684312 53 2_Senegal_4_1 1.72137084715185e-32 0 0 0 0 0 0 0 0 0 0 0 1 1 2 1 1 0 0 0 0 0 0 0 0 0 0 0 0 0 1 0 0 0 0 0 0 0 0 1 0 0 0 0 0 0 0 0 0 0 1 0 1 0 0 0 2 2 2 2 2 2 2 2 2 0 2 2 1 2 2 1 0 2 1 0 0 0 0 0 0 0 0 0 0 0 0 0 1 0 0 0 0 1 0 1 1 1 0 2 2 0 FALSE
NC_035108.1 309689888 54 2_Senegal_4_1 3.50721003581435e-34 0 0 0 0 0 0 0 0 0 0 0 1 1 2 1 1 0 0 0 0 0 0 0 0 0 0 0 0 0 1 0 0 0 0 0 0 0 0 1 0 0 0 0 0 0 0 0 0 0 1 0 0 0 0 0 2 2 2 2 2 2 2 2 2 0 2 2 1 2 2 1 0 2 1 0 0 0 0 0 0 0 0 0 0 0 0 0 1 0 0 0 0 1 2 1 2 1 0 2 2 0 FALSE
NC_035108.1 309699878 55 2_Senegal_4_1 1.51456781646643e-31 0 0 0 0 0 0 0 0 0 0 0 1 1 2 1 1 0 0 1 1 0 0 0 0 0 0 0 0 0 1 0 0 0 0 0 0 0 0 1 0 0 0 0 0 0 0 0 0 0 1 0 0 0 0 0 2 2 2 2 2 2 2 2 2 0 2 2 1 2 2 1 0 2 1 0 0 0 0 0 0 0 0 0 0 0 0 0 1 0 0 0 0 1 2 1 2 1 0 2 2 0 FALSE
NC_035108.1 309802599 56 2_Senegal_4_1 2.92832067473486e-33 0 0 0 0 0 0 0 0 0 0 0 1 1 2 1 1 1 0 1 1 0 0 0 0 0 0 0 0 0 1 0 0 0 0 0 0 0 0 1 0 0 0 0 0 0 0 0 0 0 1 0 1 0 0 0 2 2 2 2 2 2 2 2 2 0 2 2 1 2 2 1 1 2 1 0 0 0 0 0 0 0 0 0 0 0 0 0 1 0 0 0 0 2 2 1 2 1 0 2 2 0 FALSE
NC_035108.1 309976601 57 2_Senegal_4_1 7.97753796531594e-30 0 0 0 0 0 0 0 0 0 0 0 1 1 2 1 1 0 0 1 1 0 0 0 0 0 1 0 0 0 1 0 0 0 0 0 0 0 1 1 1 0 0 0 0 0 0 0 0 0 1 0 1 0 0 0 2 2 2 2 2 2 2 2 2 0 2 2 1 2 1 1 2 2 1 0 0 0 0 0 0 0 0 0 0 0 0 0 1 0 0 0 0 1 2 1 2 1 0 2 2 0 FALSE
NC_035108.1 310026615 58 2_Senegal_4_1 8.3420224588254e-34 0 0 0 0 0 0 0 0 0 1 0 1 1 2 1 1 0 0 0 0 0 0 0 0 0 0 0 0 0 1 0 0 0 0 0 0 0 0 1 0 0 0 0 0 0 0 0 0 0 1 0 1 0 0 0 2 2 2 2 2 2 2 2 2 0 2 2 1 2 1 1 2 2 1 0 0 0 0 0 0 0 0 0 0 0 0 0 1 0 0 0 0 1 2 1 2 1 0 2 2 0 FALSE
NC_035108.1 310027991 59 2_Senegal_4_1 1.13991738051677e-30 0 0 0 0 0 0 0 0 0 0 0 1 1 2 1 1 1 0 1 1 0 0 0 0 0 0 0 0 0 1 0 0 0 0 0 0 0 1 1 0 0 0 0 0 0 0 0 0 0 1 0 1 0 0 0 2 2 2 2 2 2 2 2 2 0 2 2 1 2 1 1 2 2 1 0 0 0 0 0 0 0 0 0 0 0 0 0 1 0 0 0 0 1 2 1 2 1 0 2 2 0 FALSE
NC_035108.1 310048536 60 2_Senegal_4_1 1.07464463224937e-36 0 0 0 0 0 0 0 0 0 0 0 1 1 2 1 1 0 0 0 0 0 0 0 0 0 0 0 0 0 1 0 0 0 0 0 0 0 0 1 0 0 0 0 0 0 0 0 0 0 1 0 1 0 0 0 2 2 2 2 2 2 2 2 2 0 2 2 1 2 1 1 2 2 1 0 0 0 0 0 0 0 0 0 0 0 0 0 1 0 0 0 0 1 2 1 2 1 0 2 2 1 FALSE
NC_035108.1 311036554 61 2_Senegal_4_1 3.02610069889269e-29 0 0 0 0 0 0 0 0 0 0 0 1 1 2 1 1 0 0 0 0 0 0 0 0 0 0 0 0 0 1 0 0 1 0 0 0 0 0 1 0 0 1 0 0 0 0 1 1 0 2 0 0 0 0 1 2 2 2 2 2 1 2 2 2 0 2 2 1 2 2 1 2 2 1 0 0 0 0 0 0 0 0 0 0 0 0 0 1 0 0 0 0 2 2 1 2 1 0 2 2 1 FALSE
NC_035108.1 311138477 62 2_Senegal_4_1 2.23259090040132e-34 0 0 0 0 0 0 0 0 0 0 0 1 1 2 1 1 0 0 0 0 0 0 0 0 0 0 0 0 0 1 0 0 1 0 0 0 0 0 1 0 0 0 0 0 0 0 0 0 0 1 0 1 0 0 0 2 2 2 2 1 2 2 2 2 0 2 2 0 2 2 1 2 2 1 0 0 0 0 0 0 0 0 0 0 0 0 0 1 1 0 0 0 2 2 1 2 1 0 2 2 1 FALSE
NC_035108.1 311138673 63 2_Senegal_4_1 2.49051465252922e-36 0 0 0 0 0 0 0 0 0 0 0 1 1 2 1 1 0 0 0 0 0 0 0 0 0 0 0 0 0 1 0 0 1 0 0 0 0 0 1 0 0 0 0 0 0 0 0 0 0 1 0 1 0 0 0 2 2 2 2 2 2 2 2 2 1 2 2 0 2 2 1 2 2 1 0 0 0 0 0 0 0 0 0 0 0 0 0 1 0 0 0 0 2 2 1 2 1 0 2 2 1 FALSE
NC_035108.1 311138980 64 2_Senegal_4_1 2.49051465252922e-36 0 0 0 0 0 0 0 0 0 0 0 1 1 2 1 1 0 0 0 0 0 0 0 0 0 0 0 0 0 1 0 0 1 0 0 0 0 1 1 0 0 0 0 0 0 0 0 0 0 1 0 1 0 0 0 2 2 2 2 2 2 2 2 2 0 2 2 0 2 2 1 2 2 1 0 0 0 0 0 0 0 0 0 0 0 0 0 1 0 0 0 0 2 2 1 2 1 0 2 2 1 FALSE
NC_035108.1 311145233 65 2_Senegal_4_1 5.04763657258779e-30 0 0 0 0 0 0 0 0 0 0 0 1 1 2 1 1 0 0 0 0 0 0 0 0 0 0 0 0 0 1 0 0 1 0 0 0 0 0 1 0 0 0 0 0 0 0 0 0 0 2 0 1 0 0 0 2 2 2 1 2 2 2 2 2 0 2 1 0 1 2 1 2 2 1 0 0 0 0 0 0 0 0 0 0 0 0 0 1 0 0 0 0 2 2 1 2 1 0 2 2 1 FALSE
NC_035108.1 311154246 66 2_Senegal_4_1 4.98333243319087e-34 0 0 0 0 0 0 0 0 0 1 0 1 1 2 1 1 0 1 0 0 0 0 0 0 0 0 0 0 0 1 0 0 1 0 0 0 0 1 1 0 0 0 0 0 0 0 0 0 0 1 0 1 0 0 0 2 2 2 2 2 2 2 2 2 0 2 2 0 2 2 1 2 2 1 0 0 0 0 0 0 0 0 0 0 0 0 0 1 0 0 0 0 2 2 1 2 1 0 2 2 1 FALSE
NC_035108.1 311206481 67 2_Senegal_4_1 8.25161997961898e-30 0 0 1 0 0 0 0 0 0 0 0 1 1 2 1 1 0 0 0 0 0 0 0 0 0 0 0 0 0 1 0 0 1 0 0 0 1 1 1 0 0 0 0 0 0 0 0 0 0 1 1 1 1 0 0 2 2 2 2 2 2 2 2 2 0 2 2 0 2 2 1 2 2 1 0 0 0 0 0 0 0 0 0 0 1 0 0 1 0 0 0 0 2 2 1 1 1 0 2 2 1 FALSE
NC_035108.1 311240518 68 2_Senegal_4_1 4.47535596671669e-30 0 0 0 1 0 0 0 0 0 0 0 1 1 2 1 1 0 0 0 0 0 0 0 0 0 0 0 1 0 1 0 0 1 0 0 0 1 1 1 0 0 0 0 0 0 0 0 0 0 2 0 1 0 0 0 2 2 2 2 2 2 2 2 2 0 2 2 0 2 2 1 2 2 1 0 0 0 0 0 0 1 0 0 0 0 0 0 1 0 0 0 0 2 2 1 2 1 0 2 2 1 FALSE
NC_035108.1 311241260 69 2_Senegal_4_1 3.8938201263568e-29 0 0 0 0 0 0 0 0 0 0 0 1 1 2 1 1 0 0 0 0 1 0 0 0 0 0 0 0 0 1 0 0 1 0 0 0 1 1 1 0 0 0 1 0 0 1 0 0 0 1 0 1 0 0 0 2 2 2 2 1 2 2 2 2 0 2 2 0 2 2 1 2 2 1 0 0 0 0 0 0 1 1 0 0 0 0 0 1 0 0 0 0 2 2 0 2 1 1 2 2 1 FALSE
NC_035108.1 311263458 70 2_Senegal_4_1 4.47535596671669e-30 0 0 0 0 0 0 0 0 0 1 0 1 1 2 1 1 0 0 0 0 0 0 1 0 0 0 0 1 0 1 0 0 1 0 0 0 1 1 1 0 0 0 0 0 0 0 0 0 0 2 0 1 0 0 0 2 2 2 2 2 2 2 2 2 0 2 2 0 2 2 1 2 2 1 0 0 0 0 0 0 0 0 0 0 0 0 0 1 0 0 0 0 2 2 1 2 1 0 2 2 1 FALSE
NC_035108.1 311263905 71 2_Senegal_4_1 7.28855088635617e-30 0 0 0 0 0 0 0 0 0 0 0 1 1 2 1 1 0 0 0 0 0 0 0 0 0 0 0 1 0 1 0 0 1 0 0 0 1 1 1 0 0 0 0 0 0 0 0 0 0 2 0 1 0 0 0 2 2 2 2 2 2 2 2 2 0 2 2 0 2 2 2 2 2 1 0 0 0 0 0 0 0 0 0 0 0 0 0 1 0 0 0 0 2 2 1 2 1 0 2 2 1 FALSE
NC_035108.1 311597119 72 2_Senegal_4_1 7.89039311692803e-33 0 0 0 0 0 0 1 0 0 0 0 1 1 2 1 1 0 0 0 0 0 0 0 0 0 0 0 0 0 1 0 0 1 0 0 0 0 0 1 0 0 1 0 0 0 0 0 0 1 1 0 1 0 1 1 2 2 2 2 2 2 2 2 2 0 2 2 1 2 2 1 2 2 1 0 0 0 0 1 0 0 0 0 0 0 0 0 1 0 0 0 0 2 2 1 2 1 0 2 2 1 FALSE
NC_035108.1 311644526 73 2_Senegal_4_1 3.80561446877082e-29 0 0 0 0 0 0 1 0 0 0 0 1 1 2 1 1 0 0 0 0 0 0 0 0 0 0 0 0 0 1 0 0 1 0 0 0 0 0 1 0 0 1 0 0 0 0 0 0 1 2 0 1 0 1 1 1 2 2 2 2 2 2 2 2 0 2 2 1 2 2 1 2 2 1 0 0 0 0 1 0 0 0 0 0 0 0 0 1 0 0 0 0 2 2 1 2 1 0 2 2 1 FALSE
NC_035108.1 311708299 74 2_Senegal_4_1 1.70600010505833e-29 0 0 1 0 0 0 0 0 0 0 0 1 1 2 1 1 0 0 0 0 0 0 0 0 0 0 0 0 0 1 0 0 1 0 0 0 0 0 1 0 0 1 0 0 0 0 0 0 0 1 1 0 1 0 1 2 2 2 2 2 2 2 2 2 0 2 2 1 2 2 1 2 2 1 0 0 0 0 0 0 0 0 0 0 0 0 0 1 0 0 2 0 2 2 0 2 1 0 2 2 1 FALSE
NC_035108.1 311743192 75 2_Senegal_4_1 5.86014444464687e-30 0 0 0 0 0 0 0 0 0 0 0 1 1 2 1 1 0 0 0 0 0 0 0 0 0 1 0 0 0 1 0 0 1 0 0 0 0 0 1 1 0 1 0 0 0 0 0 0 0 1 0 0 0 0 1 2 2 2 2 2 2 2 2 2 0 2 2 1 2 2 1 2 2 1 0 0 0 0 0 0 0 0 0 0 0 0 0 1 0 0 0 0 1 2 0 2 1 0 2 2 1 FALSE
NC_035108.1 311782089 76 2_Senegal_4_1 3.65283897262261e-30 0 0 0 0 0 0 0 0 0 0 0 1 1 2 1 0 0 0 0 0 0 0 0 0 0 0 0 0 0 1 0 0 1 0 0 0 0 0 1 0 0 1 0 0 0 0 0 0 0 1 0 0 0 0 1 2 2 2 2 2 2 2 2 2 0 1 2 1 2 2 1 2 2 1 0 0 0 0 0 0 0 0 0 0 0 0 0 1 0 0 0 0 1 2 0 2 1 1 2 2 1 FALSE
NC_035108.1 312078353 77 2_Senegal_4_1 9.57266860093575e-30 0 0 0 0 0 0 0 0 0 0 0 1 1 2 1 1 0 0 0 0 0 0 0 0 0 0 2 0 0 1 0 0 0 0 0 0 0 0 1 0 0 0 0 0 0 0 0 0 0 0 0 1 0 0 0 2 2 2 2 2 2 2 2 1 0 2 2 1 2 2 1 2 2 1 0 0 0 0 0 0 0 0 0 0 0 0 0 1 0 0 0 0 2 2 2 2 1 2 1 2 0 FALSE
NC_035108.1 312078388 78 2_Senegal_4_1 1.1214556492882e-31 0 0 0 0 0 0 0 0 0 0 0 1 1 2 1 1 0 0 0 0 0 0 0 0 0 0 2 0 0 1 0 0 0 0 0 0 0 0 1 0 0 0 0 0 0 0 0 0 0 0 0 1 0 0 0 2 2 2 2 2 2 2 2 1 0 2 2 1 2 2 1 2 2 1 0 0 0 0 0 0 0 0 0 0 0 0 0 1 0 0 0 0 2 2 1 2 1 2 1 2 0 FALSE
NC_035108.1 312078992 79 2_Senegal_4_1 1.32330706492512e-29 0 0 0 0 0 0 0 0 0 0 0 1 1 2 1 1 0 0 0 0 0 0 0 0 0 0 1 0 0 1 0 0 0 0 0 0 0 0 1 0 0 0 0 0 0 0 0 0 0 2 0 1 0 0 0 2 2 2 2 2 1 2 2 1 0 2 2 1 2 2 1 2 2 1 0 0 0 0 0 0 0 0 0 0 0 0 0 1 0 0 0 0 2 2 1 2 1 2 1 2 0 FALSE
NC_035108.1 312079492 80 2_Senegal_4_1 1.32330706492512e-29 0 0 0 0 0 0 0 0 0 0 0 1 1 2 1 1 0 0 0 0 0 0 0 0 0 0 1 0 0 1 0 0 0 0 0 0 0 0 1 0 0 0 0 0 0 0 0 0 0 2 0 1 0 0 0 2 2 2 2 2 1 2 2 1 0 2 2 1 2 2 1 2 2 1 0 0 0 0 0 0 0 0 0 0 0 0 0 1 0 0 0 0 2 2 1 2 1 2 1 2 0 FALSE
NC_035108.1 312079581 81 2_Senegal_4_1 1.32330706492512e-29 0 0 0 0 0 0 0 0 0 0 0 1 1 2 1 1 0 0 0 0 0 0 0 0 0 0 1 0 0 1 0 0 0 0 0 0 0 0 1 0 0 0 0 0 0 0 0 0 0 2 0 1 0 0 0 2 2 2 2 2 1 2 2 1 0 2 2 1 2 2 1 2 2 1 0 0 0 0 0 0 0 0 0 0 0 0 0 1 0 0 0 0 2 2 1 2 1 2 1 2 0 FALSE
NC_035108.1 312079873 82 2_Senegal_4_1 5.96577464327588e-31 0 0 0 0 0 0 0 0 0 0 1 1 1 2 1 1 0 0 0 0 0 0 0 0 0 0 1 0 0 1 0 0 0 0 0 0 0 0 1 0 0 0 0 0 0 0 0 0 0 1 0 1 0 0 0 2 2 2 2 2 2 2 2 1 0 2 2 1 2 2 1 2 2 1 0 0 0 0 0 0 0 0 0 0 0 0 0 1 0 1 0 0 2 2 1 2 1 2 1 2 0 FALSE
NC_035108.1 312107326 83 2_Senegal_4_1 3.23305122668273e-30 0 0 0 0 0 0 0 0 0 0 0 1 1 2 1 1 0 0 0 0 0 0 0 0 0 0 1 0 0 1 0 0 1 0 0 0 0 0 1 0 0 0 0 0 0 0 0 0 0 2 1 1 1 0 0 2 2 2 2 2 2 2 2 2 0 2 2 1 2 2 1 2 2 1 0 0 0 0 0 0 0 0 0 0 0 0 0 1 0 0 2 0 2 2 1 2 1 2 2 2 0 FALSE
NC_035108.1 312107475 84 2_Senegal_4_1 1.90532063335607e-34 0 0 0 0 0 0 0 0 0 0 0 1 1 2 1 1 0 0 0 0 0 0 0 0 0 0 1 0 0 1 0 0 1 0 0 0 0 0 1 0 0 0 0 0 0 0 0 0 0 1 1 1 0 0 0 2 2 2 2 2 2 2 2 2 0 2 2 1 2 2 1 2 2 1 0 0 0 0 0 0 0 0 0 0 0 0 0 1 0 0 0 0 2 2 1 2 1 2 2 2 0 FALSE
NC_035108.1 312112608 85 2_Senegal_4_1 1.90532063335607e-34 0 0 0 0 0 0 0 0 0 0 0 1 1 2 1 1 0 0 0 0 0 0 0 0 0 0 1 0 0 1 0 0 1 0 0 0 0 0 1 0 0 0 0 0 0 0 0 0 0 1 0 1 0 0 0 2 2 2 2 2 2 2 2 2 0 2 2 1 2 2 1 2 2 1 0 0 0 0 0 0 0 0 0 0 0 0 0 1 0 0 1 0 2 2 1 2 1 2 2 2 0 FALSE
NC_035108.1 312114917 86 2_Senegal_4_1 2.00799391581476e-32 0 0 0 0 0 0 0 0 0 0 0 1 1 2 1 1 0 0 0 0 0 0 0 0 0 0 1 0 0 1 0 0 1 0 0 0 0 0 1 0 0 0 0 0 0 0 0 1 0 2 0 1 0 0 0 2 2 2 2 2 2 2 2 2 0 2 2 1 2 2 1 2 2 1 0 0 0 0 0 0 0 0 0 0 0 0 0 1 0 0 0 0 2 2 1 2 1 2 2 2 0 FALSE
NC_035108.1 312125753 87 2_Senegal_4_1 3.23305122668273e-30 0 0 0 0 0 0 0 0 0 0 0 1 1 2 1 1 0 0 0 0 1 0 0 0 0 0 1 0 0 1 0 0 1 0 0 0 0 0 1 0 0 0 0 0 0 0 0 0 0 2 1 1 0 0 0 2 2 2 2 2 2 2 2 2 0 2 2 1 2 2 1 2 2 1 0 0 0 0 0 0 0 0 0 0 0 0 0 1 0 0 2 0 2 2 1 2 1 2 2 2 0 FALSE
NC_035108.1 312126363 88 2_Senegal_4_1 2.61420352361469e-29 0 0 0 0 0 0 0 0 0 0 0 1 1 2 1 0 0 0 0 0 0 0 0 0 0 0 1 0 0 1 0 0 0 0 0 0 0 0 1 0 0 0 0 0 0 0 0 0 0 1 0 1 0 0 0 2 2 2 2 2 2 2 2 1 0 2 2 1 2 2 1 1 2 1 0 0 0 0 0 0 0 0 0 0 0 0 0 1 0 0 0 0 1 2 0 2 1 1 1 2 0 FALSE
NC_035108.1 312126665 89 2_Senegal_4_1 1.90532063335607e-34 0 0 0 0 0 0 0 0 0 0 0 1 1 2 1 1 0 0 0 0 0 0 0 0 0 0 1 0 0 1 0 0 1 0 1 0 0 0 1 0 0 0 0 0 0 0 0 0 0 1 0 1 0 0 0 2 2 2 2 2 2 2 2 2 0 2 2 1 2 2 1 2 2 1 0 0 0 0 0 0 0 0 0 0 0 0 0 1 0 0 0 0 2 2 1 2 1 2 2 2 0 FALSE
NC_035108.1 312130203 90 2_Senegal_4_1 2.25477269040892e-31 0 0 0 0 0 1 0 0 0 0 0 1 1 2 1 1 0 0 0 0 0 0 0 0 0 0 1 0 0 1 0 0 1 0 0 0 0 0 1 0 0 0 0 0 0 0 0 0 1 1 0 1 0 0 0 2 2 2 2 2 2 2 2 2 0 2 2 2 2 2 1 2 2 1 0 0 0 0 0 0 0 0 0 0 0 0 0 1 0 0 0 0 2 2 1 2 1 2 2 2 0 FALSE
NC_035108.1 312202800 91 2_Senegal_4_1 1.32090364473476e-29 0 0 0 0 0 0 0 0 0 0 0 1 1 2 1 1 0 0 0 0 0 0 0 0 0 0 1 0 0 1 0 0 1 0 0 0 0 0 1 0 0 0 0 0 0 0 0 0 0 2 1 1 1 0 0 2 2 2 2 2 2 2 2 2 0 2 2 1 2 2 1 2 2 1 0 0 0 0 0 0 0 0 0 1 0 0 0 1 0 0 1 0 2 2 1 2 1 2 2 2 0 FALSE
NC_035108.1 312205734 92 2_Senegal_4_1 7.44136108921467e-29 0 0 0 0 0 0 0 0 0 0 0 1 1 2 1 1 0 0 0 0 0 0 0 0 0 0 1 0 1 1 0 0 1 0 0 0 0 0 1 1 0 0 0 0 0 0 0 0 1 2 0 1 1 0 0 2 2 2 2 2 2 2 2 2 0 2 2 1 2 2 1 2 2 1 0 0 0 0 0 0 0 0 1 0 0 0 0 1 0 0 0 0 2 2 1 2 1 2 2 2 0 FALSE
NC_035108.1 312205777 93 2_Senegal_4_1 6.9372672505128e-30 0 0 0 0 0 0 0 0 0 0 0 1 2 2 1 2 0 0 0 0 0 0 0 0 0 0 1 0 0 1 0 0 1 0 0 0 0 0 1 0 0 0 0 0 0 0 0 0 0 1 0 1 0 0 0 2 2 2 2 2 2 2 2 1 0 2 2 1 2 2 1 2 2 1 0 0 0 0 0 0 0 0 0 0 0 0 0 1 0 0 0 0 2 2 1 2 1 2 2 2 0 FALSE
NC_035108.1 312205820 94 2_Senegal_4_1 9.65132829427042e-32 0 0 0 0 0 0 0 0 0 0 0 1 2 2 1 2 0 0 0 0 0 0 0 0 0 0 1 0 0 1 0 0 1 0 0 0 0 0 1 0 0 0 0 0 0 0 0 0 0 1 0 1 0 0 0 2 2 2 2 2 2 2 2 2 0 2 2 1 2 2 1 2 2 1 0 0 0 0 0 0 0 0 0 0 0 0 0 1 0 0 0 0 2 2 1 2 1 2 2 2 0 FALSE
NC_035108.1 312209558 95 2_Senegal_4_1 2.30989480552279e-33 0 0 0 0 0 0 0 0 0 0 0 1 1 2 1 1 0 0 0 0 0 0 0 0 0 0 1 0 0 1 0 0 1 0 0 0 0 0 1 0 0 0 0 0 0 0 0 0 0 1 0 1 1 0 0 2 2 2 2 2 2 2 2 2 0 2 2 1 2 2 1 2 2 1 0 0 0 0 0 0 0 0 0 0 0 0 0 1 0 1 0 0 2 2 1 2 1 2 2 2 0 FALSE
NC_035108.1 312220054 96 2_Senegal_4_1 1.17962152051787e-29 0 0 0 0 0 0 0 0 0 0 0 1 1 2 1 1 0 0 0 0 0 0 0 0 0 0 1 0 0 1 0 0 1 0 0 0 0 0 1 0 0 0 0 0 0 0 0 0 0 2 1 1 0 0 0 2 2 2 2 2 2 2 2 2 0 2 1 1 2 2 1 2 2 1 0 0 0 0 0 0 0 0 0 0 0 0 0 1 0 0 1 0 2 2 1 2 1 2 2 2 0 FALSE
NC_035108.1 312513420 97 2_Senegal_4_1 4.65081883325936e-29 0 0 0 0 0 0 0 0 0 0 0 1 1 2 1 1 0 0 0 0 0 0 0 0 0 0 1 0 0 1 0 0 1 0 0 0 0 0 1 0 0 0 0 0 0 0 0 0 0 0 0 1 0 0 0 2 2 1 2 2 2 2 2 2 0 2 2 1 2 2 1 2 1 1 0 0 0 0 0 0 0 0 0 0 0 0 0 1 0 0 0 0 2 2 1 1 1 2 2 1 1 FALSE
NC_035108.1 312519620 98 2_Senegal_4_1 7.39031643733994e-30 0 0 0 0 0 0 0 0 1 0 0 1 1 2 1 1 0 0 0 0 0 0 0 0 0 0 1 0 0 1 0 0 1 0 0 0 0 0 1 0 0 0 0 0 0 0 0 0 0 1 0 1 0 0 0 2 2 1 2 2 2 2 2 2 0 2 2 1 2 2 1 2 1 1 0 0 0 0 0 0 0 1 0 0 0 0 0 1 0 0 1 1 2 2 1 2 1 2 2 2 1 FALSE
NC_035108.1 312652113 99 2_Senegal_4_1 1.31311653518098e-29 0 0 0 0 0 0 0 0 0 0 0 1 1 2 1 1 0 0 0 0 0 0 0 0 0 0 1 0 0 1 0 1 0 0 0 0 0 0 1 0 0 0 0 0 0 0 0 0 0 0 0 1 0 0 0 2 2 1 2 2 2 2 2 2 0 2 2 1 2 2 1 2 2 1 0 0 0 0 0 0 0 0 0 0 0 0 0 1 1 0 0 0 2 2 0 2 1 2 2 2 0 FALSE
