cluster	block	chrom	pos	si	au	bp	se.si	se.au	se.bp	v	c	pchi
10	2:1.7e+08	2	1.7e+08	1	1	1	0	0	0	0	0	0
10	2:165500000	2	165500000	1	1	1	0	0	0	0	0	0
10	2:1.65e+08	2	1.65e+08	1	1	1	0	0	0	0	0	0
10	2:168500000	2	168500000	1	1	1	0	0	0	0	0	0
10	2:166500000	2	166500000	1	1	1	0	0	0	0	0	0
10	2:1.69e+08	2	1.69e+08	1	1	1	0	0	0	0	0	0
10	2:169500000	2	169500000	1	1	1	0	0	0	0	0	0
10	2:1.66e+08	2	1.66e+08	1	1	1	0	0	0	0	0	0
114	2:330500000	2	330500000	0.815668493223787	0.961889681119258	0.554698207104645	0.0221925052416806	0.00654531467880114	0.00523102647046068	-0.955294597046794	0.817754101157966	0.0621707314842001
114	2:3.34e+08	2	3.34e+08	0.815668493223787	0.961889681119258	0.554698207104645	0.0221925052416806	0.00654531467880114	0.00523102647046068	-0.955294597046794	0.817754101157966	0.0621707314842001
114	2:3.33e+08	2	3.33e+08	0.815668493223787	0.961889681119258	0.554698207104645	0.0221925052416806	0.00654531467880114	0.00523102647046068	-0.955294597046794	0.817754101157966	0.0621707314842001
114	2:3.31e+08	2	3.31e+08	0.815668493223787	0.961889681119258	0.554698207104645	0.0221925052416806	0.00654531467880114	0.00523102647046068	-0.955294597046794	0.817754101157966	0.0621707314842001
114	2:324500000	2	324500000	0.815668493223787	0.961889681119258	0.554698207104645	0.0221925052416806	0.00654531467880114	0.00523102647046068	-0.955294597046794	0.817754101157966	0.0621707314842001
114	2:333500000	2	333500000	0.815668493223787	0.961889681119258	0.554698207104645	0.0221925052416806	0.00654531467880114	0.00523102647046068	-0.955294597046794	0.817754101157966	0.0621707314842001
114	2:323500000	2	323500000	0.815668493223787	0.961889681119258	0.554698207104645	0.0221925052416806	0.00654531467880114	0.00523102647046068	-0.955294597046794	0.817754101157966	0.0621707314842001
114	2:3.3e+08	2	3.3e+08	0.815668493223787	0.961889681119258	0.554698207104645	0.0221925052416806	0.00654531467880114	0.00523102647046068	-0.955294597046794	0.817754101157966	0.0621707314842001
114	2:325500000	2	325500000	0.815668493223787	0.961889681119258	0.554698207104645	0.0221925052416806	0.00654531467880114	0.00523102647046068	-0.955294597046794	0.817754101157966	0.0621707314842001
114	2:3.32e+08	2	3.32e+08	0.815668493223787	0.961889681119258	0.554698207104645	0.0221925052416806	0.00654531467880114	0.00523102647046068	-0.955294597046794	0.817754101157966	0.0621707314842001
114	2:331500000	2	331500000	0.815668493223787	0.961889681119258	0.554698207104645	0.0221925052416806	0.00654531467880114	0.00523102647046068	-0.955294597046794	0.817754101157966	0.0621707314842001
114	2:3.24e+08	2	3.24e+08	0.815668493223787	0.961889681119258	0.554698207104645	0.0221925052416806	0.00654531467880114	0.00523102647046068	-0.955294597046794	0.817754101157966	0.0621707314842001
114	2:334500000	2	334500000	0.815668493223787	0.961889681119258	0.554698207104645	0.0221925052416806	0.00654531467880114	0.00523102647046068	-0.955294597046794	0.817754101157966	0.0621707314842001
114	2:3.35e+08	2	3.35e+08	0.815668493223787	0.961889681119258	0.554698207104645	0.0221925052416806	0.00654531467880114	0.00523102647046068	-0.955294597046794	0.817754101157966	0.0621707314842001
114	2:3.25e+08	2	3.25e+08	0.815668493223787	0.961889681119258	0.554698207104645	0.0221925052416806	0.00654531467880114	0.00523102647046068	-0.955294597046794	0.817754101157966	0.0621707314842001
123	2:311500000	2	311500000	0.977786381765289	0.988260049006743	0.991991900050364	0.0120486270195643	0.00724426712278573	0.00111727547784238	-2.33704031858814	-0.0715058610382192	0.112725806006131
123	2:3.1e+08	2	3.1e+08	0.977786381765289	0.988260049006743	0.991991900050364	0.0120486270195643	0.00724426712278573	0.00111727547784238	-2.33704031858814	-0.0715058610382192	0.112725806006131
123	2:310500000	2	310500000	0.977786381765289	0.988260049006743	0.991991900050364	0.0120486270195643	0.00724426712278573	0.00111727547784238	-2.33704031858814	-0.0715058610382192	0.112725806006131
123	2:3.11e+08	2	3.11e+08	0.977786381765289	0.988260049006743	0.991991900050364	0.0120486270195643	0.00724426712278573	0.00111727547784238	-2.33704031858814	-0.0715058610382192	0.112725806006131
123	2:309500000	2	309500000	0.977786381765289	0.988260049006743	0.991991900050364	0.0120486270195643	0.00724426712278573	0.00111727547784238	-2.33704031858814	-0.0715058610382192	0.112725806006131
126	2:1.83e+08	2	1.83e+08	0.924710315395143	0.966565236383598	0.939584181772436	0.0157168677618614	0.00849244873527424	0.00264924237443939	-1.69192115534113	0.140628793491581	0.216048920058448
126	2:184500000	2	184500000	0.924710315395143	0.966565236383598	0.939584181772436	0.0157168677618614	0.00849244873527424	0.00264924237443939	-1.69192115534113	0.140628793491581	0.216048920058448
126	2:1.84e+08	2	1.84e+08	0.924710315395143	0.966565236383598	0.939584181772436	0.0157168677618614	0.00849244873527424	0.00264924237443939	-1.69192115534113	0.140628793491581	0.216048920058448
126	2:181500000	2	181500000	0.924710315395143	0.966565236383598	0.939584181772436	0.0157168677618614	0.00849244873527424	0.00264924237443939	-1.69192115534113	0.140628793491581	0.216048920058448
126	2:182500000	2	182500000	0.924710315395143	0.966565236383598	0.939584181772436	0.0157168677618614	0.00849244873527424	0.00264924237443939	-1.69192115534113	0.140628793491581	0.216048920058448
126	2:183500000	2	183500000	0.924710315395143	0.966565236383598	0.939584181772436	0.0157168677618614	0.00849244873527424	0.00264924237443939	-1.69192115534113	0.140628793491581	0.216048920058448
147	2:230500000	2	230500000	0.982555769860175	0.995630372698716	0.899057589462904	0.00419733635230719	0.00130094177921344	0.00343994485752472	-1.94914462698696	0.67294460554944	0.131495784570481
147	2:2.33e+08	2	2.33e+08	0.982555769860175	0.995630372698716	0.899057589462904	0.00419733635230719	0.00130094177921344	0.00343994485752472	-1.94914462698696	0.67294460554944	0.131495784570481
147	2:234500000	2	234500000	0.982555769860175	0.995630372698716	0.899057589462904	0.00419733635230719	0.00130094177921344	0.00343994485752472	-1.94914462698696	0.67294460554944	0.131495784570481
147	2:2.3e+08	2	2.3e+08	0.982555769860175	0.995630372698716	0.899057589462904	0.00419733635230719	0.00130094177921344	0.00343994485752472	-1.94914462698696	0.67294460554944	0.131495784570481
147	2:2.32e+08	2	2.32e+08	0.982555769860175	0.995630372698716	0.899057589462904	0.00419733635230719	0.00130094177921344	0.00343994485752472	-1.94914462698696	0.67294460554944	0.131495784570481
147	2:232500000	2	232500000	0.982555769860175	0.995630372698716	0.899057589462904	0.00419733635230719	0.00130094177921344	0.00343994485752472	-1.94914462698696	0.67294460554944	0.131495784570481
147	2:2.31e+08	2	2.31e+08	0.982555769860175	0.995630372698716	0.899057589462904	0.00419733635230719	0.00130094177921344	0.00343994485752472	-1.94914462698696	0.67294460554944	0.131495784570481
147	2:226500000	2	226500000	0.982555769860175	0.995630372698716	0.899057589462904	0.00419733635230719	0.00130094177921344	0.00343994485752472	-1.94914462698696	0.67294460554944	0.131495784570481
147	2:231500000	2	231500000	0.982555769860175	0.995630372698716	0.899057589462904	0.00419733635230719	0.00130094177921344	0.00343994485752472	-1.94914462698696	0.67294460554944	0.131495784570481
147	2:227500000	2	227500000	0.982555769860175	0.995630372698716	0.899057589462904	0.00419733635230719	0.00130094177921344	0.00343994485752472	-1.94914462698696	0.67294460554944	0.131495784570481
147	2:233500000	2	233500000	0.982555769860175	0.995630372698716	0.899057589462904	0.00419733635230719	0.00130094177921344	0.00343994485752472	-1.94914462698696	0.67294460554944	0.131495784570481
147	2:2.35e+08	2	2.35e+08	0.982555769860175	0.995630372698716	0.899057589462904	0.00419733635230719	0.00130094177921344	0.00343994485752472	-1.94914462698696	0.67294460554944	0.131495784570481
147	2:2.34e+08	2	2.34e+08	0.982555769860175	0.995630372698716	0.899057589462904	0.00419733635230719	0.00130094177921344	0.00343994485752472	-1.94914462698696	0.67294460554944	0.131495784570481
147	2:2.27e+08	2	2.27e+08	0.982555769860175	0.995630372698716	0.899057589462904	0.00419733635230719	0.00130094177921344	0.00343994485752472	-1.94914462698696	0.67294460554944	0.131495784570481
152	2:3.24e+08	2	3.24e+08	0.932319534279671	0.977875439660047	0.867516772655269	0.0120593383632958	0.00498529083744935	0.00373938792244156	-1.56322624817349	0.448496979589794	0.471181277832408
152	2:334500000	2	334500000	0.932319534279671	0.977875439660047	0.867516772655269	0.0120593383632958	0.00498529083744935	0.00373938792244156	-1.56322624817349	0.448496979589794	0.471181277832408
152	2:3.3e+08	2	3.3e+08	0.932319534279671	0.977875439660047	0.867516772655269	0.0120593383632958	0.00498529083744935	0.00373938792244156	-1.56322624817349	0.448496979589794	0.471181277832408
152	2:3.31e+08	2	3.31e+08	0.932319534279671	0.977875439660047	0.867516772655269	0.0120593383632958	0.00498529083744935	0.00373938792244156	-1.56322624817349	0.448496979589794	0.471181277832408
152	2:3.33e+08	2	3.33e+08	0.932319534279671	0.977875439660047	0.867516772655269	0.0120593383632958	0.00498529083744935	0.00373938792244156	-1.56322624817349	0.448496979589794	0.471181277832408
152	2:325500000	2	325500000	0.932319534279671	0.977875439660047	0.867516772655269	0.0120593383632958	0.00498529083744935	0.00373938792244156	-1.56322624817349	0.448496979589794	0.471181277832408
152	2:3.34e+08	2	3.34e+08	0.932319534279671	0.977875439660047	0.867516772655269	0.0120593383632958	0.00498529083744935	0.00373938792244156	-1.56322624817349	0.448496979589794	0.471181277832408
152	2:327500000	2	327500000	0.932319534279671	0.977875439660047	0.867516772655269	0.0120593383632958	0.00498529083744935	0.00373938792244156	-1.56322624817349	0.448496979589794	0.471181277832408
152	2:333500000	2	333500000	0.932319534279671	0.977875439660047	0.867516772655269	0.0120593383632958	0.00498529083744935	0.00373938792244156	-1.56322624817349	0.448496979589794	0.471181277832408
152	2:3.32e+08	2	3.32e+08	0.932319534279671	0.977875439660047	0.867516772655269	0.0120593383632958	0.00498529083744935	0.00373938792244156	-1.56322624817349	0.448496979589794	0.471181277832408
152	2:3.25e+08	2	3.25e+08	0.932319534279671	0.977875439660047	0.867516772655269	0.0120593383632958	0.00498529083744935	0.00373938792244156	-1.56322624817349	0.448496979589794	0.471181277832408
152	2:330500000	2	330500000	0.932319534279671	0.977875439660047	0.867516772655269	0.0120593383632958	0.00498529083744935	0.00373938792244156	-1.56322624817349	0.448496979589794	0.471181277832408
152	2:324500000	2	324500000	0.932319534279671	0.977875439660047	0.867516772655269	0.0120593383632958	0.00498529083744935	0.00373938792244156	-1.56322624817349	0.448496979589794	0.471181277832408
152	2:332500000	2	332500000	0.932319534279671	0.977875439660047	0.867516772655269	0.0120593383632958	0.00498529083744935	0.00373938792244156	-1.56322624817349	0.448496979589794	0.471181277832408
152	2:3.35e+08	2	3.35e+08	0.932319534279671	0.977875439660047	0.867516772655269	0.0120593383632958	0.00498529083744935	0.00373938792244156	-1.56322624817349	0.448496979589794	0.471181277832408
152	2:323500000	2	323500000	0.932319534279671	0.977875439660047	0.867516772655269	0.0120593383632958	0.00498529083744935	0.00373938792244156	-1.56322624817349	0.448496979589794	0.471181277832408
152	2:331500000	2	331500000	0.932319534279671	0.977875439660047	0.867516772655269	0.0120593383632958	0.00498529083744935	0.00373938792244156	-1.56322624817349	0.448496979589794	0.471181277832408
170	2:1.61e+08	2	1.61e+08	0.995571991172135	0.998341073595199	0.989204474980717	0.00237530156968288	0.00102219164668529	0.00124528016442452	-2.61706484232047	0.319578653327738	0.481879433669351
170	2:1.59e+08	2	1.59e+08	0.995571991172135	0.998341073595199	0.989204474980717	0.00237530156968288	0.00102219164668529	0.00124528016442452	-2.61706484232047	0.319578653327738	0.481879433669351
170	2:160500000	2	160500000	0.995571991172135	0.998341073595199	0.989204474980717	0.00237530156968288	0.00102219164668529	0.00124528016442452	-2.61706484232047	0.319578653327738	0.481879433669351
170	2:159500000	2	159500000	0.995571991172135	0.998341073595199	0.989204474980717	0.00237530156968288	0.00102219164668529	0.00124528016442452	-2.61706484232047	0.319578653327738	0.481879433669351
170	2:1.6e+08	2	1.6e+08	0.995571991172135	0.998341073595199	0.989204474980717	0.00237530156968288	0.00102219164668529	0.00124528016442452	-2.61706484232047	0.319578653327738	0.481879433669351
219	2:3.67e+08	2	3.67e+08	0.886813139226595	0.961128977818758	0.830884079580483	0.0168881261042095	0.00749246978855281	0.00406029822692507	-1.36080248146975	0.40313773875042	0.311872954185634
219	2:3.66e+08	2	3.66e+08	0.886813139226595	0.961128977818758	0.830884079580483	0.0168881261042095	0.00749246978855281	0.00406029822692507	-1.36080248146975	0.40313773875042	0.311872954185634
219	2:366500000	2	366500000	0.886813139226595	0.961128977818758	0.830884079580483	0.0168881261042095	0.00749246978855281	0.00406029822692507	-1.36080248146975	0.40313773875042	0.311872954185634
219	2:3.68e+08	2	3.68e+08	0.886813139226595	0.961128977818758	0.830884079580483	0.0168881261042095	0.00749246978855281	0.00406029822692507	-1.36080248146975	0.40313773875042	0.311872954185634
219	2:367500000	2	367500000	0.886813139226595	0.961128977818758	0.830884079580483	0.0168881261042095	0.00749246978855281	0.00406029822692507	-1.36080248146975	0.40313773875042	0.311872954185634
231	2:226500000	2	226500000	0.907334874303651	0.979928766504983	0.686098844194591	0.0133707726076552	0.0039145304469746	0.00495489688125043	-1.26855117079293	0.783728742337513	0.490012380561962
231	2:2.26e+08	2	2.26e+08	0.907334874303651	0.979928766504983	0.686098844194591	0.0133707726076552	0.0039145304469746	0.00495489688125043	-1.26855117079293	0.783728742337513	0.490012380561962
231	2:227500000	2	227500000	0.907334874303651	0.979928766504983	0.686098844194591	0.0133707726076552	0.0039145304469746	0.00495489688125043	-1.26855117079293	0.783728742337513	0.490012380561962
231	2:2.34e+08	2	2.34e+08	0.907334874303651	0.979928766504983	0.686098844194591	0.0133707726076552	0.0039145304469746	0.00495489688125043	-1.26855117079293	0.783728742337513	0.490012380561962
231	2:236500000	2	236500000	0.907334874303651	0.979928766504983	0.686098844194591	0.0133707726076552	0.0039145304469746	0.00495489688125043	-1.26855117079293	0.783728742337513	0.490012380561962
231	2:232500000	2	232500000	0.907334874303651	0.979928766504983	0.686098844194591	0.0133707726076552	0.0039145304469746	0.00495489688125043	-1.26855117079293	0.783728742337513	0.490012380561962
231	2:2.37e+08	2	2.37e+08	0.907334874303651	0.979928766504983	0.686098844194591	0.0133707726076552	0.0039145304469746	0.00495489688125043	-1.26855117079293	0.783728742337513	0.490012380561962
231	2:224500000	2	224500000	0.907334874303651	0.979928766504983	0.686098844194591	0.0133707726076552	0.0039145304469746	0.00495489688125043	-1.26855117079293	0.783728742337513	0.490012380561962
231	2:2.36e+08	2	2.36e+08	0.907334874303651	0.979928766504983	0.686098844194591	0.0133707726076552	0.0039145304469746	0.00495489688125043	-1.26855117079293	0.783728742337513	0.490012380561962
231	2:2.28e+08	2	2.28e+08	0.907334874303651	0.979928766504983	0.686098844194591	0.0133707726076552	0.0039145304469746	0.00495489688125043	-1.26855117079293	0.783728742337513	0.490012380561962
231	2:225500000	2	225500000	0.907334874303651	0.979928766504983	0.686098844194591	0.0133707726076552	0.0039145304469746	0.00495489688125043	-1.26855117079293	0.783728742337513	0.490012380561962
231	2:229500000	2	229500000	0.907334874303651	0.979928766504983	0.686098844194591	0.0133707726076552	0.0039145304469746	0.00495489688125043	-1.26855117079293	0.783728742337513	0.490012380561962
231	2:2.3e+08	2	2.3e+08	0.907334874303651	0.979928766504983	0.686098844194591	0.0133707726076552	0.0039145304469746	0.00495489688125043	-1.26855117079293	0.783728742337513	0.490012380561962
231	2:2.35e+08	2	2.35e+08	0.907334874303651	0.979928766504983	0.686098844194591	0.0133707726076552	0.0039145304469746	0.00495489688125043	-1.26855117079293	0.783728742337513	0.490012380561962
231	2:2.32e+08	2	2.32e+08	0.907334874303651	0.979928766504983	0.686098844194591	0.0133707726076552	0.0039145304469746	0.00495489688125043	-1.26855117079293	0.783728742337513	0.490012380561962
231	2:2.31e+08	2	2.31e+08	0.907334874303651	0.979928766504983	0.686098844194591	0.0133707726076552	0.0039145304469746	0.00495489688125043	-1.26855117079293	0.783728742337513	0.490012380561962
231	2:238500000	2	238500000	0.907334874303651	0.979928766504983	0.686098844194591	0.0133707726076552	0.0039145304469746	0.00495489688125043	-1.26855117079293	0.783728742337513	0.490012380561962
231	2:235500000	2	235500000	0.907334874303651	0.979928766504983	0.686098844194591	0.0133707726076552	0.0039145304469746	0.00495489688125043	-1.26855117079293	0.783728742337513	0.490012380561962
231	2:2.33e+08	2	2.33e+08	0.907334874303651	0.979928766504983	0.686098844194591	0.0133707726076552	0.0039145304469746	0.00495489688125043	-1.26855117079293	0.783728742337513	0.490012380561962
231	2:233500000	2	233500000	0.907334874303651	0.979928766504983	0.686098844194591	0.0133707726076552	0.0039145304469746	0.00495489688125043	-1.26855117079293	0.783728742337513	0.490012380561962
231	2:231500000	2	231500000	0.907334874303651	0.979928766504983	0.686098844194591	0.0133707726076552	0.0039145304469746	0.00495489688125043	-1.26855117079293	0.783728742337513	0.490012380561962
231	2:2.27e+08	2	2.27e+08	0.907334874303651	0.979928766504983	0.686098844194591	0.0133707726076552	0.0039145304469746	0.00495489688125043	-1.26855117079293	0.783728742337513	0.490012380561962
231	2:237500000	2	237500000	0.907334874303651	0.979928766504983	0.686098844194591	0.0133707726076552	0.0039145304469746	0.00495489688125043	-1.26855117079293	0.783728742337513	0.490012380561962
231	2:234500000	2	234500000	0.907334874303651	0.979928766504983	0.686098844194591	0.0133707726076552	0.0039145304469746	0.00495489688125043	-1.26855117079293	0.783728742337513	0.490012380561962
231	2:230500000	2	230500000	0.907334874303651	0.979928766504983	0.686098844194591	0.0133707726076552	0.0039145304469746	0.00495489688125043	-1.26855117079293	0.783728742337513	0.490012380561962
231	2:2.38e+08	2	2.38e+08	0.907334874303651	0.979928766504983	0.686098844194591	0.0133707726076552	0.0039145304469746	0.00495489688125043	-1.26855117079293	0.783728742337513	0.490012380561962
231	2:2.39e+08	2	2.39e+08	0.907334874303651	0.979928766504983	0.686098844194591	0.0133707726076552	0.0039145304469746	0.00495489688125043	-1.26855117079293	0.783728742337513	0.490012380561962
232	2:311500000	2	311500000	0.972853692998875	0.988355947751701	0.97196633940189	0.00863565041782923	0.00436455846141349	0.00191058974083678	-2.08959344458087	0.179081431978766	0.375875199229542
232	2:310500000	2	310500000	0.972853692998875	0.988355947751701	0.97196633940189	0.00863565041782923	0.00436455846141349	0.00191058974083678	-2.08959344458087	0.179081431978766	0.375875199229542
232	2:3.11e+08	2	3.11e+08	0.972853692998875	0.988355947751701	0.97196633940189	0.00863565041782923	0.00436455846141349	0.00191058974083678	-2.08959344458087	0.179081431978766	0.375875199229542
232	2:3.12e+08	2	3.12e+08	0.972853692998875	0.988355947751701	0.97196633940189	0.00863565041782923	0.00436455846141349	0.00191058974083678	-2.08959344458087	0.179081431978766	0.375875199229542
232	2:3.1e+08	2	3.1e+08	0.972853692998875	0.988355947751701	0.97196633940189	0.00863565041782923	0.00436455846141349	0.00191058974083678	-2.08959344458087	0.179081431978766	0.375875199229542
232	2:309500000	2	309500000	0.972853692998875	0.988355947751701	0.97196633940189	0.00863565041782923	0.00436455846141349	0.00191058974083678	-2.08959344458087	0.179081431978766	0.375875199229542
234	2:4.41e+08	2	4.41e+08	0	0.973053361935733	0.0193280836399979	0	0.0157982605070634	0.00157069599735741	0.0700674830645947	1.9977608621145	0.0133642821916312
234	2:432500000	2	432500000	0	0.973053361935733	0.0193280836399979	0	0.0157982605070634	0.00157069599735741	0.0700674830645947	1.9977608621145	0.0133642821916312
234	2:4.32e+08	2	4.32e+08	0	0.973053361935733	0.0193280836399979	0	0.0157982605070634	0.00157069599735741	0.0700674830645947	1.9977608621145	0.0133642821916312
234	2:441500000	2	441500000	0	0.973053361935733	0.0193280836399979	0	0.0157982605070634	0.00157069599735741	0.0700674830645947	1.9977608621145	0.0133642821916312
234	2:4.3e+08	2	4.3e+08	0	0.973053361935733	0.0193280836399979	0	0.0157982605070634	0.00157069599735741	0.0700674830645947	1.9977608621145	0.0133642821916312
234	2:431500000	2	431500000	0	0.973053361935733	0.0193280836399979	0	0.0157982605070634	0.00157069599735741	0.0700674830645947	1.9977608621145	0.0133642821916312
234	2:4.42e+08	2	4.42e+08	0	0.973053361935733	0.0193280836399979	0	0.0157982605070634	0.00157069599735741	0.0700674830645947	1.9977608621145	0.0133642821916312
234	2:4.33e+08	2	4.33e+08	0	0.973053361935733	0.0193280836399979	0	0.0157982605070634	0.00157069599735741	0.0700674830645947	1.9977608621145	0.0133642821916312
234	2:4.4e+08	2	4.4e+08	0	0.973053361935733	0.0193280836399979	0	0.0157982605070634	0.00157069599735741	0.0700674830645947	1.9977608621145	0.0133642821916312
234	2:442500000	2	442500000	0	0.973053361935733	0.0193280836399979	0	0.0157982605070634	0.00157069599735741	0.0700674830645947	1.9977608621145	0.0133642821916312
236	2:442500000	2	442500000	0	0.97220652277655	0.0173895332364493	0	0.0167649842877207	0.00146128575697003	0.0983307569643915	2.01259066484047	0.317587546338095
236	2:4.41e+08	2	4.41e+08	0	0.97220652277655	0.0173895332364493	0	0.0167649842877207	0.00146128575697003	0.0983307569643915	2.01259066484047	0.317587546338095
236	2:431500000	2	431500000	0	0.97220652277655	0.0173895332364493	0	0.0167649842877207	0.00146128575697003	0.0983307569643915	2.01259066484047	0.317587546338095
236	2:4.34e+08	2	4.34e+08	0	0.97220652277655	0.0173895332364493	0	0.0167649842877207	0.00146128575697003	0.0983307569643915	2.01259066484047	0.317587546338095
236	2:441500000	2	441500000	0	0.97220652277655	0.0173895332364493	0	0.0167649842877207	0.00146128575697003	0.0983307569643915	2.01259066484047	0.317587546338095
236	2:4.32e+08	2	4.32e+08	0	0.97220652277655	0.0173895332364493	0	0.0167649842877207	0.00146128575697003	0.0983307569643915	2.01259066484047	0.317587546338095
236	2:432500000	2	432500000	0	0.97220652277655	0.0173895332364493	0	0.0167649842877207	0.00146128575697003	0.0983307569643915	2.01259066484047	0.317587546338095
236	2:4.4e+08	2	4.4e+08	0	0.97220652277655	0.0173895332364493	0	0.0167649842877207	0.00146128575697003	0.0983307569643915	2.01259066484047	0.317587546338095
236	2:4.33e+08	2	4.33e+08	0	0.97220652277655	0.0173895332364493	0	0.0167649842877207	0.00146128575697003	0.0983307569643915	2.01259066484047	0.317587546338095
236	2:4.42e+08	2	4.42e+08	0	0.97220652277655	0.0173895332364493	0	0.0167649842877207	0.00146128575697003	0.0983307569643915	2.01259066484047	0.317587546338095
236	2:4.3e+08	2	4.3e+08	0	0.97220652277655	0.0173895332364493	0	0.0167649842877207	0.00146128575697003	0.0983307569643915	2.01259066484047	0.317587546338095
24	2:1.7e+08	2	1.7e+08	1	1	1	0	0	0	0	0	0
24	2:169500000	2	169500000	1	1	1	0	0	0	0	0	0
24	2:165500000	2	165500000	1	1	1	0	0	0	0	0	0
24	2:166500000	2	166500000	1	1	1	0	0	0	0	0	0
24	2:1.65e+08	2	1.65e+08	1	1	1	0	0	0	0	0	0
24	2:1.69e+08	2	1.69e+08	1	1	1	0	0	0	0	0	0
24	2:164500000	2	164500000	1	1	1	0	0	0	0	0	0
24	2:1.66e+08	2	1.66e+08	1	1	1	0	0	0	0	0	0
24	2:168500000	2	168500000	1	1	1	0	0	0	0	0	0
251	2:60500000	2	60500000	0.857725828972855	0.964062955070715	0.679818793270611	0.0183015242157086	0.0063142852572483	0.00495258391319747	-1.13355348014092	0.666361335726644	0.799445146753405
251	2:57500000	2	57500000	0.857725828972855	0.964062955070715	0.679818793270611	0.0183015242157086	0.0063142852572483	0.00495258391319747	-1.13355348014092	0.666361335726644	0.799445146753405
251	2:6e+07	2	6e+07	0.857725828972855	0.964062955070715	0.679818793270611	0.0183015242157086	0.0063142852572483	0.00495258391319747	-1.13355348014092	0.666361335726644	0.799445146753405
251	2:58500000	2	58500000	0.857725828972855	0.964062955070715	0.679818793270611	0.0183015242157086	0.0063142852572483	0.00495258391319747	-1.13355348014092	0.666361335726644	0.799445146753405
251	2:6.1e+07	2	6.1e+07	0.857725828972855	0.964062955070715	0.679818793270611	0.0183015242157086	0.0063142852572483	0.00495258391319747	-1.13355348014092	0.666361335726644	0.799445146753405
251	2:5.7e+07	2	5.7e+07	0.857725828972855	0.964062955070715	0.679818793270611	0.0183015242157086	0.0063142852572483	0.00495258391319747	-1.13355348014092	0.666361335726644	0.799445146753405
251	2:5.8e+07	2	5.8e+07	0.857725828972855	0.964062955070715	0.679818793270611	0.0183015242157086	0.0063142852572483	0.00495258391319747	-1.13355348014092	0.666361335726644	0.799445146753405
251	2:56500000	2	56500000	0.857725828972855	0.964062955070715	0.679818793270611	0.0183015242157086	0.0063142852572483	0.00495258391319747	-1.13355348014092	0.666361335726644	0.799445146753405
253	2:1.53e+08	2	1.53e+08	1	1	1	0	0	0	0	0	0
253	2:151500000	2	151500000	1	1	1	0	0	0	0	0	0
253	2:1.52e+08	2	1.52e+08	1	1	1	0	0	0	0	0	0
253	2:152500000	2	152500000	1	1	1	0	0	0	0	0	0
253	2:1.51e+08	2	1.51e+08	1	1	1	0	0	0	0	0	0
259	2:4.35e+08	2	4.35e+08	0	0.969651184298799	0.0041626807463598	0	0.0578646858051056	0.00115034932694472	0.381445063475832	2.25713672623008	0.519562615262521
259	2:432500000	2	432500000	0	0.969651184298799	0.0041626807463598	0	0.0578646858051056	0.00115034932694472	0.381445063475832	2.25713672623008	0.519562615262521
259	2:440500000	2	440500000	0	0.969651184298799	0.0041626807463598	0	0.0578646858051056	0.00115034932694472	0.381445063475832	2.25713672623008	0.519562615262521
259	2:431500000	2	431500000	0	0.969651184298799	0.0041626807463598	0	0.0578646858051056	0.00115034932694472	0.381445063475832	2.25713672623008	0.519562615262521
259	2:442500000	2	442500000	0	0.969651184298799	0.0041626807463598	0	0.0578646858051056	0.00115034932694472	0.381445063475832	2.25713672623008	0.519562615262521
259	2:4.42e+08	2	4.42e+08	0	0.969651184298799	0.0041626807463598	0	0.0578646858051056	0.00115034932694472	0.381445063475832	2.25713672623008	0.519562615262521
259	2:4.32e+08	2	4.32e+08	0	0.969651184298799	0.0041626807463598	0	0.0578646858051056	0.00115034932694472	0.381445063475832	2.25713672623008	0.519562615262521
259	2:4.34e+08	2	4.34e+08	0	0.969651184298799	0.0041626807463598	0	0.0578646858051056	0.00115034932694472	0.381445063475832	2.25713672623008	0.519562615262521
259	2:4.33e+08	2	4.33e+08	0	0.969651184298799	0.0041626807463598	0	0.0578646858051056	0.00115034932694472	0.381445063475832	2.25713672623008	0.519562615262521
259	2:433500000	2	433500000	0	0.969651184298799	0.0041626807463598	0	0.0578646858051056	0.00115034932694472	0.381445063475832	2.25713672623008	0.519562615262521
259	2:4.41e+08	2	4.41e+08	0	0.969651184298799	0.0041626807463598	0	0.0578646858051056	0.00115034932694472	0.381445063475832	2.25713672623008	0.519562615262521
259	2:4.3e+08	2	4.3e+08	0	0.969651184298799	0.0041626807463598	0	0.0578646858051056	0.00115034932694472	0.381445063475832	2.25713672623008	0.519562615262521
259	2:4.4e+08	2	4.4e+08	0	0.969651184298799	0.0041626807463598	0	0.0578646858051056	0.00115034932694472	0.381445063475832	2.25713672623008	0.519562615262521
259	2:441500000	2	441500000	0	0.969651184298799	0.0041626807463598	0	0.0578646858051056	0.00115034932694472	0.381445063475832	2.25713672623008	0.519562615262521
262	2:469500000	2	469500000	0.57608015613473	0.955705090893694	0.209004914108202	0.0514634726577462	0.00893925131727167	0.00421986689640728	-0.446502486853759	1.25638130280141	0.036759689414459
262	2:467500000	2	467500000	0.57608015613473	0.955705090893694	0.209004914108202	0.0514634726577462	0.00893925131727167	0.00421986689640728	-0.446502486853759	1.25638130280141	0.036759689414459
262	2:468500000	2	468500000	0.57608015613473	0.955705090893694	0.209004914108202	0.0514634726577462	0.00893925131727167	0.00421986689640728	-0.446502486853759	1.25638130280141	0.036759689414459
262	2:4.7e+08	2	4.7e+08	0.57608015613473	0.955705090893694	0.209004914108202	0.0514634726577462	0.00893925131727167	0.00421986689640728	-0.446502486853759	1.25638130280141	0.036759689414459
262	2:470500000	2	470500000	0.57608015613473	0.955705090893694	0.209004914108202	0.0514634726577462	0.00893925131727167	0.00421986689640728	-0.446502486853759	1.25638130280141	0.036759689414459
262	2:4.62e+08	2	4.62e+08	0.57608015613473	0.955705090893694	0.209004914108202	0.0514634726577462	0.00893925131727167	0.00421986689640728	-0.446502486853759	1.25638130280141	0.036759689414459
262	2:4.68e+08	2	4.68e+08	0.57608015613473	0.955705090893694	0.209004914108202	0.0514634726577462	0.00893925131727167	0.00421986689640728	-0.446502486853759	1.25638130280141	0.036759689414459
262	2:4.69e+08	2	4.69e+08	0.57608015613473	0.955705090893694	0.209004914108202	0.0514634726577462	0.00893925131727167	0.00421986689640728	-0.446502486853759	1.25638130280141	0.036759689414459
262	2:471500000	2	471500000	0.57608015613473	0.955705090893694	0.209004914108202	0.0514634726577462	0.00893925131727167	0.00421986689640728	-0.446502486853759	1.25638130280141	0.036759689414459
262	2:4.71e+08	2	4.71e+08	0.57608015613473	0.955705090893694	0.209004914108202	0.0514634726577462	0.00893925131727167	0.00421986689640728	-0.446502486853759	1.25638130280141	0.036759689414459
278	2:323500000	2	323500000	0.910125823402434	0.958520151052276	0.938295107920408	0.018333879107595	0.0103160058989179	0.0026831160966312	-1.63719175476695	0.0965737535376308	0.803307361803793
278	2:3.24e+08	2	3.24e+08	0.910125823402434	0.958520151052276	0.938295107920408	0.018333879107595	0.0103160058989179	0.0026831160966312	-1.63719175476695	0.0965737535376308	0.803307361803793
278	2:3.3e+08	2	3.3e+08	0.910125823402434	0.958520151052276	0.938295107920408	0.018333879107595	0.0103160058989179	0.0026831160966312	-1.63719175476695	0.0965737535376308	0.803307361803793
278	2:3.34e+08	2	3.34e+08	0.910125823402434	0.958520151052276	0.938295107920408	0.018333879107595	0.0103160058989179	0.0026831160966312	-1.63719175476695	0.0965737535376308	0.803307361803793
278	2:3.32e+08	2	3.32e+08	0.910125823402434	0.958520151052276	0.938295107920408	0.018333879107595	0.0103160058989179	0.0026831160966312	-1.63719175476695	0.0965737535376308	0.803307361803793
278	2:3.29e+08	2	3.29e+08	0.910125823402434	0.958520151052276	0.938295107920408	0.018333879107595	0.0103160058989179	0.0026831160966312	-1.63719175476695	0.0965737535376308	0.803307361803793
278	2:332500000	2	332500000	0.910125823402434	0.958520151052276	0.938295107920408	0.018333879107595	0.0103160058989179	0.0026831160966312	-1.63719175476695	0.0965737535376308	0.803307361803793
278	2:324500000	2	324500000	0.910125823402434	0.958520151052276	0.938295107920408	0.018333879107595	0.0103160058989179	0.0026831160966312	-1.63719175476695	0.0965737535376308	0.803307361803793
278	2:333500000	2	333500000	0.910125823402434	0.958520151052276	0.938295107920408	0.018333879107595	0.0103160058989179	0.0026831160966312	-1.63719175476695	0.0965737535376308	0.803307361803793
278	2:327500000	2	327500000	0.910125823402434	0.958520151052276	0.938295107920408	0.018333879107595	0.0103160058989179	0.0026831160966312	-1.63719175476695	0.0965737535376308	0.803307361803793
278	2:329500000	2	329500000	0.910125823402434	0.958520151052276	0.938295107920408	0.018333879107595	0.0103160058989179	0.0026831160966312	-1.63719175476695	0.0965737535376308	0.803307361803793
278	2:326500000	2	326500000	0.910125823402434	0.958520151052276	0.938295107920408	0.018333879107595	0.0103160058989179	0.0026831160966312	-1.63719175476695	0.0965737535376308	0.803307361803793
278	2:3.31e+08	2	3.31e+08	0.910125823402434	0.958520151052276	0.938295107920408	0.018333879107595	0.0103160058989179	0.0026831160966312	-1.63719175476695	0.0965737535376308	0.803307361803793
278	2:3.23e+08	2	3.23e+08	0.910125823402434	0.958520151052276	0.938295107920408	0.018333879107595	0.0103160058989179	0.0026831160966312	-1.63719175476695	0.0965737535376308	0.803307361803793
278	2:334500000	2	334500000	0.910125823402434	0.958520151052276	0.938295107920408	0.018333879107595	0.0103160058989179	0.0026831160966312	-1.63719175476695	0.0965737535376308	0.803307361803793
278	2:3.33e+08	2	3.33e+08	0.910125823402434	0.958520151052276	0.938295107920408	0.018333879107595	0.0103160058989179	0.0026831160966312	-1.63719175476695	0.0965737535376308	0.803307361803793
278	2:330500000	2	330500000	0.910125823402434	0.958520151052276	0.938295107920408	0.018333879107595	0.0103160058989179	0.0026831160966312	-1.63719175476695	0.0965737535376308	0.803307361803793
278	2:328500000	2	328500000	0.910125823402434	0.958520151052276	0.938295107920408	0.018333879107595	0.0103160058989179	0.0026831160966312	-1.63719175476695	0.0965737535376308	0.803307361803793
278	2:3.28e+08	2	3.28e+08	0.910125823402434	0.958520151052276	0.938295107920408	0.018333879107595	0.0103160058989179	0.0026831160966312	-1.63719175476695	0.0965737535376308	0.803307361803793
278	2:322500000	2	322500000	0.910125823402434	0.958520151052276	0.938295107920408	0.018333879107595	0.0103160058989179	0.0026831160966312	-1.63719175476695	0.0965737535376308	0.803307361803793
278	2:3.25e+08	2	3.25e+08	0.910125823402434	0.958520151052276	0.938295107920408	0.018333879107595	0.0103160058989179	0.0026831160966312	-1.63719175476695	0.0965737535376308	0.803307361803793
278	2:325500000	2	325500000	0.910125823402434	0.958520151052276	0.938295107920408	0.018333879107595	0.0103160058989179	0.0026831160966312	-1.63719175476695	0.0965737535376308	0.803307361803793
278	2:3.35e+08	2	3.35e+08	0.910125823402434	0.958520151052276	0.938295107920408	0.018333879107595	0.0103160058989179	0.0026831160966312	-1.63719175476695	0.0965737535376308	0.803307361803793
278	2:3.27e+08	2	3.27e+08	0.910125823402434	0.958520151052276	0.938295107920408	0.018333879107595	0.0103160058989179	0.0026831160966312	-1.63719175476695	0.0965737535376308	0.803307361803793
278	2:331500000	2	331500000	0.910125823402434	0.958520151052276	0.938295107920408	0.018333879107595	0.0103160058989179	0.0026831160966312	-1.63719175476695	0.0965737535376308	0.803307361803793
280	2:9500000	2	9500000	0.518930972328471	0.950667789873099	0.188623805033579	0.05750395026596	0.00998720597351159	0.00405853288477486	-0.384192127437004	1.26717114185784	0.0244891118884247
280	2:2500000	2	2500000	0.518930972328471	0.950667789873099	0.188623805033579	0.05750395026596	0.00998720597351159	0.00405853288477486	-0.384192127437004	1.26717114185784	0.0244891118884247
280	2:1.8e+07	2	1.8e+07	0.518930972328471	0.950667789873099	0.188623805033579	0.05750395026596	0.00998720597351159	0.00405853288477486	-0.384192127437004	1.26717114185784	0.0244891118884247
280	2:3e+06	2	3e+06	0.518930972328471	0.950667789873099	0.188623805033579	0.05750395026596	0.00998720597351159	0.00405853288477486	-0.384192127437004	1.26717114185784	0.0244891118884247
280	2:16500000	2	16500000	0.518930972328471	0.950667789873099	0.188623805033579	0.05750395026596	0.00998720597351159	0.00405853288477486	-0.384192127437004	1.26717114185784	0.0244891118884247
282	2:430500000	2	430500000	0.0646901396156044	0.985236766818669	0.016865398545426	0.327233282693476	0.0106347986393619	0.00146586759389964	-0.0265550180311876	2.14983022420268	0.177326522206459
282	2:4.42e+08	2	4.42e+08	0.0646901396156044	0.985236766818669	0.016865398545426	0.327233282693476	0.0106347986393619	0.00146586759389964	-0.0265550180311876	2.14983022420268	0.177326522206459
282	2:4.4e+08	2	4.4e+08	0.0646901396156044	0.985236766818669	0.016865398545426	0.327233282693476	0.0106347986393619	0.00146586759389964	-0.0265550180311876	2.14983022420268	0.177326522206459
282	2:4.41e+08	2	4.41e+08	0.0646901396156044	0.985236766818669	0.016865398545426	0.327233282693476	0.0106347986393619	0.00146586759389964	-0.0265550180311876	2.14983022420268	0.177326522206459
282	2:4.38e+08	2	4.38e+08	0.0646901396156044	0.985236766818669	0.016865398545426	0.327233282693476	0.0106347986393619	0.00146586759389964	-0.0265550180311876	2.14983022420268	0.177326522206459
282	2:4.31e+08	2	4.31e+08	0.0646901396156044	0.985236766818669	0.016865398545426	0.327233282693476	0.0106347986393619	0.00146586759389964	-0.0265550180311876	2.14983022420268	0.177326522206459
282	2:440500000	2	440500000	0.0646901396156044	0.985236766818669	0.016865398545426	0.327233282693476	0.0106347986393619	0.00146586759389964	-0.0265550180311876	2.14983022420268	0.177326522206459
282	2:4.32e+08	2	4.32e+08	0.0646901396156044	0.985236766818669	0.016865398545426	0.327233282693476	0.0106347986393619	0.00146586759389964	-0.0265550180311876	2.14983022420268	0.177326522206459
282	2:4.34e+08	2	4.34e+08	0.0646901396156044	0.985236766818669	0.016865398545426	0.327233282693476	0.0106347986393619	0.00146586759389964	-0.0265550180311876	2.14983022420268	0.177326522206459
282	2:432500000	2	432500000	0.0646901396156044	0.985236766818669	0.016865398545426	0.327233282693476	0.0106347986393619	0.00146586759389964	-0.0265550180311876	2.14983022420268	0.177326522206459
282	2:4.35e+08	2	4.35e+08	0.0646901396156044	0.985236766818669	0.016865398545426	0.327233282693476	0.0106347986393619	0.00146586759389964	-0.0265550180311876	2.14983022420268	0.177326522206459
282	2:442500000	2	442500000	0.0646901396156044	0.985236766818669	0.016865398545426	0.327233282693476	0.0106347986393619	0.00146586759389964	-0.0265550180311876	2.14983022420268	0.177326522206459
282	2:441500000	2	441500000	0.0646901396156044	0.985236766818669	0.016865398545426	0.327233282693476	0.0106347986393619	0.00146586759389964	-0.0265550180311876	2.14983022420268	0.177326522206459
282	2:431500000	2	431500000	0.0646901396156044	0.985236766818669	0.016865398545426	0.327233282693476	0.0106347986393619	0.00146586759389964	-0.0265550180311876	2.14983022420268	0.177326522206459
282	2:433500000	2	433500000	0.0646901396156044	0.985236766818669	0.016865398545426	0.327233282693476	0.0106347986393619	0.00146586759389964	-0.0265550180311876	2.14983022420268	0.177326522206459
282	2:437500000	2	437500000	0.0646901396156044	0.985236766818669	0.016865398545426	0.327233282693476	0.0106347986393619	0.00146586759389964	-0.0265550180311876	2.14983022420268	0.177326522206459
282	2:4.3e+08	2	4.3e+08	0.0646901396156044	0.985236766818669	0.016865398545426	0.327233282693476	0.0106347986393619	0.00146586759389964	-0.0265550180311876	2.14983022420268	0.177326522206459
282	2:4.33e+08	2	4.33e+08	0.0646901396156044	0.985236766818669	0.016865398545426	0.327233282693476	0.0106347986393619	0.00146586759389964	-0.0265550180311876	2.14983022420268	0.177326522206459
282	2:4.37e+08	2	4.37e+08	0.0646901396156044	0.985236766818669	0.016865398545426	0.327233282693476	0.0106347986393619	0.00146586759389964	-0.0265550180311876	2.14983022420268	0.177326522206459
290	2:3.49e+08	2	3.49e+08	0.992373519247704	0.996582219519769	0.992738487586379	0.00480163146229695	0.00244513880779223	0.00109296792303371	-2.57440532085902	0.130345663719047	0.839472456415824
290	2:3.51e+08	2	3.51e+08	0.992373519247704	0.996582219519769	0.992738487586379	0.00480163146229695	0.00244513880779223	0.00109296792303371	-2.57440532085902	0.130345663719047	0.839472456415824
290	2:350500000	2	350500000	0.992373519247704	0.996582219519769	0.992738487586379	0.00480163146229695	0.00244513880779223	0.00109296792303371	-2.57440532085902	0.130345663719047	0.839472456415824
290	2:348500000	2	348500000	0.992373519247704	0.996582219519769	0.992738487586379	0.00480163146229695	0.00244513880779223	0.00109296792303371	-2.57440532085902	0.130345663719047	0.839472456415824
290	2:3.5e+08	2	3.5e+08	0.992373519247704	0.996582219519769	0.992738487586379	0.00480163146229695	0.00244513880779223	0.00109296792303371	-2.57440532085902	0.130345663719047	0.839472456415824
290	2:349500000	2	349500000	0.992373519247704	0.996582219519769	0.992738487586379	0.00480163146229695	0.00244513880779223	0.00109296792303371	-2.57440532085902	0.130345663719047	0.839472456415824
292	2:439500000	2	439500000	0.258164007383881	0.992156607473676	0.014095564748901	0.367447825517135	0.00793043248297544	0.0015000101365752	-0.110753047804988	2.3053694007858	0.657120315953325
292	2:4.4e+08	2	4.4e+08	0.258164007383881	0.992156607473676	0.014095564748901	0.367447825517135	0.00793043248297544	0.0015000101365752	-0.110753047804988	2.3053694007858	0.657120315953325
292	2:440500000	2	440500000	0.258164007383881	0.992156607473676	0.014095564748901	0.367447825517135	0.00793043248297544	0.0015000101365752	-0.110753047804988	2.3053694007858	0.657120315953325
292	2:4.34e+08	2	4.34e+08	0.258164007383881	0.992156607473676	0.014095564748901	0.367447825517135	0.00793043248297544	0.0015000101365752	-0.110753047804988	2.3053694007858	0.657120315953325
292	2:4.3e+08	2	4.3e+08	0.258164007383881	0.992156607473676	0.014095564748901	0.367447825517135	0.00793043248297544	0.0015000101365752	-0.110753047804988	2.3053694007858	0.657120315953325
292	2:4.35e+08	2	4.35e+08	0.258164007383881	0.992156607473676	0.014095564748901	0.367447825517135	0.00793043248297544	0.0015000101365752	-0.110753047804988	2.3053694007858	0.657120315953325
292	2:4.33e+08	2	4.33e+08	0.258164007383881	0.992156607473676	0.014095564748901	0.367447825517135	0.00793043248297544	0.0015000101365752	-0.110753047804988	2.3053694007858	0.657120315953325
292	2:4.38e+08	2	4.38e+08	0.258164007383881	0.992156607473676	0.014095564748901	0.367447825517135	0.00793043248297544	0.0015000101365752	-0.110753047804988	2.3053694007858	0.657120315953325
292	2:430500000	2	430500000	0.258164007383881	0.992156607473676	0.014095564748901	0.367447825517135	0.00793043248297544	0.0015000101365752	-0.110753047804988	2.3053694007858	0.657120315953325
292	2:4.31e+08	2	4.31e+08	0.258164007383881	0.992156607473676	0.014095564748901	0.367447825517135	0.00793043248297544	0.0015000101365752	-0.110753047804988	2.3053694007858	0.657120315953325
292	2:437500000	2	437500000	0.258164007383881	0.992156607473676	0.014095564748901	0.367447825517135	0.00793043248297544	0.0015000101365752	-0.110753047804988	2.3053694007858	0.657120315953325
292	2:4.42e+08	2	4.42e+08	0.258164007383881	0.992156607473676	0.014095564748901	0.367447825517135	0.00793043248297544	0.0015000101365752	-0.110753047804988	2.3053694007858	0.657120315953325
292	2:432500000	2	432500000	0.258164007383881	0.992156607473676	0.014095564748901	0.367447825517135	0.00793043248297544	0.0015000101365752	-0.110753047804988	2.3053694007858	0.657120315953325
292	2:433500000	2	433500000	0.258164007383881	0.992156607473676	0.014095564748901	0.367447825517135	0.00793043248297544	0.0015000101365752	-0.110753047804988	2.3053694007858	0.657120315953325
292	2:441500000	2	441500000	0.258164007383881	0.992156607473676	0.014095564748901	0.367447825517135	0.00793043248297544	0.0015000101365752	-0.110753047804988	2.3053694007858	0.657120315953325
292	2:442500000	2	442500000	0.258164007383881	0.992156607473676	0.014095564748901	0.367447825517135	0.00793043248297544	0.0015000101365752	-0.110753047804988	2.3053694007858	0.657120315953325
292	2:4.41e+08	2	4.41e+08	0.258164007383881	0.992156607473676	0.014095564748901	0.367447825517135	0.00793043248297544	0.0015000101365752	-0.110753047804988	2.3053694007858	0.657120315953325
292	2:431500000	2	431500000	0.258164007383881	0.992156607473676	0.014095564748901	0.367447825517135	0.00793043248297544	0.0015000101365752	-0.110753047804988	2.3053694007858	0.657120315953325
292	2:4.32e+08	2	4.32e+08	0.258164007383881	0.992156607473676	0.014095564748901	0.367447825517135	0.00793043248297544	0.0015000101365752	-0.110753047804988	2.3053694007858	0.657120315953325
292	2:4.37e+08	2	4.37e+08	0.258164007383881	0.992156607473676	0.014095564748901	0.367447825517135	0.00793043248297544	0.0015000101365752	-0.110753047804988	2.3053694007858	0.657120315953325
306	2:4.32e+08	2	4.32e+08	0	0.982851384924932	0.00736420463952728	0	0.0222926906657761	0.00121543107458623	0.161214720264406	2.27777445884696	0.503806707552817
306	2:4.3e+08	2	4.3e+08	0	0.982851384924932	0.00736420463952728	0	0.0222926906657761	0.00121543107458623	0.161214720264406	2.27777445884696	0.503806707552817
306	2:439500000	2	439500000	0	0.982851384924932	0.00736420463952728	0	0.0222926906657761	0.00121543107458623	0.161214720264406	2.27777445884696	0.503806707552817
306	2:4.41e+08	2	4.41e+08	0	0.982851384924932	0.00736420463952728	0	0.0222926906657761	0.00121543107458623	0.161214720264406	2.27777445884696	0.503806707552817
306	2:4.34e+08	2	4.34e+08	0	0.982851384924932	0.00736420463952728	0	0.0222926906657761	0.00121543107458623	0.161214720264406	2.27777445884696	0.503806707552817
306	2:431500000	2	431500000	0	0.982851384924932	0.00736420463952728	0	0.0222926906657761	0.00121543107458623	0.161214720264406	2.27777445884696	0.503806707552817
306	2:4.33e+08	2	4.33e+08	0	0.982851384924932	0.00736420463952728	0	0.0222926906657761	0.00121543107458623	0.161214720264406	2.27777445884696	0.503806707552817
306	2:440500000	2	440500000	0	0.982851384924932	0.00736420463952728	0	0.0222926906657761	0.00121543107458623	0.161214720264406	2.27777445884696	0.503806707552817
306	2:433500000	2	433500000	0	0.982851384924932	0.00736420463952728	0	0.0222926906657761	0.00121543107458623	0.161214720264406	2.27777445884696	0.503806707552817
306	2:442500000	2	442500000	0	0.982851384924932	0.00736420463952728	0	0.0222926906657761	0.00121543107458623	0.161214720264406	2.27777445884696	0.503806707552817
306	2:455500000	2	455500000	0	0.982851384924932	0.00736420463952728	0	0.0222926906657761	0.00121543107458623	0.161214720264406	2.27777445884696	0.503806707552817
306	2:430500000	2	430500000	0	0.982851384924932	0.00736420463952728	0	0.0222926906657761	0.00121543107458623	0.161214720264406	2.27777445884696	0.503806707552817
306	2:454500000	2	454500000	0	0.982851384924932	0.00736420463952728	0	0.0222926906657761	0.00121543107458623	0.161214720264406	2.27777445884696	0.503806707552817
306	2:4.38e+08	2	4.38e+08	0	0.982851384924932	0.00736420463952728	0	0.0222926906657761	0.00121543107458623	0.161214720264406	2.27777445884696	0.503806707552817
306	2:4.35e+08	2	4.35e+08	0	0.982851384924932	0.00736420463952728	0	0.0222926906657761	0.00121543107458623	0.161214720264406	2.27777445884696	0.503806707552817
306	2:432500000	2	432500000	0	0.982851384924932	0.00736420463952728	0	0.0222926906657761	0.00121543107458623	0.161214720264406	2.27777445884696	0.503806707552817
306	2:4.42e+08	2	4.42e+08	0	0.982851384924932	0.00736420463952728	0	0.0222926906657761	0.00121543107458623	0.161214720264406	2.27777445884696	0.503806707552817
306	2:4.31e+08	2	4.31e+08	0	0.982851384924932	0.00736420463952728	0	0.0222926906657761	0.00121543107458623	0.161214720264406	2.27777445884696	0.503806707552817
306	2:441500000	2	441500000	0	0.982851384924932	0.00736420463952728	0	0.0222926906657761	0.00121543107458623	0.161214720264406	2.27777445884696	0.503806707552817
306	2:437500000	2	437500000	0	0.982851384924932	0.00736420463952728	0	0.0222926906657761	0.00121543107458623	0.161214720264406	2.27777445884696	0.503806707552817
306	2:4.4e+08	2	4.4e+08	0	0.982851384924932	0.00736420463952728	0	0.0222926906657761	0.00121543107458623	0.161214720264406	2.27777445884696	0.503806707552817
306	2:4.37e+08	2	4.37e+08	0	0.982851384924932	0.00736420463952728	0	0.0222926906657761	0.00121543107458623	0.161214720264406	2.27777445884696	0.503806707552817
307	2:230500000	2	230500000	0.985820643644118	0.993156591580067	0.991303214306107	0.00733573664965359	0.00404072961735542	0.00110495536282241	-2.42183023243888	0.0435493582671519	0.812483908866173
307	2:228500000	2	228500000	0.985820643644118	0.993156591580067	0.991303214306107	0.00733573664965359	0.00404072961735542	0.00110495536282241	-2.42183023243888	0.0435493582671519	0.812483908866173
307	2:2.39e+08	2	2.39e+08	0.985820643644118	0.993156591580067	0.991303214306107	0.00733573664965359	0.00404072961735542	0.00110495536282241	-2.42183023243888	0.0435493582671519	0.812483908866173
307	2:232500000	2	232500000	0.985820643644118	0.993156591580067	0.991303214306107	0.00733573664965359	0.00404072961735542	0.00110495536282241	-2.42183023243888	0.0435493582671519	0.812483908866173
307	2:2.37e+08	2	2.37e+08	0.985820643644118	0.993156591580067	0.991303214306107	0.00733573664965359	0.00404072961735542	0.00110495536282241	-2.42183023243888	0.0435493582671519	0.812483908866173
307	2:238500000	2	238500000	0.985820643644118	0.993156591580067	0.991303214306107	0.00733573664965359	0.00404072961735542	0.00110495536282241	-2.42183023243888	0.0435493582671519	0.812483908866173
307	2:2.27e+08	2	2.27e+08	0.985820643644118	0.993156591580067	0.991303214306107	0.00733573664965359	0.00404072961735542	0.00110495536282241	-2.42183023243888	0.0435493582671519	0.812483908866173
307	2:227500000	2	227500000	0.985820643644118	0.993156591580067	0.991303214306107	0.00733573664965359	0.00404072961735542	0.00110495536282241	-2.42183023243888	0.0435493582671519	0.812483908866173
307	2:235500000	2	235500000	0.985820643644118	0.993156591580067	0.991303214306107	0.00733573664965359	0.00404072961735542	0.00110495536282241	-2.42183023243888	0.0435493582671519	0.812483908866173
307	2:2.35e+08	2	2.35e+08	0.985820643644118	0.993156591580067	0.991303214306107	0.00733573664965359	0.00404072961735542	0.00110495536282241	-2.42183023243888	0.0435493582671519	0.812483908866173
307	2:2.26e+08	2	2.26e+08	0.985820643644118	0.993156591580067	0.991303214306107	0.00733573664965359	0.00404072961735542	0.00110495536282241	-2.42183023243888	0.0435493582671519	0.812483908866173
307	2:2.33e+08	2	2.33e+08	0.985820643644118	0.993156591580067	0.991303214306107	0.00733573664965359	0.00404072961735542	0.00110495536282241	-2.42183023243888	0.0435493582671519	0.812483908866173
307	2:2.34e+08	2	2.34e+08	0.985820643644118	0.993156591580067	0.991303214306107	0.00733573664965359	0.00404072961735542	0.00110495536282241	-2.42183023243888	0.0435493582671519	0.812483908866173
307	2:226500000	2	226500000	0.985820643644118	0.993156591580067	0.991303214306107	0.00733573664965359	0.00404072961735542	0.00110495536282241	-2.42183023243888	0.0435493582671519	0.812483908866173
307	2:234500000	2	234500000	0.985820643644118	0.993156591580067	0.991303214306107	0.00733573664965359	0.00404072961735542	0.00110495536282241	-2.42183023243888	0.0435493582671519	0.812483908866173
307	2:2.28e+08	2	2.28e+08	0.985820643644118	0.993156591580067	0.991303214306107	0.00733573664965359	0.00404072961735542	0.00110495536282241	-2.42183023243888	0.0435493582671519	0.812483908866173
307	2:2.36e+08	2	2.36e+08	0.985820643644118	0.993156591580067	0.991303214306107	0.00733573664965359	0.00404072961735542	0.00110495536282241	-2.42183023243888	0.0435493582671519	0.812483908866173
307	2:224500000	2	224500000	0.985820643644118	0.993156591580067	0.991303214306107	0.00733573664965359	0.00404072961735542	0.00110495536282241	-2.42183023243888	0.0435493582671519	0.812483908866173
307	2:233500000	2	233500000	0.985820643644118	0.993156591580067	0.991303214306107	0.00733573664965359	0.00404072961735542	0.00110495536282241	-2.42183023243888	0.0435493582671519	0.812483908866173
307	2:2.31e+08	2	2.31e+08	0.985820643644118	0.993156591580067	0.991303214306107	0.00733573664965359	0.00404072961735542	0.00110495536282241	-2.42183023243888	0.0435493582671519	0.812483908866173
307	2:231500000	2	231500000	0.985820643644118	0.993156591580067	0.991303214306107	0.00733573664965359	0.00404072961735542	0.00110495536282241	-2.42183023243888	0.0435493582671519	0.812483908866173
307	2:236500000	2	236500000	0.985820643644118	0.993156591580067	0.991303214306107	0.00733573664965359	0.00404072961735542	0.00110495536282241	-2.42183023243888	0.0435493582671519	0.812483908866173
307	2:229500000	2	229500000	0.985820643644118	0.993156591580067	0.991303214306107	0.00733573664965359	0.00404072961735542	0.00110495536282241	-2.42183023243888	0.0435493582671519	0.812483908866173
307	2:2.38e+08	2	2.38e+08	0.985820643644118	0.993156591580067	0.991303214306107	0.00733573664965359	0.00404072961735542	0.00110495536282241	-2.42183023243888	0.0435493582671519	0.812483908866173
307	2:2.3e+08	2	2.3e+08	0.985820643644118	0.993156591580067	0.991303214306107	0.00733573664965359	0.00404072961735542	0.00110495536282241	-2.42183023243888	0.0435493582671519	0.812483908866173
307	2:225500000	2	225500000	0.985820643644118	0.993156591580067	0.991303214306107	0.00733573664965359	0.00404072961735542	0.00110495536282241	-2.42183023243888	0.0435493582671519	0.812483908866173
307	2:237500000	2	237500000	0.985820643644118	0.993156591580067	0.991303214306107	0.00733573664965359	0.00404072961735542	0.00110495536282241	-2.42183023243888	0.0435493582671519	0.812483908866173
307	2:2.25e+08	2	2.25e+08	0.985820643644118	0.993156591580067	0.991303214306107	0.00733573664965359	0.00404072961735542	0.00110495536282241	-2.42183023243888	0.0435493582671519	0.812483908866173
307	2:2.32e+08	2	2.32e+08	0.985820643644118	0.993156591580067	0.991303214306107	0.00733573664965359	0.00404072961735542	0.00110495536282241	-2.42183023243888	0.0435493582671519	0.812483908866173
321	2:4.69e+08	2	4.69e+08	0	0.970570141229679	0.0214714609735187	0	0.0182361960976066	0.00166680331224591	0.0675125089488046	1.95675220748696	0.022896413221253
321	2:467500000	2	467500000	0	0.970570141229679	0.0214714609735187	0	0.0182361960976066	0.00166680331224591	0.0675125089488046	1.95675220748696	0.022896413221253
321	2:4.62e+08	2	4.62e+08	0	0.970570141229679	0.0214714609735187	0	0.0182361960976066	0.00166680331224591	0.0675125089488046	1.95675220748696	0.022896413221253
321	2:465500000	2	465500000	0	0.970570141229679	0.0214714609735187	0	0.0182361960976066	0.00166680331224591	0.0675125089488046	1.95675220748696	0.022896413221253
321	2:468500000	2	468500000	0	0.970570141229679	0.0214714609735187	0	0.0182361960976066	0.00166680331224591	0.0675125089488046	1.95675220748696	0.022896413221253
321	2:4.67e+08	2	4.67e+08	0	0.970570141229679	0.0214714609735187	0	0.0182361960976066	0.00166680331224591	0.0675125089488046	1.95675220748696	0.022896413221253
321	2:466500000	2	466500000	0	0.970570141229679	0.0214714609735187	0	0.0182361960976066	0.00166680331224591	0.0675125089488046	1.95675220748696	0.022896413221253
321	2:4.66e+08	2	4.66e+08	0	0.970570141229679	0.0214714609735187	0	0.0182361960976066	0.00166680331224591	0.0675125089488046	1.95675220748696	0.022896413221253
321	2:4.71e+08	2	4.71e+08	0	0.970570141229679	0.0214714609735187	0	0.0182361960976066	0.00166680331224591	0.0675125089488046	1.95675220748696	0.022896413221253
321	2:471500000	2	471500000	0	0.970570141229679	0.0214714609735187	0	0.0182361960976066	0.00166680331224591	0.0675125089488046	1.95675220748696	0.022896413221253
321	2:469500000	2	469500000	0	0.970570141229679	0.0214714609735187	0	0.0182361960976066	0.00166680331224591	0.0675125089488046	1.95675220748696	0.022896413221253
321	2:4.68e+08	2	4.68e+08	0	0.970570141229679	0.0214714609735187	0	0.0182361960976066	0.00166680331224591	0.0675125089488046	1.95675220748696	0.022896413221253
321	2:470500000	2	470500000	0	0.970570141229679	0.0214714609735187	0	0.0182361960976066	0.00166680331224591	0.0675125089488046	1.95675220748696	0.022896413221253
321	2:4.7e+08	2	4.7e+08	0	0.970570141229679	0.0214714609735187	0	0.0182361960976066	0.00166680331224591	0.0675125089488046	1.95675220748696	0.022896413221253
325	2:3.67e+08	2	3.67e+08	0.958957417065978	0.981501802013044	0.96697288574231	0.0117980429096692	0.00630207602499959	0.00206860474784886	-1.96192966380971	0.123874170384409	0.0762243546487863
325	2:367500000	2	367500000	0.958957417065978	0.981501802013044	0.96697288574231	0.0117980429096692	0.00630207602499959	0.00206860474784886	-1.96192966380971	0.123874170384409	0.0762243546487863
325	2:3.66e+08	2	3.66e+08	0.958957417065978	0.981501802013044	0.96697288574231	0.0117980429096692	0.00630207602499959	0.00206860474784886	-1.96192966380971	0.123874170384409	0.0762243546487863
325	2:366500000	2	366500000	0.958957417065978	0.981501802013044	0.96697288574231	0.0117980429096692	0.00630207602499959	0.00206860474784886	-1.96192966380971	0.123874170384409	0.0762243546487863
325	2:3.68e+08	2	3.68e+08	0.958957417065978	0.981501802013044	0.96697288574231	0.0117980429096692	0.00630207602499959	0.00206860474784886	-1.96192966380971	0.123874170384409	0.0762243546487863
325	2:3.63e+08	2	3.63e+08	0.958957417065978	0.981501802013044	0.96697288574231	0.0117980429096692	0.00630207602499959	0.00206860474784886	-1.96192966380971	0.123874170384409	0.0762243546487863
349	2:4.67e+08	2	4.67e+08	0	0.971945512050941	0.0253932642702677	0	0.0143152421430389	0.00171119098760704	0.0215454283024822	1.93173370617884	0.0575358734015821
349	2:465500000	2	465500000	0	0.971945512050941	0.0253932642702677	0	0.0143152421430389	0.00171119098760704	0.0215454283024822	1.93173370617884	0.0575358734015821
349	2:4.71e+08	2	4.71e+08	0	0.971945512050941	0.0253932642702677	0	0.0143152421430389	0.00171119098760704	0.0215454283024822	1.93173370617884	0.0575358734015821
349	2:470500000	2	470500000	0	0.971945512050941	0.0253932642702677	0	0.0143152421430389	0.00171119098760704	0.0215454283024822	1.93173370617884	0.0575358734015821
349	2:469500000	2	469500000	0	0.971945512050941	0.0253932642702677	0	0.0143152421430389	0.00171119098760704	0.0215454283024822	1.93173370617884	0.0575358734015821
349	2:4.69e+08	2	4.69e+08	0	0.971945512050941	0.0253932642702677	0	0.0143152421430389	0.00171119098760704	0.0215454283024822	1.93173370617884	0.0575358734015821
349	2:467500000	2	467500000	0	0.971945512050941	0.0253932642702677	0	0.0143152421430389	0.00171119098760704	0.0215454283024822	1.93173370617884	0.0575358734015821
349	2:4.66e+08	2	4.66e+08	0	0.971945512050941	0.0253932642702677	0	0.0143152421430389	0.00171119098760704	0.0215454283024822	1.93173370617884	0.0575358734015821
349	2:464500000	2	464500000	0	0.971945512050941	0.0253932642702677	0	0.0143152421430389	0.00171119098760704	0.0215454283024822	1.93173370617884	0.0575358734015821
349	2:4.62e+08	2	4.62e+08	0	0.971945512050941	0.0253932642702677	0	0.0143152421430389	0.00171119098760704	0.0215454283024822	1.93173370617884	0.0575358734015821
349	2:468500000	2	468500000	0	0.971945512050941	0.0253932642702677	0	0.0143152421430389	0.00171119098760704	0.0215454283024822	1.93173370617884	0.0575358734015821
349	2:471500000	2	471500000	0	0.971945512050941	0.0253932642702677	0	0.0143152421430389	0.00171119098760704	0.0215454283024822	1.93173370617884	0.0575358734015821
349	2:4.68e+08	2	4.68e+08	0	0.971945512050941	0.0253932642702677	0	0.0143152421430389	0.00171119098760704	0.0215454283024822	1.93173370617884	0.0575358734015821
349	2:4.7e+08	2	4.7e+08	0	0.971945512050941	0.0253932642702677	0	0.0143152421430389	0.00171119098760704	0.0215454283024822	1.93173370617884	0.0575358734015821
349	2:466500000	2	466500000	0	0.971945512050941	0.0253932642702677	0	0.0143152421430389	0.00171119098760704	0.0215454283024822	1.93173370617884	0.0575358734015821
360	2:1.54e+08	2	1.54e+08	0.963546633529685	0.990523868794916	0.855310017712179	0.00709419082061927	0.00233424381439495	0.00388091138086543	-1.70297569945805	0.643492912992448	0.688524987280251
360	2:1.55e+08	2	1.55e+08	0.963546633529685	0.990523868794916	0.855310017712179	0.00709419082061927	0.00233424381439495	0.00388091138086543	-1.70297569945805	0.643492912992448	0.688524987280251
360	2:154500000	2	154500000	0.963546633529685	0.990523868794916	0.855310017712179	0.00709419082061927	0.00233424381439495	0.00388091138086543	-1.70297569945805	0.643492912992448	0.688524987280251
360	2:149500000	2	149500000	0.963546633529685	0.990523868794916	0.855310017712179	0.00709419082061927	0.00233424381439495	0.00388091138086543	-1.70297569945805	0.643492912992448	0.688524987280251
360	2:153500000	2	153500000	0.963546633529685	0.990523868794916	0.855310017712179	0.00709419082061927	0.00233424381439495	0.00388091138086543	-1.70297569945805	0.643492912992448	0.688524987280251
361	2:467500000	2	467500000	0	0.970439267919576	0.0252486993362748	0	0.0156975397931257	0.00175649918646804	0.03421867247161	1.92150767987549	0.709585108925228
361	2:4.71e+08	2	4.71e+08	0	0.970439267919576	0.0252486993362748	0	0.0156975397931257	0.00175649918646804	0.03421867247161	1.92150767987549	0.709585108925228
361	2:460500000	2	460500000	0	0.970439267919576	0.0252486993362748	0	0.0156975397931257	0.00175649918646804	0.03421867247161	1.92150767987549	0.709585108925228
361	2:4.7e+08	2	4.7e+08	0	0.970439267919576	0.0252486993362748	0	0.0156975397931257	0.00175649918646804	0.03421867247161	1.92150767987549	0.709585108925228
361	2:4.62e+08	2	4.62e+08	0	0.970439267919576	0.0252486993362748	0	0.0156975397931257	0.00175649918646804	0.03421867247161	1.92150767987549	0.709585108925228
361	2:4.61e+08	2	4.61e+08	0	0.970439267919576	0.0252486993362748	0	0.0156975397931257	0.00175649918646804	0.03421867247161	1.92150767987549	0.709585108925228
361	2:465500000	2	465500000	0	0.970439267919576	0.0252486993362748	0	0.0156975397931257	0.00175649918646804	0.03421867247161	1.92150767987549	0.709585108925228
361	2:4.68e+08	2	4.68e+08	0	0.970439267919576	0.0252486993362748	0	0.0156975397931257	0.00175649918646804	0.03421867247161	1.92150767987549	0.709585108925228
361	2:4.69e+08	2	4.69e+08	0	0.970439267919576	0.0252486993362748	0	0.0156975397931257	0.00175649918646804	0.03421867247161	1.92150767987549	0.709585108925228
361	2:469500000	2	469500000	0	0.970439267919576	0.0252486993362748	0	0.0156975397931257	0.00175649918646804	0.03421867247161	1.92150767987549	0.709585108925228
361	2:4.66e+08	2	4.66e+08	0	0.970439267919576	0.0252486993362748	0	0.0156975397931257	0.00175649918646804	0.03421867247161	1.92150767987549	0.709585108925228
361	2:464500000	2	464500000	0	0.970439267919576	0.0252486993362748	0	0.0156975397931257	0.00175649918646804	0.03421867247161	1.92150767987549	0.709585108925228
361	2:466500000	2	466500000	0	0.970439267919576	0.0252486993362748	0	0.0156975397931257	0.00175649918646804	0.03421867247161	1.92150767987549	0.709585108925228
361	2:468500000	2	468500000	0	0.970439267919576	0.0252486993362748	0	0.0156975397931257	0.00175649918646804	0.03421867247161	1.92150767987549	0.709585108925228
361	2:470500000	2	470500000	0	0.970439267919576	0.0252486993362748	0	0.0156975397931257	0.00175649918646804	0.03421867247161	1.92150767987549	0.709585108925228
361	2:4.67e+08	2	4.67e+08	0	0.970439267919576	0.0252486993362748	0	0.0156975397931257	0.00175649918646804	0.03421867247161	1.92150767987549	0.709585108925228
361	2:471500000	2	471500000	0	0.970439267919576	0.0252486993362748	0	0.0156975397931257	0.00175649918646804	0.03421867247161	1.92150767987549	0.709585108925228
366	2:7e+07	2	7e+07	0.810014813282566	0.951539401520663	0.634111372354843	0.0223341274524756	0.00795068750085047	0.00508641319772714	-1.00136441070407	0.658602064685837	0.392370907557252
366	2:63500000	2	63500000	0.810014813282566	0.951539401520663	0.634111372354843	0.0223341274524756	0.00795068750085047	0.00508641319772714	-1.00136441070407	0.658602064685837	0.392370907557252
366	2:64500000	2	64500000	0.810014813282566	0.951539401520663	0.634111372354843	0.0223341274524756	0.00795068750085047	0.00508641319772714	-1.00136441070407	0.658602064685837	0.392370907557252
366	2:7.1e+07	2	7.1e+07	0.810014813282566	0.951539401520663	0.634111372354843	0.0223341274524756	0.00795068750085047	0.00508641319772714	-1.00136441070407	0.658602064685837	0.392370907557252
366	2:6.9e+07	2	6.9e+07	0.810014813282566	0.951539401520663	0.634111372354843	0.0223341274524756	0.00795068750085047	0.00508641319772714	-1.00136441070407	0.658602064685837	0.392370907557252
366	2:69500000	2	69500000	0.810014813282566	0.951539401520663	0.634111372354843	0.0223341274524756	0.00795068750085047	0.00508641319772714	-1.00136441070407	0.658602064685837	0.392370907557252
366	2:65500000	2	65500000	0.810014813282566	0.951539401520663	0.634111372354843	0.0223341274524756	0.00795068750085047	0.00508641319772714	-1.00136441070407	0.658602064685837	0.392370907557252
366	2:71500000	2	71500000	0.810014813282566	0.951539401520663	0.634111372354843	0.0223341274524756	0.00795068750085047	0.00508641319772714	-1.00136441070407	0.658602064685837	0.392370907557252
366	2:6.5e+07	2	6.5e+07	0.810014813282566	0.951539401520663	0.634111372354843	0.0223341274524756	0.00795068750085047	0.00508641319772714	-1.00136441070407	0.658602064685837	0.392370907557252
366	2:6.3e+07	2	6.3e+07	0.810014813282566	0.951539401520663	0.634111372354843	0.0223341274524756	0.00795068750085047	0.00508641319772714	-1.00136441070407	0.658602064685837	0.392370907557252
366	2:6.4e+07	2	6.4e+07	0.810014813282566	0.951539401520663	0.634111372354843	0.0223341274524756	0.00795068750085047	0.00508641319772714	-1.00136441070407	0.658602064685837	0.392370907557252
370	2:201500000	2	201500000	0.878150442733912	0.966182730359996	0.741204080651271	0.0166718087334775	0.00617951554160286	0.00468507779760974	-1.23724799009326	0.590186022510717	0.721855389999401
370	2:1.95e+08	2	1.95e+08	0.878150442733912	0.966182730359996	0.741204080651271	0.0166718087334775	0.00617951554160286	0.00468507779760974	-1.23724799009326	0.590186022510717	0.721855389999401
370	2:182500000	2	182500000	0.878150442733912	0.966182730359996	0.741204080651271	0.0166718087334775	0.00617951554160286	0.00468507779760974	-1.23724799009326	0.590186022510717	0.721855389999401
370	2:1.84e+08	2	1.84e+08	0.878150442733912	0.966182730359996	0.741204080651271	0.0166718087334775	0.00617951554160286	0.00468507779760974	-1.23724799009326	0.590186022510717	0.721855389999401
370	2:183500000	2	183500000	0.878150442733912	0.966182730359996	0.741204080651271	0.0166718087334775	0.00617951554160286	0.00468507779760974	-1.23724799009326	0.590186022510717	0.721855389999401
370	2:1.79e+08	2	1.79e+08	0.878150442733912	0.966182730359996	0.741204080651271	0.0166718087334775	0.00617951554160286	0.00468507779760974	-1.23724799009326	0.590186022510717	0.721855389999401
370	2:2e+08	2	2e+08	0.878150442733912	0.966182730359996	0.741204080651271	0.0166718087334775	0.00617951554160286	0.00468507779760974	-1.23724799009326	0.590186022510717	0.721855389999401
370	2:178500000	2	178500000	0.878150442733912	0.966182730359996	0.741204080651271	0.0166718087334775	0.00617951554160286	0.00468507779760974	-1.23724799009326	0.590186022510717	0.721855389999401
370	2:200500000	2	200500000	0.878150442733912	0.966182730359996	0.741204080651271	0.0166718087334775	0.00617951554160286	0.00468507779760974	-1.23724799009326	0.590186022510717	0.721855389999401
370	2:1.94e+08	2	1.94e+08	0.878150442733912	0.966182730359996	0.741204080651271	0.0166718087334775	0.00617951554160286	0.00468507779760974	-1.23724799009326	0.590186022510717	0.721855389999401
370	2:179500000	2	179500000	0.878150442733912	0.966182730359996	0.741204080651271	0.0166718087334775	0.00617951554160286	0.00468507779760974	-1.23724799009326	0.590186022510717	0.721855389999401
370	2:1.81e+08	2	1.81e+08	0.878150442733912	0.966182730359996	0.741204080651271	0.0166718087334775	0.00617951554160286	0.00468507779760974	-1.23724799009326	0.590186022510717	0.721855389999401
370	2:196500000	2	196500000	0.878150442733912	0.966182730359996	0.741204080651271	0.0166718087334775	0.00617951554160286	0.00468507779760974	-1.23724799009326	0.590186022510717	0.721855389999401
370	2:1.8e+08	2	1.8e+08	0.878150442733912	0.966182730359996	0.741204080651271	0.0166718087334775	0.00617951554160286	0.00468507779760974	-1.23724799009326	0.590186022510717	0.721855389999401
370	2:193500000	2	193500000	0.878150442733912	0.966182730359996	0.741204080651271	0.0166718087334775	0.00617951554160286	0.00468507779760974	-1.23724799009326	0.590186022510717	0.721855389999401
370	2:1.99e+08	2	1.99e+08	0.878150442733912	0.966182730359996	0.741204080651271	0.0166718087334775	0.00617951554160286	0.00468507779760974	-1.23724799009326	0.590186022510717	0.721855389999401
370	2:2.03e+08	2	2.03e+08	0.878150442733912	0.966182730359996	0.741204080651271	0.0166718087334775	0.00617951554160286	0.00468507779760974	-1.23724799009326	0.590186022510717	0.721855389999401
370	2:1.83e+08	2	1.83e+08	0.878150442733912	0.966182730359996	0.741204080651271	0.0166718087334775	0.00617951554160286	0.00468507779760974	-1.23724799009326	0.590186022510717	0.721855389999401
370	2:2.02e+08	2	2.02e+08	0.878150442733912	0.966182730359996	0.741204080651271	0.0166718087334775	0.00617951554160286	0.00468507779760974	-1.23724799009326	0.590186022510717	0.721855389999401
370	2:2.01e+08	2	2.01e+08	0.878150442733912	0.966182730359996	0.741204080651271	0.0166718087334775	0.00617951554160286	0.00468507779760974	-1.23724799009326	0.590186022510717	0.721855389999401
370	2:195500000	2	195500000	0.878150442733912	0.966182730359996	0.741204080651271	0.0166718087334775	0.00617951554160286	0.00468507779760974	-1.23724799009326	0.590186022510717	0.721855389999401
370	2:198500000	2	198500000	0.878150442733912	0.966182730359996	0.741204080651271	0.0166718087334775	0.00617951554160286	0.00468507779760974	-1.23724799009326	0.590186022510717	0.721855389999401
370	2:180500000	2	180500000	0.878150442733912	0.966182730359996	0.741204080651271	0.0166718087334775	0.00617951554160286	0.00468507779760974	-1.23724799009326	0.590186022510717	0.721855389999401
370	2:208500000	2	208500000	0.878150442733912	0.966182730359996	0.741204080651271	0.0166718087334775	0.00617951554160286	0.00468507779760974	-1.23724799009326	0.590186022510717	0.721855389999401
370	2:2.13e+08	2	2.13e+08	0.878150442733912	0.966182730359996	0.741204080651271	0.0166718087334775	0.00617951554160286	0.00468507779760974	-1.23724799009326	0.590186022510717	0.721855389999401
370	2:2.67e+08	2	2.67e+08	0.878150442733912	0.966182730359996	0.741204080651271	0.0166718087334775	0.00617951554160286	0.00468507779760974	-1.23724799009326	0.590186022510717	0.721855389999401
370	2:184500000	2	184500000	0.878150442733912	0.966182730359996	0.741204080651271	0.0166718087334775	0.00617951554160286	0.00468507779760974	-1.23724799009326	0.590186022510717	0.721855389999401
370	2:1.97e+08	2	1.97e+08	0.878150442733912	0.966182730359996	0.741204080651271	0.0166718087334775	0.00617951554160286	0.00468507779760974	-1.23724799009326	0.590186022510717	0.721855389999401
370	2:197500000	2	197500000	0.878150442733912	0.966182730359996	0.741204080651271	0.0166718087334775	0.00617951554160286	0.00468507779760974	-1.23724799009326	0.590186022510717	0.721855389999401
370	2:202500000	2	202500000	0.878150442733912	0.966182730359996	0.741204080651271	0.0166718087334775	0.00617951554160286	0.00468507779760974	-1.23724799009326	0.590186022510717	0.721855389999401
370	2:181500000	2	181500000	0.878150442733912	0.966182730359996	0.741204080651271	0.0166718087334775	0.00617951554160286	0.00468507779760974	-1.23724799009326	0.590186022510717	0.721855389999401
370	2:194500000	2	194500000	0.878150442733912	0.966182730359996	0.741204080651271	0.0166718087334775	0.00617951554160286	0.00468507779760974	-1.23724799009326	0.590186022510717	0.721855389999401
370	2:1.82e+08	2	1.82e+08	0.878150442733912	0.966182730359996	0.741204080651271	0.0166718087334775	0.00617951554160286	0.00468507779760974	-1.23724799009326	0.590186022510717	0.721855389999401
396	2:131500000	2	131500000	0.0163470545860381	0.965115190064115	0.0360521681456373	0.194795007364224	0.0138935902332334	0.00197627077841536	-0.00747233206818527	1.80593110473779	0.274571737414813
396	2:1.13e+08	2	1.13e+08	0.0163470545860381	0.965115190064115	0.0360521681456373	0.194795007364224	0.0138935902332334	0.00197627077841536	-0.00747233206818527	1.80593110473779	0.274571737414813
396	2:141500000	2	141500000	0.0163470545860381	0.965115190064115	0.0360521681456373	0.194795007364224	0.0138935902332334	0.00197627077841536	-0.00747233206818527	1.80593110473779	0.274571737414813
396	2:1.3e+08	2	1.3e+08	0.0163470545860381	0.965115190064115	0.0360521681456373	0.194795007364224	0.0138935902332334	0.00197627077841536	-0.00747233206818527	1.80593110473779	0.274571737414813
396	2:114500000	2	114500000	0.0163470545860381	0.965115190064115	0.0360521681456373	0.194795007364224	0.0138935902332334	0.00197627077841536	-0.00747233206818527	1.80593110473779	0.274571737414813
396	2:142500000	2	142500000	0.0163470545860381	0.965115190064115	0.0360521681456373	0.194795007364224	0.0138935902332334	0.00197627077841536	-0.00747233206818527	1.80593110473779	0.274571737414813
396	2:112500000	2	112500000	0.0163470545860381	0.965115190064115	0.0360521681456373	0.194795007364224	0.0138935902332334	0.00197627077841536	-0.00747233206818527	1.80593110473779	0.274571737414813
396	2:125500000	2	125500000	0.0163470545860381	0.965115190064115	0.0360521681456373	0.194795007364224	0.0138935902332334	0.00197627077841536	-0.00747233206818527	1.80593110473779	0.274571737414813
396	2:127500000	2	127500000	0.0163470545860381	0.965115190064115	0.0360521681456373	0.194795007364224	0.0138935902332334	0.00197627077841536	-0.00747233206818527	1.80593110473779	0.274571737414813
396	2:113500000	2	113500000	0.0163470545860381	0.965115190064115	0.0360521681456373	0.194795007364224	0.0138935902332334	0.00197627077841536	-0.00747233206818527	1.80593110473779	0.274571737414813
396	2:1.4e+08	2	1.4e+08	0.0163470545860381	0.965115190064115	0.0360521681456373	0.194795007364224	0.0138935902332334	0.00197627077841536	-0.00747233206818527	1.80593110473779	0.274571737414813
396	2:119500000	2	119500000	0.0163470545860381	0.965115190064115	0.0360521681456373	0.194795007364224	0.0138935902332334	0.00197627077841536	-0.00747233206818527	1.80593110473779	0.274571737414813
396	2:1.39e+08	2	1.39e+08	0.0163470545860381	0.965115190064115	0.0360521681456373	0.194795007364224	0.0138935902332334	0.00197627077841536	-0.00747233206818527	1.80593110473779	0.274571737414813
396	2:120500000	2	120500000	0.0163470545860381	0.965115190064115	0.0360521681456373	0.194795007364224	0.0138935902332334	0.00197627077841536	-0.00747233206818527	1.80593110473779	0.274571737414813
396	2:118500000	2	118500000	0.0163470545860381	0.965115190064115	0.0360521681456373	0.194795007364224	0.0138935902332334	0.00197627077841536	-0.00747233206818527	1.80593110473779	0.274571737414813
396	2:1.24e+08	2	1.24e+08	0.0163470545860381	0.965115190064115	0.0360521681456373	0.194795007364224	0.0138935902332334	0.00197627077841536	-0.00747233206818527	1.80593110473779	0.274571737414813
396	2:140500000	2	140500000	0.0163470545860381	0.965115190064115	0.0360521681456373	0.194795007364224	0.0138935902332334	0.00197627077841536	-0.00747233206818527	1.80593110473779	0.274571737414813
396	2:1.33e+08	2	1.33e+08	0.0163470545860381	0.965115190064115	0.0360521681456373	0.194795007364224	0.0138935902332334	0.00197627077841536	-0.00747233206818527	1.80593110473779	0.274571737414813
396	2:117500000	2	117500000	0.0163470545860381	0.965115190064115	0.0360521681456373	0.194795007364224	0.0138935902332334	0.00197627077841536	-0.00747233206818527	1.80593110473779	0.274571737414813
404	2:3.71e+08	2	3.71e+08	0.795304394909921	0.951080566033763	0.59339526244491	0.0235346049969389	0.00796242006112467	0.0051747004243066	-0.945854965643939	0.709567322846044	0.401915111600188
404	2:381500000	2	381500000	0.795304394909921	0.951080566033763	0.59339526244491	0.0235346049969389	0.00796242006112467	0.0051747004243066	-0.945854965643939	0.709567322846044	0.401915111600188
404	2:371500000	2	371500000	0.795304394909921	0.951080566033763	0.59339526244491	0.0235346049969389	0.00796242006112467	0.0051747004243066	-0.945854965643939	0.709567322846044	0.401915111600188
404	2:370500000	2	370500000	0.795304394909921	0.951080566033763	0.59339526244491	0.0235346049969389	0.00796242006112467	0.0051747004243066	-0.945854965643939	0.709567322846044	0.401915111600188
404	2:3.55e+08	2	3.55e+08	0.795304394909921	0.951080566033763	0.59339526244491	0.0235346049969389	0.00796242006112467	0.0051747004243066	-0.945854965643939	0.709567322846044	0.401915111600188
404	2:3.56e+08	2	3.56e+08	0.795304394909921	0.951080566033763	0.59339526244491	0.0235346049969389	0.00796242006112467	0.0051747004243066	-0.945854965643939	0.709567322846044	0.401915111600188
404	2:3.62e+08	2	3.62e+08	0.795304394909921	0.951080566033763	0.59339526244491	0.0235346049969389	0.00796242006112467	0.0051747004243066	-0.945854965643939	0.709567322846044	0.401915111600188
404	2:355500000	2	355500000	0.795304394909921	0.951080566033763	0.59339526244491	0.0235346049969389	0.00796242006112467	0.0051747004243066	-0.945854965643939	0.709567322846044	0.401915111600188
416	2:131500000	2	131500000	0.263708764716203	0.981299646003324	0.0339979374346706	0.183255166305426	0.00906745656573421	0.0019497790943759	-0.128164337142591	1.95319849523007	0.679072463280572
416	2:1.39e+08	2	1.39e+08	0.263708764716203	0.981299646003324	0.0339979374346706	0.183255166305426	0.00906745656573421	0.0019497790943759	-0.128164337142591	1.95319849523007	0.679072463280572
416	2:141500000	2	141500000	0.263708764716203	0.981299646003324	0.0339979374346706	0.183255166305426	0.00906745656573421	0.0019497790943759	-0.128164337142591	1.95319849523007	0.679072463280572
416	2:1.4e+08	2	1.4e+08	0.263708764716203	0.981299646003324	0.0339979374346706	0.183255166305426	0.00906745656573421	0.0019497790943759	-0.128164337142591	1.95319849523007	0.679072463280572
416	2:1.33e+08	2	1.33e+08	0.263708764716203	0.981299646003324	0.0339979374346706	0.183255166305426	0.00906745656573421	0.0019497790943759	-0.128164337142591	1.95319849523007	0.679072463280572
416	2:119500000	2	119500000	0.263708764716203	0.981299646003324	0.0339979374346706	0.183255166305426	0.00906745656573421	0.0019497790943759	-0.128164337142591	1.95319849523007	0.679072463280572
416	2:1.13e+08	2	1.13e+08	0.263708764716203	0.981299646003324	0.0339979374346706	0.183255166305426	0.00906745656573421	0.0019497790943759	-0.128164337142591	1.95319849523007	0.679072463280572
416	2:140500000	2	140500000	0.263708764716203	0.981299646003324	0.0339979374346706	0.183255166305426	0.00906745656573421	0.0019497790943759	-0.128164337142591	1.95319849523007	0.679072463280572
416	2:113500000	2	113500000	0.263708764716203	0.981299646003324	0.0339979374346706	0.183255166305426	0.00906745656573421	0.0019497790943759	-0.128164337142591	1.95319849523007	0.679072463280572
416	2:127500000	2	127500000	0.263708764716203	0.981299646003324	0.0339979374346706	0.183255166305426	0.00906745656573421	0.0019497790943759	-0.128164337142591	1.95319849523007	0.679072463280572
416	2:120500000	2	120500000	0.263708764716203	0.981299646003324	0.0339979374346706	0.183255166305426	0.00906745656573421	0.0019497790943759	-0.128164337142591	1.95319849523007	0.679072463280572
416	2:114500000	2	114500000	0.263708764716203	0.981299646003324	0.0339979374346706	0.183255166305426	0.00906745656573421	0.0019497790943759	-0.128164337142591	1.95319849523007	0.679072463280572
416	2:1.3e+08	2	1.3e+08	0.263708764716203	0.981299646003324	0.0339979374346706	0.183255166305426	0.00906745656573421	0.0019497790943759	-0.128164337142591	1.95319849523007	0.679072463280572
416	2:142500000	2	142500000	0.263708764716203	0.981299646003324	0.0339979374346706	0.183255166305426	0.00906745656573421	0.0019497790943759	-0.128164337142591	1.95319849523007	0.679072463280572
416	2:1.24e+08	2	1.24e+08	0.263708764716203	0.981299646003324	0.0339979374346706	0.183255166305426	0.00906745656573421	0.0019497790943759	-0.128164337142591	1.95319849523007	0.679072463280572
416	2:121500000	2	121500000	0.263708764716203	0.981299646003324	0.0339979374346706	0.183255166305426	0.00906745656573421	0.0019497790943759	-0.128164337142591	1.95319849523007	0.679072463280572
416	2:112500000	2	112500000	0.263708764716203	0.981299646003324	0.0339979374346706	0.183255166305426	0.00906745656573421	0.0019497790943759	-0.128164337142591	1.95319849523007	0.679072463280572
416	2:117500000	2	117500000	0.263708764716203	0.981299646003324	0.0339979374346706	0.183255166305426	0.00906745656573421	0.0019497790943759	-0.128164337142591	1.95319849523007	0.679072463280572
416	2:118500000	2	118500000	0.263708764716203	0.981299646003324	0.0339979374346706	0.183255166305426	0.00906745656573421	0.0019497790943759	-0.128164337142591	1.95319849523007	0.679072463280572
416	2:125500000	2	125500000	0.263708764716203	0.981299646003324	0.0339979374346706	0.183255166305426	0.00906745656573421	0.0019497790943759	-0.128164337142591	1.95319849523007	0.679072463280572
423	2:44500000	2	44500000	0.153568184004327	0.982152550533108	0.0248073539855999	0.255940423820131	0.0109005081980429	0.00176079545996739	-0.0685575668281148	2.03182844016851	0.312207871338768
423	2:4.6e+07	2	4.6e+07	0.153568184004327	0.982152550533108	0.0248073539855999	0.255940423820131	0.0109005081980429	0.00176079545996739	-0.0685575668281148	2.03182844016851	0.312207871338768
423	2:4.4e+07	2	4.4e+07	0.153568184004327	0.982152550533108	0.0248073539855999	0.255940423820131	0.0109005081980429	0.00176079545996739	-0.0685575668281148	2.03182844016851	0.312207871338768
423	2:45500000	2	45500000	0.153568184004327	0.982152550533108	0.0248073539855999	0.255940423820131	0.0109005081980429	0.00176079545996739	-0.0685575668281148	2.03182844016851	0.312207871338768
423	2:4.5e+07	2	4.5e+07	0.153568184004327	0.982152550533108	0.0248073539855999	0.255940423820131	0.0109005081980429	0.00176079545996739	-0.0685575668281148	2.03182844016851	0.312207871338768
425	2:259500000	2	259500000	0.831100808895083	0.965213950753909	0.568921739398135	0.0208290945667559	0.00608018903236671	0.0052120658409315	-0.994158087406614	0.820528427983083	0.612231845143316
425	2:270500000	2	270500000	0.831100808895083	0.965213950753909	0.568921739398135	0.0208290945667559	0.00608018903236671	0.0052120658409315	-0.994158087406614	0.820528427983083	0.612231845143316
425	2:2.4e+08	2	2.4e+08	0.831100808895083	0.965213950753909	0.568921739398135	0.0208290945667559	0.00608018903236671	0.0052120658409315	-0.994158087406614	0.820528427983083	0.612231845143316
425	2:2.56e+08	2	2.56e+08	0.831100808895083	0.965213950753909	0.568921739398135	0.0208290945667559	0.00608018903236671	0.0052120658409315	-0.994158087406614	0.820528427983083	0.612231845143316
425	2:256500000	2	256500000	0.831100808895083	0.965213950753909	0.568921739398135	0.0208290945667559	0.00608018903236671	0.0052120658409315	-0.994158087406614	0.820528427983083	0.612231845143316
425	2:2.57e+08	2	2.57e+08	0.831100808895083	0.965213950753909	0.568921739398135	0.0208290945667559	0.00608018903236671	0.0052120658409315	-0.994158087406614	0.820528427983083	0.612231845143316
428	2:3.93e+08	2	3.93e+08	0	0.962234315734647	0.0316878470075268	0	0.0154087764722474	0.00185803440547438	0.0396612043939016	1.81688534834539	0.550380028964201
428	2:445500000	2	445500000	0	0.962234315734647	0.0316878470075268	0	0.0154087764722474	0.00185803440547438	0.0396612043939016	1.81688534834539	0.550380028964201
428	2:361500000	2	361500000	0	0.962234315734647	0.0316878470075268	0	0.0154087764722474	0.00185803440547438	0.0396612043939016	1.81688534834539	0.550380028964201
428	2:4.46e+08	2	4.46e+08	0	0.962234315734647	0.0316878470075268	0	0.0154087764722474	0.00185803440547438	0.0396612043939016	1.81688534834539	0.550380028964201
428	2:4.45e+08	2	4.45e+08	0	0.962234315734647	0.0316878470075268	0	0.0154087764722474	0.00185803440547438	0.0396612043939016	1.81688534834539	0.550380028964201
428	2:444500000	2	444500000	0	0.962234315734647	0.0316878470075268	0	0.0154087764722474	0.00185803440547438	0.0396612043939016	1.81688534834539	0.550380028964201
438	2:361500000	2	361500000	0.385819530005144	0.975459498356471	0.0624539782226958	0.116099404515813	0.00861949987552995	0.00254948759583628	-0.21669623274306	1.75119109419331	0.485800743813786
438	2:3.93e+08	2	3.93e+08	0.385819530005144	0.975459498356471	0.0624539782226958	0.116099404515813	0.00861949987552995	0.00254948759583628	-0.21669623274306	1.75119109419331	0.485800743813786
438	2:3.6e+08	2	3.6e+08	0.385819530005144	0.975459498356471	0.0624539782226958	0.116099404515813	0.00861949987552995	0.00254948759583628	-0.21669623274306	1.75119109419331	0.485800743813786
438	2:445500000	2	445500000	0.385819530005144	0.975459498356471	0.0624539782226958	0.116099404515813	0.00861949987552995	0.00254948759583628	-0.21669623274306	1.75119109419331	0.485800743813786
438	2:4.46e+08	2	4.46e+08	0.385819530005144	0.975459498356471	0.0624539782226958	0.116099404515813	0.00861949987552995	0.00254948759583628	-0.21669623274306	1.75119109419331	0.485800743813786
438	2:444500000	2	444500000	0.385819530005144	0.975459498356471	0.0624539782226958	0.116099404515813	0.00861949987552995	0.00254948759583628	-0.21669623274306	1.75119109419331	0.485800743813786
438	2:4.45e+08	2	4.45e+08	0.385819530005144	0.975459498356471	0.0624539782226958	0.116099404515813	0.00861949987552995	0.00254948759583628	-0.21669623274306	1.75119109419331	0.485800743813786
443	2:112500000	2	112500000	0	0.95212752048657	0.029295058176117	0	0.0190465323955433	0.00178543188801129	0.112707412912562	1.77854905787171	0.533526111534173
443	2:119500000	2	119500000	0	0.95212752048657	0.029295058176117	0	0.0190465323955433	0.00178543188801129	0.112707412912562	1.77854905787171	0.533526111534173
443	2:1.4e+08	2	1.4e+08	0	0.95212752048657	0.029295058176117	0	0.0190465323955433	0.00178543188801129	0.112707412912562	1.77854905787171	0.533526111534173
443	2:131500000	2	131500000	0	0.95212752048657	0.029295058176117	0	0.0190465323955433	0.00178543188801129	0.112707412912562	1.77854905787171	0.533526111534173
443	2:1.24e+08	2	1.24e+08	0	0.95212752048657	0.029295058176117	0	0.0190465323955433	0.00178543188801129	0.112707412912562	1.77854905787171	0.533526111534173
443	2:125500000	2	125500000	0	0.95212752048657	0.029295058176117	0	0.0190465323955433	0.00178543188801129	0.112707412912562	1.77854905787171	0.533526111534173
443	2:1.13e+08	2	1.13e+08	0	0.95212752048657	0.029295058176117	0	0.0190465323955433	0.00178543188801129	0.112707412912562	1.77854905787171	0.533526111534173
443	2:117500000	2	117500000	0	0.95212752048657	0.029295058176117	0	0.0190465323955433	0.00178543188801129	0.112707412912562	1.77854905787171	0.533526111534173
443	2:120500000	2	120500000	0	0.95212752048657	0.029295058176117	0	0.0190465323955433	0.00178543188801129	0.112707412912562	1.77854905787171	0.533526111534173
443	2:1.2e+08	2	1.2e+08	0	0.95212752048657	0.029295058176117	0	0.0190465323955433	0.00178543188801129	0.112707412912562	1.77854905787171	0.533526111534173
443	2:114500000	2	114500000	0	0.95212752048657	0.029295058176117	0	0.0190465323955433	0.00178543188801129	0.112707412912562	1.77854905787171	0.533526111534173
443	2:1.39e+08	2	1.39e+08	0	0.95212752048657	0.029295058176117	0	0.0190465323955433	0.00178543188801129	0.112707412912562	1.77854905787171	0.533526111534173
443	2:113500000	2	113500000	0	0.95212752048657	0.029295058176117	0	0.0190465323955433	0.00178543188801129	0.112707412912562	1.77854905787171	0.533526111534173
443	2:142500000	2	142500000	0	0.95212752048657	0.029295058176117	0	0.0190465323955433	0.00178543188801129	0.112707412912562	1.77854905787171	0.533526111534173
443	2:140500000	2	140500000	0	0.95212752048657	0.029295058176117	0	0.0190465323955433	0.00178543188801129	0.112707412912562	1.77854905787171	0.533526111534173
443	2:121500000	2	121500000	0	0.95212752048657	0.029295058176117	0	0.0190465323955433	0.00178543188801129	0.112707412912562	1.77854905787171	0.533526111534173
443	2:1.33e+08	2	1.33e+08	0	0.95212752048657	0.029295058176117	0	0.0190465323955433	0.00178543188801129	0.112707412912562	1.77854905787171	0.533526111534173
443	2:1.3e+08	2	1.3e+08	0	0.95212752048657	0.029295058176117	0	0.0190465323955433	0.00178543188801129	0.112707412912562	1.77854905787171	0.533526111534173
443	2:118500000	2	118500000	0	0.95212752048657	0.029295058176117	0	0.0190465323955433	0.00178543188801129	0.112707412912562	1.77854905787171	0.533526111534173
443	2:127500000	2	127500000	0	0.95212752048657	0.029295058176117	0	0.0190465323955433	0.00178543188801129	0.112707412912562	1.77854905787171	0.533526111534173
443	2:141500000	2	141500000	0	0.95212752048657	0.029295058176117	0	0.0190465323955433	0.00178543188801129	0.112707412912562	1.77854905787171	0.533526111534173
451	2:32500000	2	32500000	0	0.979308105204537	0.00637110081567896	0	0.0232313855660149	0.000997002964961106	0.225615090339413	2.26527922349602	0.118727104095816
451	2:4.5e+07	2	4.5e+07	0	0.979308105204537	0.00637110081567896	0	0.0232313855660149	0.000997002964961106	0.225615090339413	2.26527922349602	0.118727104095816
451	2:4.4e+07	2	4.4e+07	0	0.979308105204537	0.00637110081567896	0	0.0232313855660149	0.000997002964961106	0.225615090339413	2.26527922349602	0.118727104095816
451	2:44500000	2	44500000	0	0.979308105204537	0.00637110081567896	0	0.0232313855660149	0.000997002964961106	0.225615090339413	2.26527922349602	0.118727104095816
451	2:45500000	2	45500000	0	0.979308105204537	0.00637110081567896	0	0.0232313855660149	0.000997002964961106	0.225615090339413	2.26527922349602	0.118727104095816
451	2:3.2e+07	2	3.2e+07	0	0.979308105204537	0.00637110081567896	0	0.0232313855660149	0.000997002964961106	0.225615090339413	2.26527922349602	0.118727104095816
451	2:4.6e+07	2	4.6e+07	0	0.979308105204537	0.00637110081567896	0	0.0232313855660149	0.000997002964961106	0.225615090339413	2.26527922349602	0.118727104095816
461	2:468500000	2	468500000	0.553229210768239	0.997266079352846	0.0127981466067682	0.271792247520828	0.00325869053801879	0.00146272837488885	-0.272906858506852	2.50518942718376	0.94978784542454
461	2:4.71e+08	2	4.71e+08	0.553229210768239	0.997266079352846	0.0127981466067682	0.271792247520828	0.00325869053801879	0.00146272837488885	-0.272906858506852	2.50518942718376	0.94978784542454
461	2:460500000	2	460500000	0.553229210768239	0.997266079352846	0.0127981466067682	0.271792247520828	0.00325869053801879	0.00146272837488885	-0.272906858506852	2.50518942718376	0.94978784542454
461	2:462500000	2	462500000	0.553229210768239	0.997266079352846	0.0127981466067682	0.271792247520828	0.00325869053801879	0.00146272837488885	-0.272906858506852	2.50518942718376	0.94978784542454
461	2:4.7e+08	2	4.7e+08	0.553229210768239	0.997266079352846	0.0127981466067682	0.271792247520828	0.00325869053801879	0.00146272837488885	-0.272906858506852	2.50518942718376	0.94978784542454
461	2:471500000	2	471500000	0.553229210768239	0.997266079352846	0.0127981466067682	0.271792247520828	0.00325869053801879	0.00146272837488885	-0.272906858506852	2.50518942718376	0.94978784542454
461	2:463500000	2	463500000	0.553229210768239	0.997266079352846	0.0127981466067682	0.271792247520828	0.00325869053801879	0.00146272837488885	-0.272906858506852	2.50518942718376	0.94978784542454
461	2:469500000	2	469500000	0.553229210768239	0.997266079352846	0.0127981466067682	0.271792247520828	0.00325869053801879	0.00146272837488885	-0.272906858506852	2.50518942718376	0.94978784542454
461	2:4.63e+08	2	4.63e+08	0.553229210768239	0.997266079352846	0.0127981466067682	0.271792247520828	0.00325869053801879	0.00146272837488885	-0.272906858506852	2.50518942718376	0.94978784542454
461	2:4.58e+08	2	4.58e+08	0.553229210768239	0.997266079352846	0.0127981466067682	0.271792247520828	0.00325869053801879	0.00146272837488885	-0.272906858506852	2.50518942718376	0.94978784542454
461	2:464500000	2	464500000	0.553229210768239	0.997266079352846	0.0127981466067682	0.271792247520828	0.00325869053801879	0.00146272837488885	-0.272906858506852	2.50518942718376	0.94978784542454
461	2:470500000	2	470500000	0.553229210768239	0.997266079352846	0.0127981466067682	0.271792247520828	0.00325869053801879	0.00146272837488885	-0.272906858506852	2.50518942718376	0.94978784542454
461	2:4.62e+08	2	4.62e+08	0.553229210768239	0.997266079352846	0.0127981466067682	0.271792247520828	0.00325869053801879	0.00146272837488885	-0.272906858506852	2.50518942718376	0.94978784542454
461	2:465500000	2	465500000	0.553229210768239	0.997266079352846	0.0127981466067682	0.271792247520828	0.00325869053801879	0.00146272837488885	-0.272906858506852	2.50518942718376	0.94978784542454
461	2:4.67e+08	2	4.67e+08	0.553229210768239	0.997266079352846	0.0127981466067682	0.271792247520828	0.00325869053801879	0.00146272837488885	-0.272906858506852	2.50518942718376	0.94978784542454
461	2:4.61e+08	2	4.61e+08	0.553229210768239	0.997266079352846	0.0127981466067682	0.271792247520828	0.00325869053801879	0.00146272837488885	-0.272906858506852	2.50518942718376	0.94978784542454
461	2:4.69e+08	2	4.69e+08	0.553229210768239	0.997266079352846	0.0127981466067682	0.271792247520828	0.00325869053801879	0.00146272837488885	-0.272906858506852	2.50518942718376	0.94978784542454
461	2:4.66e+08	2	4.66e+08	0.553229210768239	0.997266079352846	0.0127981466067682	0.271792247520828	0.00325869053801879	0.00146272837488885	-0.272906858506852	2.50518942718376	0.94978784542454
461	2:4.68e+08	2	4.68e+08	0.553229210768239	0.997266079352846	0.0127981466067682	0.271792247520828	0.00325869053801879	0.00146272837488885	-0.272906858506852	2.50518942718376	0.94978784542454
461	2:467500000	2	467500000	0.553229210768239	0.997266079352846	0.0127981466067682	0.271792247520828	0.00325869053801879	0.00146272837488885	-0.272906858506852	2.50518942718376	0.94978784542454
461	2:466500000	2	466500000	0.553229210768239	0.997266079352846	0.0127981466067682	0.271792247520828	0.00325869053801879	0.00146272837488885	-0.272906858506852	2.50518942718376	0.94978784542454
477	2:4.5e+07	2	4.5e+07	0	0.984931312150109	0.00688988939868362	0	0.0227069676359433	0.00124029706089049	0.147336658460586	2.31561683582428	0.699192159828943
477	2:3.2e+07	2	3.2e+07	0	0.984931312150109	0.00688988939868362	0	0.0227069676359433	0.00124029706089049	0.147336658460586	2.31561683582428	0.699192159828943
477	2:32500000	2	32500000	0	0.984931312150109	0.00688988939868362	0	0.0227069676359433	0.00124029706089049	0.147336658460586	2.31561683582428	0.699192159828943
477	2:4.4e+07	2	4.4e+07	0	0.984931312150109	0.00688988939868362	0	0.0227069676359433	0.00124029706089049	0.147336658460586	2.31561683582428	0.699192159828943
477	2:45500000	2	45500000	0	0.984931312150109	0.00688988939868362	0	0.0227069676359433	0.00124029706089049	0.147336658460586	2.31561683582428	0.699192159828943
477	2:46500000	2	46500000	0	0.984931312150109	0.00688988939868362	0	0.0227069676359433	0.00124029706089049	0.147336658460586	2.31561683582428	0.699192159828943
477	2:4.6e+07	2	4.6e+07	0	0.984931312150109	0.00688988939868362	0	0.0227069676359433	0.00124029706089049	0.147336658460586	2.31561683582428	0.699192159828943
477	2:44500000	2	44500000	0	0.984931312150109	0.00688988939868362	0	0.0227069676359433	0.00124029706089049	0.147336658460586	2.31561683582428	0.699192159828943
495	2:464500000	2	464500000	0	0.991720049484911	0.00584433493144037	0	0.0120417770795257	0.00108603736439723	0.0625352904549304	2.45887131774822	0.536351618620217
495	2:4.66e+08	2	4.66e+08	0	0.991720049484911	0.00584433493144037	0	0.0120417770795257	0.00108603736439723	0.0625352904549304	2.45887131774822	0.536351618620217
495	2:466500000	2	466500000	0	0.991720049484911	0.00584433493144037	0	0.0120417770795257	0.00108603736439723	0.0625352904549304	2.45887131774822	0.536351618620217
495	2:4.63e+08	2	4.63e+08	0	0.991720049484911	0.00584433493144037	0	0.0120417770795257	0.00108603736439723	0.0625352904549304	2.45887131774822	0.536351618620217
495	2:465500000	2	465500000	0	0.991720049484911	0.00584433493144037	0	0.0120417770795257	0.00108603736439723	0.0625352904549304	2.45887131774822	0.536351618620217
495	2:4.67e+08	2	4.67e+08	0	0.991720049484911	0.00584433493144037	0	0.0120417770795257	0.00108603736439723	0.0625352904549304	2.45887131774822	0.536351618620217
495	2:4.65e+08	2	4.65e+08	0	0.991720049484911	0.00584433493144037	0	0.0120417770795257	0.00108603736439723	0.0625352904549304	2.45887131774822	0.536351618620217
495	2:4.72e+08	2	4.72e+08	0	0.991720049484911	0.00584433493144037	0	0.0120417770795257	0.00108603736439723	0.0625352904549304	2.45887131774822	0.536351618620217
495	2:462500000	2	462500000	0	0.991720049484911	0.00584433493144037	0	0.0120417770795257	0.00108603736439723	0.0625352904549304	2.45887131774822	0.536351618620217
495	2:463500000	2	463500000	0	0.991720049484911	0.00584433493144037	0	0.0120417770795257	0.00108603736439723	0.0625352904549304	2.45887131774822	0.536351618620217
495	2:4.61e+08	2	4.61e+08	0	0.991720049484911	0.00584433493144037	0	0.0120417770795257	0.00108603736439723	0.0625352904549304	2.45887131774822	0.536351618620217
495	2:468500000	2	468500000	0	0.991720049484911	0.00584433493144037	0	0.0120417770795257	0.00108603736439723	0.0625352904549304	2.45887131774822	0.536351618620217
495	2:460500000	2	460500000	0	0.991720049484911	0.00584433493144037	0	0.0120417770795257	0.00108603736439723	0.0625352904549304	2.45887131774822	0.536351618620217
495	2:472500000	2	472500000	0	0.991720049484911	0.00584433493144037	0	0.0120417770795257	0.00108603736439723	0.0625352904549304	2.45887131774822	0.536351618620217
495	2:4.58e+08	2	4.58e+08	0	0.991720049484911	0.00584433493144037	0	0.0120417770795257	0.00108603736439723	0.0625352904549304	2.45887131774822	0.536351618620217
495	2:4.62e+08	2	4.62e+08	0	0.991720049484911	0.00584433493144037	0	0.0120417770795257	0.00108603736439723	0.0625352904549304	2.45887131774822	0.536351618620217
495	2:4.68e+08	2	4.68e+08	0	0.991720049484911	0.00584433493144037	0	0.0120417770795257	0.00108603736439723	0.0625352904549304	2.45887131774822	0.536351618620217
495	2:4.69e+08	2	4.69e+08	0	0.991720049484911	0.00584433493144037	0	0.0120417770795257	0.00108603736439723	0.0625352904549304	2.45887131774822	0.536351618620217
495	2:467500000	2	467500000	0	0.991720049484911	0.00584433493144037	0	0.0120417770795257	0.00108603736439723	0.0625352904549304	2.45887131774822	0.536351618620217
495	2:4.71e+08	2	4.71e+08	0	0.991720049484911	0.00584433493144037	0	0.0120417770795257	0.00108603736439723	0.0625352904549304	2.45887131774822	0.536351618620217
495	2:471500000	2	471500000	0	0.991720049484911	0.00584433493144037	0	0.0120417770795257	0.00108603736439723	0.0625352904549304	2.45887131774822	0.536351618620217
495	2:470500000	2	470500000	0	0.991720049484911	0.00584433493144037	0	0.0120417770795257	0.00108603736439723	0.0625352904549304	2.45887131774822	0.536351618620217
495	2:4.73e+08	2	4.73e+08	0	0.991720049484911	0.00584433493144037	0	0.0120417770795257	0.00108603736439723	0.0625352904549304	2.45887131774822	0.536351618620217
495	2:469500000	2	469500000	0	0.991720049484911	0.00584433493144037	0	0.0120417770795257	0.00108603736439723	0.0625352904549304	2.45887131774822	0.536351618620217
495	2:473500000	2	473500000	0	0.991720049484911	0.00584433493144037	0	0.0120417770795257	0.00108603736439723	0.0625352904549304	2.45887131774822	0.536351618620217
495	2:4.7e+08	2	4.7e+08	0	0.991720049484911	0.00584433493144037	0	0.0120417770795257	0.00108603736439723	0.0625352904549304	2.45887131774822	0.536351618620217
498	2:98500000	2	98500000	0	0.955516048219201	0.0168569719494466	0	0.0228047118662069	0.00139852849582259	0.211304580390663	1.91217190516435	0.136500836031125
498	2:9.9e+07	2	9.9e+07	0	0.955516048219201	0.0168569719494466	0	0.0228047118662069	0.00139852849582259	0.211304580390663	1.91217190516435	0.136500836031125
498	2:85500000	2	85500000	0	0.955516048219201	0.0168569719494466	0	0.0228047118662069	0.00139852849582259	0.211304580390663	1.91217190516435	0.136500836031125
498	2:94500000	2	94500000	0	0.955516048219201	0.0168569719494466	0	0.0228047118662069	0.00139852849582259	0.211304580390663	1.91217190516435	0.136500836031125
498	2:8.6e+07	2	8.6e+07	0	0.955516048219201	0.0168569719494466	0	0.0228047118662069	0.00139852849582259	0.211304580390663	1.91217190516435	0.136500836031125
498	2:82500000	2	82500000	0	0.955516048219201	0.0168569719494466	0	0.0228047118662069	0.00139852849582259	0.211304580390663	1.91217190516435	0.136500836031125
498	2:96500000	2	96500000	0	0.955516048219201	0.0168569719494466	0	0.0228047118662069	0.00139852849582259	0.211304580390663	1.91217190516435	0.136500836031125
498	2:88500000	2	88500000	0	0.955516048219201	0.0168569719494466	0	0.0228047118662069	0.00139852849582259	0.211304580390663	1.91217190516435	0.136500836031125
498	2:97500000	2	97500000	0	0.955516048219201	0.0168569719494466	0	0.0228047118662069	0.00139852849582259	0.211304580390663	1.91217190516435	0.136500836031125
498	2:9.2e+07	2	9.2e+07	0	0.955516048219201	0.0168569719494466	0	0.0228047118662069	0.00139852849582259	0.211304580390663	1.91217190516435	0.136500836031125
498	2:8.4e+07	2	8.4e+07	0	0.955516048219201	0.0168569719494466	0	0.0228047118662069	0.00139852849582259	0.211304580390663	1.91217190516435	0.136500836031125
498	2:1.09e+08	2	1.09e+08	0	0.955516048219201	0.0168569719494466	0	0.0228047118662069	0.00139852849582259	0.211304580390663	1.91217190516435	0.136500836031125
498	2:99500000	2	99500000	0	0.955516048219201	0.0168569719494466	0	0.0228047118662069	0.00139852849582259	0.211304580390663	1.91217190516435	0.136500836031125
498	2:1.01e+08	2	1.01e+08	0	0.955516048219201	0.0168569719494466	0	0.0228047118662069	0.00139852849582259	0.211304580390663	1.91217190516435	0.136500836031125
498	2:100500000	2	100500000	0	0.955516048219201	0.0168569719494466	0	0.0228047118662069	0.00139852849582259	0.211304580390663	1.91217190516435	0.136500836031125
498	2:9.4e+07	2	9.4e+07	0	0.955516048219201	0.0168569719494466	0	0.0228047118662069	0.00139852849582259	0.211304580390663	1.91217190516435	0.136500836031125
498	2:109500000	2	109500000	0	0.955516048219201	0.0168569719494466	0	0.0228047118662069	0.00139852849582259	0.211304580390663	1.91217190516435	0.136500836031125
499	2:140500000	2	140500000	0	0.955002633145304	0.00778553883099316	0	0.0348699157219708	0.000996596443137928	0.361695683492428	2.05712117408426	0.865959948211961
499	2:142500000	2	142500000	0	0.955002633145304	0.00778553883099316	0	0.0348699157219708	0.000996596443137928	0.361695683492428	2.05712117408426	0.865959948211961
499	2:120500000	2	120500000	0	0.955002633145304	0.00778553883099316	0	0.0348699157219708	0.000996596443137928	0.361695683492428	2.05712117408426	0.865959948211961
499	2:114500000	2	114500000	0	0.955002633145304	0.00778553883099316	0	0.0348699157219708	0.000996596443137928	0.361695683492428	2.05712117408426	0.865959948211961
499	2:1.39e+08	2	1.39e+08	0	0.955002633145304	0.00778553883099316	0	0.0348699157219708	0.000996596443137928	0.361695683492428	2.05712117408426	0.865959948211961
499	2:1.3e+08	2	1.3e+08	0	0.955002633145304	0.00778553883099316	0	0.0348699157219708	0.000996596443137928	0.361695683492428	2.05712117408426	0.865959948211961
499	2:119500000	2	119500000	0	0.955002633145304	0.00778553883099316	0	0.0348699157219708	0.000996596443137928	0.361695683492428	2.05712117408426	0.865959948211961
499	2:141500000	2	141500000	0	0.955002633145304	0.00778553883099316	0	0.0348699157219708	0.000996596443137928	0.361695683492428	2.05712117408426	0.865959948211961
499	2:1.13e+08	2	1.13e+08	0	0.955002633145304	0.00778553883099316	0	0.0348699157219708	0.000996596443137928	0.361695683492428	2.05712117408426	0.865959948211961
499	2:1.24e+08	2	1.24e+08	0	0.955002633145304	0.00778553883099316	0	0.0348699157219708	0.000996596443137928	0.361695683492428	2.05712117408426	0.865959948211961
499	2:1.2e+08	2	1.2e+08	0	0.955002633145304	0.00778553883099316	0	0.0348699157219708	0.000996596443137928	0.361695683492428	2.05712117408426	0.865959948211961
499	2:1.23e+08	2	1.23e+08	0	0.955002633145304	0.00778553883099316	0	0.0348699157219708	0.000996596443137928	0.361695683492428	2.05712117408426	0.865959948211961
499	2:117500000	2	117500000	0	0.955002633145304	0.00778553883099316	0	0.0348699157219708	0.000996596443137928	0.361695683492428	2.05712117408426	0.865959948211961
499	2:118500000	2	118500000	0	0.955002633145304	0.00778553883099316	0	0.0348699157219708	0.000996596443137928	0.361695683492428	2.05712117408426	0.865959948211961
499	2:127500000	2	127500000	0	0.955002633145304	0.00778553883099316	0	0.0348699157219708	0.000996596443137928	0.361695683492428	2.05712117408426	0.865959948211961
499	2:121500000	2	121500000	0	0.955002633145304	0.00778553883099316	0	0.0348699157219708	0.000996596443137928	0.361695683492428	2.05712117408426	0.865959948211961
499	2:112500000	2	112500000	0	0.955002633145304	0.00778553883099316	0	0.0348699157219708	0.000996596443137928	0.361695683492428	2.05712117408426	0.865959948211961
499	2:1.4e+08	2	1.4e+08	0	0.955002633145304	0.00778553883099316	0	0.0348699157219708	0.000996596443137928	0.361695683492428	2.05712117408426	0.865959948211961
499	2:125500000	2	125500000	0	0.955002633145304	0.00778553883099316	0	0.0348699157219708	0.000996596443137928	0.361695683492428	2.05712117408426	0.865959948211961
499	2:132500000	2	132500000	0	0.955002633145304	0.00778553883099316	0	0.0348699157219708	0.000996596443137928	0.361695683492428	2.05712117408426	0.865959948211961
499	2:123500000	2	123500000	0	0.955002633145304	0.00778553883099316	0	0.0348699157219708	0.000996596443137928	0.361695683492428	2.05712117408426	0.865959948211961
499	2:113500000	2	113500000	0	0.955002633145304	0.00778553883099316	0	0.0348699157219708	0.000996596443137928	0.361695683492428	2.05712117408426	0.865959948211961
499	2:1.33e+08	2	1.33e+08	0	0.955002633145304	0.00778553883099316	0	0.0348699157219708	0.000996596443137928	0.361695683492428	2.05712117408426	0.865959948211961
499	2:131500000	2	131500000	0	0.955002633145304	0.00778553883099316	0	0.0348699157219708	0.000996596443137928	0.361695683492428	2.05712117408426	0.865959948211961
499	2:124500000	2	124500000	0	0.955002633145304	0.00778553883099316	0	0.0348699157219708	0.000996596443137928	0.361695683492428	2.05712117408426	0.865959948211961
499	2:1.32e+08	2	1.32e+08	0	0.955002633145304	0.00778553883099316	0	0.0348699157219708	0.000996596443137928	0.361695683492428	2.05712117408426	0.865959948211961
503	2:114500000	2	114500000	0	0.989687974533245	0.00628107543163728	0	0.0147969156400135	0.0011291571789433	0.0905748648761376	2.40537174184379	0.680157237031085
503	2:125500000	2	125500000	0	0.989687974533245	0.00628107543163728	0	0.0147969156400135	0.0011291571789433	0.0905748648761376	2.40537174184379	0.680157237031085
503	2:1.13e+08	2	1.13e+08	0	0.989687974533245	0.00628107543163728	0	0.0147969156400135	0.0011291571789433	0.0905748648761376	2.40537174184379	0.680157237031085
503	2:1.24e+08	2	1.24e+08	0	0.989687974533245	0.00628107543163728	0	0.0147969156400135	0.0011291571789433	0.0905748648761376	2.40537174184379	0.680157237031085
503	2:118500000	2	118500000	0	0.989687974533245	0.00628107543163728	0	0.0147969156400135	0.0011291571789433	0.0905748648761376	2.40537174184379	0.680157237031085
503	2:117500000	2	117500000	0	0.989687974533245	0.00628107543163728	0	0.0147969156400135	0.0011291571789433	0.0905748648761376	2.40537174184379	0.680157237031085
503	2:1.2e+08	2	1.2e+08	0	0.989687974533245	0.00628107543163728	0	0.0147969156400135	0.0011291571789433	0.0905748648761376	2.40537174184379	0.680157237031085
503	2:124500000	2	124500000	0	0.989687974533245	0.00628107543163728	0	0.0147969156400135	0.0011291571789433	0.0905748648761376	2.40537174184379	0.680157237031085
503	2:123500000	2	123500000	0	0.989687974533245	0.00628107543163728	0	0.0147969156400135	0.0011291571789433	0.0905748648761376	2.40537174184379	0.680157237031085
503	2:1.39e+08	2	1.39e+08	0	0.989687974533245	0.00628107543163728	0	0.0147969156400135	0.0011291571789433	0.0905748648761376	2.40537174184379	0.680157237031085
503	2:131500000	2	131500000	0	0.989687974533245	0.00628107543163728	0	0.0147969156400135	0.0011291571789433	0.0905748648761376	2.40537174184379	0.680157237031085
503	2:1.32e+08	2	1.32e+08	0	0.989687974533245	0.00628107543163728	0	0.0147969156400135	0.0011291571789433	0.0905748648761376	2.40537174184379	0.680157237031085
503	2:141500000	2	141500000	0	0.989687974533245	0.00628107543163728	0	0.0147969156400135	0.0011291571789433	0.0905748648761376	2.40537174184379	0.680157237031085
503	2:1.4e+08	2	1.4e+08	0	0.989687974533245	0.00628107543163728	0	0.0147969156400135	0.0011291571789433	0.0905748648761376	2.40537174184379	0.680157237031085
503	2:127500000	2	127500000	0	0.989687974533245	0.00628107543163728	0	0.0147969156400135	0.0011291571789433	0.0905748648761376	2.40537174184379	0.680157237031085
503	2:132500000	2	132500000	0	0.989687974533245	0.00628107543163728	0	0.0147969156400135	0.0011291571789433	0.0905748648761376	2.40537174184379	0.680157237031085
503	2:1.23e+08	2	1.23e+08	0	0.989687974533245	0.00628107543163728	0	0.0147969156400135	0.0011291571789433	0.0905748648761376	2.40537174184379	0.680157237031085
503	2:121500000	2	121500000	0	0.989687974533245	0.00628107543163728	0	0.0147969156400135	0.0011291571789433	0.0905748648761376	2.40537174184379	0.680157237031085
503	2:120500000	2	120500000	0	0.989687974533245	0.00628107543163728	0	0.0147969156400135	0.0011291571789433	0.0905748648761376	2.40537174184379	0.680157237031085
503	2:140500000	2	140500000	0	0.989687974533245	0.00628107543163728	0	0.0147969156400135	0.0011291571789433	0.0905748648761376	2.40537174184379	0.680157237031085
503	2:1.33e+08	2	1.33e+08	0	0.989687974533245	0.00628107543163728	0	0.0147969156400135	0.0011291571789433	0.0905748648761376	2.40537174184379	0.680157237031085
503	2:119500000	2	119500000	0	0.989687974533245	0.00628107543163728	0	0.0147969156400135	0.0011291571789433	0.0905748648761376	2.40537174184379	0.680157237031085
503	2:142500000	2	142500000	0	0.989687974533245	0.00628107543163728	0	0.0147969156400135	0.0011291571789433	0.0905748648761376	2.40537174184379	0.680157237031085
503	2:1.3e+08	2	1.3e+08	0	0.989687974533245	0.00628107543163728	0	0.0147969156400135	0.0011291571789433	0.0905748648761376	2.40537174184379	0.680157237031085
503	2:113500000	2	113500000	0	0.989687974533245	0.00628107543163728	0	0.0147969156400135	0.0011291571789433	0.0905748648761376	2.40537174184379	0.680157237031085
503	2:112500000	2	112500000	0	0.989687974533245	0.00628107543163728	0	0.0147969156400135	0.0011291571789433	0.0905748648761376	2.40537174184379	0.680157237031085
503	2:1.38e+08	2	1.38e+08	0	0.989687974533245	0.00628107543163728	0	0.0147969156400135	0.0011291571789433	0.0905748648761376	2.40537174184379	0.680157237031085
507	2:326500000	2	326500000	1	1	1	0	0	0	0	0	0
507	2:3.29e+08	2	3.29e+08	1	1	1	0	0	0	0	0	0
507	2:329500000	2	329500000	1	1	1	0	0	0	0	0	0
507	2:333500000	2	333500000	1	1	1	0	0	0	0	0	0
507	2:3.27e+08	2	3.27e+08	1	1	1	0	0	0	0	0	0
507	2:3.24e+08	2	3.24e+08	1	1	1	0	0	0	0	0	0
507	2:325500000	2	325500000	1	1	1	0	0	0	0	0	0
507	2:324500000	2	324500000	1	1	1	0	0	0	0	0	0
507	2:3.3e+08	2	3.3e+08	1	1	1	0	0	0	0	0	0
507	2:322500000	2	322500000	1	1	1	0	0	0	0	0	0
507	2:3.33e+08	2	3.33e+08	1	1	1	0	0	0	0	0	0
507	2:332500000	2	332500000	1	1	1	0	0	0	0	0	0
507	2:3.25e+08	2	3.25e+08	1	1	1	0	0	0	0	0	0
507	2:330500000	2	330500000	1	1	1	0	0	0	0	0	0
507	2:328500000	2	328500000	1	1	1	0	0	0	0	0	0
507	2:3.32e+08	2	3.32e+08	1	1	1	0	0	0	0	0	0
507	2:334500000	2	334500000	1	1	1	0	0	0	0	0	0
507	2:331500000	2	331500000	1	1	1	0	0	0	0	0	0
507	2:3.35e+08	2	3.35e+08	1	1	1	0	0	0	0	0	0
507	2:3.23e+08	2	3.23e+08	1	1	1	0	0	0	0	0	0
507	2:3.28e+08	2	3.28e+08	1	1	1	0	0	0	0	0	0
507	2:323500000	2	323500000	1	1	1	0	0	0	0	0	0
507	2:3.26e+08	2	3.26e+08	1	1	1	0	0	0	0	0	0
507	2:3.34e+08	2	3.34e+08	1	1	1	0	0	0	0	0	0
507	2:3.31e+08	2	3.31e+08	1	1	1	0	0	0	0	0	0
507	2:327500000	2	327500000	1	1	1	0	0	0	0	0	0
51	2:4.24e+08	2	4.24e+08	1	1	1	0	0	0	0	0	0
51	2:424500000	2	424500000	1	1	1	0	0	0	0	0	0
51	2:426500000	2	426500000	1	1	1	0	0	0	0	0	0
51	2:425500000	2	425500000	1	1	1	0	0	0	0	0	0
51	2:4.25e+08	2	4.25e+08	1	1	1	0	0	0	0	0	0
51	2:4.26e+08	2	4.26e+08	1	1	1	0	0	0	0	0	0
513	2:2.45e+08	2	2.45e+08	0.515572042672743	0.988957272118116	0.043685696134621	0.120517680495092	0.00508762410149073	0.00219624371361399	-0.289732657572468	1.99916230948899	0.302956215297112
513	2:1.71e+08	2	1.71e+08	0.515572042672743	0.988957272118116	0.043685696134621	0.120517680495092	0.00508762410149073	0.00219624371361399	-0.289732657572468	1.99916230948899	0.302956215297112
513	2:261500000	2	261500000	0.515572042672743	0.988957272118116	0.043685696134621	0.120517680495092	0.00508762410149073	0.00219624371361399	-0.289732657572468	1.99916230948899	0.302956215297112
513	2:214500000	2	214500000	0.515572042672743	0.988957272118116	0.043685696134621	0.120517680495092	0.00508762410149073	0.00219624371361399	-0.289732657572468	1.99916230948899	0.302956215297112
513	2:1.62e+08	2	1.62e+08	0.515572042672743	0.988957272118116	0.043685696134621	0.120517680495092	0.00508762410149073	0.00219624371361399	-0.289732657572468	1.99916230948899	0.302956215297112
513	2:253500000	2	253500000	0.515572042672743	0.988957272118116	0.043685696134621	0.120517680495092	0.00508762410149073	0.00219624371361399	-0.289732657572468	1.99916230948899	0.302956215297112
513	2:239500000	2	239500000	0.515572042672743	0.988957272118116	0.043685696134621	0.120517680495092	0.00508762410149073	0.00219624371361399	-0.289732657572468	1.99916230948899	0.302956215297112
513	2:2.53e+08	2	2.53e+08	0.515572042672743	0.988957272118116	0.043685696134621	0.120517680495092	0.00508762410149073	0.00219624371361399	-0.289732657572468	1.99916230948899	0.302956215297112
513	2:2.6e+08	2	2.6e+08	0.515572042672743	0.988957272118116	0.043685696134621	0.120517680495092	0.00508762410149073	0.00219624371361399	-0.289732657572468	1.99916230948899	0.302956215297112
513	2:252500000	2	252500000	0.515572042672743	0.988957272118116	0.043685696134621	0.120517680495092	0.00508762410149073	0.00219624371361399	-0.289732657572468	1.99916230948899	0.302956215297112
513	2:1.69e+08	2	1.69e+08	0.515572042672743	0.988957272118116	0.043685696134621	0.120517680495092	0.00508762410149073	0.00219624371361399	-0.289732657572468	1.99916230948899	0.302956215297112
513	2:260500000	2	260500000	0.515572042672743	0.988957272118116	0.043685696134621	0.120517680495092	0.00508762410149073	0.00219624371361399	-0.289732657572468	1.99916230948899	0.302956215297112
513	2:192500000	2	192500000	0.515572042672743	0.988957272118116	0.043685696134621	0.120517680495092	0.00508762410149073	0.00219624371361399	-0.289732657572468	1.99916230948899	0.302956215297112
513	2:170500000	2	170500000	0.515572042672743	0.988957272118116	0.043685696134621	0.120517680495092	0.00508762410149073	0.00219624371361399	-0.289732657572468	1.99916230948899	0.302956215297112
513	2:1.57e+08	2	1.57e+08	0.515572042672743	0.988957272118116	0.043685696134621	0.120517680495092	0.00508762410149073	0.00219624371361399	-0.289732657572468	1.99916230948899	0.302956215297112
513	2:242500000	2	242500000	0.515572042672743	0.988957272118116	0.043685696134621	0.120517680495092	0.00508762410149073	0.00219624371361399	-0.289732657572468	1.99916230948899	0.302956215297112
513	2:254500000	2	254500000	0.515572042672743	0.988957272118116	0.043685696134621	0.120517680495092	0.00508762410149073	0.00219624371361399	-0.289732657572468	1.99916230948899	0.302956215297112
513	2:1.7e+08	2	1.7e+08	0.515572042672743	0.988957272118116	0.043685696134621	0.120517680495092	0.00508762410149073	0.00219624371361399	-0.289732657572468	1.99916230948899	0.302956215297112
513	2:161500000	2	161500000	0.515572042672743	0.988957272118116	0.043685696134621	0.120517680495092	0.00508762410149073	0.00219624371361399	-0.289732657572468	1.99916230948899	0.302956215297112
513	2:162500000	2	162500000	0.515572042672743	0.988957272118116	0.043685696134621	0.120517680495092	0.00508762410149073	0.00219624371361399	-0.289732657572468	1.99916230948899	0.302956215297112
513	2:1.66e+08	2	1.66e+08	0.515572042672743	0.988957272118116	0.043685696134621	0.120517680495092	0.00508762410149073	0.00219624371361399	-0.289732657572468	1.99916230948899	0.302956215297112
513	2:2.77e+08	2	2.77e+08	0.515572042672743	0.988957272118116	0.043685696134621	0.120517680495092	0.00508762410149073	0.00219624371361399	-0.289732657572468	1.99916230948899	0.302956215297112
513	2:2.43e+08	2	2.43e+08	0.515572042672743	0.988957272118116	0.043685696134621	0.120517680495092	0.00508762410149073	0.00219624371361399	-0.289732657572468	1.99916230948899	0.302956215297112
513	2:171500000	2	171500000	0.515572042672743	0.988957272118116	0.043685696134621	0.120517680495092	0.00508762410149073	0.00219624371361399	-0.289732657572468	1.99916230948899	0.302956215297112
513	2:157500000	2	157500000	0.515572042672743	0.988957272118116	0.043685696134621	0.120517680495092	0.00508762410149073	0.00219624371361399	-0.289732657572468	1.99916230948899	0.302956215297112
513	2:168500000	2	168500000	0.515572042672743	0.988957272118116	0.043685696134621	0.120517680495092	0.00508762410149073	0.00219624371361399	-0.289732657572468	1.99916230948899	0.302956215297112
513	2:1.9e+08	2	1.9e+08	0.515572042672743	0.988957272118116	0.043685696134621	0.120517680495092	0.00508762410149073	0.00219624371361399	-0.289732657572468	1.99916230948899	0.302956215297112
513	2:1.92e+08	2	1.92e+08	0.515572042672743	0.988957272118116	0.043685696134621	0.120517680495092	0.00508762410149073	0.00219624371361399	-0.289732657572468	1.99916230948899	0.302956215297112
513	2:166500000	2	166500000	0.515572042672743	0.988957272118116	0.043685696134621	0.120517680495092	0.00508762410149073	0.00219624371361399	-0.289732657572468	1.99916230948899	0.302956215297112
513	2:248500000	2	248500000	0.515572042672743	0.988957272118116	0.043685696134621	0.120517680495092	0.00508762410149073	0.00219624371361399	-0.289732657572468	1.99916230948899	0.302956215297112
513	2:1.87e+08	2	1.87e+08	0.515572042672743	0.988957272118116	0.043685696134621	0.120517680495092	0.00508762410149073	0.00219624371361399	-0.289732657572468	1.99916230948899	0.302956215297112
513	2:1.59e+08	2	1.59e+08	0.515572042672743	0.988957272118116	0.043685696134621	0.120517680495092	0.00508762410149073	0.00219624371361399	-0.289732657572468	1.99916230948899	0.302956215297112
513	2:191500000	2	191500000	0.515572042672743	0.988957272118116	0.043685696134621	0.120517680495092	0.00508762410149073	0.00219624371361399	-0.289732657572468	1.99916230948899	0.302956215297112
513	2:185500000	2	185500000	0.515572042672743	0.988957272118116	0.043685696134621	0.120517680495092	0.00508762410149073	0.00219624371361399	-0.289732657572468	1.99916230948899	0.302956215297112
513	2:169500000	2	169500000	0.515572042672743	0.988957272118116	0.043685696134621	0.120517680495092	0.00508762410149073	0.00219624371361399	-0.289732657572468	1.99916230948899	0.302956215297112
513	2:2.58e+08	2	2.58e+08	0.515572042672743	0.988957272118116	0.043685696134621	0.120517680495092	0.00508762410149073	0.00219624371361399	-0.289732657572468	1.99916230948899	0.302956215297112
513	2:1.61e+08	2	1.61e+08	0.515572042672743	0.988957272118116	0.043685696134621	0.120517680495092	0.00508762410149073	0.00219624371361399	-0.289732657572468	1.99916230948899	0.302956215297112
513	2:245500000	2	245500000	0.515572042672743	0.988957272118116	0.043685696134621	0.120517680495092	0.00508762410149073	0.00219624371361399	-0.289732657572468	1.99916230948899	0.302956215297112
513	2:299500000	2	299500000	0.515572042672743	0.988957272118116	0.043685696134621	0.120517680495092	0.00508762410149073	0.00219624371361399	-0.289732657572468	1.99916230948899	0.302956215297112
513	2:2.41e+08	2	2.41e+08	0.515572042672743	0.988957272118116	0.043685696134621	0.120517680495092	0.00508762410149073	0.00219624371361399	-0.289732657572468	1.99916230948899	0.302956215297112
513	2:163500000	2	163500000	0.515572042672743	0.988957272118116	0.043685696134621	0.120517680495092	0.00508762410149073	0.00219624371361399	-0.289732657572468	1.99916230948899	0.302956215297112
513	2:266500000	2	266500000	0.515572042672743	0.988957272118116	0.043685696134621	0.120517680495092	0.00508762410149073	0.00219624371361399	-0.289732657572468	1.99916230948899	0.302956215297112
513	2:249500000	2	249500000	0.515572042672743	0.988957272118116	0.043685696134621	0.120517680495092	0.00508762410149073	0.00219624371361399	-0.289732657572468	1.99916230948899	0.302956215297112
513	2:275500000	2	275500000	0.515572042672743	0.988957272118116	0.043685696134621	0.120517680495092	0.00508762410149073	0.00219624371361399	-0.289732657572468	1.99916230948899	0.302956215297112
513	2:2.99e+08	2	2.99e+08	0.515572042672743	0.988957272118116	0.043685696134621	0.120517680495092	0.00508762410149073	0.00219624371361399	-0.289732657572468	1.99916230948899	0.302956215297112
513	2:1.65e+08	2	1.65e+08	0.515572042672743	0.988957272118116	0.043685696134621	0.120517680495092	0.00508762410149073	0.00219624371361399	-0.289732657572468	1.99916230948899	0.302956215297112
513	2:159500000	2	159500000	0.515572042672743	0.988957272118116	0.043685696134621	0.120517680495092	0.00508762410149073	0.00219624371361399	-0.289732657572468	1.99916230948899	0.302956215297112
513	2:1.63e+08	2	1.63e+08	0.515572042672743	0.988957272118116	0.043685696134621	0.120517680495092	0.00508762410149073	0.00219624371361399	-0.289732657572468	1.99916230948899	0.302956215297112
513	2:2.61e+08	2	2.61e+08	0.515572042672743	0.988957272118116	0.043685696134621	0.120517680495092	0.00508762410149073	0.00219624371361399	-0.289732657572468	1.99916230948899	0.302956215297112
513	2:165500000	2	165500000	0.515572042672743	0.988957272118116	0.043685696134621	0.120517680495092	0.00508762410149073	0.00219624371361399	-0.289732657572468	1.99916230948899	0.302956215297112
513	2:1.64e+08	2	1.64e+08	0.515572042672743	0.988957272118116	0.043685696134621	0.120517680495092	0.00508762410149073	0.00219624371361399	-0.289732657572468	1.99916230948899	0.302956215297112
513	2:164500000	2	164500000	0.515572042672743	0.988957272118116	0.043685696134621	0.120517680495092	0.00508762410149073	0.00219624371361399	-0.289732657572468	1.99916230948899	0.302956215297112
513	2:258500000	2	258500000	0.515572042672743	0.988957272118116	0.043685696134621	0.120517680495092	0.00508762410149073	0.00219624371361399	-0.289732657572468	1.99916230948899	0.302956215297112
513	2:1.72e+08	2	1.72e+08	0.515572042672743	0.988957272118116	0.043685696134621	0.120517680495092	0.00508762410149073	0.00219624371361399	-0.289732657572468	1.99916230948899	0.302956215297112
513	2:160500000	2	160500000	0.515572042672743	0.988957272118116	0.043685696134621	0.120517680495092	0.00508762410149073	0.00219624371361399	-0.289732657572468	1.99916230948899	0.302956215297112
513	2:172500000	2	172500000	0.515572042672743	0.988957272118116	0.043685696134621	0.120517680495092	0.00508762410149073	0.00219624371361399	-0.289732657572468	1.99916230948899	0.302956215297112
513	2:2.52e+08	2	2.52e+08	0.515572042672743	0.988957272118116	0.043685696134621	0.120517680495092	0.00508762410149073	0.00219624371361399	-0.289732657572468	1.99916230948899	0.302956215297112
513	2:240500000	2	240500000	0.515572042672743	0.988957272118116	0.043685696134621	0.120517680495092	0.00508762410149073	0.00219624371361399	-0.289732657572468	1.99916230948899	0.302956215297112
513	2:1.6e+08	2	1.6e+08	0.515572042672743	0.988957272118116	0.043685696134621	0.120517680495092	0.00508762410149073	0.00219624371361399	-0.289732657572468	1.99916230948899	0.302956215297112
516	2:131500000	2	131500000	0	0.970580988309362	0.00442774450932294	0	0.0442483651468278	0.00094891236120623	0.364090763965482	2.25349246322242	0.836512998831316
516	2:112500000	2	112500000	0	0.970580988309362	0.00442774450932294	0	0.0442483651468278	0.00094891236120623	0.364090763965482	2.25349246322242	0.836512998831316
516	2:142500000	2	142500000	0	0.970580988309362	0.00442774450932294	0	0.0442483651468278	0.00094891236120623	0.364090763965482	2.25349246322242	0.836512998831316
516	2:1.4e+08	2	1.4e+08	0	0.970580988309362	0.00442774450932294	0	0.0442483651468278	0.00094891236120623	0.364090763965482	2.25349246322242	0.836512998831316
516	2:124500000	2	124500000	0	0.970580988309362	0.00442774450932294	0	0.0442483651468278	0.00094891236120623	0.364090763965482	2.25349246322242	0.836512998831316
516	2:1.24e+08	2	1.24e+08	0	0.970580988309362	0.00442774450932294	0	0.0442483651468278	0.00094891236120623	0.364090763965482	2.25349246322242	0.836512998831316
516	2:114500000	2	114500000	0	0.970580988309362	0.00442774450932294	0	0.0442483651468278	0.00094891236120623	0.364090763965482	2.25349246322242	0.836512998831316
516	2:127500000	2	127500000	0	0.970580988309362	0.00442774450932294	0	0.0442483651468278	0.00094891236120623	0.364090763965482	2.25349246322242	0.836512998831316
516	2:140500000	2	140500000	0	0.970580988309362	0.00442774450932294	0	0.0442483651468278	0.00094891236120623	0.364090763965482	2.25349246322242	0.836512998831316
516	2:121500000	2	121500000	0	0.970580988309362	0.00442774450932294	0	0.0442483651468278	0.00094891236120623	0.364090763965482	2.25349246322242	0.836512998831316
516	2:1.32e+08	2	1.32e+08	0	0.970580988309362	0.00442774450932294	0	0.0442483651468278	0.00094891236120623	0.364090763965482	2.25349246322242	0.836512998831316
516	2:120500000	2	120500000	0	0.970580988309362	0.00442774450932294	0	0.0442483651468278	0.00094891236120623	0.364090763965482	2.25349246322242	0.836512998831316
516	2:1.13e+08	2	1.13e+08	0	0.970580988309362	0.00442774450932294	0	0.0442483651468278	0.00094891236120623	0.364090763965482	2.25349246322242	0.836512998831316
516	2:1.39e+08	2	1.39e+08	0	0.970580988309362	0.00442774450932294	0	0.0442483651468278	0.00094891236120623	0.364090763965482	2.25349246322242	0.836512998831316
516	2:1.38e+08	2	1.38e+08	0	0.970580988309362	0.00442774450932294	0	0.0442483651468278	0.00094891236120623	0.364090763965482	2.25349246322242	0.836512998831316
516	2:111500000	2	111500000	0	0.970580988309362	0.00442774450932294	0	0.0442483651468278	0.00094891236120623	0.364090763965482	2.25349246322242	0.836512998831316
516	2:1.2e+08	2	1.2e+08	0	0.970580988309362	0.00442774450932294	0	0.0442483651468278	0.00094891236120623	0.364090763965482	2.25349246322242	0.836512998831316
516	2:1.33e+08	2	1.33e+08	0	0.970580988309362	0.00442774450932294	0	0.0442483651468278	0.00094891236120623	0.364090763965482	2.25349246322242	0.836512998831316
516	2:132500000	2	132500000	0	0.970580988309362	0.00442774450932294	0	0.0442483651468278	0.00094891236120623	0.364090763965482	2.25349246322242	0.836512998831316
516	2:141500000	2	141500000	0	0.970580988309362	0.00442774450932294	0	0.0442483651468278	0.00094891236120623	0.364090763965482	2.25349246322242	0.836512998831316
516	2:1.23e+08	2	1.23e+08	0	0.970580988309362	0.00442774450932294	0	0.0442483651468278	0.00094891236120623	0.364090763965482	2.25349246322242	0.836512998831316
516	2:117500000	2	117500000	0	0.970580988309362	0.00442774450932294	0	0.0442483651468278	0.00094891236120623	0.364090763965482	2.25349246322242	0.836512998831316
516	2:125500000	2	125500000	0	0.970580988309362	0.00442774450932294	0	0.0442483651468278	0.00094891236120623	0.364090763965482	2.25349246322242	0.836512998831316
516	2:119500000	2	119500000	0	0.970580988309362	0.00442774450932294	0	0.0442483651468278	0.00094891236120623	0.364090763965482	2.25349246322242	0.836512998831316
516	2:118500000	2	118500000	0	0.970580988309362	0.00442774450932294	0	0.0442483651468278	0.00094891236120623	0.364090763965482	2.25349246322242	0.836512998831316
516	2:1.3e+08	2	1.3e+08	0	0.970580988309362	0.00442774450932294	0	0.0442483651468278	0.00094891236120623	0.364090763965482	2.25349246322242	0.836512998831316
516	2:113500000	2	113500000	0	0.970580988309362	0.00442774450932294	0	0.0442483651468278	0.00094891236120623	0.364090763965482	2.25349246322242	0.836512998831316
516	2:123500000	2	123500000	0	0.970580988309362	0.00442774450932294	0	0.0442483651468278	0.00094891236120623	0.364090763965482	2.25349246322242	0.836512998831316
530	2:221500000	2	221500000	0.801074199201487	0.951953152929977	0.603078848410017	0.0230928344458439	0.00786887933534588	0.00515275843526961	-0.962709110773128	0.701384647905605	0.0401916579312709
530	2:2.24e+08	2	2.24e+08	0.801074199201487	0.951953152929977	0.603078848410017	0.0230928344458439	0.00786887933534588	0.00515275843526961	-0.962709110773128	0.701384647905605	0.0401916579312709
530	2:223500000	2	223500000	0.801074199201487	0.951953152929977	0.603078848410017	0.0230928344458439	0.00786887933534588	0.00515275843526961	-0.962709110773128	0.701384647905605	0.0401916579312709
530	2:2.22e+08	2	2.22e+08	0.801074199201487	0.951953152929977	0.603078848410017	0.0230928344458439	0.00786887933534588	0.00515275843526961	-0.962709110773128	0.701384647905605	0.0401916579312709
530	2:2.17e+08	2	2.17e+08	0.801074199201487	0.951953152929977	0.603078848410017	0.0230928344458439	0.00786887933534588	0.00515275843526961	-0.962709110773128	0.701384647905605	0.0401916579312709
530	2:2.23e+08	2	2.23e+08	0.801074199201487	0.951953152929977	0.603078848410017	0.0230928344458439	0.00786887933534588	0.00515275843526961	-0.962709110773128	0.701384647905605	0.0401916579312709
530	2:2.59e+08	2	2.59e+08	0.801074199201487	0.951953152929977	0.603078848410017	0.0230928344458439	0.00786887933534588	0.00515275843526961	-0.962709110773128	0.701384647905605	0.0401916579312709
531	2:355500000	2	355500000	0.0747977586837516	0.984470426058233	0.0181263661678732	0.350496087242472	0.0122946390382879	0.00168385813312805	-0.0311163593405065	2.12519772947487	0.385694782893169
531	2:3.71e+08	2	3.71e+08	0.0747977586837516	0.984470426058233	0.0181263661678732	0.350496087242472	0.0122946390382879	0.00168385813312805	-0.0311163593405065	2.12519772947487	0.385694782893169
531	2:3.93e+08	2	3.93e+08	0.0747977586837516	0.984470426058233	0.0181263661678732	0.350496087242472	0.0122946390382879	0.00168385813312805	-0.0311163593405065	2.12519772947487	0.385694782893169
531	2:445500000	2	445500000	0.0747977586837516	0.984470426058233	0.0181263661678732	0.350496087242472	0.0122946390382879	0.00168385813312805	-0.0311163593405065	2.12519772947487	0.385694782893169
531	2:3.62e+08	2	3.62e+08	0.0747977586837516	0.984470426058233	0.0181263661678732	0.350496087242472	0.0122946390382879	0.00168385813312805	-0.0311163593405065	2.12519772947487	0.385694782893169
531	2:381500000	2	381500000	0.0747977586837516	0.984470426058233	0.0181263661678732	0.350496087242472	0.0122946390382879	0.00168385813312805	-0.0311163593405065	2.12519772947487	0.385694782893169
531	2:3.56e+08	2	3.56e+08	0.0747977586837516	0.984470426058233	0.0181263661678732	0.350496087242472	0.0122946390382879	0.00168385813312805	-0.0311163593405065	2.12519772947487	0.385694782893169
531	2:371500000	2	371500000	0.0747977586837516	0.984470426058233	0.0181263661678732	0.350496087242472	0.0122946390382879	0.00168385813312805	-0.0311163593405065	2.12519772947487	0.385694782893169
531	2:3.6e+08	2	3.6e+08	0.0747977586837516	0.984470426058233	0.0181263661678732	0.350496087242472	0.0122946390382879	0.00168385813312805	-0.0311163593405065	2.12519772947487	0.385694782893169
531	2:361500000	2	361500000	0.0747977586837516	0.984470426058233	0.0181263661678732	0.350496087242472	0.0122946390382879	0.00168385813312805	-0.0311163593405065	2.12519772947487	0.385694782893169
531	2:4.45e+08	2	4.45e+08	0.0747977586837516	0.984470426058233	0.0181263661678732	0.350496087242472	0.0122946390382879	0.00168385813312805	-0.0311163593405065	2.12519772947487	0.385694782893169
531	2:444500000	2	444500000	0.0747977586837516	0.984470426058233	0.0181263661678732	0.350496087242472	0.0122946390382879	0.00168385813312805	-0.0311163593405065	2.12519772947487	0.385694782893169
531	2:3.55e+08	2	3.55e+08	0.0747977586837516	0.984470426058233	0.0181263661678732	0.350496087242472	0.0122946390382879	0.00168385813312805	-0.0311163593405065	2.12519772947487	0.385694782893169
531	2:4.46e+08	2	4.46e+08	0.0747977586837516	0.984470426058233	0.0181263661678732	0.350496087242472	0.0122946390382879	0.00168385813312805	-0.0311163593405065	2.12519772947487	0.385694782893169
531	2:370500000	2	370500000	0.0747977586837516	0.984470426058233	0.0181263661678732	0.350496087242472	0.0122946390382879	0.00168385813312805	-0.0311163593405065	2.12519772947487	0.385694782893169
54	2:2.31e+08	2	2.31e+08	0.891806063593735	0.956216817167789	0.889870266209887	0.0179601527402362	0.00913821495416656	0.00343237343686786	-1.4671078597174	0.241269390797394	0.141120490438202
54	2:233500000	2	233500000	0.891806063593735	0.956216817167789	0.889870266209887	0.0179601527402362	0.00913821495416656	0.00343237343686786	-1.4671078597174	0.241269390797394	0.141120490438202
54	2:234500000	2	234500000	0.891806063593735	0.956216817167789	0.889870266209887	0.0179601527402362	0.00913821495416656	0.00343237343686786	-1.4671078597174	0.241269390797394	0.141120490438202
54	2:230500000	2	230500000	0.891806063593735	0.956216817167789	0.889870266209887	0.0179601527402362	0.00913821495416656	0.00343237343686786	-1.4671078597174	0.241269390797394	0.141120490438202
54	2:2.34e+08	2	2.34e+08	0.891806063593735	0.956216817167789	0.889870266209887	0.0179601527402362	0.00913821495416656	0.00343237343686786	-1.4671078597174	0.241269390797394	0.141120490438202
54	2:2.3e+08	2	2.3e+08	0.891806063593735	0.956216817167789	0.889870266209887	0.0179601527402362	0.00913821495416656	0.00343237343686786	-1.4671078597174	0.241269390797394	0.141120490438202
54	2:2.33e+08	2	2.33e+08	0.891806063593735	0.956216817167789	0.889870266209887	0.0179601527402362	0.00913821495416656	0.00343237343686786	-1.4671078597174	0.241269390797394	0.141120490438202
540	2:109500000	2	109500000	0	0.971852043383675	0.00740595925747704	0	0.0347210202079226	0.00123945793816374	0.264103722342604	2.17284160813385	0.149816251256623
540	2:1.06e+08	2	1.06e+08	0	0.971852043383675	0.00740595925747704	0	0.0347210202079226	0.00123945793816374	0.264103722342604	2.17284160813385	0.149816251256623
540	2:94500000	2	94500000	0	0.971852043383675	0.00740595925747704	0	0.0347210202079226	0.00123945793816374	0.264103722342604	2.17284160813385	0.149816251256623
540	2:1.01e+08	2	1.01e+08	0	0.971852043383675	0.00740595925747704	0	0.0347210202079226	0.00123945793816374	0.264103722342604	2.17284160813385	0.149816251256623
540	2:96500000	2	96500000	0	0.971852043383675	0.00740595925747704	0	0.0347210202079226	0.00123945793816374	0.264103722342604	2.17284160813385	0.149816251256623
540	2:82500000	2	82500000	0	0.971852043383675	0.00740595925747704	0	0.0347210202079226	0.00123945793816374	0.264103722342604	2.17284160813385	0.149816251256623
540	2:88500000	2	88500000	0	0.971852043383675	0.00740595925747704	0	0.0347210202079226	0.00123945793816374	0.264103722342604	2.17284160813385	0.149816251256623
540	2:92500000	2	92500000	0	0.971852043383675	0.00740595925747704	0	0.0347210202079226	0.00123945793816374	0.264103722342604	2.17284160813385	0.149816251256623
540	2:9.4e+07	2	9.4e+07	0	0.971852043383675	0.00740595925747704	0	0.0347210202079226	0.00123945793816374	0.264103722342604	2.17284160813385	0.149816251256623
540	2:8.4e+07	2	8.4e+07	0	0.971852043383675	0.00740595925747704	0	0.0347210202079226	0.00123945793816374	0.264103722342604	2.17284160813385	0.149816251256623
540	2:100500000	2	100500000	0	0.971852043383675	0.00740595925747704	0	0.0347210202079226	0.00123945793816374	0.264103722342604	2.17284160813385	0.149816251256623
540	2:9.9e+07	2	9.9e+07	0	0.971852043383675	0.00740595925747704	0	0.0347210202079226	0.00123945793816374	0.264103722342604	2.17284160813385	0.149816251256623
540	2:77500000	2	77500000	0	0.971852043383675	0.00740595925747704	0	0.0347210202079226	0.00123945793816374	0.264103722342604	2.17284160813385	0.149816251256623
540	2:8.6e+07	2	8.6e+07	0	0.971852043383675	0.00740595925747704	0	0.0347210202079226	0.00123945793816374	0.264103722342604	2.17284160813385	0.149816251256623
540	2:97500000	2	97500000	0	0.971852043383675	0.00740595925747704	0	0.0347210202079226	0.00123945793816374	0.264103722342604	2.17284160813385	0.149816251256623
540	2:9.2e+07	2	9.2e+07	0	0.971852043383675	0.00740595925747704	0	0.0347210202079226	0.00123945793816374	0.264103722342604	2.17284160813385	0.149816251256623
540	2:98500000	2	98500000	0	0.971852043383675	0.00740595925747704	0	0.0347210202079226	0.00123945793816374	0.264103722342604	2.17284160813385	0.149816251256623
540	2:85500000	2	85500000	0	0.971852043383675	0.00740595925747704	0	0.0347210202079226	0.00123945793816374	0.264103722342604	2.17284160813385	0.149816251256623
540	2:99500000	2	99500000	0	0.971852043383675	0.00740595925747704	0	0.0347210202079226	0.00123945793816374	0.264103722342604	2.17284160813385	0.149816251256623
540	2:1.09e+08	2	1.09e+08	0	0.971852043383675	0.00740595925747704	0	0.0347210202079226	0.00123945793816374	0.264103722342604	2.17284160813385	0.149816251256623
541	2:6.5e+07	2	6.5e+07	0.425595270902368	0.950181488701045	0.141027287964429	0.0738915722328164	0.0112898163714851	0.00360833934609441	-0.285450264309745	1.36116562405468	0.877152027962159
541	2:6.4e+07	2	6.4e+07	0.425595270902368	0.950181488701045	0.141027287964429	0.0738915722328164	0.0112898163714851	0.00360833934609441	-0.285450264309745	1.36116562405468	0.877152027962159
541	2:5.6e+07	2	5.6e+07	0.425595270902368	0.950181488701045	0.141027287964429	0.0738915722328164	0.0112898163714851	0.00360833934609441	-0.285450264309745	1.36116562405468	0.877152027962159
541	2:7.1e+07	2	7.1e+07	0.425595270902368	0.950181488701045	0.141027287964429	0.0738915722328164	0.0112898163714851	0.00360833934609441	-0.285450264309745	1.36116562405468	0.877152027962159
541	2:57500000	2	57500000	0.425595270902368	0.950181488701045	0.141027287964429	0.0738915722328164	0.0112898163714851	0.00360833934609441	-0.285450264309745	1.36116562405468	0.877152027962159
541	2:5.7e+07	2	5.7e+07	0.425595270902368	0.950181488701045	0.141027287964429	0.0738915722328164	0.0112898163714851	0.00360833934609441	-0.285450264309745	1.36116562405468	0.877152027962159
541	2:63500000	2	63500000	0.425595270902368	0.950181488701045	0.141027287964429	0.0738915722328164	0.0112898163714851	0.00360833934609441	-0.285450264309745	1.36116562405468	0.877152027962159
541	2:7e+07	2	7e+07	0.425595270902368	0.950181488701045	0.141027287964429	0.0738915722328164	0.0112898163714851	0.00360833934609441	-0.285450264309745	1.36116562405468	0.877152027962159
541	2:5.8e+07	2	5.8e+07	0.425595270902368	0.950181488701045	0.141027287964429	0.0738915722328164	0.0112898163714851	0.00360833934609441	-0.285450264309745	1.36116562405468	0.877152027962159
541	2:5.9e+07	2	5.9e+07	0.425595270902368	0.950181488701045	0.141027287964429	0.0738915722328164	0.0112898163714851	0.00360833934609441	-0.285450264309745	1.36116562405468	0.877152027962159
541	2:64500000	2	64500000	0.425595270902368	0.950181488701045	0.141027287964429	0.0738915722328164	0.0112898163714851	0.00360833934609441	-0.285450264309745	1.36116562405468	0.877152027962159
541	2:55500000	2	55500000	0.425595270902368	0.950181488701045	0.141027287964429	0.0738915722328164	0.0112898163714851	0.00360833934609441	-0.285450264309745	1.36116562405468	0.877152027962159
541	2:71500000	2	71500000	0.425595270902368	0.950181488701045	0.141027287964429	0.0738915722328164	0.0112898163714851	0.00360833934609441	-0.285450264309745	1.36116562405468	0.877152027962159
541	2:65500000	2	65500000	0.425595270902368	0.950181488701045	0.141027287964429	0.0738915722328164	0.0112898163714851	0.00360833934609441	-0.285450264309745	1.36116562405468	0.877152027962159
541	2:56500000	2	56500000	0.425595270902368	0.950181488701045	0.141027287964429	0.0738915722328164	0.0112898163714851	0.00360833934609441	-0.285450264309745	1.36116562405468	0.877152027962159
541	2:69500000	2	69500000	0.425595270902368	0.950181488701045	0.141027287964429	0.0738915722328164	0.0112898163714851	0.00360833934609441	-0.285450264309745	1.36116562405468	0.877152027962159
541	2:62500000	2	62500000	0.425595270902368	0.950181488701045	0.141027287964429	0.0738915722328164	0.0112898163714851	0.00360833934609441	-0.285450264309745	1.36116562405468	0.877152027962159
541	2:6.3e+07	2	6.3e+07	0.425595270902368	0.950181488701045	0.141027287964429	0.0738915722328164	0.0112898163714851	0.00360833934609441	-0.285450264309745	1.36116562405468	0.877152027962159
541	2:6e+07	2	6e+07	0.425595270902368	0.950181488701045	0.141027287964429	0.0738915722328164	0.0112898163714851	0.00360833934609441	-0.285450264309745	1.36116562405468	0.877152027962159
541	2:58500000	2	58500000	0.425595270902368	0.950181488701045	0.141027287964429	0.0738915722328164	0.0112898163714851	0.00360833934609441	-0.285450264309745	1.36116562405468	0.877152027962159
541	2:6.9e+07	2	6.9e+07	0.425595270902368	0.950181488701045	0.141027287964429	0.0738915722328164	0.0112898163714851	0.00360833934609441	-0.285450264309745	1.36116562405468	0.877152027962159
541	2:6.1e+07	2	6.1e+07	0.425595270902368	0.950181488701045	0.141027287964429	0.0738915722328164	0.0112898163714851	0.00360833934609441	-0.285450264309745	1.36116562405468	0.877152027962159
541	2:59500000	2	59500000	0.425595270902368	0.950181488701045	0.141027287964429	0.0738915722328164	0.0112898163714851	0.00360833934609441	-0.285450264309745	1.36116562405468	0.877152027962159
541	2:60500000	2	60500000	0.425595270902368	0.950181488701045	0.141027287964429	0.0738915722328164	0.0112898163714851	0.00360833934609441	-0.285450264309745	1.36116562405468	0.877152027962159
544	2:3.1e+08	2	3.1e+08	0.836412009279227	0.971616343853807	0.509694962914656	0.0207598295386232	0.0051840035137908	0.00525397794596582	-0.964701111331958	0.940397050696983	0.58996760125742
544	2:3.11e+08	2	3.11e+08	0.836412009279227	0.971616343853807	0.509694962914656	0.0207598295386232	0.0051840035137908	0.00525397794596582	-0.964701111331958	0.940397050696983	0.58996760125742
544	2:310500000	2	310500000	0.836412009279227	0.971616343853807	0.509694962914656	0.0207598295386232	0.0051840035137908	0.00525397794596582	-0.964701111331958	0.940397050696983	0.58996760125742
544	2:311500000	2	311500000	0.836412009279227	0.971616343853807	0.509694962914656	0.0207598295386232	0.0051840035137908	0.00525397794596582	-0.964701111331958	0.940397050696983	0.58996760125742
544	2:313500000	2	313500000	0.836412009279227	0.971616343853807	0.509694962914656	0.0207598295386232	0.0051840035137908	0.00525397794596582	-0.964701111331958	0.940397050696983	0.58996760125742
544	2:3.09e+08	2	3.09e+08	0.836412009279227	0.971616343853807	0.509694962914656	0.0207598295386232	0.0051840035137908	0.00525397794596582	-0.964701111331958	0.940397050696983	0.58996760125742
544	2:3.12e+08	2	3.12e+08	0.836412009279227	0.971616343853807	0.509694962914656	0.0207598295386232	0.0051840035137908	0.00525397794596582	-0.964701111331958	0.940397050696983	0.58996760125742
544	2:309500000	2	309500000	0.836412009279227	0.971616343853807	0.509694962914656	0.0207598295386232	0.0051840035137908	0.00525397794596582	-0.964701111331958	0.940397050696983	0.58996760125742
544	2:3.21e+08	2	3.21e+08	0.836412009279227	0.971616343853807	0.509694962914656	0.0207598295386232	0.0051840035137908	0.00525397794596582	-0.964701111331958	0.940397050696983	0.58996760125742
544	2:320500000	2	320500000	0.836412009279227	0.971616343853807	0.509694962914656	0.0207598295386232	0.0051840035137908	0.00525397794596582	-0.964701111331958	0.940397050696983	0.58996760125742
544	2:3.13e+08	2	3.13e+08	0.836412009279227	0.971616343853807	0.509694962914656	0.0207598295386232	0.0051840035137908	0.00525397794596582	-0.964701111331958	0.940397050696983	0.58996760125742
544	2:3.14e+08	2	3.14e+08	0.836412009279227	0.971616343853807	0.509694962914656	0.0207598295386232	0.0051840035137908	0.00525397794596582	-0.964701111331958	0.940397050696983	0.58996760125742
549	2:1.01e+08	2	1.01e+08	0	0.978684701668651	0.0179893692205071	0	0.0158205473883004	0.00165034132137467	0.0349282166978875	2.06223941830591	0.995150866316995
549	2:85500000	2	85500000	0	0.978684701668651	0.0179893692205071	0	0.0158205473883004	0.00165034132137467	0.0349282166978875	2.06223941830591	0.995150866316995
549	2:88500000	2	88500000	0	0.978684701668651	0.0179893692205071	0	0.0158205473883004	0.00165034132137467	0.0349282166978875	2.06223941830591	0.995150866316995
549	2:9.4e+07	2	9.4e+07	0	0.978684701668651	0.0179893692205071	0	0.0158205473883004	0.00165034132137467	0.0349282166978875	2.06223941830591	0.995150866316995
549	2:98500000	2	98500000	0	0.978684701668651	0.0179893692205071	0	0.0158205473883004	0.00165034132137467	0.0349282166978875	2.06223941830591	0.995150866316995
549	2:77500000	2	77500000	0	0.978684701668651	0.0179893692205071	0	0.0158205473883004	0.00165034132137467	0.0349282166978875	2.06223941830591	0.995150866316995
549	2:1.06e+08	2	1.06e+08	0	0.978684701668651	0.0179893692205071	0	0.0158205473883004	0.00165034132137467	0.0349282166978875	2.06223941830591	0.995150866316995
549	2:82500000	2	82500000	0	0.978684701668651	0.0179893692205071	0	0.0158205473883004	0.00165034132137467	0.0349282166978875	2.06223941830591	0.995150866316995
549	2:92500000	2	92500000	0	0.978684701668651	0.0179893692205071	0	0.0158205473883004	0.00165034132137467	0.0349282166978875	2.06223941830591	0.995150866316995
549	2:9.2e+07	2	9.2e+07	0	0.978684701668651	0.0179893692205071	0	0.0158205473883004	0.00165034132137467	0.0349282166978875	2.06223941830591	0.995150866316995
549	2:1.09e+08	2	1.09e+08	0	0.978684701668651	0.0179893692205071	0	0.0158205473883004	0.00165034132137467	0.0349282166978875	2.06223941830591	0.995150866316995
549	2:100500000	2	100500000	0	0.978684701668651	0.0179893692205071	0	0.0158205473883004	0.00165034132137467	0.0349282166978875	2.06223941830591	0.995150866316995
549	2:8.6e+07	2	8.6e+07	0	0.978684701668651	0.0179893692205071	0	0.0158205473883004	0.00165034132137467	0.0349282166978875	2.06223941830591	0.995150866316995
549	2:8.4e+07	2	8.4e+07	0	0.978684701668651	0.0179893692205071	0	0.0158205473883004	0.00165034132137467	0.0349282166978875	2.06223941830591	0.995150866316995
549	2:9e+07	2	9e+07	0	0.978684701668651	0.0179893692205071	0	0.0158205473883004	0.00165034132137467	0.0349282166978875	2.06223941830591	0.995150866316995
549	2:99500000	2	99500000	0	0.978684701668651	0.0179893692205071	0	0.0158205473883004	0.00165034132137467	0.0349282166978875	2.06223941830591	0.995150866316995
549	2:9.9e+07	2	9.9e+07	0	0.978684701668651	0.0179893692205071	0	0.0158205473883004	0.00165034132137467	0.0349282166978875	2.06223941830591	0.995150866316995
549	2:94500000	2	94500000	0	0.978684701668651	0.0179893692205071	0	0.0158205473883004	0.00165034132137467	0.0349282166978875	2.06223941830591	0.995150866316995
549	2:96500000	2	96500000	0	0.978684701668651	0.0179893692205071	0	0.0158205473883004	0.00165034132137467	0.0349282166978875	2.06223941830591	0.995150866316995
549	2:109500000	2	109500000	0	0.978684701668651	0.0179893692205071	0	0.0158205473883004	0.00165034132137467	0.0349282166978875	2.06223941830591	0.995150866316995
549	2:97500000	2	97500000	0	0.978684701668651	0.0179893692205071	0	0.0158205473883004	0.00165034132137467	0.0349282166978875	2.06223941830591	0.995150866316995
554	2:2.94e+08	2	2.94e+08	0.820433838690323	0.950251428821096	0.678688105062564	0.0215110195259454	0.00819149926121817	0.00494780219262162	-1.05566490656387	0.59163146980832	0.291241819025179
554	2:293500000	2	293500000	0.820433838690323	0.950251428821096	0.678688105062564	0.0215110195259454	0.00819149926121817	0.00494780219262162	-1.05566490656387	0.59163146980832	0.291241819025179
554	2:2.64e+08	2	2.64e+08	0.820433838690323	0.950251428821096	0.678688105062564	0.0215110195259454	0.00819149926121817	0.00494780219262162	-1.05566490656387	0.59163146980832	0.291241819025179
554	2:297500000	2	297500000	0.820433838690323	0.950251428821096	0.678688105062564	0.0215110195259454	0.00819149926121817	0.00494780219262162	-1.05566490656387	0.59163146980832	0.291241819025179
554	2:2.93e+08	2	2.93e+08	0.820433838690323	0.950251428821096	0.678688105062564	0.0215110195259454	0.00819149926121817	0.00494780219262162	-1.05566490656387	0.59163146980832	0.291241819025179
554	2:2.12e+08	2	2.12e+08	0.820433838690323	0.950251428821096	0.678688105062564	0.0215110195259454	0.00819149926121817	0.00494780219262162	-1.05566490656387	0.59163146980832	0.291241819025179
554	2:292500000	2	292500000	0.820433838690323	0.950251428821096	0.678688105062564	0.0215110195259454	0.00819149926121817	0.00494780219262162	-1.05566490656387	0.59163146980832	0.291241819025179
555	2:120500000	2	120500000	0.998565887361327	0.99999999703624	0.000349022449997575	0.0153020701305514	5.83674435090193e-08	0.000603781476328325	-1.21422197507518	4.60456786203819	0.979088694490406
555	2:132500000	2	132500000	0.998565887361327	0.99999999703624	0.000349022449997575	0.0153020701305514	5.83674435090193e-08	0.000603781476328325	-1.21422197507518	4.60456786203819	0.979088694490406
555	2:1.39e+08	2	1.39e+08	0.998565887361327	0.99999999703624	0.000349022449997575	0.0153020701305514	5.83674435090193e-08	0.000603781476328325	-1.21422197507518	4.60456786203819	0.979088694490406
555	2:1.32e+08	2	1.32e+08	0.998565887361327	0.99999999703624	0.000349022449997575	0.0153020701305514	5.83674435090193e-08	0.000603781476328325	-1.21422197507518	4.60456786203819	0.979088694490406
555	2:1.31e+08	2	1.31e+08	0.998565887361327	0.99999999703624	0.000349022449997575	0.0153020701305514	5.83674435090193e-08	0.000603781476328325	-1.21422197507518	4.60456786203819	0.979088694490406
555	2:1.38e+08	2	1.38e+08	0.998565887361327	0.99999999703624	0.000349022449997575	0.0153020701305514	5.83674435090193e-08	0.000603781476328325	-1.21422197507518	4.60456786203819	0.979088694490406
555	2:1.2e+08	2	1.2e+08	0.998565887361327	0.99999999703624	0.000349022449997575	0.0153020701305514	5.83674435090193e-08	0.000603781476328325	-1.21422197507518	4.60456786203819	0.979088694490406
555	2:131500000	2	131500000	0.998565887361327	0.99999999703624	0.000349022449997575	0.0153020701305514	5.83674435090193e-08	0.000603781476328325	-1.21422197507518	4.60456786203819	0.979088694490406
555	2:114500000	2	114500000	0.998565887361327	0.99999999703624	0.000349022449997575	0.0153020701305514	5.83674435090193e-08	0.000603781476328325	-1.21422197507518	4.60456786203819	0.979088694490406
555	2:113500000	2	113500000	0.998565887361327	0.99999999703624	0.000349022449997575	0.0153020701305514	5.83674435090193e-08	0.000603781476328325	-1.21422197507518	4.60456786203819	0.979088694490406
555	2:1.24e+08	2	1.24e+08	0.998565887361327	0.99999999703624	0.000349022449997575	0.0153020701305514	5.83674435090193e-08	0.000603781476328325	-1.21422197507518	4.60456786203819	0.979088694490406
555	2:133500000	2	133500000	0.998565887361327	0.99999999703624	0.000349022449997575	0.0153020701305514	5.83674435090193e-08	0.000603781476328325	-1.21422197507518	4.60456786203819	0.979088694490406
555	2:127500000	2	127500000	0.998565887361327	0.99999999703624	0.000349022449997575	0.0153020701305514	5.83674435090193e-08	0.000603781476328325	-1.21422197507518	4.60456786203819	0.979088694490406
555	2:1.33e+08	2	1.33e+08	0.998565887361327	0.99999999703624	0.000349022449997575	0.0153020701305514	5.83674435090193e-08	0.000603781476328325	-1.21422197507518	4.60456786203819	0.979088694490406
555	2:142500000	2	142500000	0.998565887361327	0.99999999703624	0.000349022449997575	0.0153020701305514	5.83674435090193e-08	0.000603781476328325	-1.21422197507518	4.60456786203819	0.979088694490406
555	2:117500000	2	117500000	0.998565887361327	0.99999999703624	0.000349022449997575	0.0153020701305514	5.83674435090193e-08	0.000603781476328325	-1.21422197507518	4.60456786203819	0.979088694490406
555	2:125500000	2	125500000	0.998565887361327	0.99999999703624	0.000349022449997575	0.0153020701305514	5.83674435090193e-08	0.000603781476328325	-1.21422197507518	4.60456786203819	0.979088694490406
555	2:119500000	2	119500000	0.998565887361327	0.99999999703624	0.000349022449997575	0.0153020701305514	5.83674435090193e-08	0.000603781476328325	-1.21422197507518	4.60456786203819	0.979088694490406
555	2:140500000	2	140500000	0.998565887361327	0.99999999703624	0.000349022449997575	0.0153020701305514	5.83674435090193e-08	0.000603781476328325	-1.21422197507518	4.60456786203819	0.979088694490406
555	2:118500000	2	118500000	0.998565887361327	0.99999999703624	0.000349022449997575	0.0153020701305514	5.83674435090193e-08	0.000603781476328325	-1.21422197507518	4.60456786203819	0.979088694490406
555	2:111500000	2	111500000	0.998565887361327	0.99999999703624	0.000349022449997575	0.0153020701305514	5.83674435090193e-08	0.000603781476328325	-1.21422197507518	4.60456786203819	0.979088694490406
555	2:1.23e+08	2	1.23e+08	0.998565887361327	0.99999999703624	0.000349022449997575	0.0153020701305514	5.83674435090193e-08	0.000603781476328325	-1.21422197507518	4.60456786203819	0.979088694490406
555	2:1.13e+08	2	1.13e+08	0.998565887361327	0.99999999703624	0.000349022449997575	0.0153020701305514	5.83674435090193e-08	0.000603781476328325	-1.21422197507518	4.60456786203819	0.979088694490406
555	2:124500000	2	124500000	0.998565887361327	0.99999999703624	0.000349022449997575	0.0153020701305514	5.83674435090193e-08	0.000603781476328325	-1.21422197507518	4.60456786203819	0.979088694490406
555	2:141500000	2	141500000	0.998565887361327	0.99999999703624	0.000349022449997575	0.0153020701305514	5.83674435090193e-08	0.000603781476328325	-1.21422197507518	4.60456786203819	0.979088694490406
555	2:1.4e+08	2	1.4e+08	0.998565887361327	0.99999999703624	0.000349022449997575	0.0153020701305514	5.83674435090193e-08	0.000603781476328325	-1.21422197507518	4.60456786203819	0.979088694490406
555	2:121500000	2	121500000	0.998565887361327	0.99999999703624	0.000349022449997575	0.0153020701305514	5.83674435090193e-08	0.000603781476328325	-1.21422197507518	4.60456786203819	0.979088694490406
555	2:112500000	2	112500000	0.998565887361327	0.99999999703624	0.000349022449997575	0.0153020701305514	5.83674435090193e-08	0.000603781476328325	-1.21422197507518	4.60456786203819	0.979088694490406
555	2:123500000	2	123500000	0.998565887361327	0.99999999703624	0.000349022449997575	0.0153020701305514	5.83674435090193e-08	0.000603781476328325	-1.21422197507518	4.60456786203819	0.979088694490406
555	2:1.43e+08	2	1.43e+08	0.998565887361327	0.99999999703624	0.000349022449997575	0.0153020701305514	5.83674435090193e-08	0.000603781476328325	-1.21422197507518	4.60456786203819	0.979088694490406
555	2:1.3e+08	2	1.3e+08	0.998565887361327	0.99999999703624	0.000349022449997575	0.0153020701305514	5.83674435090193e-08	0.000603781476328325	-1.21422197507518	4.60456786203819	0.979088694490406
556	2:119500000	2	119500000	0	0.99792694885095	0.00189219436097178	0	0.00950868129016152	0.00103804751324541	0.0143849049531696	2.88121141434273	0.25421957313769
556	2:118500000	2	118500000	0	0.99792694885095	0.00189219436097178	0	0.00950868129016152	0.00103804751324541	0.0143849049531696	2.88121141434273	0.25421957313769
556	2:120500000	2	120500000	0	0.99792694885095	0.00189219436097178	0	0.00950868129016152	0.00103804751324541	0.0143849049531696	2.88121141434273	0.25421957313769
556	2:125500000	2	125500000	0	0.99792694885095	0.00189219436097178	0	0.00950868129016152	0.00103804751324541	0.0143849049531696	2.88121141434273	0.25421957313769
556	2:1.43e+08	2	1.43e+08	0	0.99792694885095	0.00189219436097178	0	0.00950868129016152	0.00103804751324541	0.0143849049531696	2.88121141434273	0.25421957313769
556	2:114500000	2	114500000	0	0.99792694885095	0.00189219436097178	0	0.00950868129016152	0.00103804751324541	0.0143849049531696	2.88121141434273	0.25421957313769
556	2:1.33e+08	2	1.33e+08	0	0.99792694885095	0.00189219436097178	0	0.00950868129016152	0.00103804751324541	0.0143849049531696	2.88121141434273	0.25421957313769
556	2:1.3e+08	2	1.3e+08	0	0.99792694885095	0.00189219436097178	0	0.00950868129016152	0.00103804751324541	0.0143849049531696	2.88121141434273	0.25421957313769
556	2:1.38e+08	2	1.38e+08	0	0.99792694885095	0.00189219436097178	0	0.00950868129016152	0.00103804751324541	0.0143849049531696	2.88121141434273	0.25421957313769
556	2:1.39e+08	2	1.39e+08	0	0.99792694885095	0.00189219436097178	0	0.00950868129016152	0.00103804751324541	0.0143849049531696	2.88121141434273	0.25421957313769
556	2:131500000	2	131500000	0	0.99792694885095	0.00189219436097178	0	0.00950868129016152	0.00103804751324541	0.0143849049531696	2.88121141434273	0.25421957313769
556	2:113500000	2	113500000	0	0.99792694885095	0.00189219436097178	0	0.00950868129016152	0.00103804751324541	0.0143849049531696	2.88121141434273	0.25421957313769
556	2:124500000	2	124500000	0	0.99792694885095	0.00189219436097178	0	0.00950868129016152	0.00103804751324541	0.0143849049531696	2.88121141434273	0.25421957313769
556	2:111500000	2	111500000	0	0.99792694885095	0.00189219436097178	0	0.00950868129016152	0.00103804751324541	0.0143849049531696	2.88121141434273	0.25421957313769
556	2:1.32e+08	2	1.32e+08	0	0.99792694885095	0.00189219436097178	0	0.00950868129016152	0.00103804751324541	0.0143849049531696	2.88121141434273	0.25421957313769
556	2:1.13e+08	2	1.13e+08	0	0.99792694885095	0.00189219436097178	0	0.00950868129016152	0.00103804751324541	0.0143849049531696	2.88121141434273	0.25421957313769
556	2:132500000	2	132500000	0	0.99792694885095	0.00189219436097178	0	0.00950868129016152	0.00103804751324541	0.0143849049531696	2.88121141434273	0.25421957313769
556	2:1.4e+08	2	1.4e+08	0	0.99792694885095	0.00189219436097178	0	0.00950868129016152	0.00103804751324541	0.0143849049531696	2.88121141434273	0.25421957313769
556	2:117500000	2	117500000	0	0.99792694885095	0.00189219436097178	0	0.00950868129016152	0.00103804751324541	0.0143849049531696	2.88121141434273	0.25421957313769
556	2:127500000	2	127500000	0	0.99792694885095	0.00189219436097178	0	0.00950868129016152	0.00103804751324541	0.0143849049531696	2.88121141434273	0.25421957313769
556	2:112500000	2	112500000	0	0.99792694885095	0.00189219436097178	0	0.00950868129016152	0.00103804751324541	0.0143849049531696	2.88121141434273	0.25421957313769
556	2:1.31e+08	2	1.31e+08	0	0.99792694885095	0.00189219436097178	0	0.00950868129016152	0.00103804751324541	0.0143849049531696	2.88121141434273	0.25421957313769
556	2:121500000	2	121500000	0	0.99792694885095	0.00189219436097178	0	0.00950868129016152	0.00103804751324541	0.0143849049531696	2.88121141434273	0.25421957313769
556	2:140500000	2	140500000	0	0.99792694885095	0.00189219436097178	0	0.00950868129016152	0.00103804751324541	0.0143849049531696	2.88121141434273	0.25421957313769
556	2:1.2e+08	2	1.2e+08	0	0.99792694885095	0.00189219436097178	0	0.00950868129016152	0.00103804751324541	0.0143849049531696	2.88121141434273	0.25421957313769
556	2:1.23e+08	2	1.23e+08	0	0.99792694885095	0.00189219436097178	0	0.00950868129016152	0.00103804751324541	0.0143849049531696	2.88121141434273	0.25421957313769
556	2:107500000	2	107500000	0	0.99792694885095	0.00189219436097178	0	0.00950868129016152	0.00103804751324541	0.0143849049531696	2.88121141434273	0.25421957313769
556	2:141500000	2	141500000	0	0.99792694885095	0.00189219436097178	0	0.00950868129016152	0.00103804751324541	0.0143849049531696	2.88121141434273	0.25421957313769
556	2:123500000	2	123500000	0	0.99792694885095	0.00189219436097178	0	0.00950868129016152	0.00103804751324541	0.0143849049531696	2.88121141434273	0.25421957313769
556	2:133500000	2	133500000	0	0.99792694885095	0.00189219436097178	0	0.00950868129016152	0.00103804751324541	0.0143849049531696	2.88121141434273	0.25421957313769
556	2:142500000	2	142500000	0	0.99792694885095	0.00189219436097178	0	0.00950868129016152	0.00103804751324541	0.0143849049531696	2.88121141434273	0.25421957313769
556	2:1.24e+08	2	1.24e+08	0	0.99792694885095	0.00189219436097178	0	0.00950868129016152	0.00103804751324541	0.0143849049531696	2.88121141434273	0.25421957313769
571	2:460500000	2	460500000	0.287656120565837	0.998428340580259	0.00306507875301274	0.964389704351012	0.00453227074619922	0.000973889583529685	-0.106313161130262	2.847050047955	0.997525977500911
571	2:459500000	2	459500000	0.287656120565837	0.998428340580259	0.00306507875301274	0.964389704351012	0.00453227074619922	0.000973889583529685	-0.106313161130262	2.847050047955	0.997525977500911
571	2:4.65e+08	2	4.65e+08	0.287656120565837	0.998428340580259	0.00306507875301274	0.964389704351012	0.00453227074619922	0.000973889583529685	-0.106313161130262	2.847050047955	0.997525977500911
571	2:469500000	2	469500000	0.287656120565837	0.998428340580259	0.00306507875301274	0.964389704351012	0.00453227074619922	0.000973889583529685	-0.106313161130262	2.847050047955	0.997525977500911
571	2:4.66e+08	2	4.66e+08	0.287656120565837	0.998428340580259	0.00306507875301274	0.964389704351012	0.00453227074619922	0.000973889583529685	-0.106313161130262	2.847050047955	0.997525977500911
571	2:465500000	2	465500000	0.287656120565837	0.998428340580259	0.00306507875301274	0.964389704351012	0.00453227074619922	0.000973889583529685	-0.106313161130262	2.847050047955	0.997525977500911
571	2:4.61e+08	2	4.61e+08	0.287656120565837	0.998428340580259	0.00306507875301274	0.964389704351012	0.00453227074619922	0.000973889583529685	-0.106313161130262	2.847050047955	0.997525977500911
571	2:4.72e+08	2	4.72e+08	0.287656120565837	0.998428340580259	0.00306507875301274	0.964389704351012	0.00453227074619922	0.000973889583529685	-0.106313161130262	2.847050047955	0.997525977500911
571	2:472500000	2	472500000	0.287656120565837	0.998428340580259	0.00306507875301274	0.964389704351012	0.00453227074619922	0.000973889583529685	-0.106313161130262	2.847050047955	0.997525977500911
571	2:458500000	2	458500000	0.287656120565837	0.998428340580259	0.00306507875301274	0.964389704351012	0.00453227074619922	0.000973889583529685	-0.106313161130262	2.847050047955	0.997525977500911
571	2:464500000	2	464500000	0.287656120565837	0.998428340580259	0.00306507875301274	0.964389704351012	0.00453227074619922	0.000973889583529685	-0.106313161130262	2.847050047955	0.997525977500911
571	2:473500000	2	473500000	0.287656120565837	0.998428340580259	0.00306507875301274	0.964389704351012	0.00453227074619922	0.000973889583529685	-0.106313161130262	2.847050047955	0.997525977500911
571	2:462500000	2	462500000	0.287656120565837	0.998428340580259	0.00306507875301274	0.964389704351012	0.00453227074619922	0.000973889583529685	-0.106313161130262	2.847050047955	0.997525977500911
571	2:4.7e+08	2	4.7e+08	0.287656120565837	0.998428340580259	0.00306507875301274	0.964389704351012	0.00453227074619922	0.000973889583529685	-0.106313161130262	2.847050047955	0.997525977500911
571	2:4.59e+08	2	4.59e+08	0.287656120565837	0.998428340580259	0.00306507875301274	0.964389704351012	0.00453227074619922	0.000973889583529685	-0.106313161130262	2.847050047955	0.997525977500911
571	2:4.58e+08	2	4.58e+08	0.287656120565837	0.998428340580259	0.00306507875301274	0.964389704351012	0.00453227074619922	0.000973889583529685	-0.106313161130262	2.847050047955	0.997525977500911
571	2:463500000	2	463500000	0.287656120565837	0.998428340580259	0.00306507875301274	0.964389704351012	0.00453227074619922	0.000973889583529685	-0.106313161130262	2.847050047955	0.997525977500911
571	2:468500000	2	468500000	0.287656120565837	0.998428340580259	0.00306507875301274	0.964389704351012	0.00453227074619922	0.000973889583529685	-0.106313161130262	2.847050047955	0.997525977500911
571	2:467500000	2	467500000	0.287656120565837	0.998428340580259	0.00306507875301274	0.964389704351012	0.00453227074619922	0.000973889583529685	-0.106313161130262	2.847050047955	0.997525977500911
571	2:4.69e+08	2	4.69e+08	0.287656120565837	0.998428340580259	0.00306507875301274	0.964389704351012	0.00453227074619922	0.000973889583529685	-0.106313161130262	2.847050047955	0.997525977500911
571	2:4.71e+08	2	4.71e+08	0.287656120565837	0.998428340580259	0.00306507875301274	0.964389704351012	0.00453227074619922	0.000973889583529685	-0.106313161130262	2.847050047955	0.997525977500911
571	2:4.67e+08	2	4.67e+08	0.287656120565837	0.998428340580259	0.00306507875301274	0.964389704351012	0.00453227074619922	0.000973889583529685	-0.106313161130262	2.847050047955	0.997525977500911
571	2:470500000	2	470500000	0.287656120565837	0.998428340580259	0.00306507875301274	0.964389704351012	0.00453227074619922	0.000973889583529685	-0.106313161130262	2.847050047955	0.997525977500911
571	2:4.62e+08	2	4.62e+08	0.287656120565837	0.998428340580259	0.00306507875301274	0.964389704351012	0.00453227074619922	0.000973889583529685	-0.106313161130262	2.847050047955	0.997525977500911
571	2:4.63e+08	2	4.63e+08	0.287656120565837	0.998428340580259	0.00306507875301274	0.964389704351012	0.00453227074619922	0.000973889583529685	-0.106313161130262	2.847050047955	0.997525977500911
571	2:4.6e+08	2	4.6e+08	0.287656120565837	0.998428340580259	0.00306507875301274	0.964389704351012	0.00453227074619922	0.000973889583529685	-0.106313161130262	2.847050047955	0.997525977500911
571	2:4.73e+08	2	4.73e+08	0.287656120565837	0.998428340580259	0.00306507875301274	0.964389704351012	0.00453227074619922	0.000973889583529685	-0.106313161130262	2.847050047955	0.997525977500911
571	2:466500000	2	466500000	0.287656120565837	0.998428340580259	0.00306507875301274	0.964389704351012	0.00453227074619922	0.000973889583529685	-0.106313161130262	2.847050047955	0.997525977500911
571	2:4.68e+08	2	4.68e+08	0.287656120565837	0.998428340580259	0.00306507875301274	0.964389704351012	0.00453227074619922	0.000973889583529685	-0.106313161130262	2.847050047955	0.997525977500911
571	2:471500000	2	471500000	0.287656120565837	0.998428340580259	0.00306507875301274	0.964389704351012	0.00453227074619922	0.000973889583529685	-0.106313161130262	2.847050047955	0.997525977500911
572	2:1.3e+08	2	1.3e+08	0	0.963187601341449	0.0050092372994848	0	0.0596585208125129	0.00121239050455648	0.393126488166802	2.18206451161907	0.52571019535561
572	2:1.13e+08	2	1.13e+08	0	0.963187601341449	0.0050092372994848	0	0.0596585208125129	0.00121239050455648	0.393126488166802	2.18206451161907	0.52571019535561
572	2:1.35e+08	2	1.35e+08	0	0.963187601341449	0.0050092372994848	0	0.0596585208125129	0.00121239050455648	0.393126488166802	2.18206451161907	0.52571019535561
572	2:118500000	2	118500000	0	0.963187601341449	0.0050092372994848	0	0.0596585208125129	0.00121239050455648	0.393126488166802	2.18206451161907	0.52571019535561
572	2:120500000	2	120500000	0	0.963187601341449	0.0050092372994848	0	0.0596585208125129	0.00121239050455648	0.393126488166802	2.18206451161907	0.52571019535561
572	2:125500000	2	125500000	0	0.963187601341449	0.0050092372994848	0	0.0596585208125129	0.00121239050455648	0.393126488166802	2.18206451161907	0.52571019535561
572	2:123500000	2	123500000	0	0.963187601341449	0.0050092372994848	0	0.0596585208125129	0.00121239050455648	0.393126488166802	2.18206451161907	0.52571019535561
572	2:119500000	2	119500000	0	0.963187601341449	0.0050092372994848	0	0.0596585208125129	0.00121239050455648	0.393126488166802	2.18206451161907	0.52571019535561
572	2:1.31e+08	2	1.31e+08	0	0.963187601341449	0.0050092372994848	0	0.0596585208125129	0.00121239050455648	0.393126488166802	2.18206451161907	0.52571019535561
572	2:1.32e+08	2	1.32e+08	0	0.963187601341449	0.0050092372994848	0	0.0596585208125129	0.00121239050455648	0.393126488166802	2.18206451161907	0.52571019535561
572	2:113500000	2	113500000	0	0.963187601341449	0.0050092372994848	0	0.0596585208125129	0.00121239050455648	0.393126488166802	2.18206451161907	0.52571019535561
572	2:132500000	2	132500000	0	0.963187601341449	0.0050092372994848	0	0.0596585208125129	0.00121239050455648	0.393126488166802	2.18206451161907	0.52571019535561
572	2:107500000	2	107500000	0	0.963187601341449	0.0050092372994848	0	0.0596585208125129	0.00121239050455648	0.393126488166802	2.18206451161907	0.52571019535561
572	2:112500000	2	112500000	0	0.963187601341449	0.0050092372994848	0	0.0596585208125129	0.00121239050455648	0.393126488166802	2.18206451161907	0.52571019535561
572	2:1.4e+08	2	1.4e+08	0	0.963187601341449	0.0050092372994848	0	0.0596585208125129	0.00121239050455648	0.393126488166802	2.18206451161907	0.52571019535561
572	2:131500000	2	131500000	0	0.963187601341449	0.0050092372994848	0	0.0596585208125129	0.00121239050455648	0.393126488166802	2.18206451161907	0.52571019535561
572	2:139500000	2	139500000	0	0.963187601341449	0.0050092372994848	0	0.0596585208125129	0.00121239050455648	0.393126488166802	2.18206451161907	0.52571019535561
572	2:1.39e+08	2	1.39e+08	0	0.963187601341449	0.0050092372994848	0	0.0596585208125129	0.00121239050455648	0.393126488166802	2.18206451161907	0.52571019535561
572	2:1.29e+08	2	1.29e+08	0	0.963187601341449	0.0050092372994848	0	0.0596585208125129	0.00121239050455648	0.393126488166802	2.18206451161907	0.52571019535561
572	2:124500000	2	124500000	0	0.963187601341449	0.0050092372994848	0	0.0596585208125129	0.00121239050455648	0.393126488166802	2.18206451161907	0.52571019535561
572	2:1.38e+08	2	1.38e+08	0	0.963187601341449	0.0050092372994848	0	0.0596585208125129	0.00121239050455648	0.393126488166802	2.18206451161907	0.52571019535561
572	2:1.43e+08	2	1.43e+08	0	0.963187601341449	0.0050092372994848	0	0.0596585208125129	0.00121239050455648	0.393126488166802	2.18206451161907	0.52571019535561
572	2:114500000	2	114500000	0	0.963187601341449	0.0050092372994848	0	0.0596585208125129	0.00121239050455648	0.393126488166802	2.18206451161907	0.52571019535561
572	2:127500000	2	127500000	0	0.963187601341449	0.0050092372994848	0	0.0596585208125129	0.00121239050455648	0.393126488166802	2.18206451161907	0.52571019535561
572	2:1.33e+08	2	1.33e+08	0	0.963187601341449	0.0050092372994848	0	0.0596585208125129	0.00121239050455648	0.393126488166802	2.18206451161907	0.52571019535561
572	2:1.2e+08	2	1.2e+08	0	0.963187601341449	0.0050092372994848	0	0.0596585208125129	0.00121239050455648	0.393126488166802	2.18206451161907	0.52571019535561
572	2:133500000	2	133500000	0	0.963187601341449	0.0050092372994848	0	0.0596585208125129	0.00121239050455648	0.393126488166802	2.18206451161907	0.52571019535561
572	2:142500000	2	142500000	0	0.963187601341449	0.0050092372994848	0	0.0596585208125129	0.00121239050455648	0.393126488166802	2.18206451161907	0.52571019535561
572	2:140500000	2	140500000	0	0.963187601341449	0.0050092372994848	0	0.0596585208125129	0.00121239050455648	0.393126488166802	2.18206451161907	0.52571019535561
572	2:1.23e+08	2	1.23e+08	0	0.963187601341449	0.0050092372994848	0	0.0596585208125129	0.00121239050455648	0.393126488166802	2.18206451161907	0.52571019535561
572	2:141500000	2	141500000	0	0.963187601341449	0.0050092372994848	0	0.0596585208125129	0.00121239050455648	0.393126488166802	2.18206451161907	0.52571019535561
572	2:111500000	2	111500000	0	0.963187601341449	0.0050092372994848	0	0.0596585208125129	0.00121239050455648	0.393126488166802	2.18206451161907	0.52571019535561
572	2:117500000	2	117500000	0	0.963187601341449	0.0050092372994848	0	0.0596585208125129	0.00121239050455648	0.393126488166802	2.18206451161907	0.52571019535561
572	2:121500000	2	121500000	0	0.963187601341449	0.0050092372994848	0	0.0596585208125129	0.00121239050455648	0.393126488166802	2.18206451161907	0.52571019535561
572	2:1.24e+08	2	1.24e+08	0	0.963187601341449	0.0050092372994848	0	0.0596585208125129	0.00121239050455648	0.393126488166802	2.18206451161907	0.52571019535561
576	2:1.57e+08	2	1.57e+08	0.130259086220471	0.976818018525211	0.0305498188270553	0.203131294615322	0.0107748924878515	0.00184047773376861	-0.059645471285524	1.93241919686922	0.805079241253626
576	2:161500000	2	161500000	0.130259086220471	0.976818018525211	0.0305498188270553	0.203131294615322	0.0107748924878515	0.00184047773376861	-0.059645471285524	1.93241919686922	0.805079241253626
576	2:157500000	2	157500000	0.130259086220471	0.976818018525211	0.0305498188270553	0.203131294615322	0.0107748924878515	0.00184047773376861	-0.059645471285524	1.93241919686922	0.805079241253626
576	2:2.52e+08	2	2.52e+08	0.130259086220471	0.976818018525211	0.0305498188270553	0.203131294615322	0.0107748924878515	0.00184047773376861	-0.059645471285524	1.93241919686922	0.805079241253626
576	2:2.53e+08	2	2.53e+08	0.130259086220471	0.976818018525211	0.0305498188270553	0.203131294615322	0.0107748924878515	0.00184047773376861	-0.059645471285524	1.93241919686922	0.805079241253626
576	2:164500000	2	164500000	0.130259086220471	0.976818018525211	0.0305498188270553	0.203131294615322	0.0107748924878515	0.00184047773376861	-0.059645471285524	1.93241919686922	0.805079241253626
576	2:159500000	2	159500000	0.130259086220471	0.976818018525211	0.0305498188270553	0.203131294615322	0.0107748924878515	0.00184047773376861	-0.059645471285524	1.93241919686922	0.805079241253626
576	2:299500000	2	299500000	0.130259086220471	0.976818018525211	0.0305498188270553	0.203131294615322	0.0107748924878515	0.00184047773376861	-0.059645471285524	1.93241919686922	0.805079241253626
576	2:1.63e+08	2	1.63e+08	0.130259086220471	0.976818018525211	0.0305498188270553	0.203131294615322	0.0107748924878515	0.00184047773376861	-0.059645471285524	1.93241919686922	0.805079241253626
576	2:170500000	2	170500000	0.130259086220471	0.976818018525211	0.0305498188270553	0.203131294615322	0.0107748924878515	0.00184047773376861	-0.059645471285524	1.93241919686922	0.805079241253626
576	2:1.65e+08	2	1.65e+08	0.130259086220471	0.976818018525211	0.0305498188270553	0.203131294615322	0.0107748924878515	0.00184047773376861	-0.059645471285524	1.93241919686922	0.805079241253626
576	2:266500000	2	266500000	0.130259086220471	0.976818018525211	0.0305498188270553	0.203131294615322	0.0107748924878515	0.00184047773376861	-0.059645471285524	1.93241919686922	0.805079241253626
576	2:185500000	2	185500000	0.130259086220471	0.976818018525211	0.0305498188270553	0.203131294615322	0.0107748924878515	0.00184047773376861	-0.059645471285524	1.93241919686922	0.805079241253626
576	2:1.6e+08	2	1.6e+08	0.130259086220471	0.976818018525211	0.0305498188270553	0.203131294615322	0.0107748924878515	0.00184047773376861	-0.059645471285524	1.93241919686922	0.805079241253626
576	2:214500000	2	214500000	0.130259086220471	0.976818018525211	0.0305498188270553	0.203131294615322	0.0107748924878515	0.00184047773376861	-0.059645471285524	1.93241919686922	0.805079241253626
576	2:249500000	2	249500000	0.130259086220471	0.976818018525211	0.0305498188270553	0.203131294615322	0.0107748924878515	0.00184047773376861	-0.059645471285524	1.93241919686922	0.805079241253626
576	2:2.43e+08	2	2.43e+08	0.130259086220471	0.976818018525211	0.0305498188270553	0.203131294615322	0.0107748924878515	0.00184047773376861	-0.059645471285524	1.93241919686922	0.805079241253626
576	2:1.64e+08	2	1.64e+08	0.130259086220471	0.976818018525211	0.0305498188270553	0.203131294615322	0.0107748924878515	0.00184047773376861	-0.059645471285524	1.93241919686922	0.805079241253626
576	2:1.7e+08	2	1.7e+08	0.130259086220471	0.976818018525211	0.0305498188270553	0.203131294615322	0.0107748924878515	0.00184047773376861	-0.059645471285524	1.93241919686922	0.805079241253626
576	2:1.62e+08	2	1.62e+08	0.130259086220471	0.976818018525211	0.0305498188270553	0.203131294615322	0.0107748924878515	0.00184047773376861	-0.059645471285524	1.93241919686922	0.805079241253626
576	2:248500000	2	248500000	0.130259086220471	0.976818018525211	0.0305498188270553	0.203131294615322	0.0107748924878515	0.00184047773376861	-0.059645471285524	1.93241919686922	0.805079241253626
576	2:275500000	2	275500000	0.130259086220471	0.976818018525211	0.0305498188270553	0.203131294615322	0.0107748924878515	0.00184047773376861	-0.059645471285524	1.93241919686922	0.805079241253626
576	2:252500000	2	252500000	0.130259086220471	0.976818018525211	0.0305498188270553	0.203131294615322	0.0107748924878515	0.00184047773376861	-0.059645471285524	1.93241919686922	0.805079241253626
576	2:1.72e+08	2	1.72e+08	0.130259086220471	0.976818018525211	0.0305498188270553	0.203131294615322	0.0107748924878515	0.00184047773376861	-0.059645471285524	1.93241919686922	0.805079241253626
576	2:253500000	2	253500000	0.130259086220471	0.976818018525211	0.0305498188270553	0.203131294615322	0.0107748924878515	0.00184047773376861	-0.059645471285524	1.93241919686922	0.805079241253626
576	2:2.58e+08	2	2.58e+08	0.130259086220471	0.976818018525211	0.0305498188270553	0.203131294615322	0.0107748924878515	0.00184047773376861	-0.059645471285524	1.93241919686922	0.805079241253626
576	2:166500000	2	166500000	0.130259086220471	0.976818018525211	0.0305498188270553	0.203131294615322	0.0107748924878515	0.00184047773376861	-0.059645471285524	1.93241919686922	0.805079241253626
576	2:254500000	2	254500000	0.130259086220471	0.976818018525211	0.0305498188270553	0.203131294615322	0.0107748924878515	0.00184047773376861	-0.059645471285524	1.93241919686922	0.805079241253626
576	2:2.99e+08	2	2.99e+08	0.130259086220471	0.976818018525211	0.0305498188270553	0.203131294615322	0.0107748924878515	0.00184047773376861	-0.059645471285524	1.93241919686922	0.805079241253626
576	2:192500000	2	192500000	0.130259086220471	0.976818018525211	0.0305498188270553	0.203131294615322	0.0107748924878515	0.00184047773376861	-0.059645471285524	1.93241919686922	0.805079241253626
576	2:162500000	2	162500000	0.130259086220471	0.976818018525211	0.0305498188270553	0.203131294615322	0.0107748924878515	0.00184047773376861	-0.059645471285524	1.93241919686922	0.805079241253626
576	2:2.41e+08	2	2.41e+08	0.130259086220471	0.976818018525211	0.0305498188270553	0.203131294615322	0.0107748924878515	0.00184047773376861	-0.059645471285524	1.93241919686922	0.805079241253626
576	2:258500000	2	258500000	0.130259086220471	0.976818018525211	0.0305498188270553	0.203131294615322	0.0107748924878515	0.00184047773376861	-0.059645471285524	1.93241919686922	0.805079241253626
576	2:239500000	2	239500000	0.130259086220471	0.976818018525211	0.0305498188270553	0.203131294615322	0.0107748924878515	0.00184047773376861	-0.059645471285524	1.93241919686922	0.805079241253626
576	2:245500000	2	245500000	0.130259086220471	0.976818018525211	0.0305498188270553	0.203131294615322	0.0107748924878515	0.00184047773376861	-0.059645471285524	1.93241919686922	0.805079241253626
576	2:2.77e+08	2	2.77e+08	0.130259086220471	0.976818018525211	0.0305498188270553	0.203131294615322	0.0107748924878515	0.00184047773376861	-0.059645471285524	1.93241919686922	0.805079241253626
576	2:1.87e+08	2	1.87e+08	0.130259086220471	0.976818018525211	0.0305498188270553	0.203131294615322	0.0107748924878515	0.00184047773376861	-0.059645471285524	1.93241919686922	0.805079241253626
576	2:261500000	2	261500000	0.130259086220471	0.976818018525211	0.0305498188270553	0.203131294615322	0.0107748924878515	0.00184047773376861	-0.059645471285524	1.93241919686922	0.805079241253626
576	2:191500000	2	191500000	0.130259086220471	0.976818018525211	0.0305498188270553	0.203131294615322	0.0107748924878515	0.00184047773376861	-0.059645471285524	1.93241919686922	0.805079241253626
576	2:240500000	2	240500000	0.130259086220471	0.976818018525211	0.0305498188270553	0.203131294615322	0.0107748924878515	0.00184047773376861	-0.059645471285524	1.93241919686922	0.805079241253626
576	2:1.69e+08	2	1.69e+08	0.130259086220471	0.976818018525211	0.0305498188270553	0.203131294615322	0.0107748924878515	0.00184047773376861	-0.059645471285524	1.93241919686922	0.805079241253626
576	2:1.61e+08	2	1.61e+08	0.130259086220471	0.976818018525211	0.0305498188270553	0.203131294615322	0.0107748924878515	0.00184047773376861	-0.059645471285524	1.93241919686922	0.805079241253626
576	2:2.61e+08	2	2.61e+08	0.130259086220471	0.976818018525211	0.0305498188270553	0.203131294615322	0.0107748924878515	0.00184047773376861	-0.059645471285524	1.93241919686922	0.805079241253626
576	2:165500000	2	165500000	0.130259086220471	0.976818018525211	0.0305498188270553	0.203131294615322	0.0107748924878515	0.00184047773376861	-0.059645471285524	1.93241919686922	0.805079241253626
576	2:2.6e+08	2	2.6e+08	0.130259086220471	0.976818018525211	0.0305498188270553	0.203131294615322	0.0107748924878515	0.00184047773376861	-0.059645471285524	1.93241919686922	0.805079241253626
576	2:1.92e+08	2	1.92e+08	0.130259086220471	0.976818018525211	0.0305498188270553	0.203131294615322	0.0107748924878515	0.00184047773376861	-0.059645471285524	1.93241919686922	0.805079241253626
576	2:163500000	2	163500000	0.130259086220471	0.976818018525211	0.0305498188270553	0.203131294615322	0.0107748924878515	0.00184047773376861	-0.059645471285524	1.93241919686922	0.805079241253626
576	2:1.9e+08	2	1.9e+08	0.130259086220471	0.976818018525211	0.0305498188270553	0.203131294615322	0.0107748924878515	0.00184047773376861	-0.059645471285524	1.93241919686922	0.805079241253626
576	2:260500000	2	260500000	0.130259086220471	0.976818018525211	0.0305498188270553	0.203131294615322	0.0107748924878515	0.00184047773376861	-0.059645471285524	1.93241919686922	0.805079241253626
576	2:242500000	2	242500000	0.130259086220471	0.976818018525211	0.0305498188270553	0.203131294615322	0.0107748924878515	0.00184047773376861	-0.059645471285524	1.93241919686922	0.805079241253626
576	2:1.66e+08	2	1.66e+08	0.130259086220471	0.976818018525211	0.0305498188270553	0.203131294615322	0.0107748924878515	0.00184047773376861	-0.059645471285524	1.93241919686922	0.805079241253626
576	2:2.45e+08	2	2.45e+08	0.130259086220471	0.976818018525211	0.0305498188270553	0.203131294615322	0.0107748924878515	0.00184047773376861	-0.059645471285524	1.93241919686922	0.805079241253626
576	2:171500000	2	171500000	0.130259086220471	0.976818018525211	0.0305498188270553	0.203131294615322	0.0107748924878515	0.00184047773376861	-0.059645471285524	1.93241919686922	0.805079241253626
576	2:160500000	2	160500000	0.130259086220471	0.976818018525211	0.0305498188270553	0.203131294615322	0.0107748924878515	0.00184047773376861	-0.059645471285524	1.93241919686922	0.805079241253626
576	2:172500000	2	172500000	0.130259086220471	0.976818018525211	0.0305498188270553	0.203131294615322	0.0107748924878515	0.00184047773376861	-0.059645471285524	1.93241919686922	0.805079241253626
576	2:1.59e+08	2	1.59e+08	0.130259086220471	0.976818018525211	0.0305498188270553	0.203131294615322	0.0107748924878515	0.00184047773376861	-0.059645471285524	1.93241919686922	0.805079241253626
576	2:2.62e+08	2	2.62e+08	0.130259086220471	0.976818018525211	0.0305498188270553	0.203131294615322	0.0107748924878515	0.00184047773376861	-0.059645471285524	1.93241919686922	0.805079241253626
576	2:1.71e+08	2	1.71e+08	0.130259086220471	0.976818018525211	0.0305498188270553	0.203131294615322	0.0107748924878515	0.00184047773376861	-0.059645471285524	1.93241919686922	0.805079241253626
576	2:169500000	2	169500000	0.130259086220471	0.976818018525211	0.0305498188270553	0.203131294615322	0.0107748924878515	0.00184047773376861	-0.059645471285524	1.93241919686922	0.805079241253626
576	2:168500000	2	168500000	0.130259086220471	0.976818018525211	0.0305498188270553	0.203131294615322	0.0107748924878515	0.00184047773376861	-0.059645471285524	1.93241919686922	0.805079241253626
586	2:1.87e+08	2	1.87e+08	0	0.951731949169817	0.0200941730153389	0	0.0227320252591756	0.00150309999634836	0.194962059839957	1.85684572927857	0.492536617351237
586	2:1.71e+08	2	1.71e+08	0	0.951731949169817	0.0200941730153389	0	0.0227320252591756	0.00150309999634836	0.194962059839957	1.85684572927857	0.492536617351237
586	2:171500000	2	171500000	0	0.951731949169817	0.0200941730153389	0	0.0227320252591756	0.00150309999634836	0.194962059839957	1.85684572927857	0.492536617351237
586	2:166500000	2	166500000	0	0.951731949169817	0.0200941730153389	0	0.0227320252591756	0.00150309999634836	0.194962059839957	1.85684572927857	0.492536617351237
586	2:249500000	2	249500000	0	0.951731949169817	0.0200941730153389	0	0.0227320252591756	0.00150309999634836	0.194962059839957	1.85684572927857	0.492536617351237
586	2:2.77e+08	2	2.77e+08	0	0.951731949169817	0.0200941730153389	0	0.0227320252591756	0.00150309999634836	0.194962059839957	1.85684572927857	0.492536617351237
586	2:162500000	2	162500000	0	0.951731949169817	0.0200941730153389	0	0.0227320252591756	0.00150309999634836	0.194962059839957	1.85684572927857	0.492536617351237
586	2:1.66e+08	2	1.66e+08	0	0.951731949169817	0.0200941730153389	0	0.0227320252591756	0.00150309999634836	0.194962059839957	1.85684572927857	0.492536617351237
586	2:239500000	2	239500000	0	0.951731949169817	0.0200941730153389	0	0.0227320252591756	0.00150309999634836	0.194962059839957	1.85684572927857	0.492536617351237
586	2:215500000	2	215500000	0	0.951731949169817	0.0200941730153389	0	0.0227320252591756	0.00150309999634836	0.194962059839957	1.85684572927857	0.492536617351237
586	2:1.9e+08	2	1.9e+08	0	0.951731949169817	0.0200941730153389	0	0.0227320252591756	0.00150309999634836	0.194962059839957	1.85684572927857	0.492536617351237
586	2:253500000	2	253500000	0	0.951731949169817	0.0200941730153389	0	0.0227320252591756	0.00150309999634836	0.194962059839957	1.85684572927857	0.492536617351237
586	2:1.59e+08	2	1.59e+08	0	0.951731949169817	0.0200941730153389	0	0.0227320252591756	0.00150309999634836	0.194962059839957	1.85684572927857	0.492536617351237
586	2:275500000	2	275500000	0	0.951731949169817	0.0200941730153389	0	0.0227320252591756	0.00150309999634836	0.194962059839957	1.85684572927857	0.492536617351237
586	2:1.61e+08	2	1.61e+08	0	0.951731949169817	0.0200941730153389	0	0.0227320252591756	0.00150309999634836	0.194962059839957	1.85684572927857	0.492536617351237
586	2:1.62e+08	2	1.62e+08	0	0.951731949169817	0.0200941730153389	0	0.0227320252591756	0.00150309999634836	0.194962059839957	1.85684572927857	0.492536617351237
586	2:1.57e+08	2	1.57e+08	0	0.951731949169817	0.0200941730153389	0	0.0227320252591756	0.00150309999634836	0.194962059839957	1.85684572927857	0.492536617351237
586	2:252500000	2	252500000	0	0.951731949169817	0.0200941730153389	0	0.0227320252591756	0.00150309999634836	0.194962059839957	1.85684572927857	0.492536617351237
586	2:1.69e+08	2	1.69e+08	0	0.951731949169817	0.0200941730153389	0	0.0227320252591756	0.00150309999634836	0.194962059839957	1.85684572927857	0.492536617351237
586	2:1.7e+08	2	1.7e+08	0	0.951731949169817	0.0200941730153389	0	0.0227320252591756	0.00150309999634836	0.194962059839957	1.85684572927857	0.492536617351237
586	2:192500000	2	192500000	0	0.951731949169817	0.0200941730153389	0	0.0227320252591756	0.00150309999634836	0.194962059839957	1.85684572927857	0.492536617351237
586	2:2.41e+08	2	2.41e+08	0	0.951731949169817	0.0200941730153389	0	0.0227320252591756	0.00150309999634836	0.194962059839957	1.85684572927857	0.492536617351237
586	2:170500000	2	170500000	0	0.951731949169817	0.0200941730153389	0	0.0227320252591756	0.00150309999634836	0.194962059839957	1.85684572927857	0.492536617351237
586	2:1.6e+08	2	1.6e+08	0	0.951731949169817	0.0200941730153389	0	0.0227320252591756	0.00150309999634836	0.194962059839957	1.85684572927857	0.492536617351237
586	2:1.64e+08	2	1.64e+08	0	0.951731949169817	0.0200941730153389	0	0.0227320252591756	0.00150309999634836	0.194962059839957	1.85684572927857	0.492536617351237
586	2:2.62e+08	2	2.62e+08	0	0.951731949169817	0.0200941730153389	0	0.0227320252591756	0.00150309999634836	0.194962059839957	1.85684572927857	0.492536617351237
586	2:169500000	2	169500000	0	0.951731949169817	0.0200941730153389	0	0.0227320252591756	0.00150309999634836	0.194962059839957	1.85684572927857	0.492536617351237
586	2:242500000	2	242500000	0	0.951731949169817	0.0200941730153389	0	0.0227320252591756	0.00150309999634836	0.194962059839957	1.85684572927857	0.492536617351237
586	2:258500000	2	258500000	0	0.951731949169817	0.0200941730153389	0	0.0227320252591756	0.00150309999634836	0.194962059839957	1.85684572927857	0.492536617351237
586	2:2.52e+08	2	2.52e+08	0	0.951731949169817	0.0200941730153389	0	0.0227320252591756	0.00150309999634836	0.194962059839957	1.85684572927857	0.492536617351237
586	2:165500000	2	165500000	0	0.951731949169817	0.0200941730153389	0	0.0227320252591756	0.00150309999634836	0.194962059839957	1.85684572927857	0.492536617351237
586	2:159500000	2	159500000	0	0.951731949169817	0.0200941730153389	0	0.0227320252591756	0.00150309999634836	0.194962059839957	1.85684572927857	0.492536617351237
586	2:161500000	2	161500000	0	0.951731949169817	0.0200941730153389	0	0.0227320252591756	0.00150309999634836	0.194962059839957	1.85684572927857	0.492536617351237
586	2:2.45e+08	2	2.45e+08	0	0.951731949169817	0.0200941730153389	0	0.0227320252591756	0.00150309999634836	0.194962059839957	1.85684572927857	0.492536617351237
586	2:185500000	2	185500000	0	0.951731949169817	0.0200941730153389	0	0.0227320252591756	0.00150309999634836	0.194962059839957	1.85684572927857	0.492536617351237
586	2:240500000	2	240500000	0	0.951731949169817	0.0200941730153389	0	0.0227320252591756	0.00150309999634836	0.194962059839957	1.85684572927857	0.492536617351237
586	2:2.61e+08	2	2.61e+08	0	0.951731949169817	0.0200941730153389	0	0.0227320252591756	0.00150309999634836	0.194962059839957	1.85684572927857	0.492536617351237
586	2:299500000	2	299500000	0	0.951731949169817	0.0200941730153389	0	0.0227320252591756	0.00150309999634836	0.194962059839957	1.85684572927857	0.492536617351237
586	2:245500000	2	245500000	0	0.951731949169817	0.0200941730153389	0	0.0227320252591756	0.00150309999634836	0.194962059839957	1.85684572927857	0.492536617351237
586	2:248500000	2	248500000	0	0.951731949169817	0.0200941730153389	0	0.0227320252591756	0.00150309999634836	0.194962059839957	1.85684572927857	0.492536617351237
586	2:168500000	2	168500000	0	0.951731949169817	0.0200941730153389	0	0.0227320252591756	0.00150309999634836	0.194962059839957	1.85684572927857	0.492536617351237
586	2:2.99e+08	2	2.99e+08	0	0.951731949169817	0.0200941730153389	0	0.0227320252591756	0.00150309999634836	0.194962059839957	1.85684572927857	0.492536617351237
586	2:157500000	2	157500000	0	0.951731949169817	0.0200941730153389	0	0.0227320252591756	0.00150309999634836	0.194962059839957	1.85684572927857	0.492536617351237
586	2:254500000	2	254500000	0	0.951731949169817	0.0200941730153389	0	0.0227320252591756	0.00150309999634836	0.194962059839957	1.85684572927857	0.492536617351237
586	2:172500000	2	172500000	0	0.951731949169817	0.0200941730153389	0	0.0227320252591756	0.00150309999634836	0.194962059839957	1.85684572927857	0.492536617351237
586	2:2.53e+08	2	2.53e+08	0	0.951731949169817	0.0200941730153389	0	0.0227320252591756	0.00150309999634836	0.194962059839957	1.85684572927857	0.492536617351237
586	2:2.6e+08	2	2.6e+08	0	0.951731949169817	0.0200941730153389	0	0.0227320252591756	0.00150309999634836	0.194962059839957	1.85684572927857	0.492536617351237
586	2:214500000	2	214500000	0	0.951731949169817	0.0200941730153389	0	0.0227320252591756	0.00150309999634836	0.194962059839957	1.85684572927857	0.492536617351237
586	2:163500000	2	163500000	0	0.951731949169817	0.0200941730153389	0	0.0227320252591756	0.00150309999634836	0.194962059839957	1.85684572927857	0.492536617351237
586	2:261500000	2	261500000	0	0.951731949169817	0.0200941730153389	0	0.0227320252591756	0.00150309999634836	0.194962059839957	1.85684572927857	0.492536617351237
586	2:1.92e+08	2	1.92e+08	0	0.951731949169817	0.0200941730153389	0	0.0227320252591756	0.00150309999634836	0.194962059839957	1.85684572927857	0.492536617351237
586	2:1.72e+08	2	1.72e+08	0	0.951731949169817	0.0200941730153389	0	0.0227320252591756	0.00150309999634836	0.194962059839957	1.85684572927857	0.492536617351237
586	2:1.65e+08	2	1.65e+08	0	0.951731949169817	0.0200941730153389	0	0.0227320252591756	0.00150309999634836	0.194962059839957	1.85684572927857	0.492536617351237
586	2:2.58e+08	2	2.58e+08	0	0.951731949169817	0.0200941730153389	0	0.0227320252591756	0.00150309999634836	0.194962059839957	1.85684572927857	0.492536617351237
586	2:1.63e+08	2	1.63e+08	0	0.951731949169817	0.0200941730153389	0	0.0227320252591756	0.00150309999634836	0.194962059839957	1.85684572927857	0.492536617351237
586	2:160500000	2	160500000	0	0.951731949169817	0.0200941730153389	0	0.0227320252591756	0.00150309999634836	0.194962059839957	1.85684572927857	0.492536617351237
586	2:191500000	2	191500000	0	0.951731949169817	0.0200941730153389	0	0.0227320252591756	0.00150309999634836	0.194962059839957	1.85684572927857	0.492536617351237
586	2:266500000	2	266500000	0	0.951731949169817	0.0200941730153389	0	0.0227320252591756	0.00150309999634836	0.194962059839957	1.85684572927857	0.492536617351237
586	2:2.43e+08	2	2.43e+08	0	0.951731949169817	0.0200941730153389	0	0.0227320252591756	0.00150309999634836	0.194962059839957	1.85684572927857	0.492536617351237
586	2:260500000	2	260500000	0	0.951731949169817	0.0200941730153389	0	0.0227320252591756	0.00150309999634836	0.194962059839957	1.85684572927857	0.492536617351237
586	2:164500000	2	164500000	0	0.951731949169817	0.0200941730153389	0	0.0227320252591756	0.00150309999634836	0.194962059839957	1.85684572927857	0.492536617351237
596	2:62500000	2	62500000	0.591743227559439	0.970840988193636	0.149810515985308	0.0594834314905338	0.00722892393154814	0.00371308510687132	-0.428026648204859	1.46527306255933	0.279055609910128
596	2:7e+07	2	7e+07	0.591743227559439	0.970840988193636	0.149810515985308	0.0594834314905338	0.00722892393154814	0.00371308510687132	-0.428026648204859	1.46527306255933	0.279055609910128
596	2:58500000	2	58500000	0.591743227559439	0.970840988193636	0.149810515985308	0.0594834314905338	0.00722892393154814	0.00371308510687132	-0.428026648204859	1.46527306255933	0.279055609910128
596	2:7.1e+07	2	7.1e+07	0.591743227559439	0.970840988193636	0.149810515985308	0.0594834314905338	0.00722892393154814	0.00371308510687132	-0.428026648204859	1.46527306255933	0.279055609910128
596	2:61500000	2	61500000	0.591743227559439	0.970840988193636	0.149810515985308	0.0594834314905338	0.00722892393154814	0.00371308510687132	-0.428026648204859	1.46527306255933	0.279055609910128
596	2:55500000	2	55500000	0.591743227559439	0.970840988193636	0.149810515985308	0.0594834314905338	0.00722892393154814	0.00371308510687132	-0.428026648204859	1.46527306255933	0.279055609910128
596	2:6.3e+07	2	6.3e+07	0.591743227559439	0.970840988193636	0.149810515985308	0.0594834314905338	0.00722892393154814	0.00371308510687132	-0.428026648204859	1.46527306255933	0.279055609910128
596	2:69500000	2	69500000	0.591743227559439	0.970840988193636	0.149810515985308	0.0594834314905338	0.00722892393154814	0.00371308510687132	-0.428026648204859	1.46527306255933	0.279055609910128
596	2:64500000	2	64500000	0.591743227559439	0.970840988193636	0.149810515985308	0.0594834314905338	0.00722892393154814	0.00371308510687132	-0.428026648204859	1.46527306255933	0.279055609910128
596	2:63500000	2	63500000	0.591743227559439	0.970840988193636	0.149810515985308	0.0594834314905338	0.00722892393154814	0.00371308510687132	-0.428026648204859	1.46527306255933	0.279055609910128
596	2:6.9e+07	2	6.9e+07	0.591743227559439	0.970840988193636	0.149810515985308	0.0594834314905338	0.00722892393154814	0.00371308510687132	-0.428026648204859	1.46527306255933	0.279055609910128
596	2:6.4e+07	2	6.4e+07	0.591743227559439	0.970840988193636	0.149810515985308	0.0594834314905338	0.00722892393154814	0.00371308510687132	-0.428026648204859	1.46527306255933	0.279055609910128
596	2:72500000	2	72500000	0.591743227559439	0.970840988193636	0.149810515985308	0.0594834314905338	0.00722892393154814	0.00371308510687132	-0.428026648204859	1.46527306255933	0.279055609910128
596	2:71500000	2	71500000	0.591743227559439	0.970840988193636	0.149810515985308	0.0594834314905338	0.00722892393154814	0.00371308510687132	-0.428026648204859	1.46527306255933	0.279055609910128
596	2:57500000	2	57500000	0.591743227559439	0.970840988193636	0.149810515985308	0.0594834314905338	0.00722892393154814	0.00371308510687132	-0.428026648204859	1.46527306255933	0.279055609910128
596	2:6.5e+07	2	6.5e+07	0.591743227559439	0.970840988193636	0.149810515985308	0.0594834314905338	0.00722892393154814	0.00371308510687132	-0.428026648204859	1.46527306255933	0.279055609910128
596	2:5.7e+07	2	5.7e+07	0.591743227559439	0.970840988193636	0.149810515985308	0.0594834314905338	0.00722892393154814	0.00371308510687132	-0.428026648204859	1.46527306255933	0.279055609910128
596	2:60500000	2	60500000	0.591743227559439	0.970840988193636	0.149810515985308	0.0594834314905338	0.00722892393154814	0.00371308510687132	-0.428026648204859	1.46527306255933	0.279055609910128
596	2:5.8e+07	2	5.8e+07	0.591743227559439	0.970840988193636	0.149810515985308	0.0594834314905338	0.00722892393154814	0.00371308510687132	-0.428026648204859	1.46527306255933	0.279055609910128
596	2:65500000	2	65500000	0.591743227559439	0.970840988193636	0.149810515985308	0.0594834314905338	0.00722892393154814	0.00371308510687132	-0.428026648204859	1.46527306255933	0.279055609910128
596	2:6.1e+07	2	6.1e+07	0.591743227559439	0.970840988193636	0.149810515985308	0.0594834314905338	0.00722892393154814	0.00371308510687132	-0.428026648204859	1.46527306255933	0.279055609910128
596	2:59500000	2	59500000	0.591743227559439	0.970840988193636	0.149810515985308	0.0594834314905338	0.00722892393154814	0.00371308510687132	-0.428026648204859	1.46527306255933	0.279055609910128
596	2:5.9e+07	2	5.9e+07	0.591743227559439	0.970840988193636	0.149810515985308	0.0594834314905338	0.00722892393154814	0.00371308510687132	-0.428026648204859	1.46527306255933	0.279055609910128
596	2:5.6e+07	2	5.6e+07	0.591743227559439	0.970840988193636	0.149810515985308	0.0594834314905338	0.00722892393154814	0.00371308510687132	-0.428026648204859	1.46527306255933	0.279055609910128
596	2:56500000	2	56500000	0.591743227559439	0.970840988193636	0.149810515985308	0.0594834314905338	0.00722892393154814	0.00371308510687132	-0.428026648204859	1.46527306255933	0.279055609910128
596	2:6.2e+07	2	6.2e+07	0.591743227559439	0.970840988193636	0.149810515985308	0.0594834314905338	0.00722892393154814	0.00371308510687132	-0.428026648204859	1.46527306255933	0.279055609910128
596	2:6e+07	2	6e+07	0.591743227559439	0.970840988193636	0.149810515985308	0.0594834314905338	0.00722892393154814	0.00371308510687132	-0.428026648204859	1.46527306255933	0.279055609910128
596	2:7.3e+07	2	7.3e+07	0.591743227559439	0.970840988193636	0.149810515985308	0.0594834314905338	0.00722892393154814	0.00371308510687132	-0.428026648204859	1.46527306255933	0.279055609910128
6	2:168500000	2	168500000	1	1	1	0	0	0	0	0	0
6	2:165500000	2	165500000	1	1	1	0	0	0	0	0	0
6	2:1.66e+08	2	1.66e+08	1	1	1	0	0	0	0	0	0
6	2:1.65e+08	2	1.65e+08	1	1	1	0	0	0	0	0	0
6	2:1.69e+08	2	1.69e+08	1	1	1	0	0	0	0	0	0
6	2:1.7e+08	2	1.7e+08	1	1	1	0	0	0	0	0	0
6	2:169500000	2	169500000	1	1	1	0	0	0	0	0	0
60	2:1.81e+08	2	1.81e+08	0.979975556821434	0.988436007393295	0.996119408422105	0.0174887538637422	0.0112433978083166	0.00106902220534552	-2.46680008142719	-0.195486228416434	0.465069504290998
60	2:179500000	2	179500000	0.979975556821434	0.988436007393295	0.996119408422105	0.0174887538637422	0.0112433978083166	0.00106902220534552	-2.46680008142719	-0.195486228416434	0.465069504290998
60	2:1.8e+08	2	1.8e+08	0.979975556821434	0.988436007393295	0.996119408422105	0.0174887538637422	0.0112433978083166	0.00106902220534552	-2.46680008142719	-0.195486228416434	0.465069504290998
60	2:180500000	2	180500000	0.979975556821434	0.988436007393295	0.996119408422105	0.0174887538637422	0.0112433978083166	0.00106902220534552	-2.46680008142719	-0.195486228416434	0.465069504290998
60	2:1.79e+08	2	1.79e+08	0.979975556821434	0.988436007393295	0.996119408422105	0.0174887538637422	0.0112433978083166	0.00106902220534552	-2.46680008142719	-0.195486228416434	0.465069504290998
611	2:221500000	2	221500000	0.710137904272172	0.952185897118464	0.388908441709886	0.0324063370737212	0.00815692077510879	0.00507972933651844	-0.692131407555892	0.974296552157415	0.739772405064111
611	2:2.22e+08	2	2.22e+08	0.710137904272172	0.952185897118464	0.388908441709886	0.0324063370737212	0.00815692077510879	0.00507972933651844	-0.692131407555892	0.974296552157415	0.739772405064111
611	2:2.15e+08	2	2.15e+08	0.710137904272172	0.952185897118464	0.388908441709886	0.0324063370737212	0.00815692077510879	0.00507972933651844	-0.692131407555892	0.974296552157415	0.739772405064111
611	2:2.23e+08	2	2.23e+08	0.710137904272172	0.952185897118464	0.388908441709886	0.0324063370737212	0.00815692077510879	0.00507972933651844	-0.692131407555892	0.974296552157415	0.739772405064111
611	2:2.24e+08	2	2.24e+08	0.710137904272172	0.952185897118464	0.388908441709886	0.0324063370737212	0.00815692077510879	0.00507972933651844	-0.692131407555892	0.974296552157415	0.739772405064111
611	2:2.59e+08	2	2.59e+08	0.710137904272172	0.952185897118464	0.388908441709886	0.0324063370737212	0.00815692077510879	0.00507972933651844	-0.692131407555892	0.974296552157415	0.739772405064111
611	2:2.86e+08	2	2.86e+08	0.710137904272172	0.952185897118464	0.388908441709886	0.0324063370737212	0.00815692077510879	0.00507972933651844	-0.692131407555892	0.974296552157415	0.739772405064111
611	2:2.17e+08	2	2.17e+08	0.710137904272172	0.952185897118464	0.388908441709886	0.0324063370737212	0.00815692077510879	0.00507972933651844	-0.692131407555892	0.974296552157415	0.739772405064111
611	2:223500000	2	223500000	0.710137904272172	0.952185897118464	0.388908441709886	0.0324063370737212	0.00815692077510879	0.00507972933651844	-0.692131407555892	0.974296552157415	0.739772405064111
612	2:146500000	2	146500000	0.703948772973821	0.958971340707297	0.331957854332331	0.0346156119204697	0.00745733794710678	0.00490164915446513	-0.652179220553692	1.08669256214483	0.160178168378128
612	2:2.03e+08	2	2.03e+08	0.703948772973821	0.958971340707297	0.331957854332331	0.0346156119204697	0.00745733794710678	0.00490164915446513	-0.652179220553692	1.08669256214483	0.160178168378128
612	2:182500000	2	182500000	0.703948772973821	0.958971340707297	0.331957854332331	0.0346156119204697	0.00745733794710678	0.00490164915446513	-0.652179220553692	1.08669256214483	0.160178168378128
612	2:1.55e+08	2	1.55e+08	0.703948772973821	0.958971340707297	0.331957854332331	0.0346156119204697	0.00745733794710678	0.00490164915446513	-0.652179220553692	1.08669256214483	0.160178168378128
612	2:181500000	2	181500000	0.703948772973821	0.958971340707297	0.331957854332331	0.0346156119204697	0.00745733794710678	0.00490164915446513	-0.652179220553692	1.08669256214483	0.160178168378128
612	2:1.79e+08	2	1.79e+08	0.703948772973821	0.958971340707297	0.331957854332331	0.0346156119204697	0.00745733794710678	0.00490164915446513	-0.652179220553692	1.08669256214483	0.160178168378128
612	2:195500000	2	195500000	0.703948772973821	0.958971340707297	0.331957854332331	0.0346156119204697	0.00745733794710678	0.00490164915446513	-0.652179220553692	1.08669256214483	0.160178168378128
612	2:200500000	2	200500000	0.703948772973821	0.958971340707297	0.331957854332331	0.0346156119204697	0.00745733794710678	0.00490164915446513	-0.652179220553692	1.08669256214483	0.160178168378128
612	2:1.8e+08	2	1.8e+08	0.703948772973821	0.958971340707297	0.331957854332331	0.0346156119204697	0.00745733794710678	0.00490164915446513	-0.652179220553692	1.08669256214483	0.160178168378128
612	2:149500000	2	149500000	0.703948772973821	0.958971340707297	0.331957854332331	0.0346156119204697	0.00745733794710678	0.00490164915446513	-0.652179220553692	1.08669256214483	0.160178168378128
612	2:208500000	2	208500000	0.703948772973821	0.958971340707297	0.331957854332331	0.0346156119204697	0.00745733794710678	0.00490164915446513	-0.652179220553692	1.08669256214483	0.160178168378128
612	2:2e+08	2	2e+08	0.703948772973821	0.958971340707297	0.331957854332331	0.0346156119204697	0.00745733794710678	0.00490164915446513	-0.652179220553692	1.08669256214483	0.160178168378128
612	2:2.67e+08	2	2.67e+08	0.703948772973821	0.958971340707297	0.331957854332331	0.0346156119204697	0.00745733794710678	0.00490164915446513	-0.652179220553692	1.08669256214483	0.160178168378128
612	2:1.95e+08	2	1.95e+08	0.703948772973821	0.958971340707297	0.331957854332331	0.0346156119204697	0.00745733794710678	0.00490164915446513	-0.652179220553692	1.08669256214483	0.160178168378128
612	2:1.99e+08	2	1.99e+08	0.703948772973821	0.958971340707297	0.331957854332331	0.0346156119204697	0.00745733794710678	0.00490164915446513	-0.652179220553692	1.08669256214483	0.160178168378128
612	2:1.84e+08	2	1.84e+08	0.703948772973821	0.958971340707297	0.331957854332331	0.0346156119204697	0.00745733794710678	0.00490164915446513	-0.652179220553692	1.08669256214483	0.160178168378128
612	2:178500000	2	178500000	0.703948772973821	0.958971340707297	0.331957854332331	0.0346156119204697	0.00745733794710678	0.00490164915446513	-0.652179220553692	1.08669256214483	0.160178168378128
612	2:1.81e+08	2	1.81e+08	0.703948772973821	0.958971340707297	0.331957854332331	0.0346156119204697	0.00745733794710678	0.00490164915446513	-0.652179220553692	1.08669256214483	0.160178168378128
612	2:2.02e+08	2	2.02e+08	0.703948772973821	0.958971340707297	0.331957854332331	0.0346156119204697	0.00745733794710678	0.00490164915446513	-0.652179220553692	1.08669256214483	0.160178168378128
612	2:183500000	2	183500000	0.703948772973821	0.958971340707297	0.331957854332331	0.0346156119204697	0.00745733794710678	0.00490164915446513	-0.652179220553692	1.08669256214483	0.160178168378128
612	2:1.83e+08	2	1.83e+08	0.703948772973821	0.958971340707297	0.331957854332331	0.0346156119204697	0.00745733794710678	0.00490164915446513	-0.652179220553692	1.08669256214483	0.160178168378128
612	2:193500000	2	193500000	0.703948772973821	0.958971340707297	0.331957854332331	0.0346156119204697	0.00745733794710678	0.00490164915446513	-0.652179220553692	1.08669256214483	0.160178168378128
612	2:217500000	2	217500000	0.703948772973821	0.958971340707297	0.331957854332331	0.0346156119204697	0.00745733794710678	0.00490164915446513	-0.652179220553692	1.08669256214483	0.160178168378128
612	2:1.82e+08	2	1.82e+08	0.703948772973821	0.958971340707297	0.331957854332331	0.0346156119204697	0.00745733794710678	0.00490164915446513	-0.652179220553692	1.08669256214483	0.160178168378128
612	2:1.94e+08	2	1.94e+08	0.703948772973821	0.958971340707297	0.331957854332331	0.0346156119204697	0.00745733794710678	0.00490164915446513	-0.652179220553692	1.08669256214483	0.160178168378128
612	2:194500000	2	194500000	0.703948772973821	0.958971340707297	0.331957854332331	0.0346156119204697	0.00745733794710678	0.00490164915446513	-0.652179220553692	1.08669256214483	0.160178168378128
612	2:202500000	2	202500000	0.703948772973821	0.958971340707297	0.331957854332331	0.0346156119204697	0.00745733794710678	0.00490164915446513	-0.652179220553692	1.08669256214483	0.160178168378128
612	2:153500000	2	153500000	0.703948772973821	0.958971340707297	0.331957854332331	0.0346156119204697	0.00745733794710678	0.00490164915446513	-0.652179220553692	1.08669256214483	0.160178168378128
612	2:1.97e+08	2	1.97e+08	0.703948772973821	0.958971340707297	0.331957854332331	0.0346156119204697	0.00745733794710678	0.00490164915446513	-0.652179220553692	1.08669256214483	0.160178168378128
612	2:184500000	2	184500000	0.703948772973821	0.958971340707297	0.331957854332331	0.0346156119204697	0.00745733794710678	0.00490164915446513	-0.652179220553692	1.08669256214483	0.160178168378128
612	2:180500000	2	180500000	0.703948772973821	0.958971340707297	0.331957854332331	0.0346156119204697	0.00745733794710678	0.00490164915446513	-0.652179220553692	1.08669256214483	0.160178168378128
612	2:154500000	2	154500000	0.703948772973821	0.958971340707297	0.331957854332331	0.0346156119204697	0.00745733794710678	0.00490164915446513	-0.652179220553692	1.08669256214483	0.160178168378128
612	2:2.13e+08	2	2.13e+08	0.703948772973821	0.958971340707297	0.331957854332331	0.0346156119204697	0.00745733794710678	0.00490164915446513	-0.652179220553692	1.08669256214483	0.160178168378128
612	2:1.54e+08	2	1.54e+08	0.703948772973821	0.958971340707297	0.331957854332331	0.0346156119204697	0.00745733794710678	0.00490164915446513	-0.652179220553692	1.08669256214483	0.160178168378128
612	2:1.98e+08	2	1.98e+08	0.703948772973821	0.958971340707297	0.331957854332331	0.0346156119204697	0.00745733794710678	0.00490164915446513	-0.652179220553692	1.08669256214483	0.160178168378128
612	2:197500000	2	197500000	0.703948772973821	0.958971340707297	0.331957854332331	0.0346156119204697	0.00745733794710678	0.00490164915446513	-0.652179220553692	1.08669256214483	0.160178168378128
612	2:179500000	2	179500000	0.703948772973821	0.958971340707297	0.331957854332331	0.0346156119204697	0.00745733794710678	0.00490164915446513	-0.652179220553692	1.08669256214483	0.160178168378128
612	2:201500000	2	201500000	0.703948772973821	0.958971340707297	0.331957854332331	0.0346156119204697	0.00745733794710678	0.00490164915446513	-0.652179220553692	1.08669256214483	0.160178168378128
612	2:2.01e+08	2	2.01e+08	0.703948772973821	0.958971340707297	0.331957854332331	0.0346156119204697	0.00745733794710678	0.00490164915446513	-0.652179220553692	1.08669256214483	0.160178168378128
612	2:198500000	2	198500000	0.703948772973821	0.958971340707297	0.331957854332331	0.0346156119204697	0.00745733794710678	0.00490164915446513	-0.652179220553692	1.08669256214483	0.160178168378128
612	2:196500000	2	196500000	0.703948772973821	0.958971340707297	0.331957854332331	0.0346156119204697	0.00745733794710678	0.00490164915446513	-0.652179220553692	1.08669256214483	0.160178168378128
619	2:2.41e+08	2	2.41e+08	0	0.957538145625842	0.025599490024973	0	0.0182570498345473	0.00167361720005269	0.113501379477908	1.83630685237547	0.767592638226623
619	2:2.6e+08	2	2.6e+08	0	0.957538145625842	0.025599490024973	0	0.0182570498345473	0.00167361720005269	0.113501379477908	1.83630685237547	0.767592638226623
619	2:157500000	2	157500000	0	0.957538145625842	0.025599490024973	0	0.0182570498345473	0.00167361720005269	0.113501379477908	1.83630685237547	0.767592638226623
619	2:2.46e+08	2	2.46e+08	0	0.957538145625842	0.025599490024973	0	0.0182570498345473	0.00167361720005269	0.113501379477908	1.83630685237547	0.767592638226623
619	2:191500000	2	191500000	0	0.957538145625842	0.025599490024973	0	0.0182570498345473	0.00167361720005269	0.113501379477908	1.83630685237547	0.767592638226623
619	2:162500000	2	162500000	0	0.957538145625842	0.025599490024973	0	0.0182570498345473	0.00167361720005269	0.113501379477908	1.83630685237547	0.767592638226623
619	2:275500000	2	275500000	0	0.957538145625842	0.025599490024973	0	0.0182570498345473	0.00167361720005269	0.113501379477908	1.83630685237547	0.767592638226623
619	2:2.53e+08	2	2.53e+08	0	0.957538145625842	0.025599490024973	0	0.0182570498345473	0.00167361720005269	0.113501379477908	1.83630685237547	0.767592638226623
619	2:2.62e+08	2	2.62e+08	0	0.957538145625842	0.025599490024973	0	0.0182570498345473	0.00167361720005269	0.113501379477908	1.83630685237547	0.767592638226623
619	2:1.57e+08	2	1.57e+08	0	0.957538145625842	0.025599490024973	0	0.0182570498345473	0.00167361720005269	0.113501379477908	1.83630685237547	0.767592638226623
619	2:240500000	2	240500000	0	0.957538145625842	0.025599490024973	0	0.0182570498345473	0.00167361720005269	0.113501379477908	1.83630685237547	0.767592638226623
619	2:159500000	2	159500000	0	0.957538145625842	0.025599490024973	0	0.0182570498345473	0.00167361720005269	0.113501379477908	1.83630685237547	0.767592638226623
619	2:299500000	2	299500000	0	0.957538145625842	0.025599490024973	0	0.0182570498345473	0.00167361720005269	0.113501379477908	1.83630685237547	0.767592638226623
619	2:1.9e+08	2	1.9e+08	0	0.957538145625842	0.025599490024973	0	0.0182570498345473	0.00167361720005269	0.113501379477908	1.83630685237547	0.767592638226623
619	2:1.69e+08	2	1.69e+08	0	0.957538145625842	0.025599490024973	0	0.0182570498345473	0.00167361720005269	0.113501379477908	1.83630685237547	0.767592638226623
619	2:160500000	2	160500000	0	0.957538145625842	0.025599490024973	0	0.0182570498345473	0.00167361720005269	0.113501379477908	1.83630685237547	0.767592638226623
619	2:168500000	2	168500000	0	0.957538145625842	0.025599490024973	0	0.0182570498345473	0.00167361720005269	0.113501379477908	1.83630685237547	0.767592638226623
619	2:248500000	2	248500000	0	0.957538145625842	0.025599490024973	0	0.0182570498345473	0.00167361720005269	0.113501379477908	1.83630685237547	0.767592638226623
619	2:2.77e+08	2	2.77e+08	0	0.957538145625842	0.025599490024973	0	0.0182570498345473	0.00167361720005269	0.113501379477908	1.83630685237547	0.767592638226623
619	2:242500000	2	242500000	0	0.957538145625842	0.025599490024973	0	0.0182570498345473	0.00167361720005269	0.113501379477908	1.83630685237547	0.767592638226623
619	2:164500000	2	164500000	0	0.957538145625842	0.025599490024973	0	0.0182570498345473	0.00167361720005269	0.113501379477908	1.83630685237547	0.767592638226623
619	2:253500000	2	253500000	0	0.957538145625842	0.025599490024973	0	0.0182570498345473	0.00167361720005269	0.113501379477908	1.83630685237547	0.767592638226623
619	2:261500000	2	261500000	0	0.957538145625842	0.025599490024973	0	0.0182570498345473	0.00167361720005269	0.113501379477908	1.83630685237547	0.767592638226623
619	2:1.87e+08	2	1.87e+08	0	0.957538145625842	0.025599490024973	0	0.0182570498345473	0.00167361720005269	0.113501379477908	1.83630685237547	0.767592638226623
619	2:2.99e+08	2	2.99e+08	0	0.957538145625842	0.025599490024973	0	0.0182570498345473	0.00167361720005269	0.113501379477908	1.83630685237547	0.767592638226623
619	2:245500000	2	245500000	0	0.957538145625842	0.025599490024973	0	0.0182570498345473	0.00167361720005269	0.113501379477908	1.83630685237547	0.767592638226623
619	2:1.59e+08	2	1.59e+08	0	0.957538145625842	0.025599490024973	0	0.0182570498345473	0.00167361720005269	0.113501379477908	1.83630685237547	0.767592638226623
619	2:163500000	2	163500000	0	0.957538145625842	0.025599490024973	0	0.0182570498345473	0.00167361720005269	0.113501379477908	1.83630685237547	0.767592638226623
619	2:172500000	2	172500000	0	0.957538145625842	0.025599490024973	0	0.0182570498345473	0.00167361720005269	0.113501379477908	1.83630685237547	0.767592638226623
619	2:2.58e+08	2	2.58e+08	0	0.957538145625842	0.025599490024973	0	0.0182570498345473	0.00167361720005269	0.113501379477908	1.83630685237547	0.767592638226623
619	2:185500000	2	185500000	0	0.957538145625842	0.025599490024973	0	0.0182570498345473	0.00167361720005269	0.113501379477908	1.83630685237547	0.767592638226623
619	2:166500000	2	166500000	0	0.957538145625842	0.025599490024973	0	0.0182570498345473	0.00167361720005269	0.113501379477908	1.83630685237547	0.767592638226623
619	2:260500000	2	260500000	0	0.957538145625842	0.025599490024973	0	0.0182570498345473	0.00167361720005269	0.113501379477908	1.83630685237547	0.767592638226623
619	2:1.63e+08	2	1.63e+08	0	0.957538145625842	0.025599490024973	0	0.0182570498345473	0.00167361720005269	0.113501379477908	1.83630685237547	0.767592638226623
619	2:254500000	2	254500000	0	0.957538145625842	0.025599490024973	0	0.0182570498345473	0.00167361720005269	0.113501379477908	1.83630685237547	0.767592638226623
619	2:2.61e+08	2	2.61e+08	0	0.957538145625842	0.025599490024973	0	0.0182570498345473	0.00167361720005269	0.113501379477908	1.83630685237547	0.767592638226623
619	2:192500000	2	192500000	0	0.957538145625842	0.025599490024973	0	0.0182570498345473	0.00167361720005269	0.113501379477908	1.83630685237547	0.767592638226623
619	2:252500000	2	252500000	0	0.957538145625842	0.025599490024973	0	0.0182570498345473	0.00167361720005269	0.113501379477908	1.83630685237547	0.767592638226623
619	2:171500000	2	171500000	0	0.957538145625842	0.025599490024973	0	0.0182570498345473	0.00167361720005269	0.113501379477908	1.83630685237547	0.767592638226623
619	2:161500000	2	161500000	0	0.957538145625842	0.025599490024973	0	0.0182570498345473	0.00167361720005269	0.113501379477908	1.83630685237547	0.767592638226623
619	2:2.48e+08	2	2.48e+08	0	0.957538145625842	0.025599490024973	0	0.0182570498345473	0.00167361720005269	0.113501379477908	1.83630685237547	0.767592638226623
619	2:215500000	2	215500000	0	0.957538145625842	0.025599490024973	0	0.0182570498345473	0.00167361720005269	0.113501379477908	1.83630685237547	0.767592638226623
619	2:1.65e+08	2	1.65e+08	0	0.957538145625842	0.025599490024973	0	0.0182570498345473	0.00167361720005269	0.113501379477908	1.83630685237547	0.767592638226623
619	2:239500000	2	239500000	0	0.957538145625842	0.025599490024973	0	0.0182570498345473	0.00167361720005269	0.113501379477908	1.83630685237547	0.767592638226623
619	2:1.92e+08	2	1.92e+08	0	0.957538145625842	0.025599490024973	0	0.0182570498345473	0.00167361720005269	0.113501379477908	1.83630685237547	0.767592638226623
619	2:2.55e+08	2	2.55e+08	0	0.957538145625842	0.025599490024973	0	0.0182570498345473	0.00167361720005269	0.113501379477908	1.83630685237547	0.767592638226623
619	2:1.7e+08	2	1.7e+08	0	0.957538145625842	0.025599490024973	0	0.0182570498345473	0.00167361720005269	0.113501379477908	1.83630685237547	0.767592638226623
619	2:1.71e+08	2	1.71e+08	0	0.957538145625842	0.025599490024973	0	0.0182570498345473	0.00167361720005269	0.113501379477908	1.83630685237547	0.767592638226623
619	2:1.64e+08	2	1.64e+08	0	0.957538145625842	0.025599490024973	0	0.0182570498345473	0.00167361720005269	0.113501379477908	1.83630685237547	0.767592638226623
619	2:165500000	2	165500000	0	0.957538145625842	0.025599490024973	0	0.0182570498345473	0.00167361720005269	0.113501379477908	1.83630685237547	0.767592638226623
619	2:1.61e+08	2	1.61e+08	0	0.957538145625842	0.025599490024973	0	0.0182570498345473	0.00167361720005269	0.113501379477908	1.83630685237547	0.767592638226623
619	2:170500000	2	170500000	0	0.957538145625842	0.025599490024973	0	0.0182570498345473	0.00167361720005269	0.113501379477908	1.83630685237547	0.767592638226623
619	2:266500000	2	266500000	0	0.957538145625842	0.025599490024973	0	0.0182570498345473	0.00167361720005269	0.113501379477908	1.83630685237547	0.767592638226623
619	2:1.6e+08	2	1.6e+08	0	0.957538145625842	0.025599490024973	0	0.0182570498345473	0.00167361720005269	0.113501379477908	1.83630685237547	0.767592638226623
619	2:249500000	2	249500000	0	0.957538145625842	0.025599490024973	0	0.0182570498345473	0.00167361720005269	0.113501379477908	1.83630685237547	0.767592638226623
619	2:1.62e+08	2	1.62e+08	0	0.957538145625842	0.025599490024973	0	0.0182570498345473	0.00167361720005269	0.113501379477908	1.83630685237547	0.767592638226623
619	2:2.52e+08	2	2.52e+08	0	0.957538145625842	0.025599490024973	0	0.0182570498345473	0.00167361720005269	0.113501379477908	1.83630685237547	0.767592638226623
619	2:2.45e+08	2	2.45e+08	0	0.957538145625842	0.025599490024973	0	0.0182570498345473	0.00167361720005269	0.113501379477908	1.83630685237547	0.767592638226623
619	2:1.72e+08	2	1.72e+08	0	0.957538145625842	0.025599490024973	0	0.0182570498345473	0.00167361720005269	0.113501379477908	1.83630685237547	0.767592638226623
619	2:2.43e+08	2	2.43e+08	0	0.957538145625842	0.025599490024973	0	0.0182570498345473	0.00167361720005269	0.113501379477908	1.83630685237547	0.767592638226623
619	2:169500000	2	169500000	0	0.957538145625842	0.025599490024973	0	0.0182570498345473	0.00167361720005269	0.113501379477908	1.83630685237547	0.767592638226623
619	2:258500000	2	258500000	0	0.957538145625842	0.025599490024973	0	0.0182570498345473	0.00167361720005269	0.113501379477908	1.83630685237547	0.767592638226623
619	2:1.66e+08	2	1.66e+08	0	0.957538145625842	0.025599490024973	0	0.0182570498345473	0.00167361720005269	0.113501379477908	1.83630685237547	0.767592638226623
619	2:214500000	2	214500000	0	0.957538145625842	0.025599490024973	0	0.0182570498345473	0.00167361720005269	0.113501379477908	1.83630685237547	0.767592638226623
623	2:1.39e+08	2	1.39e+08	0	0.979108030357675	0.00153208220545974	0	0.0733956490996386	0.000863658717319427	0.462780450566449	2.4984461136596	0.775826596890002
623	2:127500000	2	127500000	0	0.979108030357675	0.00153208220545974	0	0.0733956490996386	0.000863658717319427	0.462780450566449	2.4984461136596	0.775826596890002
623	2:1.31e+08	2	1.31e+08	0	0.979108030357675	0.00153208220545974	0	0.0733956490996386	0.000863658717319427	0.462780450566449	2.4984461136596	0.775826596890002
623	2:1.4e+08	2	1.4e+08	0	0.979108030357675	0.00153208220545974	0	0.0733956490996386	0.000863658717319427	0.462780450566449	2.4984461136596	0.775826596890002
623	2:131500000	2	131500000	0	0.979108030357675	0.00153208220545974	0	0.0733956490996386	0.000863658717319427	0.462780450566449	2.4984461136596	0.775826596890002
623	2:133500000	2	133500000	0	0.979108030357675	0.00153208220545974	0	0.0733956490996386	0.000863658717319427	0.462780450566449	2.4984461136596	0.775826596890002
623	2:1.33e+08	2	1.33e+08	0	0.979108030357675	0.00153208220545974	0	0.0733956490996386	0.000863658717319427	0.462780450566449	2.4984461136596	0.775826596890002
623	2:113500000	2	113500000	0	0.979108030357675	0.00153208220545974	0	0.0733956490996386	0.000863658717319427	0.462780450566449	2.4984461136596	0.775826596890002
623	2:1.2e+08	2	1.2e+08	0	0.979108030357675	0.00153208220545974	0	0.0733956490996386	0.000863658717319427	0.462780450566449	2.4984461136596	0.775826596890002
623	2:139500000	2	139500000	0	0.979108030357675	0.00153208220545974	0	0.0733956490996386	0.000863658717319427	0.462780450566449	2.4984461136596	0.775826596890002
623	2:120500000	2	120500000	0	0.979108030357675	0.00153208220545974	0	0.0733956490996386	0.000863658717319427	0.462780450566449	2.4984461136596	0.775826596890002
623	2:1.46e+08	2	1.46e+08	0	0.979108030357675	0.00153208220545974	0	0.0733956490996386	0.000863658717319427	0.462780450566449	2.4984461136596	0.775826596890002
623	2:119500000	2	119500000	0	0.979108030357675	0.00153208220545974	0	0.0733956490996386	0.000863658717319427	0.462780450566449	2.4984461136596	0.775826596890002
623	2:1.23e+08	2	1.23e+08	0	0.979108030357675	0.00153208220545974	0	0.0733956490996386	0.000863658717319427	0.462780450566449	2.4984461136596	0.775826596890002
623	2:1.29e+08	2	1.29e+08	0	0.979108030357675	0.00153208220545974	0	0.0733956490996386	0.000863658717319427	0.462780450566449	2.4984461136596	0.775826596890002
623	2:141500000	2	141500000	0	0.979108030357675	0.00153208220545974	0	0.0733956490996386	0.000863658717319427	0.462780450566449	2.4984461136596	0.775826596890002
623	2:114500000	2	114500000	0	0.979108030357675	0.00153208220545974	0	0.0733956490996386	0.000863658717319427	0.462780450566449	2.4984461136596	0.775826596890002
623	2:1.38e+08	2	1.38e+08	0	0.979108030357675	0.00153208220545974	0	0.0733956490996386	0.000863658717319427	0.462780450566449	2.4984461136596	0.775826596890002
623	2:117500000	2	117500000	0	0.979108030357675	0.00153208220545974	0	0.0733956490996386	0.000863658717319427	0.462780450566449	2.4984461136596	0.775826596890002
623	2:118500000	2	118500000	0	0.979108030357675	0.00153208220545974	0	0.0733956490996386	0.000863658717319427	0.462780450566449	2.4984461136596	0.775826596890002
623	2:121500000	2	121500000	0	0.979108030357675	0.00153208220545974	0	0.0733956490996386	0.000863658717319427	0.462780450566449	2.4984461136596	0.775826596890002
623	2:132500000	2	132500000	0	0.979108030357675	0.00153208220545974	0	0.0733956490996386	0.000863658717319427	0.462780450566449	2.4984461136596	0.775826596890002
623	2:140500000	2	140500000	0	0.979108030357675	0.00153208220545974	0	0.0733956490996386	0.000863658717319427	0.462780450566449	2.4984461136596	0.775826596890002
623	2:142500000	2	142500000	0	0.979108030357675	0.00153208220545974	0	0.0733956490996386	0.000863658717319427	0.462780450566449	2.4984461136596	0.775826596890002
623	2:1.36e+08	2	1.36e+08	0	0.979108030357675	0.00153208220545974	0	0.0733956490996386	0.000863658717319427	0.462780450566449	2.4984461136596	0.775826596890002
623	2:107500000	2	107500000	0	0.979108030357675	0.00153208220545974	0	0.0733956490996386	0.000863658717319427	0.462780450566449	2.4984461136596	0.775826596890002
623	2:112500000	2	112500000	0	0.979108030357675	0.00153208220545974	0	0.0733956490996386	0.000863658717319427	0.462780450566449	2.4984461136596	0.775826596890002
623	2:1.35e+08	2	1.35e+08	0	0.979108030357675	0.00153208220545974	0	0.0733956490996386	0.000863658717319427	0.462780450566449	2.4984461136596	0.775826596890002
623	2:1.3e+08	2	1.3e+08	0	0.979108030357675	0.00153208220545974	0	0.0733956490996386	0.000863658717319427	0.462780450566449	2.4984461136596	0.775826596890002
623	2:1.17e+08	2	1.17e+08	0	0.979108030357675	0.00153208220545974	0	0.0733956490996386	0.000863658717319427	0.462780450566449	2.4984461136596	0.775826596890002
623	2:1.13e+08	2	1.13e+08	0	0.979108030357675	0.00153208220545974	0	0.0733956490996386	0.000863658717319427	0.462780450566449	2.4984461136596	0.775826596890002
623	2:123500000	2	123500000	0	0.979108030357675	0.00153208220545974	0	0.0733956490996386	0.000863658717319427	0.462780450566449	2.4984461136596	0.775826596890002
623	2:1.43e+08	2	1.43e+08	0	0.979108030357675	0.00153208220545974	0	0.0733956490996386	0.000863658717319427	0.462780450566449	2.4984461136596	0.775826596890002
623	2:1.28e+08	2	1.28e+08	0	0.979108030357675	0.00153208220545974	0	0.0733956490996386	0.000863658717319427	0.462780450566449	2.4984461136596	0.775826596890002
623	2:1.42e+08	2	1.42e+08	0	0.979108030357675	0.00153208220545974	0	0.0733956490996386	0.000863658717319427	0.462780450566449	2.4984461136596	0.775826596890002
623	2:1.37e+08	2	1.37e+08	0	0.979108030357675	0.00153208220545974	0	0.0733956490996386	0.000863658717319427	0.462780450566449	2.4984461136596	0.775826596890002
623	2:1.24e+08	2	1.24e+08	0	0.979108030357675	0.00153208220545974	0	0.0733956490996386	0.000863658717319427	0.462780450566449	2.4984461136596	0.775826596890002
623	2:136500000	2	136500000	0	0.979108030357675	0.00153208220545974	0	0.0733956490996386	0.000863658717319427	0.462780450566449	2.4984461136596	0.775826596890002
623	2:111500000	2	111500000	0	0.979108030357675	0.00153208220545974	0	0.0733956490996386	0.000863658717319427	0.462780450566449	2.4984461136596	0.775826596890002
623	2:124500000	2	124500000	0	0.979108030357675	0.00153208220545974	0	0.0733956490996386	0.000863658717319427	0.462780450566449	2.4984461136596	0.775826596890002
623	2:128500000	2	128500000	0	0.979108030357675	0.00153208220545974	0	0.0733956490996386	0.000863658717319427	0.462780450566449	2.4984461136596	0.775826596890002
623	2:1.32e+08	2	1.32e+08	0	0.979108030357675	0.00153208220545974	0	0.0733956490996386	0.000863658717319427	0.462780450566449	2.4984461136596	0.775826596890002
623	2:125500000	2	125500000	0	0.979108030357675	0.00153208220545974	0	0.0733956490996386	0.000863658717319427	0.462780450566449	2.4984461136596	0.775826596890002
623	2:130500000	2	130500000	0	0.979108030357675	0.00153208220545974	0	0.0733956490996386	0.000863658717319427	0.462780450566449	2.4984461136596	0.775826596890002
626	2:2.41e+08	2	2.41e+08	0	0.974622000782742	0.0138133250851745	0	0.017736370552901	0.00131805162867889	0.124505307589548	2.07804229932539	0.65892059719136
626	2:261500000	2	261500000	0	0.974622000782742	0.0138133250851745	0	0.017736370552901	0.00131805162867889	0.124505307589548	2.07804229932539	0.65892059719136
626	2:1.9e+08	2	1.9e+08	0	0.974622000782742	0.0138133250851745	0	0.017736370552901	0.00131805162867889	0.124505307589548	2.07804229932539	0.65892059719136
626	2:254500000	2	254500000	0	0.974622000782742	0.0138133250851745	0	0.017736370552901	0.00131805162867889	0.124505307589548	2.07804229932539	0.65892059719136
626	2:280500000	2	280500000	0	0.974622000782742	0.0138133250851745	0	0.017736370552901	0.00131805162867889	0.124505307589548	2.07804229932539	0.65892059719136
626	2:2.61e+08	2	2.61e+08	0	0.974622000782742	0.0138133250851745	0	0.017736370552901	0.00131805162867889	0.124505307589548	2.07804229932539	0.65892059719136
626	2:164500000	2	164500000	0	0.974622000782742	0.0138133250851745	0	0.017736370552901	0.00131805162867889	0.124505307589548	2.07804229932539	0.65892059719136
626	2:258500000	2	258500000	0	0.974622000782742	0.0138133250851745	0	0.017736370552901	0.00131805162867889	0.124505307589548	2.07804229932539	0.65892059719136
626	2:2.77e+08	2	2.77e+08	0	0.974622000782742	0.0138133250851745	0	0.017736370552901	0.00131805162867889	0.124505307589548	2.07804229932539	0.65892059719136
626	2:242500000	2	242500000	0	0.974622000782742	0.0138133250851745	0	0.017736370552901	0.00131805162867889	0.124505307589548	2.07804229932539	0.65892059719136
626	2:252500000	2	252500000	0	0.974622000782742	0.0138133250851745	0	0.017736370552901	0.00131805162867889	0.124505307589548	2.07804229932539	0.65892059719136
626	2:1.62e+08	2	1.62e+08	0	0.974622000782742	0.0138133250851745	0	0.017736370552901	0.00131805162867889	0.124505307589548	2.07804229932539	0.65892059719136
626	2:1.71e+08	2	1.71e+08	0	0.974622000782742	0.0138133250851745	0	0.017736370552901	0.00131805162867889	0.124505307589548	2.07804229932539	0.65892059719136
626	2:239500000	2	239500000	0	0.974622000782742	0.0138133250851745	0	0.017736370552901	0.00131805162867889	0.124505307589548	2.07804229932539	0.65892059719136
626	2:191500000	2	191500000	0	0.974622000782742	0.0138133250851745	0	0.017736370552901	0.00131805162867889	0.124505307589548	2.07804229932539	0.65892059719136
626	2:157500000	2	157500000	0	0.974622000782742	0.0138133250851745	0	0.017736370552901	0.00131805162867889	0.124505307589548	2.07804229932539	0.65892059719136
626	2:170500000	2	170500000	0	0.974622000782742	0.0138133250851745	0	0.017736370552901	0.00131805162867889	0.124505307589548	2.07804229932539	0.65892059719136
626	2:2.46e+08	2	2.46e+08	0	0.974622000782742	0.0138133250851745	0	0.017736370552901	0.00131805162867889	0.124505307589548	2.07804229932539	0.65892059719136
626	2:1.64e+08	2	1.64e+08	0	0.974622000782742	0.0138133250851745	0	0.017736370552901	0.00131805162867889	0.124505307589548	2.07804229932539	0.65892059719136
626	2:1.59e+08	2	1.59e+08	0	0.974622000782742	0.0138133250851745	0	0.017736370552901	0.00131805162867889	0.124505307589548	2.07804229932539	0.65892059719136
626	2:2.6e+08	2	2.6e+08	0	0.974622000782742	0.0138133250851745	0	0.017736370552901	0.00131805162867889	0.124505307589548	2.07804229932539	0.65892059719136
626	2:214500000	2	214500000	0	0.974622000782742	0.0138133250851745	0	0.017736370552901	0.00131805162867889	0.124505307589548	2.07804229932539	0.65892059719136
626	2:185500000	2	185500000	0	0.974622000782742	0.0138133250851745	0	0.017736370552901	0.00131805162867889	0.124505307589548	2.07804229932539	0.65892059719136
626	2:1.65e+08	2	1.65e+08	0	0.974622000782742	0.0138133250851745	0	0.017736370552901	0.00131805162867889	0.124505307589548	2.07804229932539	0.65892059719136
626	2:2.7e+08	2	2.7e+08	0	0.974622000782742	0.0138133250851745	0	0.017736370552901	0.00131805162867889	0.124505307589548	2.07804229932539	0.65892059719136
626	2:168500000	2	168500000	0	0.974622000782742	0.0138133250851745	0	0.017736370552901	0.00131805162867889	0.124505307589548	2.07804229932539	0.65892059719136
626	2:249500000	2	249500000	0	0.974622000782742	0.0138133250851745	0	0.017736370552901	0.00131805162867889	0.124505307589548	2.07804229932539	0.65892059719136
626	2:171500000	2	171500000	0	0.974622000782742	0.0138133250851745	0	0.017736370552901	0.00131805162867889	0.124505307589548	2.07804229932539	0.65892059719136
626	2:2.58e+08	2	2.58e+08	0	0.974622000782742	0.0138133250851745	0	0.017736370552901	0.00131805162867889	0.124505307589548	2.07804229932539	0.65892059719136
626	2:2.62e+08	2	2.62e+08	0	0.974622000782742	0.0138133250851745	0	0.017736370552901	0.00131805162867889	0.124505307589548	2.07804229932539	0.65892059719136
626	2:160500000	2	160500000	0	0.974622000782742	0.0138133250851745	0	0.017736370552901	0.00131805162867889	0.124505307589548	2.07804229932539	0.65892059719136
626	2:2.43e+08	2	2.43e+08	0	0.974622000782742	0.0138133250851745	0	0.017736370552901	0.00131805162867889	0.124505307589548	2.07804229932539	0.65892059719136
626	2:159500000	2	159500000	0	0.974622000782742	0.0138133250851745	0	0.017736370552901	0.00131805162867889	0.124505307589548	2.07804229932539	0.65892059719136
626	2:299500000	2	299500000	0	0.974622000782742	0.0138133250851745	0	0.017736370552901	0.00131805162867889	0.124505307589548	2.07804229932539	0.65892059719136
626	2:2.55e+08	2	2.55e+08	0	0.974622000782742	0.0138133250851745	0	0.017736370552901	0.00131805162867889	0.124505307589548	2.07804229932539	0.65892059719136
626	2:192500000	2	192500000	0	0.974622000782742	0.0138133250851745	0	0.017736370552901	0.00131805162867889	0.124505307589548	2.07804229932539	0.65892059719136
626	2:240500000	2	240500000	0	0.974622000782742	0.0138133250851745	0	0.017736370552901	0.00131805162867889	0.124505307589548	2.07804229932539	0.65892059719136
626	2:215500000	2	215500000	0	0.974622000782742	0.0138133250851745	0	0.017736370552901	0.00131805162867889	0.124505307589548	2.07804229932539	0.65892059719136
626	2:161500000	2	161500000	0	0.974622000782742	0.0138133250851745	0	0.017736370552901	0.00131805162867889	0.124505307589548	2.07804229932539	0.65892059719136
626	2:266500000	2	266500000	0	0.974622000782742	0.0138133250851745	0	0.017736370552901	0.00131805162867889	0.124505307589548	2.07804229932539	0.65892059719136
626	2:1.66e+08	2	1.66e+08	0	0.974622000782742	0.0138133250851745	0	0.017736370552901	0.00131805162867889	0.124505307589548	2.07804229932539	0.65892059719136
626	2:253500000	2	253500000	0	0.974622000782742	0.0138133250851745	0	0.017736370552901	0.00131805162867889	0.124505307589548	2.07804229932539	0.65892059719136
626	2:2.99e+08	2	2.99e+08	0	0.974622000782742	0.0138133250851745	0	0.017736370552901	0.00131805162867889	0.124505307589548	2.07804229932539	0.65892059719136
626	2:1.87e+08	2	1.87e+08	0	0.974622000782742	0.0138133250851745	0	0.017736370552901	0.00131805162867889	0.124505307589548	2.07804229932539	0.65892059719136
626	2:248500000	2	248500000	0	0.974622000782742	0.0138133250851745	0	0.017736370552901	0.00131805162867889	0.124505307589548	2.07804229932539	0.65892059719136
626	2:2.48e+08	2	2.48e+08	0	0.974622000782742	0.0138133250851745	0	0.017736370552901	0.00131805162867889	0.124505307589548	2.07804229932539	0.65892059719136
626	2:1.69e+08	2	1.69e+08	0	0.974622000782742	0.0138133250851745	0	0.017736370552901	0.00131805162867889	0.124505307589548	2.07804229932539	0.65892059719136
626	2:169500000	2	169500000	0	0.974622000782742	0.0138133250851745	0	0.017736370552901	0.00131805162867889	0.124505307589548	2.07804229932539	0.65892059719136
626	2:1.61e+08	2	1.61e+08	0	0.974622000782742	0.0138133250851745	0	0.017736370552901	0.00131805162867889	0.124505307589548	2.07804229932539	0.65892059719136
626	2:162500000	2	162500000	0	0.974622000782742	0.0138133250851745	0	0.017736370552901	0.00131805162867889	0.124505307589548	2.07804229932539	0.65892059719136
626	2:275500000	2	275500000	0	0.974622000782742	0.0138133250851745	0	0.017736370552901	0.00131805162867889	0.124505307589548	2.07804229932539	0.65892059719136
626	2:245500000	2	245500000	0	0.974622000782742	0.0138133250851745	0	0.017736370552901	0.00131805162867889	0.124505307589548	2.07804229932539	0.65892059719136
626	2:1.92e+08	2	1.92e+08	0	0.974622000782742	0.0138133250851745	0	0.017736370552901	0.00131805162867889	0.124505307589548	2.07804229932539	0.65892059719136
626	2:1.63e+08	2	1.63e+08	0	0.974622000782742	0.0138133250851745	0	0.017736370552901	0.00131805162867889	0.124505307589548	2.07804229932539	0.65892059719136
626	2:1.7e+08	2	1.7e+08	0	0.974622000782742	0.0138133250851745	0	0.017736370552901	0.00131805162867889	0.124505307589548	2.07804229932539	0.65892059719136
626	2:273500000	2	273500000	0	0.974622000782742	0.0138133250851745	0	0.017736370552901	0.00131805162867889	0.124505307589548	2.07804229932539	0.65892059719136
626	2:1.57e+08	2	1.57e+08	0	0.974622000782742	0.0138133250851745	0	0.017736370552901	0.00131805162867889	0.124505307589548	2.07804229932539	0.65892059719136
626	2:166500000	2	166500000	0	0.974622000782742	0.0138133250851745	0	0.017736370552901	0.00131805162867889	0.124505307589548	2.07804229932539	0.65892059719136
626	2:163500000	2	163500000	0	0.974622000782742	0.0138133250851745	0	0.017736370552901	0.00131805162867889	0.124505307589548	2.07804229932539	0.65892059719136
626	2:2.53e+08	2	2.53e+08	0	0.974622000782742	0.0138133250851745	0	0.017736370552901	0.00131805162867889	0.124505307589548	2.07804229932539	0.65892059719136
626	2:1.6e+08	2	1.6e+08	0	0.974622000782742	0.0138133250851745	0	0.017736370552901	0.00131805162867889	0.124505307589548	2.07804229932539	0.65892059719136
626	2:2.45e+08	2	2.45e+08	0	0.974622000782742	0.0138133250851745	0	0.017736370552901	0.00131805162867889	0.124505307589548	2.07804229932539	0.65892059719136
626	2:172500000	2	172500000	0	0.974622000782742	0.0138133250851745	0	0.017736370552901	0.00131805162867889	0.124505307589548	2.07804229932539	0.65892059719136
626	2:165500000	2	165500000	0	0.974622000782742	0.0138133250851745	0	0.017736370552901	0.00131805162867889	0.124505307589548	2.07804229932539	0.65892059719136
626	2:1.72e+08	2	1.72e+08	0	0.974622000782742	0.0138133250851745	0	0.017736370552901	0.00131805162867889	0.124505307589548	2.07804229932539	0.65892059719136
626	2:2.52e+08	2	2.52e+08	0	0.974622000782742	0.0138133250851745	0	0.017736370552901	0.00131805162867889	0.124505307589548	2.07804229932539	0.65892059719136
626	2:260500000	2	260500000	0	0.974622000782742	0.0138133250851745	0	0.017736370552901	0.00131805162867889	0.124505307589548	2.07804229932539	0.65892059719136
633	2:166500000	2	166500000	0	0.984697981679574	0.00804956345940686	0	0.0180255483844006	0.0011513651307688	0.122238525838878	2.28442200252892	0.876356270320494
633	2:273500000	2	273500000	0	0.984697981679574	0.00804956345940686	0	0.0180255483844006	0.0011513651307688	0.122238525838878	2.28442200252892	0.876356270320494
633	2:1.63e+08	2	1.63e+08	0	0.984697981679574	0.00804956345940686	0	0.0180255483844006	0.0011513651307688	0.122238525838878	2.28442200252892	0.876356270320494
633	2:162500000	2	162500000	0	0.984697981679574	0.00804956345940686	0	0.0180255483844006	0.0011513651307688	0.122238525838878	2.28442200252892	0.876356270320494
633	2:185500000	2	185500000	0	0.984697981679574	0.00804956345940686	0	0.0180255483844006	0.0011513651307688	0.122238525838878	2.28442200252892	0.876356270320494
633	2:2.6e+08	2	2.6e+08	0	0.984697981679574	0.00804956345940686	0	0.0180255483844006	0.0011513651307688	0.122238525838878	2.28442200252892	0.876356270320494
633	2:1.7e+08	2	1.7e+08	0	0.984697981679574	0.00804956345940686	0	0.0180255483844006	0.0011513651307688	0.122238525838878	2.28442200252892	0.876356270320494
633	2:1.66e+08	2	1.66e+08	0	0.984697981679574	0.00804956345940686	0	0.0180255483844006	0.0011513651307688	0.122238525838878	2.28442200252892	0.876356270320494
633	2:261500000	2	261500000	0	0.984697981679574	0.00804956345940686	0	0.0180255483844006	0.0011513651307688	0.122238525838878	2.28442200252892	0.876356270320494
633	2:2.53e+08	2	2.53e+08	0	0.984697981679574	0.00804956345940686	0	0.0180255483844006	0.0011513651307688	0.122238525838878	2.28442200252892	0.876356270320494
633	2:171500000	2	171500000	0	0.984697981679574	0.00804956345940686	0	0.0180255483844006	0.0011513651307688	0.122238525838878	2.28442200252892	0.876356270320494
633	2:2.7e+08	2	2.7e+08	0	0.984697981679574	0.00804956345940686	0	0.0180255483844006	0.0011513651307688	0.122238525838878	2.28442200252892	0.876356270320494
633	2:1.62e+08	2	1.62e+08	0	0.984697981679574	0.00804956345940686	0	0.0180255483844006	0.0011513651307688	0.122238525838878	2.28442200252892	0.876356270320494
633	2:254500000	2	254500000	0	0.984697981679574	0.00804956345940686	0	0.0180255483844006	0.0011513651307688	0.122238525838878	2.28442200252892	0.876356270320494
633	2:249500000	2	249500000	0	0.984697981679574	0.00804956345940686	0	0.0180255483844006	0.0011513651307688	0.122238525838878	2.28442200252892	0.876356270320494
633	2:1.72e+08	2	1.72e+08	0	0.984697981679574	0.00804956345940686	0	0.0180255483844006	0.0011513651307688	0.122238525838878	2.28442200252892	0.876356270320494
633	2:239500000	2	239500000	0	0.984697981679574	0.00804956345940686	0	0.0180255483844006	0.0011513651307688	0.122238525838878	2.28442200252892	0.876356270320494
633	2:275500000	2	275500000	0	0.984697981679574	0.00804956345940686	0	0.0180255483844006	0.0011513651307688	0.122238525838878	2.28442200252892	0.876356270320494
633	2:245500000	2	245500000	0	0.984697981679574	0.00804956345940686	0	0.0180255483844006	0.0011513651307688	0.122238525838878	2.28442200252892	0.876356270320494
633	2:188500000	2	188500000	0	0.984697981679574	0.00804956345940686	0	0.0180255483844006	0.0011513651307688	0.122238525838878	2.28442200252892	0.876356270320494
633	2:2.41e+08	2	2.41e+08	0	0.984697981679574	0.00804956345940686	0	0.0180255483844006	0.0011513651307688	0.122238525838878	2.28442200252892	0.876356270320494
633	2:2.62e+08	2	2.62e+08	0	0.984697981679574	0.00804956345940686	0	0.0180255483844006	0.0011513651307688	0.122238525838878	2.28442200252892	0.876356270320494
633	2:1.61e+08	2	1.61e+08	0	0.984697981679574	0.00804956345940686	0	0.0180255483844006	0.0011513651307688	0.122238525838878	2.28442200252892	0.876356270320494
633	2:299500000	2	299500000	0	0.984697981679574	0.00804956345940686	0	0.0180255483844006	0.0011513651307688	0.122238525838878	2.28442200252892	0.876356270320494
633	2:253500000	2	253500000	0	0.984697981679574	0.00804956345940686	0	0.0180255483844006	0.0011513651307688	0.122238525838878	2.28442200252892	0.876356270320494
633	2:2.48e+08	2	2.48e+08	0	0.984697981679574	0.00804956345940686	0	0.0180255483844006	0.0011513651307688	0.122238525838878	2.28442200252892	0.876356270320494
633	2:163500000	2	163500000	0	0.984697981679574	0.00804956345940686	0	0.0180255483844006	0.0011513651307688	0.122238525838878	2.28442200252892	0.876356270320494
633	2:252500000	2	252500000	0	0.984697981679574	0.00804956345940686	0	0.0180255483844006	0.0011513651307688	0.122238525838878	2.28442200252892	0.876356270320494
633	2:1.59e+08	2	1.59e+08	0	0.984697981679574	0.00804956345940686	0	0.0180255483844006	0.0011513651307688	0.122238525838878	2.28442200252892	0.876356270320494
633	2:1.71e+08	2	1.71e+08	0	0.984697981679574	0.00804956345940686	0	0.0180255483844006	0.0011513651307688	0.122238525838878	2.28442200252892	0.876356270320494
633	2:1.57e+08	2	1.57e+08	0	0.984697981679574	0.00804956345940686	0	0.0180255483844006	0.0011513651307688	0.122238525838878	2.28442200252892	0.876356270320494
633	2:2.58e+08	2	2.58e+08	0	0.984697981679574	0.00804956345940686	0	0.0180255483844006	0.0011513651307688	0.122238525838878	2.28442200252892	0.876356270320494
633	2:159500000	2	159500000	0	0.984697981679574	0.00804956345940686	0	0.0180255483844006	0.0011513651307688	0.122238525838878	2.28442200252892	0.876356270320494
633	2:172500000	2	172500000	0	0.984697981679574	0.00804956345940686	0	0.0180255483844006	0.0011513651307688	0.122238525838878	2.28442200252892	0.876356270320494
633	2:214500000	2	214500000	0	0.984697981679574	0.00804956345940686	0	0.0180255483844006	0.0011513651307688	0.122238525838878	2.28442200252892	0.876356270320494
633	2:164500000	2	164500000	0	0.984697981679574	0.00804956345940686	0	0.0180255483844006	0.0011513651307688	0.122238525838878	2.28442200252892	0.876356270320494
633	2:2.52e+08	2	2.52e+08	0	0.984697981679574	0.00804956345940686	0	0.0180255483844006	0.0011513651307688	0.122238525838878	2.28442200252892	0.876356270320494
633	2:1.64e+08	2	1.64e+08	0	0.984697981679574	0.00804956345940686	0	0.0180255483844006	0.0011513651307688	0.122238525838878	2.28442200252892	0.876356270320494
633	2:1.87e+08	2	1.87e+08	0	0.984697981679574	0.00804956345940686	0	0.0180255483844006	0.0011513651307688	0.122238525838878	2.28442200252892	0.876356270320494
633	2:192500000	2	192500000	0	0.984697981679574	0.00804956345940686	0	0.0180255483844006	0.0011513651307688	0.122238525838878	2.28442200252892	0.876356270320494
633	2:1.9e+08	2	1.9e+08	0	0.984697981679574	0.00804956345940686	0	0.0180255483844006	0.0011513651307688	0.122238525838878	2.28442200252892	0.876356270320494
633	2:258500000	2	258500000	0	0.984697981679574	0.00804956345940686	0	0.0180255483844006	0.0011513651307688	0.122238525838878	2.28442200252892	0.876356270320494
633	2:187500000	2	187500000	0	0.984697981679574	0.00804956345940686	0	0.0180255483844006	0.0011513651307688	0.122238525838878	2.28442200252892	0.876356270320494
633	2:2.61e+08	2	2.61e+08	0	0.984697981679574	0.00804956345940686	0	0.0180255483844006	0.0011513651307688	0.122238525838878	2.28442200252892	0.876356270320494
633	2:168500000	2	168500000	0	0.984697981679574	0.00804956345940686	0	0.0180255483844006	0.0011513651307688	0.122238525838878	2.28442200252892	0.876356270320494
633	2:160500000	2	160500000	0	0.984697981679574	0.00804956345940686	0	0.0180255483844006	0.0011513651307688	0.122238525838878	2.28442200252892	0.876356270320494
633	2:186500000	2	186500000	0	0.984697981679574	0.00804956345940686	0	0.0180255483844006	0.0011513651307688	0.122238525838878	2.28442200252892	0.876356270320494
633	2:280500000	2	280500000	0	0.984697981679574	0.00804956345940686	0	0.0180255483844006	0.0011513651307688	0.122238525838878	2.28442200252892	0.876356270320494
633	2:169500000	2	169500000	0	0.984697981679574	0.00804956345940686	0	0.0180255483844006	0.0011513651307688	0.122238525838878	2.28442200252892	0.876356270320494
633	2:2.77e+08	2	2.77e+08	0	0.984697981679574	0.00804956345940686	0	0.0180255483844006	0.0011513651307688	0.122238525838878	2.28442200252892	0.876356270320494
633	2:1.69e+08	2	1.69e+08	0	0.984697981679574	0.00804956345940686	0	0.0180255483844006	0.0011513651307688	0.122238525838878	2.28442200252892	0.876356270320494
633	2:1.92e+08	2	1.92e+08	0	0.984697981679574	0.00804956345940686	0	0.0180255483844006	0.0011513651307688	0.122238525838878	2.28442200252892	0.876356270320494
633	2:157500000	2	157500000	0	0.984697981679574	0.00804956345940686	0	0.0180255483844006	0.0011513651307688	0.122238525838878	2.28442200252892	0.876356270320494
633	2:266500000	2	266500000	0	0.984697981679574	0.00804956345940686	0	0.0180255483844006	0.0011513651307688	0.122238525838878	2.28442200252892	0.876356270320494
633	2:242500000	2	242500000	0	0.984697981679574	0.00804956345940686	0	0.0180255483844006	0.0011513651307688	0.122238525838878	2.28442200252892	0.876356270320494
633	2:191500000	2	191500000	0	0.984697981679574	0.00804956345940686	0	0.0180255483844006	0.0011513651307688	0.122238525838878	2.28442200252892	0.876356270320494
633	2:248500000	2	248500000	0	0.984697981679574	0.00804956345940686	0	0.0180255483844006	0.0011513651307688	0.122238525838878	2.28442200252892	0.876356270320494
633	2:2.46e+08	2	2.46e+08	0	0.984697981679574	0.00804956345940686	0	0.0180255483844006	0.0011513651307688	0.122238525838878	2.28442200252892	0.876356270320494
633	2:165500000	2	165500000	0	0.984697981679574	0.00804956345940686	0	0.0180255483844006	0.0011513651307688	0.122238525838878	2.28442200252892	0.876356270320494
633	2:2.43e+08	2	2.43e+08	0	0.984697981679574	0.00804956345940686	0	0.0180255483844006	0.0011513651307688	0.122238525838878	2.28442200252892	0.876356270320494
633	2:215500000	2	215500000	0	0.984697981679574	0.00804956345940686	0	0.0180255483844006	0.0011513651307688	0.122238525838878	2.28442200252892	0.876356270320494
633	2:1.65e+08	2	1.65e+08	0	0.984697981679574	0.00804956345940686	0	0.0180255483844006	0.0011513651307688	0.122238525838878	2.28442200252892	0.876356270320494
633	2:2.99e+08	2	2.99e+08	0	0.984697981679574	0.00804956345940686	0	0.0180255483844006	0.0011513651307688	0.122238525838878	2.28442200252892	0.876356270320494
633	2:1.6e+08	2	1.6e+08	0	0.984697981679574	0.00804956345940686	0	0.0180255483844006	0.0011513651307688	0.122238525838878	2.28442200252892	0.876356270320494
633	2:240500000	2	240500000	0	0.984697981679574	0.00804956345940686	0	0.0180255483844006	0.0011513651307688	0.122238525838878	2.28442200252892	0.876356270320494
633	2:2.55e+08	2	2.55e+08	0	0.984697981679574	0.00804956345940686	0	0.0180255483844006	0.0011513651307688	0.122238525838878	2.28442200252892	0.876356270320494
633	2:170500000	2	170500000	0	0.984697981679574	0.00804956345940686	0	0.0180255483844006	0.0011513651307688	0.122238525838878	2.28442200252892	0.876356270320494
633	2:2.45e+08	2	2.45e+08	0	0.984697981679574	0.00804956345940686	0	0.0180255483844006	0.0011513651307688	0.122238525838878	2.28442200252892	0.876356270320494
633	2:161500000	2	161500000	0	0.984697981679574	0.00804956345940686	0	0.0180255483844006	0.0011513651307688	0.122238525838878	2.28442200252892	0.876356270320494
633	2:260500000	2	260500000	0	0.984697981679574	0.00804956345940686	0	0.0180255483844006	0.0011513651307688	0.122238525838878	2.28442200252892	0.876356270320494
634	2:9.4e+07	2	9.4e+07	0	0.976530375686982	0.0044833948582901	0	0.040987858039803	0.00113023723839915	0.313234889904751	2.3000828442106	0.713623177938444
634	2:88500000	2	88500000	0	0.976530375686982	0.0044833948582901	0	0.040987858039803	0.00113023723839915	0.313234889904751	2.3000828442106	0.713623177938444
634	2:1.06e+08	2	1.06e+08	0	0.976530375686982	0.0044833948582901	0	0.040987858039803	0.00113023723839915	0.313234889904751	2.3000828442106	0.713623177938444
634	2:98500000	2	98500000	0	0.976530375686982	0.0044833948582901	0	0.040987858039803	0.00113023723839915	0.313234889904751	2.3000828442106	0.713623177938444
634	2:109500000	2	109500000	0	0.976530375686982	0.0044833948582901	0	0.040987858039803	0.00113023723839915	0.313234889904751	2.3000828442106	0.713623177938444
634	2:100500000	2	100500000	0	0.976530375686982	0.0044833948582901	0	0.040987858039803	0.00113023723839915	0.313234889904751	2.3000828442106	0.713623177938444
634	2:94500000	2	94500000	0	0.976530375686982	0.0044833948582901	0	0.040987858039803	0.00113023723839915	0.313234889904751	2.3000828442106	0.713623177938444
634	2:92500000	2	92500000	0	0.976530375686982	0.0044833948582901	0	0.040987858039803	0.00113023723839915	0.313234889904751	2.3000828442106	0.713623177938444
634	2:9.9e+07	2	9.9e+07	0	0.976530375686982	0.0044833948582901	0	0.040987858039803	0.00113023723839915	0.313234889904751	2.3000828442106	0.713623177938444
634	2:9e+07	2	9e+07	0	0.976530375686982	0.0044833948582901	0	0.040987858039803	0.00113023723839915	0.313234889904751	2.3000828442106	0.713623177938444
634	2:91500000	2	91500000	0	0.976530375686982	0.0044833948582901	0	0.040987858039803	0.00113023723839915	0.313234889904751	2.3000828442106	0.713623177938444
634	2:8.6e+07	2	8.6e+07	0	0.976530375686982	0.0044833948582901	0	0.040987858039803	0.00113023723839915	0.313234889904751	2.3000828442106	0.713623177938444
634	2:82500000	2	82500000	0	0.976530375686982	0.0044833948582901	0	0.040987858039803	0.00113023723839915	0.313234889904751	2.3000828442106	0.713623177938444
634	2:1.09e+08	2	1.09e+08	0	0.976530375686982	0.0044833948582901	0	0.040987858039803	0.00113023723839915	0.313234889904751	2.3000828442106	0.713623177938444
634	2:97500000	2	97500000	0	0.976530375686982	0.0044833948582901	0	0.040987858039803	0.00113023723839915	0.313234889904751	2.3000828442106	0.713623177938444
634	2:85500000	2	85500000	0	0.976530375686982	0.0044833948582901	0	0.040987858039803	0.00113023723839915	0.313234889904751	2.3000828442106	0.713623177938444
634	2:96500000	2	96500000	0	0.976530375686982	0.0044833948582901	0	0.040987858039803	0.00113023723839915	0.313234889904751	2.3000828442106	0.713623177938444
634	2:77500000	2	77500000	0	0.976530375686982	0.0044833948582901	0	0.040987858039803	0.00113023723839915	0.313234889904751	2.3000828442106	0.713623177938444
634	2:8.4e+07	2	8.4e+07	0	0.976530375686982	0.0044833948582901	0	0.040987858039803	0.00113023723839915	0.313234889904751	2.3000828442106	0.713623177938444
634	2:9.2e+07	2	9.2e+07	0	0.976530375686982	0.0044833948582901	0	0.040987858039803	0.00113023723839915	0.313234889904751	2.3000828442106	0.713623177938444
634	2:1.01e+08	2	1.01e+08	0	0.976530375686982	0.0044833948582901	0	0.040987858039803	0.00113023723839915	0.313234889904751	2.3000828442106	0.713623177938444
634	2:99500000	2	99500000	0	0.976530375686982	0.0044833948582901	0	0.040987858039803	0.00113023723839915	0.313234889904751	2.3000828442106	0.713623177938444
635	2:9e+07	2	9e+07	0	0.978305038403384	0.00247642544525113	0	0.069239724526172	0.00119273433776783	0.395073705020881	2.41501070086192	0.968265530320868
635	2:109500000	2	109500000	0	0.978305038403384	0.00247642544525113	0	0.069239724526172	0.00119273433776783	0.395073705020881	2.41501070086192	0.968265530320868
635	2:82500000	2	82500000	0	0.978305038403384	0.00247642544525113	0	0.069239724526172	0.00119273433776783	0.395073705020881	2.41501070086192	0.968265530320868
635	2:96500000	2	96500000	0	0.978305038403384	0.00247642544525113	0	0.069239724526172	0.00119273433776783	0.395073705020881	2.41501070086192	0.968265530320868
635	2:94500000	2	94500000	0	0.978305038403384	0.00247642544525113	0	0.069239724526172	0.00119273433776783	0.395073705020881	2.41501070086192	0.968265530320868
635	2:8.6e+07	2	8.6e+07	0	0.978305038403384	0.00247642544525113	0	0.069239724526172	0.00119273433776783	0.395073705020881	2.41501070086192	0.968265530320868
635	2:92500000	2	92500000	0	0.978305038403384	0.00247642544525113	0	0.069239724526172	0.00119273433776783	0.395073705020881	2.41501070086192	0.968265530320868
635	2:1.06e+08	2	1.06e+08	0	0.978305038403384	0.00247642544525113	0	0.069239724526172	0.00119273433776783	0.395073705020881	2.41501070086192	0.968265530320868
635	2:91500000	2	91500000	0	0.978305038403384	0.00247642544525113	0	0.069239724526172	0.00119273433776783	0.395073705020881	2.41501070086192	0.968265530320868
635	2:77500000	2	77500000	0	0.978305038403384	0.00247642544525113	0	0.069239724526172	0.00119273433776783	0.395073705020881	2.41501070086192	0.968265530320868
635	2:8.4e+07	2	8.4e+07	0	0.978305038403384	0.00247642544525113	0	0.069239724526172	0.00119273433776783	0.395073705020881	2.41501070086192	0.968265530320868
635	2:9.4e+07	2	9.4e+07	0	0.978305038403384	0.00247642544525113	0	0.069239724526172	0.00119273433776783	0.395073705020881	2.41501070086192	0.968265530320868
635	2:97500000	2	97500000	0	0.978305038403384	0.00247642544525113	0	0.069239724526172	0.00119273433776783	0.395073705020881	2.41501070086192	0.968265530320868
635	2:100500000	2	100500000	0	0.978305038403384	0.00247642544525113	0	0.069239724526172	0.00119273433776783	0.395073705020881	2.41501070086192	0.968265530320868
635	2:99500000	2	99500000	0	0.978305038403384	0.00247642544525113	0	0.069239724526172	0.00119273433776783	0.395073705020881	2.41501070086192	0.968265530320868
635	2:9.2e+07	2	9.2e+07	0	0.978305038403384	0.00247642544525113	0	0.069239724526172	0.00119273433776783	0.395073705020881	2.41501070086192	0.968265530320868
635	2:9.1e+07	2	9.1e+07	0	0.978305038403384	0.00247642544525113	0	0.069239724526172	0.00119273433776783	0.395073705020881	2.41501070086192	0.968265530320868
635	2:88500000	2	88500000	0	0.978305038403384	0.00247642544525113	0	0.069239724526172	0.00119273433776783	0.395073705020881	2.41501070086192	0.968265530320868
635	2:85500000	2	85500000	0	0.978305038403384	0.00247642544525113	0	0.069239724526172	0.00119273433776783	0.395073705020881	2.41501070086192	0.968265530320868
635	2:98500000	2	98500000	0	0.978305038403384	0.00247642544525113	0	0.069239724526172	0.00119273433776783	0.395073705020881	2.41501070086192	0.968265530320868
635	2:9.9e+07	2	9.9e+07	0	0.978305038403384	0.00247642544525113	0	0.069239724526172	0.00119273433776783	0.395073705020881	2.41501070086192	0.968265530320868
635	2:1.09e+08	2	1.09e+08	0	0.978305038403384	0.00247642544525113	0	0.069239724526172	0.00119273433776783	0.395073705020881	2.41501070086192	0.968265530320868
635	2:1.01e+08	2	1.01e+08	0	0.978305038403384	0.00247642544525113	0	0.069239724526172	0.00119273433776783	0.395073705020881	2.41501070086192	0.968265530320868
641	2:2.09e+08	2	2.09e+08	0.94531151466465	0.982499416691843	0.879597026372415	0.0102546001174747	0.00412203956638392	0.0035865379178376	-1.64065980638175	0.467685095722903	0.0754153862310821
641	2:2.11e+08	2	2.11e+08	0.94531151466465	0.982499416691843	0.879597026372415	0.0102546001174747	0.00412203956638392	0.0035865379178376	-1.64065980638175	0.467685095722903	0.0754153862310821
641	2:2.06e+08	2	2.06e+08	0.94531151466465	0.982499416691843	0.879597026372415	0.0102546001174747	0.00412203956638392	0.0035865379178376	-1.64065980638175	0.467685095722903	0.0754153862310821
641	2:2.92e+08	2	2.92e+08	0.94531151466465	0.982499416691843	0.879597026372415	0.0102546001174747	0.00412203956638392	0.0035865379178376	-1.64065980638175	0.467685095722903	0.0754153862310821
641	2:2.91e+08	2	2.91e+08	0.94531151466465	0.982499416691843	0.879597026372415	0.0102546001174747	0.00412203956638392	0.0035865379178376	-1.64065980638175	0.467685095722903	0.0754153862310821
641	2:2.85e+08	2	2.85e+08	0.94531151466465	0.982499416691843	0.879597026372415	0.0102546001174747	0.00412203956638392	0.0035865379178376	-1.64065980638175	0.467685095722903	0.0754153862310821
641	2:2.63e+08	2	2.63e+08	0.94531151466465	0.982499416691843	0.879597026372415	0.0102546001174747	0.00412203956638392	0.0035865379178376	-1.64065980638175	0.467685095722903	0.0754153862310821
641	2:2.07e+08	2	2.07e+08	0.94531151466465	0.982499416691843	0.879597026372415	0.0102546001174747	0.00412203956638392	0.0035865379178376	-1.64065980638175	0.467685095722903	0.0754153862310821
641	2:291500000	2	291500000	0.94531151466465	0.982499416691843	0.879597026372415	0.0102546001174747	0.00412203956638392	0.0035865379178376	-1.64065980638175	0.467685095722903	0.0754153862310821
641	2:286500000	2	286500000	0.94531151466465	0.982499416691843	0.879597026372415	0.0102546001174747	0.00412203956638392	0.0035865379178376	-1.64065980638175	0.467685095722903	0.0754153862310821
641	2:209500000	2	209500000	0.94531151466465	0.982499416691843	0.879597026372415	0.0102546001174747	0.00412203956638392	0.0035865379178376	-1.64065980638175	0.467685095722903	0.0754153862310821
641	2:207500000	2	207500000	0.94531151466465	0.982499416691843	0.879597026372415	0.0102546001174747	0.00412203956638392	0.0035865379178376	-1.64065980638175	0.467685095722903	0.0754153862310821
641	2:211500000	2	211500000	0.94531151466465	0.982499416691843	0.879597026372415	0.0102546001174747	0.00412203956638392	0.0035865379178376	-1.64065980638175	0.467685095722903	0.0754153862310821
653	2:1.46e+08	2	1.46e+08	0	0.958916667598719	0.00194046663264861	0	0.212019029795637	0.00194094951581922	0.574715161841325	2.31296577255608	0.33063152357773
653	2:1.29e+08	2	1.29e+08	0	0.958916667598719	0.00194046663264861	0	0.212019029795637	0.00194094951581922	0.574715161841325	2.31296577255608	0.33063152357773
653	2:1.52e+08	2	1.52e+08	0	0.958916667598719	0.00194046663264861	0	0.212019029795637	0.00194094951581922	0.574715161841325	2.31296577255608	0.33063152357773
653	2:1.35e+08	2	1.35e+08	0	0.958916667598719	0.00194046663264861	0	0.212019029795637	0.00194094951581922	0.574715161841325	2.31296577255608	0.33063152357773
653	2:1.33e+08	2	1.33e+08	0	0.958916667598719	0.00194046663264861	0	0.212019029795637	0.00194094951581922	0.574715161841325	2.31296577255608	0.33063152357773
653	2:136500000	2	136500000	0	0.958916667598719	0.00194046663264861	0	0.212019029795637	0.00194094951581922	0.574715161841325	2.31296577255608	0.33063152357773
653	2:1.31e+08	2	1.31e+08	0	0.958916667598719	0.00194046663264861	0	0.212019029795637	0.00194094951581922	0.574715161841325	2.31296577255608	0.33063152357773
653	2:1.36e+08	2	1.36e+08	0	0.958916667598719	0.00194046663264861	0	0.212019029795637	0.00194094951581922	0.574715161841325	2.31296577255608	0.33063152357773
653	2:119500000	2	119500000	0	0.958916667598719	0.00194046663264861	0	0.212019029795637	0.00194094951581922	0.574715161841325	2.31296577255608	0.33063152357773
653	2:131500000	2	131500000	0	0.958916667598719	0.00194046663264861	0	0.212019029795637	0.00194094951581922	0.574715161841325	2.31296577255608	0.33063152357773
653	2:1.32e+08	2	1.32e+08	0	0.958916667598719	0.00194046663264861	0	0.212019029795637	0.00194094951581922	0.574715161841325	2.31296577255608	0.33063152357773
653	2:1.28e+08	2	1.28e+08	0	0.958916667598719	0.00194046663264861	0	0.212019029795637	0.00194094951581922	0.574715161841325	2.31296577255608	0.33063152357773
653	2:133500000	2	133500000	0	0.958916667598719	0.00194046663264861	0	0.212019029795637	0.00194094951581922	0.574715161841325	2.31296577255608	0.33063152357773
653	2:132500000	2	132500000	0	0.958916667598719	0.00194046663264861	0	0.212019029795637	0.00194094951581922	0.574715161841325	2.31296577255608	0.33063152357773
653	2:1.2e+08	2	1.2e+08	0	0.958916667598719	0.00194046663264861	0	0.212019029795637	0.00194094951581922	0.574715161841325	2.31296577255608	0.33063152357773
653	2:1.3e+08	2	1.3e+08	0	0.958916667598719	0.00194046663264861	0	0.212019029795637	0.00194094951581922	0.574715161841325	2.31296577255608	0.33063152357773
653	2:114500000	2	114500000	0	0.958916667598719	0.00194046663264861	0	0.212019029795637	0.00194094951581922	0.574715161841325	2.31296577255608	0.33063152357773
653	2:118500000	2	118500000	0	0.958916667598719	0.00194046663264861	0	0.212019029795637	0.00194094951581922	0.574715161841325	2.31296577255608	0.33063152357773
653	2:1.53e+08	2	1.53e+08	0	0.958916667598719	0.00194046663264861	0	0.212019029795637	0.00194094951581922	0.574715161841325	2.31296577255608	0.33063152357773
653	2:1.38e+08	2	1.38e+08	0	0.958916667598719	0.00194046663264861	0	0.212019029795637	0.00194094951581922	0.574715161841325	2.31296577255608	0.33063152357773
653	2:124500000	2	124500000	0	0.958916667598719	0.00194046663264861	0	0.212019029795637	0.00194094951581922	0.574715161841325	2.31296577255608	0.33063152357773
653	2:125500000	2	125500000	0	0.958916667598719	0.00194046663264861	0	0.212019029795637	0.00194094951581922	0.574715161841325	2.31296577255608	0.33063152357773
653	2:112500000	2	112500000	0	0.958916667598719	0.00194046663264861	0	0.212019029795637	0.00194094951581922	0.574715161841325	2.31296577255608	0.33063152357773
653	2:1.23e+08	2	1.23e+08	0	0.958916667598719	0.00194046663264861	0	0.212019029795637	0.00194094951581922	0.574715161841325	2.31296577255608	0.33063152357773
653	2:139500000	2	139500000	0	0.958916667598719	0.00194046663264861	0	0.212019029795637	0.00194094951581922	0.574715161841325	2.31296577255608	0.33063152357773
653	2:1.4e+08	2	1.4e+08	0	0.958916667598719	0.00194046663264861	0	0.212019029795637	0.00194094951581922	0.574715161841325	2.31296577255608	0.33063152357773
653	2:121500000	2	121500000	0	0.958916667598719	0.00194046663264861	0	0.212019029795637	0.00194094951581922	0.574715161841325	2.31296577255608	0.33063152357773
653	2:1.24e+08	2	1.24e+08	0	0.958916667598719	0.00194046663264861	0	0.212019029795637	0.00194094951581922	0.574715161841325	2.31296577255608	0.33063152357773
653	2:1.17e+08	2	1.17e+08	0	0.958916667598719	0.00194046663264861	0	0.212019029795637	0.00194094951581922	0.574715161841325	2.31296577255608	0.33063152357773
653	2:1.43e+08	2	1.43e+08	0	0.958916667598719	0.00194046663264861	0	0.212019029795637	0.00194094951581922	0.574715161841325	2.31296577255608	0.33063152357773
653	2:107500000	2	107500000	0	0.958916667598719	0.00194046663264861	0	0.212019029795637	0.00194094951581922	0.574715161841325	2.31296577255608	0.33063152357773
653	2:130500000	2	130500000	0	0.958916667598719	0.00194046663264861	0	0.212019029795637	0.00194094951581922	0.574715161841325	2.31296577255608	0.33063152357773
653	2:128500000	2	128500000	0	0.958916667598719	0.00194046663264861	0	0.212019029795637	0.00194094951581922	0.574715161841325	2.31296577255608	0.33063152357773
653	2:117500000	2	117500000	0	0.958916667598719	0.00194046663264861	0	0.212019029795637	0.00194094951581922	0.574715161841325	2.31296577255608	0.33063152357773
653	2:127500000	2	127500000	0	0.958916667598719	0.00194046663264861	0	0.212019029795637	0.00194094951581922	0.574715161841325	2.31296577255608	0.33063152357773
653	2:142500000	2	142500000	0	0.958916667598719	0.00194046663264861	0	0.212019029795637	0.00194094951581922	0.574715161841325	2.31296577255608	0.33063152357773
653	2:1.13e+08	2	1.13e+08	0	0.958916667598719	0.00194046663264861	0	0.212019029795637	0.00194094951581922	0.574715161841325	2.31296577255608	0.33063152357773
653	2:140500000	2	140500000	0	0.958916667598719	0.00194046663264861	0	0.212019029795637	0.00194094951581922	0.574715161841325	2.31296577255608	0.33063152357773
653	2:120500000	2	120500000	0	0.958916667598719	0.00194046663264861	0	0.212019029795637	0.00194094951581922	0.574715161841325	2.31296577255608	0.33063152357773
653	2:141500000	2	141500000	0	0.958916667598719	0.00194046663264861	0	0.212019029795637	0.00194094951581922	0.574715161841325	2.31296577255608	0.33063152357773
653	2:113500000	2	113500000	0	0.958916667598719	0.00194046663264861	0	0.212019029795637	0.00194094951581922	0.574715161841325	2.31296577255608	0.33063152357773
653	2:123500000	2	123500000	0	0.958916667598719	0.00194046663264861	0	0.212019029795637	0.00194094951581922	0.574715161841325	2.31296577255608	0.33063152357773
653	2:1.39e+08	2	1.39e+08	0	0.958916667598719	0.00194046663264861	0	0.212019029795637	0.00194094951581922	0.574715161841325	2.31296577255608	0.33063152357773
653	2:111500000	2	111500000	0	0.958916667598719	0.00194046663264861	0	0.212019029795637	0.00194094951581922	0.574715161841325	2.31296577255608	0.33063152357773
653	2:1.42e+08	2	1.42e+08	0	0.958916667598719	0.00194046663264861	0	0.212019029795637	0.00194094951581922	0.574715161841325	2.31296577255608	0.33063152357773
653	2:152500000	2	152500000	0	0.958916667598719	0.00194046663264861	0	0.212019029795637	0.00194094951581922	0.574715161841325	2.31296577255608	0.33063152357773
653	2:1.21e+08	2	1.21e+08	0	0.958916667598719	0.00194046663264861	0	0.212019029795637	0.00194094951581922	0.574715161841325	2.31296577255608	0.33063152357773
653	2:1.51e+08	2	1.51e+08	0	0.958916667598719	0.00194046663264861	0	0.212019029795637	0.00194094951581922	0.574715161841325	2.31296577255608	0.33063152357773
653	2:151500000	2	151500000	0	0.958916667598719	0.00194046663264861	0	0.212019029795637	0.00194094951581922	0.574715161841325	2.31296577255608	0.33063152357773
653	2:1.37e+08	2	1.37e+08	0	0.958916667598719	0.00194046663264861	0	0.212019029795637	0.00194094951581922	0.574715161841325	2.31296577255608	0.33063152357773
656	2:2.37e+08	2	2.37e+08	0	0.988631648021197	0.0112806760585549	0	0.0109106222275997	0.00134398517145915	0.00147594697986469	2.27930601782105	0.716396098847392
656	2:157500000	2	157500000	0	0.988631648021197	0.0112806760585549	0	0.0109106222275997	0.00134398517145915	0.00147594697986469	2.27930601782105	0.716396098847392
656	2:225500000	2	225500000	0	0.988631648021197	0.0112806760585549	0	0.0109106222275997	0.00134398517145915	0.00147594697986469	2.27930601782105	0.716396098847392
656	2:161500000	2	161500000	0	0.988631648021197	0.0112806760585549	0	0.0109106222275997	0.00134398517145915	0.00147594697986469	2.27930601782105	0.716396098847392
656	2:1.87e+08	2	1.87e+08	0	0.988631648021197	0.0112806760585549	0	0.0109106222275997	0.00134398517145915	0.00147594697986469	2.27930601782105	0.716396098847392
656	2:258500000	2	258500000	0	0.988631648021197	0.0112806760585549	0	0.0109106222275997	0.00134398517145915	0.00147594697986469	2.27930601782105	0.716396098847392
656	2:1.59e+08	2	1.59e+08	0	0.988631648021197	0.0112806760585549	0	0.0109106222275997	0.00134398517145915	0.00147594697986469	2.27930601782105	0.716396098847392
656	2:186500000	2	186500000	0	0.988631648021197	0.0112806760585549	0	0.0109106222275997	0.00134398517145915	0.00147594697986469	2.27930601782105	0.716396098847392
656	2:2.7e+08	2	2.7e+08	0	0.988631648021197	0.0112806760585549	0	0.0109106222275997	0.00134398517145915	0.00147594697986469	2.27930601782105	0.716396098847392
656	2:299500000	2	299500000	0	0.988631648021197	0.0112806760585549	0	0.0109106222275997	0.00134398517145915	0.00147594697986469	2.27930601782105	0.716396098847392
656	2:236500000	2	236500000	0	0.988631648021197	0.0112806760585549	0	0.0109106222275997	0.00134398517145915	0.00147594697986469	2.27930601782105	0.716396098847392
656	2:169500000	2	169500000	0	0.988631648021197	0.0112806760585549	0	0.0109106222275997	0.00134398517145915	0.00147594697986469	2.27930601782105	0.716396098847392
656	2:260500000	2	260500000	0	0.988631648021197	0.0112806760585549	0	0.0109106222275997	0.00134398517145915	0.00147594697986469	2.27930601782105	0.716396098847392
656	2:1.62e+08	2	1.62e+08	0	0.988631648021197	0.0112806760585549	0	0.0109106222275997	0.00134398517145915	0.00147594697986469	2.27930601782105	0.716396098847392
656	2:2.39e+08	2	2.39e+08	0	0.988631648021197	0.0112806760585549	0	0.0109106222275997	0.00134398517145915	0.00147594697986469	2.27930601782105	0.716396098847392
656	2:275500000	2	275500000	0	0.988631648021197	0.0112806760585549	0	0.0109106222275997	0.00134398517145915	0.00147594697986469	2.27930601782105	0.716396098847392
656	2:163500000	2	163500000	0	0.988631648021197	0.0112806760585549	0	0.0109106222275997	0.00134398517145915	0.00147594697986469	2.27930601782105	0.716396098847392
656	2:162500000	2	162500000	0	0.988631648021197	0.0112806760585549	0	0.0109106222275997	0.00134398517145915	0.00147594697986469	2.27930601782105	0.716396098847392
656	2:2.33e+08	2	2.33e+08	0	0.988631648021197	0.0112806760585549	0	0.0109106222275997	0.00134398517145915	0.00147594697986469	2.27930601782105	0.716396098847392
656	2:2.35e+08	2	2.35e+08	0	0.988631648021197	0.0112806760585549	0	0.0109106222275997	0.00134398517145915	0.00147594697986469	2.27930601782105	0.716396098847392
656	2:1.63e+08	2	1.63e+08	0	0.988631648021197	0.0112806760585549	0	0.0109106222275997	0.00134398517145915	0.00147594697986469	2.27930601782105	0.716396098847392
656	2:232500000	2	232500000	0	0.988631648021197	0.0112806760585549	0	0.0109106222275997	0.00134398517145915	0.00147594697986469	2.27930601782105	0.716396098847392
656	2:170500000	2	170500000	0	0.988631648021197	0.0112806760585549	0	0.0109106222275997	0.00134398517145915	0.00147594697986469	2.27930601782105	0.716396098847392
656	2:253500000	2	253500000	0	0.988631648021197	0.0112806760585549	0	0.0109106222275997	0.00134398517145915	0.00147594697986469	2.27930601782105	0.716396098847392
656	2:2.31e+08	2	2.31e+08	0	0.988631648021197	0.0112806760585549	0	0.0109106222275997	0.00134398517145915	0.00147594697986469	2.27930601782105	0.716396098847392
656	2:160500000	2	160500000	0	0.988631648021197	0.0112806760585549	0	0.0109106222275997	0.00134398517145915	0.00147594697986469	2.27930601782105	0.716396098847392
656	2:2.45e+08	2	2.45e+08	0	0.988631648021197	0.0112806760585549	0	0.0109106222275997	0.00134398517145915	0.00147594697986469	2.27930601782105	0.716396098847392
656	2:2.43e+08	2	2.43e+08	0	0.988631648021197	0.0112806760585549	0	0.0109106222275997	0.00134398517145915	0.00147594697986469	2.27930601782105	0.716396098847392
656	2:214500000	2	214500000	0	0.988631648021197	0.0112806760585549	0	0.0109106222275997	0.00134398517145915	0.00147594697986469	2.27930601782105	0.716396098847392
656	2:240500000	2	240500000	0	0.988631648021197	0.0112806760585549	0	0.0109106222275997	0.00134398517145915	0.00147594697986469	2.27930601782105	0.716396098847392
656	2:238500000	2	238500000	0	0.988631648021197	0.0112806760585549	0	0.0109106222275997	0.00134398517145915	0.00147594697986469	2.27930601782105	0.716396098847392
656	2:1.7e+08	2	1.7e+08	0	0.988631648021197	0.0112806760585549	0	0.0109106222275997	0.00134398517145915	0.00147594697986469	2.27930601782105	0.716396098847392
656	2:192500000	2	192500000	0	0.988631648021197	0.0112806760585549	0	0.0109106222275997	0.00134398517145915	0.00147594697986469	2.27930601782105	0.716396098847392
656	2:230500000	2	230500000	0	0.988631648021197	0.0112806760585549	0	0.0109106222275997	0.00134398517145915	0.00147594697986469	2.27930601782105	0.716396098847392
656	2:1.71e+08	2	1.71e+08	0	0.988631648021197	0.0112806760585549	0	0.0109106222275997	0.00134398517145915	0.00147594697986469	2.27930601782105	0.716396098847392
656	2:233500000	2	233500000	0	0.988631648021197	0.0112806760585549	0	0.0109106222275997	0.00134398517145915	0.00147594697986469	2.27930601782105	0.716396098847392
656	2:1.66e+08	2	1.66e+08	0	0.988631648021197	0.0112806760585549	0	0.0109106222275997	0.00134398517145915	0.00147594697986469	2.27930601782105	0.716396098847392
656	2:2.46e+08	2	2.46e+08	0	0.988631648021197	0.0112806760585549	0	0.0109106222275997	0.00134398517145915	0.00147594697986469	2.27930601782105	0.716396098847392
656	2:2.32e+08	2	2.32e+08	0	0.988631648021197	0.0112806760585549	0	0.0109106222275997	0.00134398517145915	0.00147594697986469	2.27930601782105	0.716396098847392
656	2:2.62e+08	2	2.62e+08	0	0.988631648021197	0.0112806760585549	0	0.0109106222275997	0.00134398517145915	0.00147594697986469	2.27930601782105	0.716396098847392
656	2:191500000	2	191500000	0	0.988631648021197	0.0112806760585549	0	0.0109106222275997	0.00134398517145915	0.00147594697986469	2.27930601782105	0.716396098847392
656	2:1.65e+08	2	1.65e+08	0	0.988631648021197	0.0112806760585549	0	0.0109106222275997	0.00134398517145915	0.00147594697986469	2.27930601782105	0.716396098847392
656	2:249500000	2	249500000	0	0.988631648021197	0.0112806760585549	0	0.0109106222275997	0.00134398517145915	0.00147594697986469	2.27930601782105	0.716396098847392
656	2:185500000	2	185500000	0	0.988631648021197	0.0112806760585549	0	0.0109106222275997	0.00134398517145915	0.00147594697986469	2.27930601782105	0.716396098847392
656	2:261500000	2	261500000	0	0.988631648021197	0.0112806760585549	0	0.0109106222275997	0.00134398517145915	0.00147594697986469	2.27930601782105	0.716396098847392
656	2:2.28e+08	2	2.28e+08	0	0.988631648021197	0.0112806760585549	0	0.0109106222275997	0.00134398517145915	0.00147594697986469	2.27930601782105	0.716396098847392
656	2:224500000	2	224500000	0	0.988631648021197	0.0112806760585549	0	0.0109106222275997	0.00134398517145915	0.00147594697986469	2.27930601782105	0.716396098847392
656	2:228500000	2	228500000	0	0.988631648021197	0.0112806760585549	0	0.0109106222275997	0.00134398517145915	0.00147594697986469	2.27930601782105	0.716396098847392
656	2:2.55e+08	2	2.55e+08	0	0.988631648021197	0.0112806760585549	0	0.0109106222275997	0.00134398517145915	0.00147594697986469	2.27930601782105	0.716396098847392
656	2:246500000	2	246500000	0	0.988631648021197	0.0112806760585549	0	0.0109106222275997	0.00134398517145915	0.00147594697986469	2.27930601782105	0.716396098847392
656	2:2.41e+08	2	2.41e+08	0	0.988631648021197	0.0112806760585549	0	0.0109106222275997	0.00134398517145915	0.00147594697986469	2.27930601782105	0.716396098847392
656	2:166500000	2	166500000	0	0.988631648021197	0.0112806760585549	0	0.0109106222275997	0.00134398517145915	0.00147594697986469	2.27930601782105	0.716396098847392
656	2:235500000	2	235500000	0	0.988631648021197	0.0112806760585549	0	0.0109106222275997	0.00134398517145915	0.00147594697986469	2.27930601782105	0.716396098847392
656	2:2.26e+08	2	2.26e+08	0	0.988631648021197	0.0112806760585549	0	0.0109106222275997	0.00134398517145915	0.00147594697986469	2.27930601782105	0.716396098847392
656	2:164500000	2	164500000	0	0.988631648021197	0.0112806760585549	0	0.0109106222275997	0.00134398517145915	0.00147594697986469	2.27930601782105	0.716396098847392
656	2:242500000	2	242500000	0	0.988631648021197	0.0112806760585549	0	0.0109106222275997	0.00134398517145915	0.00147594697986469	2.27930601782105	0.716396098847392
656	2:187500000	2	187500000	0	0.988631648021197	0.0112806760585549	0	0.0109106222275997	0.00134398517145915	0.00147594697986469	2.27930601782105	0.716396098847392
656	2:1.6e+08	2	1.6e+08	0	0.988631648021197	0.0112806760585549	0	0.0109106222275997	0.00134398517145915	0.00147594697986469	2.27930601782105	0.716396098847392
656	2:2.3e+08	2	2.3e+08	0	0.988631648021197	0.0112806760585549	0	0.0109106222275997	0.00134398517145915	0.00147594697986469	2.27930601782105	0.716396098847392
656	2:227500000	2	227500000	0	0.988631648021197	0.0112806760585549	0	0.0109106222275997	0.00134398517145915	0.00147594697986469	2.27930601782105	0.716396098847392
656	2:2.25e+08	2	2.25e+08	0	0.988631648021197	0.0112806760585549	0	0.0109106222275997	0.00134398517145915	0.00147594697986469	2.27930601782105	0.716396098847392
656	2:2.58e+08	2	2.58e+08	0	0.988631648021197	0.0112806760585549	0	0.0109106222275997	0.00134398517145915	0.00147594697986469	2.27930601782105	0.716396098847392
656	2:2.52e+08	2	2.52e+08	0	0.988631648021197	0.0112806760585549	0	0.0109106222275997	0.00134398517145915	0.00147594697986469	2.27930601782105	0.716396098847392
656	2:1.69e+08	2	1.69e+08	0	0.988631648021197	0.0112806760585549	0	0.0109106222275997	0.00134398517145915	0.00147594697986469	2.27930601782105	0.716396098847392
656	2:1.57e+08	2	1.57e+08	0	0.988631648021197	0.0112806760585549	0	0.0109106222275997	0.00134398517145915	0.00147594697986469	2.27930601782105	0.716396098847392
656	2:159500000	2	159500000	0	0.988631648021197	0.0112806760585549	0	0.0109106222275997	0.00134398517145915	0.00147594697986469	2.27930601782105	0.716396098847392
656	2:2.61e+08	2	2.61e+08	0	0.988631648021197	0.0112806760585549	0	0.0109106222275997	0.00134398517145915	0.00147594697986469	2.27930601782105	0.716396098847392
656	2:1.9e+08	2	1.9e+08	0	0.988631648021197	0.0112806760585549	0	0.0109106222275997	0.00134398517145915	0.00147594697986469	2.27930601782105	0.716396098847392
656	2:237500000	2	237500000	0	0.988631648021197	0.0112806760585549	0	0.0109106222275997	0.00134398517145915	0.00147594697986469	2.27930601782105	0.716396098847392
656	2:165500000	2	165500000	0	0.988631648021197	0.0112806760585549	0	0.0109106222275997	0.00134398517145915	0.00147594697986469	2.27930601782105	0.716396098847392
656	2:172500000	2	172500000	0	0.988631648021197	0.0112806760585549	0	0.0109106222275997	0.00134398517145915	0.00147594697986469	2.27930601782105	0.716396098847392
656	2:2.34e+08	2	2.34e+08	0	0.988631648021197	0.0112806760585549	0	0.0109106222275997	0.00134398517145915	0.00147594697986469	2.27930601782105	0.716396098847392
656	2:2.77e+08	2	2.77e+08	0	0.988631648021197	0.0112806760585549	0	0.0109106222275997	0.00134398517145915	0.00147594697986469	2.27930601782105	0.716396098847392
656	2:2.6e+08	2	2.6e+08	0	0.988631648021197	0.0112806760585549	0	0.0109106222275997	0.00134398517145915	0.00147594697986469	2.27930601782105	0.716396098847392
656	2:226500000	2	226500000	0	0.988631648021197	0.0112806760585549	0	0.0109106222275997	0.00134398517145915	0.00147594697986469	2.27930601782105	0.716396098847392
656	2:1.64e+08	2	1.64e+08	0	0.988631648021197	0.0112806760585549	0	0.0109106222275997	0.00134398517145915	0.00147594697986469	2.27930601782105	0.716396098847392
656	2:280500000	2	280500000	0	0.988631648021197	0.0112806760585549	0	0.0109106222275997	0.00134398517145915	0.00147594697986469	2.27930601782105	0.716396098847392
656	2:171500000	2	171500000	0	0.988631648021197	0.0112806760585549	0	0.0109106222275997	0.00134398517145915	0.00147594697986469	2.27930601782105	0.716396098847392
656	2:266500000	2	266500000	0	0.988631648021197	0.0112806760585549	0	0.0109106222275997	0.00134398517145915	0.00147594697986469	2.27930601782105	0.716396098847392
656	2:2.99e+08	2	2.99e+08	0	0.988631648021197	0.0112806760585549	0	0.0109106222275997	0.00134398517145915	0.00147594697986469	2.27930601782105	0.716396098847392
656	2:229500000	2	229500000	0	0.988631648021197	0.0112806760585549	0	0.0109106222275997	0.00134398517145915	0.00147594697986469	2.27930601782105	0.716396098847392
656	2:1.61e+08	2	1.61e+08	0	0.988631648021197	0.0112806760585549	0	0.0109106222275997	0.00134398517145915	0.00147594697986469	2.27930601782105	0.716396098847392
656	2:234500000	2	234500000	0	0.988631648021197	0.0112806760585549	0	0.0109106222275997	0.00134398517145915	0.00147594697986469	2.27930601782105	0.716396098847392
656	2:252500000	2	252500000	0	0.988631648021197	0.0112806760585549	0	0.0109106222275997	0.00134398517145915	0.00147594697986469	2.27930601782105	0.716396098847392
656	2:239500000	2	239500000	0	0.988631648021197	0.0112806760585549	0	0.0109106222275997	0.00134398517145915	0.00147594697986469	2.27930601782105	0.716396098847392
656	2:2.27e+08	2	2.27e+08	0	0.988631648021197	0.0112806760585549	0	0.0109106222275997	0.00134398517145915	0.00147594697986469	2.27930601782105	0.716396098847392
656	2:231500000	2	231500000	0	0.988631648021197	0.0112806760585549	0	0.0109106222275997	0.00134398517145915	0.00147594697986469	2.27930601782105	0.716396098847392
656	2:188500000	2	188500000	0	0.988631648021197	0.0112806760585549	0	0.0109106222275997	0.00134398517145915	0.00147594697986469	2.27930601782105	0.716396098847392
656	2:248500000	2	248500000	0	0.988631648021197	0.0112806760585549	0	0.0109106222275997	0.00134398517145915	0.00147594697986469	2.27930601782105	0.716396098847392
656	2:2.48e+08	2	2.48e+08	0	0.988631648021197	0.0112806760585549	0	0.0109106222275997	0.00134398517145915	0.00147594697986469	2.27930601782105	0.716396098847392
656	2:254500000	2	254500000	0	0.988631648021197	0.0112806760585549	0	0.0109106222275997	0.00134398517145915	0.00147594697986469	2.27930601782105	0.716396098847392
656	2:2.38e+08	2	2.38e+08	0	0.988631648021197	0.0112806760585549	0	0.0109106222275997	0.00134398517145915	0.00147594697986469	2.27930601782105	0.716396098847392
656	2:215500000	2	215500000	0	0.988631648021197	0.0112806760585549	0	0.0109106222275997	0.00134398517145915	0.00147594697986469	2.27930601782105	0.716396098847392
656	2:2.36e+08	2	2.36e+08	0	0.988631648021197	0.0112806760585549	0	0.0109106222275997	0.00134398517145915	0.00147594697986469	2.27930601782105	0.716396098847392
656	2:273500000	2	273500000	0	0.988631648021197	0.0112806760585549	0	0.0109106222275997	0.00134398517145915	0.00147594697986469	2.27930601782105	0.716396098847392
656	2:1.72e+08	2	1.72e+08	0	0.988631648021197	0.0112806760585549	0	0.0109106222275997	0.00134398517145915	0.00147594697986469	2.27930601782105	0.716396098847392
656	2:168500000	2	168500000	0	0.988631648021197	0.0112806760585549	0	0.0109106222275997	0.00134398517145915	0.00147594697986469	2.27930601782105	0.716396098847392
656	2:2.53e+08	2	2.53e+08	0	0.988631648021197	0.0112806760585549	0	0.0109106222275997	0.00134398517145915	0.00147594697986469	2.27930601782105	0.716396098847392
656	2:245500000	2	245500000	0	0.988631648021197	0.0112806760585549	0	0.0109106222275997	0.00134398517145915	0.00147594697986469	2.27930601782105	0.716396098847392
656	2:1.92e+08	2	1.92e+08	0	0.988631648021197	0.0112806760585549	0	0.0109106222275997	0.00134398517145915	0.00147594697986469	2.27930601782105	0.716396098847392
662	2:1.29e+08	2	1.29e+08	0.919372984474948	0.999992388124389	0.000840056612646566	0.394420162526718	7.39851125171359e-05	0.000875835870921062	-0.591898871009572	3.73352692232797	0.365861000868934
662	2:1.51e+08	2	1.51e+08	0.919372984474948	0.999992388124389	0.000840056612646566	0.394420162526718	7.39851125171359e-05	0.000875835870921062	-0.591898871009572	3.73352692232797	0.365861000868934
662	2:1.24e+08	2	1.24e+08	0.919372984474948	0.999992388124389	0.000840056612646566	0.394420162526718	7.39851125171359e-05	0.000875835870921062	-0.591898871009572	3.73352692232797	0.365861000868934
662	2:117500000	2	117500000	0.919372984474948	0.999992388124389	0.000840056612646566	0.394420162526718	7.39851125171359e-05	0.000875835870921062	-0.591898871009572	3.73352692232797	0.365861000868934
662	2:118500000	2	118500000	0.919372984474948	0.999992388124389	0.000840056612646566	0.394420162526718	7.39851125171359e-05	0.000875835870921062	-0.591898871009572	3.73352692232797	0.365861000868934
662	2:1.22e+08	2	1.22e+08	0.919372984474948	0.999992388124389	0.000840056612646566	0.394420162526718	7.39851125171359e-05	0.000875835870921062	-0.591898871009572	3.73352692232797	0.365861000868934
662	2:1.2e+08	2	1.2e+08	0.919372984474948	0.999992388124389	0.000840056612646566	0.394420162526718	7.39851125171359e-05	0.000875835870921062	-0.591898871009572	3.73352692232797	0.365861000868934
662	2:1.37e+08	2	1.37e+08	0.919372984474948	0.999992388124389	0.000840056612646566	0.394420162526718	7.39851125171359e-05	0.000875835870921062	-0.591898871009572	3.73352692232797	0.365861000868934
662	2:141500000	2	141500000	0.919372984474948	0.999992388124389	0.000840056612646566	0.394420162526718	7.39851125171359e-05	0.000875835870921062	-0.591898871009572	3.73352692232797	0.365861000868934
662	2:107500000	2	107500000	0.919372984474948	0.999992388124389	0.000840056612646566	0.394420162526718	7.39851125171359e-05	0.000875835870921062	-0.591898871009572	3.73352692232797	0.365861000868934
662	2:132500000	2	132500000	0.919372984474948	0.999992388124389	0.000840056612646566	0.394420162526718	7.39851125171359e-05	0.000875835870921062	-0.591898871009572	3.73352692232797	0.365861000868934
662	2:139500000	2	139500000	0.919372984474948	0.999992388124389	0.000840056612646566	0.394420162526718	7.39851125171359e-05	0.000875835870921062	-0.591898871009572	3.73352692232797	0.365861000868934
662	2:1.18e+08	2	1.18e+08	0.919372984474948	0.999992388124389	0.000840056612646566	0.394420162526718	7.39851125171359e-05	0.000875835870921062	-0.591898871009572	3.73352692232797	0.365861000868934
662	2:116500000	2	116500000	0.919372984474948	0.999992388124389	0.000840056612646566	0.394420162526718	7.39851125171359e-05	0.000875835870921062	-0.591898871009572	3.73352692232797	0.365861000868934
662	2:131500000	2	131500000	0.919372984474948	0.999992388124389	0.000840056612646566	0.394420162526718	7.39851125171359e-05	0.000875835870921062	-0.591898871009572	3.73352692232797	0.365861000868934
662	2:124500000	2	124500000	0.919372984474948	0.999992388124389	0.000840056612646566	0.394420162526718	7.39851125171359e-05	0.000875835870921062	-0.591898871009572	3.73352692232797	0.365861000868934
662	2:1.23e+08	2	1.23e+08	0.919372984474948	0.999992388124389	0.000840056612646566	0.394420162526718	7.39851125171359e-05	0.000875835870921062	-0.591898871009572	3.73352692232797	0.365861000868934
662	2:111500000	2	111500000	0.919372984474948	0.999992388124389	0.000840056612646566	0.394420162526718	7.39851125171359e-05	0.000875835870921062	-0.591898871009572	3.73352692232797	0.365861000868934
662	2:1.3e+08	2	1.3e+08	0.919372984474948	0.999992388124389	0.000840056612646566	0.394420162526718	7.39851125171359e-05	0.000875835870921062	-0.591898871009572	3.73352692232797	0.365861000868934
662	2:1.19e+08	2	1.19e+08	0.919372984474948	0.999992388124389	0.000840056612646566	0.394420162526718	7.39851125171359e-05	0.000875835870921062	-0.591898871009572	3.73352692232797	0.365861000868934
662	2:123500000	2	123500000	0.919372984474948	0.999992388124389	0.000840056612646566	0.394420162526718	7.39851125171359e-05	0.000875835870921062	-0.591898871009572	3.73352692232797	0.365861000868934
662	2:1.43e+08	2	1.43e+08	0.919372984474948	0.999992388124389	0.000840056612646566	0.394420162526718	7.39851125171359e-05	0.000875835870921062	-0.591898871009572	3.73352692232797	0.365861000868934
662	2:1.21e+08	2	1.21e+08	0.919372984474948	0.999992388124389	0.000840056612646566	0.394420162526718	7.39851125171359e-05	0.000875835870921062	-0.591898871009572	3.73352692232797	0.365861000868934
662	2:125500000	2	125500000	0.919372984474948	0.999992388124389	0.000840056612646566	0.394420162526718	7.39851125171359e-05	0.000875835870921062	-0.591898871009572	3.73352692232797	0.365861000868934
662	2:1.46e+08	2	1.46e+08	0.919372984474948	0.999992388124389	0.000840056612646566	0.394420162526718	7.39851125171359e-05	0.000875835870921062	-0.591898871009572	3.73352692232797	0.365861000868934
662	2:120500000	2	120500000	0.919372984474948	0.999992388124389	0.000840056612646566	0.394420162526718	7.39851125171359e-05	0.000875835870921062	-0.591898871009572	3.73352692232797	0.365861000868934
662	2:140500000	2	140500000	0.919372984474948	0.999992388124389	0.000840056612646566	0.394420162526718	7.39851125171359e-05	0.000875835870921062	-0.591898871009572	3.73352692232797	0.365861000868934
662	2:114500000	2	114500000	0.919372984474948	0.999992388124389	0.000840056612646566	0.394420162526718	7.39851125171359e-05	0.000875835870921062	-0.591898871009572	3.73352692232797	0.365861000868934
662	2:1.39e+08	2	1.39e+08	0.919372984474948	0.999992388124389	0.000840056612646566	0.394420162526718	7.39851125171359e-05	0.000875835870921062	-0.591898871009572	3.73352692232797	0.365861000868934
662	2:1.17e+08	2	1.17e+08	0.919372984474948	0.999992388124389	0.000840056612646566	0.394420162526718	7.39851125171359e-05	0.000875835870921062	-0.591898871009572	3.73352692232797	0.365861000868934
662	2:142500000	2	142500000	0.919372984474948	0.999992388124389	0.000840056612646566	0.394420162526718	7.39851125171359e-05	0.000875835870921062	-0.591898871009572	3.73352692232797	0.365861000868934
662	2:152500000	2	152500000	0.919372984474948	0.999992388124389	0.000840056612646566	0.394420162526718	7.39851125171359e-05	0.000875835870921062	-0.591898871009572	3.73352692232797	0.365861000868934
662	2:1.53e+08	2	1.53e+08	0.919372984474948	0.999992388124389	0.000840056612646566	0.394420162526718	7.39851125171359e-05	0.000875835870921062	-0.591898871009572	3.73352692232797	0.365861000868934
662	2:1.32e+08	2	1.32e+08	0.919372984474948	0.999992388124389	0.000840056612646566	0.394420162526718	7.39851125171359e-05	0.000875835870921062	-0.591898871009572	3.73352692232797	0.365861000868934
662	2:121500000	2	121500000	0.919372984474948	0.999992388124389	0.000840056612646566	0.394420162526718	7.39851125171359e-05	0.000875835870921062	-0.591898871009572	3.73352692232797	0.365861000868934
662	2:1.33e+08	2	1.33e+08	0.919372984474948	0.999992388124389	0.000840056612646566	0.394420162526718	7.39851125171359e-05	0.000875835870921062	-0.591898871009572	3.73352692232797	0.365861000868934
662	2:136500000	2	136500000	0.919372984474948	0.999992388124389	0.000840056612646566	0.394420162526718	7.39851125171359e-05	0.000875835870921062	-0.591898871009572	3.73352692232797	0.365861000868934
662	2:1.13e+08	2	1.13e+08	0.919372984474948	0.999992388124389	0.000840056612646566	0.394420162526718	7.39851125171359e-05	0.000875835870921062	-0.591898871009572	3.73352692232797	0.365861000868934
662	2:128500000	2	128500000	0.919372984474948	0.999992388124389	0.000840056612646566	0.394420162526718	7.39851125171359e-05	0.000875835870921062	-0.591898871009572	3.73352692232797	0.365861000868934
662	2:1.28e+08	2	1.28e+08	0.919372984474948	0.999992388124389	0.000840056612646566	0.394420162526718	7.39851125171359e-05	0.000875835870921062	-0.591898871009572	3.73352692232797	0.365861000868934
662	2:151500000	2	151500000	0.919372984474948	0.999992388124389	0.000840056612646566	0.394420162526718	7.39851125171359e-05	0.000875835870921062	-0.591898871009572	3.73352692232797	0.365861000868934
662	2:1.36e+08	2	1.36e+08	0.919372984474948	0.999992388124389	0.000840056612646566	0.394420162526718	7.39851125171359e-05	0.000875835870921062	-0.591898871009572	3.73352692232797	0.365861000868934
662	2:130500000	2	130500000	0.919372984474948	0.999992388124389	0.000840056612646566	0.394420162526718	7.39851125171359e-05	0.000875835870921062	-0.591898871009572	3.73352692232797	0.365861000868934
662	2:1.35e+08	2	1.35e+08	0.919372984474948	0.999992388124389	0.000840056612646566	0.394420162526718	7.39851125171359e-05	0.000875835870921062	-0.591898871009572	3.73352692232797	0.365861000868934
662	2:1.42e+08	2	1.42e+08	0.919372984474948	0.999992388124389	0.000840056612646566	0.394420162526718	7.39851125171359e-05	0.000875835870921062	-0.591898871009572	3.73352692232797	0.365861000868934
662	2:1.38e+08	2	1.38e+08	0.919372984474948	0.999992388124389	0.000840056612646566	0.394420162526718	7.39851125171359e-05	0.000875835870921062	-0.591898871009572	3.73352692232797	0.365861000868934
662	2:133500000	2	133500000	0.919372984474948	0.999992388124389	0.000840056612646566	0.394420162526718	7.39851125171359e-05	0.000875835870921062	-0.591898871009572	3.73352692232797	0.365861000868934
662	2:113500000	2	113500000	0.919372984474948	0.999992388124389	0.000840056612646566	0.394420162526718	7.39851125171359e-05	0.000875835870921062	-0.591898871009572	3.73352692232797	0.365861000868934
662	2:127500000	2	127500000	0.919372984474948	0.999992388124389	0.000840056612646566	0.394420162526718	7.39851125171359e-05	0.000875835870921062	-0.591898871009572	3.73352692232797	0.365861000868934
662	2:1.4e+08	2	1.4e+08	0.919372984474948	0.999992388124389	0.000840056612646566	0.394420162526718	7.39851125171359e-05	0.000875835870921062	-0.591898871009572	3.73352692232797	0.365861000868934
662	2:119500000	2	119500000	0.919372984474948	0.999992388124389	0.000840056612646566	0.394420162526718	7.39851125171359e-05	0.000875835870921062	-0.591898871009572	3.73352692232797	0.365861000868934
662	2:112500000	2	112500000	0.919372984474948	0.999992388124389	0.000840056612646566	0.394420162526718	7.39851125171359e-05	0.000875835870921062	-0.591898871009572	3.73352692232797	0.365861000868934
662	2:1.31e+08	2	1.31e+08	0.919372984474948	0.999992388124389	0.000840056612646566	0.394420162526718	7.39851125171359e-05	0.000875835870921062	-0.591898871009572	3.73352692232797	0.365861000868934
662	2:1.52e+08	2	1.52e+08	0.919372984474948	0.999992388124389	0.000840056612646566	0.394420162526718	7.39851125171359e-05	0.000875835870921062	-0.591898871009572	3.73352692232797	0.365861000868934
667	2:2.47e+08	2	2.47e+08	0.634355652185165	0.952445516374791	0.279877927109885	0.0427366616985853	0.00892034690080096	0.00465886497484949	-0.542919132627482	1.12612331764279	0.0274912160697903
667	2:2.56e+08	2	2.56e+08	0.634355652185165	0.952445516374791	0.279877927109885	0.0427366616985853	0.00892034690080096	0.00465886497484949	-0.542919132627482	1.12612331764279	0.0274912160697903
667	2:259500000	2	259500000	0.634355652185165	0.952445516374791	0.279877927109885	0.0427366616985853	0.00892034690080096	0.00465886497484949	-0.542919132627482	1.12612331764279	0.0274912160697903
667	2:2.57e+08	2	2.57e+08	0.634355652185165	0.952445516374791	0.279877927109885	0.0427366616985853	0.00892034690080096	0.00465886497484949	-0.542919132627482	1.12612331764279	0.0274912160697903
667	2:2.4e+08	2	2.4e+08	0.634355652185165	0.952445516374791	0.279877927109885	0.0427366616985853	0.00892034690080096	0.00465886497484949	-0.542919132627482	1.12612331764279	0.0274912160697903
667	2:270500000	2	270500000	0.634355652185165	0.952445516374791	0.279877927109885	0.0427366616985853	0.00892034690080096	0.00465886497484949	-0.542919132627482	1.12612331764279	0.0274912160697903
667	2:243500000	2	243500000	0.634355652185165	0.952445516374791	0.279877927109885	0.0427366616985853	0.00892034690080096	0.00465886497484949	-0.542919132627482	1.12612331764279	0.0274912160697903
667	2:256500000	2	256500000	0.634355652185165	0.952445516374791	0.279877927109885	0.0427366616985853	0.00892034690080096	0.00465886497484949	-0.542919132627482	1.12612331764279	0.0274912160697903
667	2:257500000	2	257500000	0.634355652185165	0.952445516374791	0.279877927109885	0.0427366616985853	0.00892034690080096	0.00465886497484949	-0.542919132627482	1.12612331764279	0.0274912160697903
667	2:312500000	2	312500000	0.634355652185165	0.952445516374791	0.279877927109885	0.0427366616985853	0.00892034690080096	0.00465886497484949	-0.542919132627482	1.12612331764279	0.0274912160697903
677	2:2.3e+08	2	2.3e+08	0	0.964106586655158	0.00635885066059912	0	0.030721939428551	0.000925343078271044	0.345555209886356	2.14602286322105	0.323376341593774
677	2:1.87e+08	2	1.87e+08	0	0.964106586655158	0.00635885066059912	0	0.030721939428551	0.000925343078271044	0.345555209886356	2.14602286322105	0.323376341593774
677	2:246500000	2	246500000	0	0.964106586655158	0.00635885066059912	0	0.030721939428551	0.000925343078271044	0.345555209886356	2.14602286322105	0.323376341593774
677	2:249500000	2	249500000	0	0.964106586655158	0.00635885066059912	0	0.030721939428551	0.000925343078271044	0.345555209886356	2.14602286322105	0.323376341593774
677	2:238500000	2	238500000	0	0.964106586655158	0.00635885066059912	0	0.030721939428551	0.000925343078271044	0.345555209886356	2.14602286322105	0.323376341593774
677	2:166500000	2	166500000	0	0.964106586655158	0.00635885066059912	0	0.030721939428551	0.000925343078271044	0.345555209886356	2.14602286322105	0.323376341593774
677	2:2.38e+08	2	2.38e+08	0	0.964106586655158	0.00635885066059912	0	0.030721939428551	0.000925343078271044	0.345555209886356	2.14602286322105	0.323376341593774
677	2:2.58e+08	2	2.58e+08	0	0.964106586655158	0.00635885066059912	0	0.030721939428551	0.000925343078271044	0.345555209886356	2.14602286322105	0.323376341593774
677	2:165500000	2	165500000	0	0.964106586655158	0.00635885066059912	0	0.030721939428551	0.000925343078271044	0.345555209886356	2.14602286322105	0.323376341593774
677	2:230500000	2	230500000	0	0.964106586655158	0.00635885066059912	0	0.030721939428551	0.000925343078271044	0.345555209886356	2.14602286322105	0.323376341593774
677	2:225500000	2	225500000	0	0.964106586655158	0.00635885066059912	0	0.030721939428551	0.000925343078271044	0.345555209886356	2.14602286322105	0.323376341593774
677	2:160500000	2	160500000	0	0.964106586655158	0.00635885066059912	0	0.030721939428551	0.000925343078271044	0.345555209886356	2.14602286322105	0.323376341593774
677	2:1.92e+08	2	1.92e+08	0	0.964106586655158	0.00635885066059912	0	0.030721939428551	0.000925343078271044	0.345555209886356	2.14602286322105	0.323376341593774
677	2:1.69e+08	2	1.69e+08	0	0.964106586655158	0.00635885066059912	0	0.030721939428551	0.000925343078271044	0.345555209886356	2.14602286322105	0.323376341593774
677	2:254500000	2	254500000	0	0.964106586655158	0.00635885066059912	0	0.030721939428551	0.000925343078271044	0.345555209886356	2.14602286322105	0.323376341593774
677	2:1.64e+08	2	1.64e+08	0	0.964106586655158	0.00635885066059912	0	0.030721939428551	0.000925343078271044	0.345555209886356	2.14602286322105	0.323376341593774
677	2:188500000	2	188500000	0	0.964106586655158	0.00635885066059912	0	0.030721939428551	0.000925343078271044	0.345555209886356	2.14602286322105	0.323376341593774
677	2:226500000	2	226500000	0	0.964106586655158	0.00635885066059912	0	0.030721939428551	0.000925343078271044	0.345555209886356	2.14602286322105	0.323376341593774
677	2:2.6e+08	2	2.6e+08	0	0.964106586655158	0.00635885066059912	0	0.030721939428551	0.000925343078271044	0.345555209886356	2.14602286322105	0.323376341593774
677	2:2.39e+08	2	2.39e+08	0	0.964106586655158	0.00635885066059912	0	0.030721939428551	0.000925343078271044	0.345555209886356	2.14602286322105	0.323376341593774
677	2:251500000	2	251500000	0	0.964106586655158	0.00635885066059912	0	0.030721939428551	0.000925343078271044	0.345555209886356	2.14602286322105	0.323376341593774
677	2:245500000	2	245500000	0	0.964106586655158	0.00635885066059912	0	0.030721939428551	0.000925343078271044	0.345555209886356	2.14602286322105	0.323376341593774
677	2:2.26e+08	2	2.26e+08	0	0.964106586655158	0.00635885066059912	0	0.030721939428551	0.000925343078271044	0.345555209886356	2.14602286322105	0.323376341593774
677	2:228500000	2	228500000	0	0.964106586655158	0.00635885066059912	0	0.030721939428551	0.000925343078271044	0.345555209886356	2.14602286322105	0.323376341593774
677	2:1.57e+08	2	1.57e+08	0	0.964106586655158	0.00635885066059912	0	0.030721939428551	0.000925343078271044	0.345555209886356	2.14602286322105	0.323376341593774
677	2:261500000	2	261500000	0	0.964106586655158	0.00635885066059912	0	0.030721939428551	0.000925343078271044	0.345555209886356	2.14602286322105	0.323376341593774
677	2:186500000	2	186500000	0	0.964106586655158	0.00635885066059912	0	0.030721939428551	0.000925343078271044	0.345555209886356	2.14602286322105	0.323376341593774
677	2:2.77e+08	2	2.77e+08	0	0.964106586655158	0.00635885066059912	0	0.030721939428551	0.000925343078271044	0.345555209886356	2.14602286322105	0.323376341593774
677	2:2.61e+08	2	2.61e+08	0	0.964106586655158	0.00635885066059912	0	0.030721939428551	0.000925343078271044	0.345555209886356	2.14602286322105	0.323376341593774
677	2:232500000	2	232500000	0	0.964106586655158	0.00635885066059912	0	0.030721939428551	0.000925343078271044	0.345555209886356	2.14602286322105	0.323376341593774
677	2:163500000	2	163500000	0	0.964106586655158	0.00635885066059912	0	0.030721939428551	0.000925343078271044	0.345555209886356	2.14602286322105	0.323376341593774
677	2:162500000	2	162500000	0	0.964106586655158	0.00635885066059912	0	0.030721939428551	0.000925343078271044	0.345555209886356	2.14602286322105	0.323376341593774
677	2:185500000	2	185500000	0	0.964106586655158	0.00635885066059912	0	0.030721939428551	0.000925343078271044	0.345555209886356	2.14602286322105	0.323376341593774
677	2:2.37e+08	2	2.37e+08	0	0.964106586655158	0.00635885066059912	0	0.030721939428551	0.000925343078271044	0.345555209886356	2.14602286322105	0.323376341593774
677	2:233500000	2	233500000	0	0.964106586655158	0.00635885066059912	0	0.030721939428551	0.000925343078271044	0.345555209886356	2.14602286322105	0.323376341593774
677	2:215500000	2	215500000	0	0.964106586655158	0.00635885066059912	0	0.030721939428551	0.000925343078271044	0.345555209886356	2.14602286322105	0.323376341593774
677	2:191500000	2	191500000	0	0.964106586655158	0.00635885066059912	0	0.030721939428551	0.000925343078271044	0.345555209886356	2.14602286322105	0.323376341593774
677	2:2.51e+08	2	2.51e+08	0	0.964106586655158	0.00635885066059912	0	0.030721939428551	0.000925343078271044	0.345555209886356	2.14602286322105	0.323376341593774
677	2:2.62e+08	2	2.62e+08	0	0.964106586655158	0.00635885066059912	0	0.030721939428551	0.000925343078271044	0.345555209886356	2.14602286322105	0.323376341593774
677	2:2.99e+08	2	2.99e+08	0	0.964106586655158	0.00635885066059912	0	0.030721939428551	0.000925343078271044	0.345555209886356	2.14602286322105	0.323376341593774
677	2:273500000	2	273500000	0	0.964106586655158	0.00635885066059912	0	0.030721939428551	0.000925343078271044	0.345555209886356	2.14602286322105	0.323376341593774
677	2:227500000	2	227500000	0	0.964106586655158	0.00635885066059912	0	0.030721939428551	0.000925343078271044	0.345555209886356	2.14602286322105	0.323376341593774
677	2:1.59e+08	2	1.59e+08	0	0.964106586655158	0.00635885066059912	0	0.030721939428551	0.000925343078271044	0.345555209886356	2.14602286322105	0.323376341593774
677	2:231500000	2	231500000	0	0.964106586655158	0.00635885066059912	0	0.030721939428551	0.000925343078271044	0.345555209886356	2.14602286322105	0.323376341593774
677	2:2.32e+08	2	2.32e+08	0	0.964106586655158	0.00635885066059912	0	0.030721939428551	0.000925343078271044	0.345555209886356	2.14602286322105	0.323376341593774
677	2:1.9e+08	2	1.9e+08	0	0.964106586655158	0.00635885066059912	0	0.030721939428551	0.000925343078271044	0.345555209886356	2.14602286322105	0.323376341593774
677	2:157500000	2	157500000	0	0.964106586655158	0.00635885066059912	0	0.030721939428551	0.000925343078271044	0.345555209886356	2.14602286322105	0.323376341593774
677	2:1.71e+08	2	1.71e+08	0	0.964106586655158	0.00635885066059912	0	0.030721939428551	0.000925343078271044	0.345555209886356	2.14602286322105	0.323376341593774
677	2:168500000	2	168500000	0	0.964106586655158	0.00635885066059912	0	0.030721939428551	0.000925343078271044	0.345555209886356	2.14602286322105	0.323376341593774
677	2:1.7e+08	2	1.7e+08	0	0.964106586655158	0.00635885066059912	0	0.030721939428551	0.000925343078271044	0.345555209886356	2.14602286322105	0.323376341593774
677	2:275500000	2	275500000	0	0.964106586655158	0.00635885066059912	0	0.030721939428551	0.000925343078271044	0.345555209886356	2.14602286322105	0.323376341593774
677	2:252500000	2	252500000	0	0.964106586655158	0.00635885066059912	0	0.030721939428551	0.000925343078271044	0.345555209886356	2.14602286322105	0.323376341593774
677	2:2.33e+08	2	2.33e+08	0	0.964106586655158	0.00635885066059912	0	0.030721939428551	0.000925343078271044	0.345555209886356	2.14602286322105	0.323376341593774
677	2:266500000	2	266500000	0	0.964106586655158	0.00635885066059912	0	0.030721939428551	0.000925343078271044	0.345555209886356	2.14602286322105	0.323376341593774
677	2:248500000	2	248500000	0	0.964106586655158	0.00635885066059912	0	0.030721939428551	0.000925343078271044	0.345555209886356	2.14602286322105	0.323376341593774
677	2:235500000	2	235500000	0	0.964106586655158	0.00635885066059912	0	0.030721939428551	0.000925343078271044	0.345555209886356	2.14602286322105	0.323376341593774
677	2:2.34e+08	2	2.34e+08	0	0.964106586655158	0.00635885066059912	0	0.030721939428551	0.000925343078271044	0.345555209886356	2.14602286322105	0.323376341593774
677	2:2.28e+08	2	2.28e+08	0	0.964106586655158	0.00635885066059912	0	0.030721939428551	0.000925343078271044	0.345555209886356	2.14602286322105	0.323376341593774
677	2:161500000	2	161500000	0	0.964106586655158	0.00635885066059912	0	0.030721939428551	0.000925343078271044	0.345555209886356	2.14602286322105	0.323376341593774
677	2:2.83e+08	2	2.83e+08	0	0.964106586655158	0.00635885066059912	0	0.030721939428551	0.000925343078271044	0.345555209886356	2.14602286322105	0.323376341593774
677	2:169500000	2	169500000	0	0.964106586655158	0.00635885066059912	0	0.030721939428551	0.000925343078271044	0.345555209886356	2.14602286322105	0.323376341593774
677	2:1.65e+08	2	1.65e+08	0	0.964106586655158	0.00635885066059912	0	0.030721939428551	0.000925343078271044	0.345555209886356	2.14602286322105	0.323376341593774
677	2:2.35e+08	2	2.35e+08	0	0.964106586655158	0.00635885066059912	0	0.030721939428551	0.000925343078271044	0.345555209886356	2.14602286322105	0.323376341593774
677	2:2.48e+08	2	2.48e+08	0	0.964106586655158	0.00635885066059912	0	0.030721939428551	0.000925343078271044	0.345555209886356	2.14602286322105	0.323376341593774
677	2:159500000	2	159500000	0	0.964106586655158	0.00635885066059912	0	0.030721939428551	0.000925343078271044	0.345555209886356	2.14602286322105	0.323376341593774
677	2:253500000	2	253500000	0	0.964106586655158	0.00635885066059912	0	0.030721939428551	0.000925343078271044	0.345555209886356	2.14602286322105	0.323376341593774
677	2:2.46e+08	2	2.46e+08	0	0.964106586655158	0.00635885066059912	0	0.030721939428551	0.000925343078271044	0.345555209886356	2.14602286322105	0.323376341593774
677	2:2.53e+08	2	2.53e+08	0	0.964106586655158	0.00635885066059912	0	0.030721939428551	0.000925343078271044	0.345555209886356	2.14602286322105	0.323376341593774
677	2:164500000	2	164500000	0	0.964106586655158	0.00635885066059912	0	0.030721939428551	0.000925343078271044	0.345555209886356	2.14602286322105	0.323376341593774
677	2:1.61e+08	2	1.61e+08	0	0.964106586655158	0.00635885066059912	0	0.030721939428551	0.000925343078271044	0.345555209886356	2.14602286322105	0.323376341593774
677	2:2.43e+08	2	2.43e+08	0	0.964106586655158	0.00635885066059912	0	0.030721939428551	0.000925343078271044	0.345555209886356	2.14602286322105	0.323376341593774
677	2:214500000	2	214500000	0	0.964106586655158	0.00635885066059912	0	0.030721939428551	0.000925343078271044	0.345555209886356	2.14602286322105	0.323376341593774
677	2:1.62e+08	2	1.62e+08	0	0.964106586655158	0.00635885066059912	0	0.030721939428551	0.000925343078271044	0.345555209886356	2.14602286322105	0.323376341593774
677	2:2.7e+08	2	2.7e+08	0	0.964106586655158	0.00635885066059912	0	0.030721939428551	0.000925343078271044	0.345555209886356	2.14602286322105	0.323376341593774
677	2:260500000	2	260500000	0	0.964106586655158	0.00635885066059912	0	0.030721939428551	0.000925343078271044	0.345555209886356	2.14602286322105	0.323376341593774
677	2:2.36e+08	2	2.36e+08	0	0.964106586655158	0.00635885066059912	0	0.030721939428551	0.000925343078271044	0.345555209886356	2.14602286322105	0.323376341593774
677	2:187500000	2	187500000	0	0.964106586655158	0.00635885066059912	0	0.030721939428551	0.000925343078271044	0.345555209886356	2.14602286322105	0.323376341593774
677	2:237500000	2	237500000	0	0.964106586655158	0.00635885066059912	0	0.030721939428551	0.000925343078271044	0.345555209886356	2.14602286322105	0.323376341593774
677	2:171500000	2	171500000	0	0.964106586655158	0.00635885066059912	0	0.030721939428551	0.000925343078271044	0.345555209886356	2.14602286322105	0.323376341593774
677	2:229500000	2	229500000	0	0.964106586655158	0.00635885066059912	0	0.030721939428551	0.000925343078271044	0.345555209886356	2.14602286322105	0.323376341593774
677	2:1.63e+08	2	1.63e+08	0	0.964106586655158	0.00635885066059912	0	0.030721939428551	0.000925343078271044	0.345555209886356	2.14602286322105	0.323376341593774
677	2:192500000	2	192500000	0	0.964106586655158	0.00635885066059912	0	0.030721939428551	0.000925343078271044	0.345555209886356	2.14602286322105	0.323376341593774
677	2:172500000	2	172500000	0	0.964106586655158	0.00635885066059912	0	0.030721939428551	0.000925343078271044	0.345555209886356	2.14602286322105	0.323376341593774
677	2:1.66e+08	2	1.66e+08	0	0.964106586655158	0.00635885066059912	0	0.030721939428551	0.000925343078271044	0.345555209886356	2.14602286322105	0.323376341593774
677	2:2.55e+08	2	2.55e+08	0	0.964106586655158	0.00635885066059912	0	0.030721939428551	0.000925343078271044	0.345555209886356	2.14602286322105	0.323376341593774
677	2:2.45e+08	2	2.45e+08	0	0.964106586655158	0.00635885066059912	0	0.030721939428551	0.000925343078271044	0.345555209886356	2.14602286322105	0.323376341593774
677	2:170500000	2	170500000	0	0.964106586655158	0.00635885066059912	0	0.030721939428551	0.000925343078271044	0.345555209886356	2.14602286322105	0.323376341593774
677	2:2.27e+08	2	2.27e+08	0	0.964106586655158	0.00635885066059912	0	0.030721939428551	0.000925343078271044	0.345555209886356	2.14602286322105	0.323376341593774
677	2:299500000	2	299500000	0	0.964106586655158	0.00635885066059912	0	0.030721939428551	0.000925343078271044	0.345555209886356	2.14602286322105	0.323376341593774
677	2:1.6e+08	2	1.6e+08	0	0.964106586655158	0.00635885066059912	0	0.030721939428551	0.000925343078271044	0.345555209886356	2.14602286322105	0.323376341593774
677	2:2.52e+08	2	2.52e+08	0	0.964106586655158	0.00635885066059912	0	0.030721939428551	0.000925343078271044	0.345555209886356	2.14602286322105	0.323376341593774
677	2:1.72e+08	2	1.72e+08	0	0.964106586655158	0.00635885066059912	0	0.030721939428551	0.000925343078271044	0.345555209886356	2.14602286322105	0.323376341593774
677	2:236500000	2	236500000	0	0.964106586655158	0.00635885066059912	0	0.030721939428551	0.000925343078271044	0.345555209886356	2.14602286322105	0.323376341593774
677	2:2.25e+08	2	2.25e+08	0	0.964106586655158	0.00635885066059912	0	0.030721939428551	0.000925343078271044	0.345555209886356	2.14602286322105	0.323376341593774
677	2:240500000	2	240500000	0	0.964106586655158	0.00635885066059912	0	0.030721939428551	0.000925343078271044	0.345555209886356	2.14602286322105	0.323376341593774
677	2:242500000	2	242500000	0	0.964106586655158	0.00635885066059912	0	0.030721939428551	0.000925343078271044	0.345555209886356	2.14602286322105	0.323376341593774
677	2:224500000	2	224500000	0	0.964106586655158	0.00635885066059912	0	0.030721939428551	0.000925343078271044	0.345555209886356	2.14602286322105	0.323376341593774
677	2:2.41e+08	2	2.41e+08	0	0.964106586655158	0.00635885066059912	0	0.030721939428551	0.000925343078271044	0.345555209886356	2.14602286322105	0.323376341593774
677	2:239500000	2	239500000	0	0.964106586655158	0.00635885066059912	0	0.030721939428551	0.000925343078271044	0.345555209886356	2.14602286322105	0.323376341593774
677	2:280500000	2	280500000	0	0.964106586655158	0.00635885066059912	0	0.030721939428551	0.000925343078271044	0.345555209886356	2.14602286322105	0.323376341593774
677	2:234500000	2	234500000	0	0.964106586655158	0.00635885066059912	0	0.030721939428551	0.000925343078271044	0.345555209886356	2.14602286322105	0.323376341593774
677	2:2.31e+08	2	2.31e+08	0	0.964106586655158	0.00635885066059912	0	0.030721939428551	0.000925343078271044	0.345555209886356	2.14602286322105	0.323376341593774
677	2:258500000	2	258500000	0	0.964106586655158	0.00635885066059912	0	0.030721939428551	0.000925343078271044	0.345555209886356	2.14602286322105	0.323376341593774
677	2:300500000	2	300500000	0	0.964106586655158	0.00635885066059912	0	0.030721939428551	0.000925343078271044	0.345555209886356	2.14602286322105	0.323376341593774
68	2:231500000	2	231500000	1	1	1	0	0	0	0	0	0
68	2:2.3e+08	2	2.3e+08	1	1	1	0	0	0	0	0	0
68	2:2.31e+08	2	2.31e+08	1	1	1	0	0	0	0	0	0
68	2:233500000	2	233500000	1	1	1	0	0	0	0	0	0
68	2:230500000	2	230500000	1	1	1	0	0	0	0	0	0
68	2:232500000	2	232500000	1	1	1	0	0	0	0	0	0
68	2:2.33e+08	2	2.33e+08	1	1	1	0	0	0	0	0	0
68	2:234500000	2	234500000	1	1	1	0	0	0	0	0	0
68	2:2.32e+08	2	2.32e+08	1	1	1	0	0	0	0	0	0
68	2:2.34e+08	2	2.34e+08	1	1	1	0	0	0	0	0	0
704	2:4.23e+08	2	4.23e+08	0.706079421514968	0.983869749128844	0.145168074082854	0.0489919589261307	0.00448991937533966	0.00368211172754118	-0.541891699338371	1.59927618711532	0.254845641479079
704	2:4.25e+08	2	4.25e+08	0.706079421514968	0.983869749128844	0.145168074082854	0.0489919589261307	0.00448991937533966	0.00368211172754118	-0.541891699338371	1.59927618711532	0.254845641479079
704	2:425500000	2	425500000	0.706079421514968	0.983869749128844	0.145168074082854	0.0489919589261307	0.00448991937533966	0.00368211172754118	-0.541891699338371	1.59927618711532	0.254845641479079
704	2:424500000	2	424500000	0.706079421514968	0.983869749128844	0.145168074082854	0.0489919589261307	0.00448991937533966	0.00368211172754118	-0.541891699338371	1.59927618711532	0.254845641479079
704	2:423500000	2	423500000	0.706079421514968	0.983869749128844	0.145168074082854	0.0489919589261307	0.00448991937533966	0.00368211172754118	-0.541891699338371	1.59927618711532	0.254845641479079
704	2:426500000	2	426500000	0.706079421514968	0.983869749128844	0.145168074082854	0.0489919589261307	0.00448991937533966	0.00368211172754118	-0.541891699338371	1.59927618711532	0.254845641479079
704	2:4.24e+08	2	4.24e+08	0.706079421514968	0.983869749128844	0.145168074082854	0.0489919589261307	0.00448991937533966	0.00368211172754118	-0.541891699338371	1.59927618711532	0.254845641479079
704	2:427500000	2	427500000	0.706079421514968	0.983869749128844	0.145168074082854	0.0489919589261307	0.00448991937533966	0.00368211172754118	-0.541891699338371	1.59927618711532	0.254845641479079
704	2:421500000	2	421500000	0.706079421514968	0.983869749128844	0.145168074082854	0.0489919589261307	0.00448991937533966	0.00368211172754118	-0.541891699338371	1.59927618711532	0.254845641479079
704	2:4.26e+08	2	4.26e+08	0.706079421514968	0.983869749128844	0.145168074082854	0.0489919589261307	0.00448991937533966	0.00368211172754118	-0.541891699338371	1.59927618711532	0.254845641479079
711	2:2.59e+08	2	2.59e+08	0.834514201123793	0.999977519895538	0.000683781851290521	1.20314716005395	0.000335950053918166	0.00116111392088706	-0.439489540856863	3.64090042385676	0.755137012491278
711	2:1.7e+08	2	1.7e+08	0.834514201123793	0.999977519895538	0.000683781851290521	1.20314716005395	0.000335950053918166	0.00116111392088706	-0.439489540856863	3.64090042385676	0.755137012491278
711	2:188500000	2	188500000	0.834514201123793	0.999977519895538	0.000683781851290521	1.20314716005395	0.000335950053918166	0.00116111392088706	-0.439489540856863	3.64090042385676	0.755137012491278
711	2:1.63e+08	2	1.63e+08	0.834514201123793	0.999977519895538	0.000683781851290521	1.20314716005395	0.000335950053918166	0.00116111392088706	-0.439489540856863	3.64090042385676	0.755137012491278
711	2:2.62e+08	2	2.62e+08	0.834514201123793	0.999977519895538	0.000683781851290521	1.20314716005395	0.000335950053918166	0.00116111392088706	-0.439489540856863	3.64090042385676	0.755137012491278
711	2:2.37e+08	2	2.37e+08	0.834514201123793	0.999977519895538	0.000683781851290521	1.20314716005395	0.000335950053918166	0.00116111392088706	-0.439489540856863	3.64090042385676	0.755137012491278
711	2:246500000	2	246500000	0.834514201123793	0.999977519895538	0.000683781851290521	1.20314716005395	0.000335950053918166	0.00116111392088706	-0.439489540856863	3.64090042385676	0.755137012491278
711	2:192500000	2	192500000	0.834514201123793	0.999977519895538	0.000683781851290521	1.20314716005395	0.000335950053918166	0.00116111392088706	-0.439489540856863	3.64090042385676	0.755137012491278
711	2:2.22e+08	2	2.22e+08	0.834514201123793	0.999977519895538	0.000683781851290521	1.20314716005395	0.000335950053918166	0.00116111392088706	-0.439489540856863	3.64090042385676	0.755137012491278
711	2:2.33e+08	2	2.33e+08	0.834514201123793	0.999977519895538	0.000683781851290521	1.20314716005395	0.000335950053918166	0.00116111392088706	-0.439489540856863	3.64090042385676	0.755137012491278
711	2:170500000	2	170500000	0.834514201123793	0.999977519895538	0.000683781851290521	1.20314716005395	0.000335950053918166	0.00116111392088706	-0.439489540856863	3.64090042385676	0.755137012491278
711	2:163500000	2	163500000	0.834514201123793	0.999977519895538	0.000683781851290521	1.20314716005395	0.000335950053918166	0.00116111392088706	-0.439489540856863	3.64090042385676	0.755137012491278
711	2:2.58e+08	2	2.58e+08	0.834514201123793	0.999977519895538	0.000683781851290521	1.20314716005395	0.000335950053918166	0.00116111392088706	-0.439489540856863	3.64090042385676	0.755137012491278
711	2:225500000	2	225500000	0.834514201123793	0.999977519895538	0.000683781851290521	1.20314716005395	0.000335950053918166	0.00116111392088706	-0.439489540856863	3.64090042385676	0.755137012491278
711	2:1.57e+08	2	1.57e+08	0.834514201123793	0.999977519895538	0.000683781851290521	1.20314716005395	0.000335950053918166	0.00116111392088706	-0.439489540856863	3.64090042385676	0.755137012491278
711	2:2.32e+08	2	2.32e+08	0.834514201123793	0.999977519895538	0.000683781851290521	1.20314716005395	0.000335950053918166	0.00116111392088706	-0.439489540856863	3.64090042385676	0.755137012491278
711	2:2.26e+08	2	2.26e+08	0.834514201123793	0.999977519895538	0.000683781851290521	1.20314716005395	0.000335950053918166	0.00116111392088706	-0.439489540856863	3.64090042385676	0.755137012491278
711	2:230500000	2	230500000	0.834514201123793	0.999977519895538	0.000683781851290521	1.20314716005395	0.000335950053918166	0.00116111392088706	-0.439489540856863	3.64090042385676	0.755137012491278
711	2:236500000	2	236500000	0.834514201123793	0.999977519895538	0.000683781851290521	1.20314716005395	0.000335950053918166	0.00116111392088706	-0.439489540856863	3.64090042385676	0.755137012491278
711	2:2.46e+08	2	2.46e+08	0.834514201123793	0.999977519895538	0.000683781851290521	1.20314716005395	0.000335950053918166	0.00116111392088706	-0.439489540856863	3.64090042385676	0.755137012491278
711	2:186500000	2	186500000	0.834514201123793	0.999977519895538	0.000683781851290521	1.20314716005395	0.000335950053918166	0.00116111392088706	-0.439489540856863	3.64090042385676	0.755137012491278
711	2:1.72e+08	2	1.72e+08	0.834514201123793	0.999977519895538	0.000683781851290521	1.20314716005395	0.000335950053918166	0.00116111392088706	-0.439489540856863	3.64090042385676	0.755137012491278
711	2:250500000	2	250500000	0.834514201123793	0.999977519895538	0.000683781851290521	1.20314716005395	0.000335950053918166	0.00116111392088706	-0.439489540856863	3.64090042385676	0.755137012491278
711	2:234500000	2	234500000	0.834514201123793	0.999977519895538	0.000683781851290521	1.20314716005395	0.000335950053918166	0.00116111392088706	-0.439489540856863	3.64090042385676	0.755137012491278
711	2:1.6e+08	2	1.6e+08	0.834514201123793	0.999977519895538	0.000683781851290521	1.20314716005395	0.000335950053918166	0.00116111392088706	-0.439489540856863	3.64090042385676	0.755137012491278
711	2:249500000	2	249500000	0.834514201123793	0.999977519895538	0.000683781851290521	1.20314716005395	0.000335950053918166	0.00116111392088706	-0.439489540856863	3.64090042385676	0.755137012491278
711	2:2.34e+08	2	2.34e+08	0.834514201123793	0.999977519895538	0.000683781851290521	1.20314716005395	0.000335950053918166	0.00116111392088706	-0.439489540856863	3.64090042385676	0.755137012491278
711	2:227500000	2	227500000	0.834514201123793	0.999977519895538	0.000683781851290521	1.20314716005395	0.000335950053918166	0.00116111392088706	-0.439489540856863	3.64090042385676	0.755137012491278
711	2:1.61e+08	2	1.61e+08	0.834514201123793	0.999977519895538	0.000683781851290521	1.20314716005395	0.000335950053918166	0.00116111392088706	-0.439489540856863	3.64090042385676	0.755137012491278
711	2:252500000	2	252500000	0.834514201123793	0.999977519895538	0.000683781851290521	1.20314716005395	0.000335950053918166	0.00116111392088706	-0.439489540856863	3.64090042385676	0.755137012491278
711	2:2.6e+08	2	2.6e+08	0.834514201123793	0.999977519895538	0.000683781851290521	1.20314716005395	0.000335950053918166	0.00116111392088706	-0.439489540856863	3.64090042385676	0.755137012491278
711	2:2.51e+08	2	2.51e+08	0.834514201123793	0.999977519895538	0.000683781851290521	1.20314716005395	0.000335950053918166	0.00116111392088706	-0.439489540856863	3.64090042385676	0.755137012491278
711	2:1.71e+08	2	1.71e+08	0.834514201123793	0.999977519895538	0.000683781851290521	1.20314716005395	0.000335950053918166	0.00116111392088706	-0.439489540856863	3.64090042385676	0.755137012491278
711	2:299500000	2	299500000	0.834514201123793	0.999977519895538	0.000683781851290521	1.20314716005395	0.000335950053918166	0.00116111392088706	-0.439489540856863	3.64090042385676	0.755137012491278
711	2:2.61e+08	2	2.61e+08	0.834514201123793	0.999977519895538	0.000683781851290521	1.20314716005395	0.000335950053918166	0.00116111392088706	-0.439489540856863	3.64090042385676	0.755137012491278
711	2:2.45e+08	2	2.45e+08	0.834514201123793	0.999977519895538	0.000683781851290521	1.20314716005395	0.000335950053918166	0.00116111392088706	-0.439489540856863	3.64090042385676	0.755137012491278
711	2:2.3e+08	2	2.3e+08	0.834514201123793	0.999977519895538	0.000683781851290521	1.20314716005395	0.000335950053918166	0.00116111392088706	-0.439489540856863	3.64090042385676	0.755137012491278
711	2:251500000	2	251500000	0.834514201123793	0.999977519895538	0.000683781851290521	1.20314716005395	0.000335950053918166	0.00116111392088706	-0.439489540856863	3.64090042385676	0.755137012491278
711	2:159500000	2	159500000	0.834514201123793	0.999977519895538	0.000683781851290521	1.20314716005395	0.000335950053918166	0.00116111392088706	-0.439489540856863	3.64090042385676	0.755137012491278
711	2:164500000	2	164500000	0.834514201123793	0.999977519895538	0.000683781851290521	1.20314716005395	0.000335950053918166	0.00116111392088706	-0.439489540856863	3.64090042385676	0.755137012491278
711	2:2.39e+08	2	2.39e+08	0.834514201123793	0.999977519895538	0.000683781851290521	1.20314716005395	0.000335950053918166	0.00116111392088706	-0.439489540856863	3.64090042385676	0.755137012491278
711	2:166500000	2	166500000	0.834514201123793	0.999977519895538	0.000683781851290521	1.20314716005395	0.000335950053918166	0.00116111392088706	-0.439489540856863	3.64090042385676	0.755137012491278
711	2:1.66e+08	2	1.66e+08	0.834514201123793	0.999977519895538	0.000683781851290521	1.20314716005395	0.000335950053918166	0.00116111392088706	-0.439489540856863	3.64090042385676	0.755137012491278
711	2:2.41e+08	2	2.41e+08	0.834514201123793	0.999977519895538	0.000683781851290521	1.20314716005395	0.000335950053918166	0.00116111392088706	-0.439489540856863	3.64090042385676	0.755137012491278
711	2:275500000	2	275500000	0.834514201123793	0.999977519895538	0.000683781851290521	1.20314716005395	0.000335950053918166	0.00116111392088706	-0.439489540856863	3.64090042385676	0.755137012491278
711	2:214500000	2	214500000	0.834514201123793	0.999977519895538	0.000683781851290521	1.20314716005395	0.000335950053918166	0.00116111392088706	-0.439489540856863	3.64090042385676	0.755137012491278
711	2:2.23e+08	2	2.23e+08	0.834514201123793	0.999977519895538	0.000683781851290521	1.20314716005395	0.000335950053918166	0.00116111392088706	-0.439489540856863	3.64090042385676	0.755137012491278
711	2:162500000	2	162500000	0.834514201123793	0.999977519895538	0.000683781851290521	1.20314716005395	0.000335950053918166	0.00116111392088706	-0.439489540856863	3.64090042385676	0.755137012491278
711	2:226500000	2	226500000	0.834514201123793	0.999977519895538	0.000683781851290521	1.20314716005395	0.000335950053918166	0.00116111392088706	-0.439489540856863	3.64090042385676	0.755137012491278
711	2:2.48e+08	2	2.48e+08	0.834514201123793	0.999977519895538	0.000683781851290521	1.20314716005395	0.000335950053918166	0.00116111392088706	-0.439489540856863	3.64090042385676	0.755137012491278
711	2:2.24e+08	2	2.24e+08	0.834514201123793	0.999977519895538	0.000683781851290521	1.20314716005395	0.000335950053918166	0.00116111392088706	-0.439489540856863	3.64090042385676	0.755137012491278
711	2:1.59e+08	2	1.59e+08	0.834514201123793	0.999977519895538	0.000683781851290521	1.20314716005395	0.000335950053918166	0.00116111392088706	-0.439489540856863	3.64090042385676	0.755137012491278
711	2:2.38e+08	2	2.38e+08	0.834514201123793	0.999977519895538	0.000683781851290521	1.20314716005395	0.000335950053918166	0.00116111392088706	-0.439489540856863	3.64090042385676	0.755137012491278
711	2:185500000	2	185500000	0.834514201123793	0.999977519895538	0.000683781851290521	1.20314716005395	0.000335950053918166	0.00116111392088706	-0.439489540856863	3.64090042385676	0.755137012491278
711	2:248500000	2	248500000	0.834514201123793	0.999977519895538	0.000683781851290521	1.20314716005395	0.000335950053918166	0.00116111392088706	-0.439489540856863	3.64090042385676	0.755137012491278
711	2:2.43e+08	2	2.43e+08	0.834514201123793	0.999977519895538	0.000683781851290521	1.20314716005395	0.000335950053918166	0.00116111392088706	-0.439489540856863	3.64090042385676	0.755137012491278
711	2:1.9e+08	2	1.9e+08	0.834514201123793	0.999977519895538	0.000683781851290521	1.20314716005395	0.000335950053918166	0.00116111392088706	-0.439489540856863	3.64090042385676	0.755137012491278
711	2:238500000	2	238500000	0.834514201123793	0.999977519895538	0.000683781851290521	1.20314716005395	0.000335950053918166	0.00116111392088706	-0.439489540856863	3.64090042385676	0.755137012491278
711	2:168500000	2	168500000	0.834514201123793	0.999977519895538	0.000683781851290521	1.20314716005395	0.000335950053918166	0.00116111392088706	-0.439489540856863	3.64090042385676	0.755137012491278
711	2:240500000	2	240500000	0.834514201123793	0.999977519895538	0.000683781851290521	1.20314716005395	0.000335950053918166	0.00116111392088706	-0.439489540856863	3.64090042385676	0.755137012491278
711	2:228500000	2	228500000	0.834514201123793	0.999977519895538	0.000683781851290521	1.20314716005395	0.000335950053918166	0.00116111392088706	-0.439489540856863	3.64090042385676	0.755137012491278
711	2:258500000	2	258500000	0.834514201123793	0.999977519895538	0.000683781851290521	1.20314716005395	0.000335950053918166	0.00116111392088706	-0.439489540856863	3.64090042385676	0.755137012491278
711	2:2.35e+08	2	2.35e+08	0.834514201123793	0.999977519895538	0.000683781851290521	1.20314716005395	0.000335950053918166	0.00116111392088706	-0.439489540856863	3.64090042385676	0.755137012491278
711	2:215500000	2	215500000	0.834514201123793	0.999977519895538	0.000683781851290521	1.20314716005395	0.000335950053918166	0.00116111392088706	-0.439489540856863	3.64090042385676	0.755137012491278
711	2:160500000	2	160500000	0.834514201123793	0.999977519895538	0.000683781851290521	1.20314716005395	0.000335950053918166	0.00116111392088706	-0.439489540856863	3.64090042385676	0.755137012491278
711	2:1.92e+08	2	1.92e+08	0.834514201123793	0.999977519895538	0.000683781851290521	1.20314716005395	0.000335950053918166	0.00116111392088706	-0.439489540856863	3.64090042385676	0.755137012491278
711	2:1.65e+08	2	1.65e+08	0.834514201123793	0.999977519895538	0.000683781851290521	1.20314716005395	0.000335950053918166	0.00116111392088706	-0.439489540856863	3.64090042385676	0.755137012491278
711	2:2.17e+08	2	2.17e+08	0.834514201123793	0.999977519895538	0.000683781851290521	1.20314716005395	0.000335950053918166	0.00116111392088706	-0.439489540856863	3.64090042385676	0.755137012491278
711	2:261500000	2	261500000	0.834514201123793	0.999977519895538	0.000683781851290521	1.20314716005395	0.000335950053918166	0.00116111392088706	-0.439489540856863	3.64090042385676	0.755137012491278
711	2:2.86e+08	2	2.86e+08	0.834514201123793	0.999977519895538	0.000683781851290521	1.20314716005395	0.000335950053918166	0.00116111392088706	-0.439489540856863	3.64090042385676	0.755137012491278
711	2:268500000	2	268500000	0.834514201123793	0.999977519895538	0.000683781851290521	1.20314716005395	0.000335950053918166	0.00116111392088706	-0.439489540856863	3.64090042385676	0.755137012491278
711	2:242500000	2	242500000	0.834514201123793	0.999977519895538	0.000683781851290521	1.20314716005395	0.000335950053918166	0.00116111392088706	-0.439489540856863	3.64090042385676	0.755137012491278
711	2:266500000	2	266500000	0.834514201123793	0.999977519895538	0.000683781851290521	1.20314716005395	0.000335950053918166	0.00116111392088706	-0.439489540856863	3.64090042385676	0.755137012491278
711	2:2.31e+08	2	2.31e+08	0.834514201123793	0.999977519895538	0.000683781851290521	1.20314716005395	0.000335950053918166	0.00116111392088706	-0.439489540856863	3.64090042385676	0.755137012491278
711	2:1.62e+08	2	1.62e+08	0.834514201123793	0.999977519895538	0.000683781851290521	1.20314716005395	0.000335950053918166	0.00116111392088706	-0.439489540856863	3.64090042385676	0.755137012491278
711	2:221500000	2	221500000	0.834514201123793	0.999977519895538	0.000683781851290521	1.20314716005395	0.000335950053918166	0.00116111392088706	-0.439489540856863	3.64090042385676	0.755137012491278
711	2:191500000	2	191500000	0.834514201123793	0.999977519895538	0.000683781851290521	1.20314716005395	0.000335950053918166	0.00116111392088706	-0.439489540856863	3.64090042385676	0.755137012491278
711	2:253500000	2	253500000	0.834514201123793	0.999977519895538	0.000683781851290521	1.20314716005395	0.000335950053918166	0.00116111392088706	-0.439489540856863	3.64090042385676	0.755137012491278
711	2:2.36e+08	2	2.36e+08	0.834514201123793	0.999977519895538	0.000683781851290521	1.20314716005395	0.000335950053918166	0.00116111392088706	-0.439489540856863	3.64090042385676	0.755137012491278
711	2:237500000	2	237500000	0.834514201123793	0.999977519895538	0.000683781851290521	1.20314716005395	0.000335950053918166	0.00116111392088706	-0.439489540856863	3.64090042385676	0.755137012491278
711	2:2.77e+08	2	2.77e+08	0.834514201123793	0.999977519895538	0.000683781851290521	1.20314716005395	0.000335950053918166	0.00116111392088706	-0.439489540856863	3.64090042385676	0.755137012491278
711	2:233500000	2	233500000	0.834514201123793	0.999977519895538	0.000683781851290521	1.20314716005395	0.000335950053918166	0.00116111392088706	-0.439489540856863	3.64090042385676	0.755137012491278
711	2:229500000	2	229500000	0.834514201123793	0.999977519895538	0.000683781851290521	1.20314716005395	0.000335950053918166	0.00116111392088706	-0.439489540856863	3.64090042385676	0.755137012491278
711	2:2.53e+08	2	2.53e+08	0.834514201123793	0.999977519895538	0.000683781851290521	1.20314716005395	0.000335950053918166	0.00116111392088706	-0.439489540856863	3.64090042385676	0.755137012491278
711	2:235500000	2	235500000	0.834514201123793	0.999977519895538	0.000683781851290521	1.20314716005395	0.000335950053918166	0.00116111392088706	-0.439489540856863	3.64090042385676	0.755137012491278
711	2:171500000	2	171500000	0.834514201123793	0.999977519895538	0.000683781851290521	1.20314716005395	0.000335950053918166	0.00116111392088706	-0.439489540856863	3.64090042385676	0.755137012491278
711	2:1.64e+08	2	1.64e+08	0.834514201123793	0.999977519895538	0.000683781851290521	1.20314716005395	0.000335950053918166	0.00116111392088706	-0.439489540856863	3.64090042385676	0.755137012491278
711	2:232500000	2	232500000	0.834514201123793	0.999977519895538	0.000683781851290521	1.20314716005395	0.000335950053918166	0.00116111392088706	-0.439489540856863	3.64090042385676	0.755137012491278
711	2:157500000	2	157500000	0.834514201123793	0.999977519895538	0.000683781851290521	1.20314716005395	0.000335950053918166	0.00116111392088706	-0.439489540856863	3.64090042385676	0.755137012491278
711	2:2.7e+08	2	2.7e+08	0.834514201123793	0.999977519895538	0.000683781851290521	1.20314716005395	0.000335950053918166	0.00116111392088706	-0.439489540856863	3.64090042385676	0.755137012491278
711	2:223500000	2	223500000	0.834514201123793	0.999977519895538	0.000683781851290521	1.20314716005395	0.000335950053918166	0.00116111392088706	-0.439489540856863	3.64090042385676	0.755137012491278
711	2:1.69e+08	2	1.69e+08	0.834514201123793	0.999977519895538	0.000683781851290521	1.20314716005395	0.000335950053918166	0.00116111392088706	-0.439489540856863	3.64090042385676	0.755137012491278
711	2:2.25e+08	2	2.25e+08	0.834514201123793	0.999977519895538	0.000683781851290521	1.20314716005395	0.000335950053918166	0.00116111392088706	-0.439489540856863	3.64090042385676	0.755137012491278
711	2:2.28e+08	2	2.28e+08	0.834514201123793	0.999977519895538	0.000683781851290521	1.20314716005395	0.000335950053918166	0.00116111392088706	-0.439489540856863	3.64090042385676	0.755137012491278
711	2:165500000	2	165500000	0.834514201123793	0.999977519895538	0.000683781851290521	1.20314716005395	0.000335950053918166	0.00116111392088706	-0.439489540856863	3.64090042385676	0.755137012491278
711	2:245500000	2	245500000	0.834514201123793	0.999977519895538	0.000683781851290521	1.20314716005395	0.000335950053918166	0.00116111392088706	-0.439489540856863	3.64090042385676	0.755137012491278
711	2:148500000	2	148500000	0.834514201123793	0.999977519895538	0.000683781851290521	1.20314716005395	0.000335950053918166	0.00116111392088706	-0.439489540856863	3.64090042385676	0.755137012491278
711	2:273500000	2	273500000	0.834514201123793	0.999977519895538	0.000683781851290521	1.20314716005395	0.000335950053918166	0.00116111392088706	-0.439489540856863	3.64090042385676	0.755137012491278
711	2:280500000	2	280500000	0.834514201123793	0.999977519895538	0.000683781851290521	1.20314716005395	0.000335950053918166	0.00116111392088706	-0.439489540856863	3.64090042385676	0.755137012491278
711	2:2.27e+08	2	2.27e+08	0.834514201123793	0.999977519895538	0.000683781851290521	1.20314716005395	0.000335950053918166	0.00116111392088706	-0.439489540856863	3.64090042385676	0.755137012491278
711	2:2.52e+08	2	2.52e+08	0.834514201123793	0.999977519895538	0.000683781851290521	1.20314716005395	0.000335950053918166	0.00116111392088706	-0.439489540856863	3.64090042385676	0.755137012491278
711	2:187500000	2	187500000	0.834514201123793	0.999977519895538	0.000683781851290521	1.20314716005395	0.000335950053918166	0.00116111392088706	-0.439489540856863	3.64090042385676	0.755137012491278
711	2:161500000	2	161500000	0.834514201123793	0.999977519895538	0.000683781851290521	1.20314716005395	0.000335950053918166	0.00116111392088706	-0.439489540856863	3.64090042385676	0.755137012491278
711	2:1.87e+08	2	1.87e+08	0.834514201123793	0.999977519895538	0.000683781851290521	1.20314716005395	0.000335950053918166	0.00116111392088706	-0.439489540856863	3.64090042385676	0.755137012491278
711	2:300500000	2	300500000	0.834514201123793	0.999977519895538	0.000683781851290521	1.20314716005395	0.000335950053918166	0.00116111392088706	-0.439489540856863	3.64090042385676	0.755137012491278
711	2:2.83e+08	2	2.83e+08	0.834514201123793	0.999977519895538	0.000683781851290521	1.20314716005395	0.000335950053918166	0.00116111392088706	-0.439489540856863	3.64090042385676	0.755137012491278
711	2:2.55e+08	2	2.55e+08	0.834514201123793	0.999977519895538	0.000683781851290521	1.20314716005395	0.000335950053918166	0.00116111392088706	-0.439489540856863	3.64090042385676	0.755137012491278
711	2:239500000	2	239500000	0.834514201123793	0.999977519895538	0.000683781851290521	1.20314716005395	0.000335950053918166	0.00116111392088706	-0.439489540856863	3.64090042385676	0.755137012491278
711	2:2.99e+08	2	2.99e+08	0.834514201123793	0.999977519895538	0.000683781851290521	1.20314716005395	0.000335950053918166	0.00116111392088706	-0.439489540856863	3.64090042385676	0.755137012491278
711	2:260500000	2	260500000	0.834514201123793	0.999977519895538	0.000683781851290521	1.20314716005395	0.000335950053918166	0.00116111392088706	-0.439489540856863	3.64090042385676	0.755137012491278
711	2:224500000	2	224500000	0.834514201123793	0.999977519895538	0.000683781851290521	1.20314716005395	0.000335950053918166	0.00116111392088706	-0.439489540856863	3.64090042385676	0.755137012491278
711	2:2.54e+08	2	2.54e+08	0.834514201123793	0.999977519895538	0.000683781851290521	1.20314716005395	0.000335950053918166	0.00116111392088706	-0.439489540856863	3.64090042385676	0.755137012491278
711	2:254500000	2	254500000	0.834514201123793	0.999977519895538	0.000683781851290521	1.20314716005395	0.000335950053918166	0.00116111392088706	-0.439489540856863	3.64090042385676	0.755137012491278
711	2:2.15e+08	2	2.15e+08	0.834514201123793	0.999977519895538	0.000683781851290521	1.20314716005395	0.000335950053918166	0.00116111392088706	-0.439489540856863	3.64090042385676	0.755137012491278
711	2:169500000	2	169500000	0.834514201123793	0.999977519895538	0.000683781851290521	1.20314716005395	0.000335950053918166	0.00116111392088706	-0.439489540856863	3.64090042385676	0.755137012491278
711	2:172500000	2	172500000	0.834514201123793	0.999977519895538	0.000683781851290521	1.20314716005395	0.000335950053918166	0.00116111392088706	-0.439489540856863	3.64090042385676	0.755137012491278
711	2:231500000	2	231500000	0.834514201123793	0.999977519895538	0.000683781851290521	1.20314716005395	0.000335950053918166	0.00116111392088706	-0.439489540856863	3.64090042385676	0.755137012491278
719	2:3.39e+08	2	3.39e+08	0.875629505789944	0.955900801728328	0.83122208813698	0.018009296325965	0.00826159325326782	0.00403942113258018	-1.33199225088544	0.372986451692645	0.908821612549816
719	2:338500000	2	338500000	0.875629505789944	0.955900801728328	0.83122208813698	0.018009296325965	0.00826159325326782	0.00403942113258018	-1.33199225088544	0.372986451692645	0.908821612549816
719	2:3.38e+08	2	3.38e+08	0.875629505789944	0.955900801728328	0.83122208813698	0.018009296325965	0.00826159325326782	0.00403942113258018	-1.33199225088544	0.372986451692645	0.908821612549816
719	2:3.4e+08	2	3.4e+08	0.875629505789944	0.955900801728328	0.83122208813698	0.018009296325965	0.00826159325326782	0.00403942113258018	-1.33199225088544	0.372986451692645	0.908821612549816
719	2:337500000	2	337500000	0.875629505789944	0.955900801728328	0.83122208813698	0.018009296325965	0.00826159325326782	0.00403942113258018	-1.33199225088544	0.372986451692645	0.908821612549816
727	2:1.44e+08	2	1.44e+08	0.676439853442713	0.967356296258934	0.238939476773681	0.0415931918508295	0.00676731268527333	0.00443335751282977	-0.566783449018455	1.2765015685499	0.031986728089387
727	2:257500000	2	257500000	0.676439853442713	0.967356296258934	0.238939476773681	0.0415931918508295	0.00676731268527333	0.00443335751282977	-0.566783449018455	1.2765015685499	0.031986728089387
727	2:259500000	2	259500000	0.676439853442713	0.967356296258934	0.238939476773681	0.0415931918508295	0.00676731268527333	0.00443335751282977	-0.566783449018455	1.2765015685499	0.031986728089387
727	2:2.56e+08	2	2.56e+08	0.676439853442713	0.967356296258934	0.238939476773681	0.0415931918508295	0.00676731268527333	0.00443335751282977	-0.566783449018455	1.2765015685499	0.031986728089387
727	2:2.4e+08	2	2.4e+08	0.676439853442713	0.967356296258934	0.238939476773681	0.0415931918508295	0.00676731268527333	0.00443335751282977	-0.566783449018455	1.2765015685499	0.031986728089387
727	2:158500000	2	158500000	0.676439853442713	0.967356296258934	0.238939476773681	0.0415931918508295	0.00676731268527333	0.00443335751282977	-0.566783449018455	1.2765015685499	0.031986728089387
727	2:2.57e+08	2	2.57e+08	0.676439853442713	0.967356296258934	0.238939476773681	0.0415931918508295	0.00676731268527333	0.00443335751282977	-0.566783449018455	1.2765015685499	0.031986728089387
727	2:312500000	2	312500000	0.676439853442713	0.967356296258934	0.238939476773681	0.0415931918508295	0.00676731268527333	0.00443335751282977	-0.566783449018455	1.2765015685499	0.031986728089387
727	2:256500000	2	256500000	0.676439853442713	0.967356296258934	0.238939476773681	0.0415931918508295	0.00676731268527333	0.00443335751282977	-0.566783449018455	1.2765015685499	0.031986728089387
727	2:2.47e+08	2	2.47e+08	0.676439853442713	0.967356296258934	0.238939476773681	0.0415931918508295	0.00676731268527333	0.00443335751282977	-0.566783449018455	1.2765015685499	0.031986728089387
727	2:270500000	2	270500000	0.676439853442713	0.967356296258934	0.238939476773681	0.0415931918508295	0.00676731268527333	0.00443335751282977	-0.566783449018455	1.2765015685499	0.031986728089387
727	2:243500000	2	243500000	0.676439853442713	0.967356296258934	0.238939476773681	0.0415931918508295	0.00676731268527333	0.00443335751282977	-0.566783449018455	1.2765015685499	0.031986728089387
917	2:167500000	2	167500000	0	0.976341637789052	0.0016498825264507	0	0.0817808612645587	0.000964182394345342	0.477442188347624	2.46089633173277	0.634552217974733
917	2:3.44e+08	2	3.44e+08	0	0.976341637789052	0.0016498825264507	0	0.0817808612645587	0.000964182394345342	0.477442188347624	2.46089633173277	0.634552217974733
917	2:3.86e+08	2	3.86e+08	0	0.976341637789052	0.0016498825264507	0	0.0817808612645587	0.000964182394345342	0.477442188347624	2.46089633173277	0.634552217974733
917	2:173500000	2	173500000	0	0.976341637789052	0.0016498825264507	0	0.0817808612645587	0.000964182394345342	0.477442188347624	2.46089633173277	0.634552217974733
917	2:3.81e+08	2	3.81e+08	0	0.976341637789052	0.0016498825264507	0	0.0817808612645587	0.000964182394345342	0.477442188347624	2.46089633173277	0.634552217974733
917	2:344500000	2	344500000	0	0.976341637789052	0.0016498825264507	0	0.0817808612645587	0.000964182394345342	0.477442188347624	2.46089633173277	0.634552217974733
917	2:386500000	2	386500000	0	0.976341637789052	0.0016498825264507	0	0.0817808612645587	0.000964182394345342	0.477442188347624	2.46089633173277	0.634552217974733
917	2:1.74e+08	2	1.74e+08	0	0.976341637789052	0.0016498825264507	0	0.0817808612645587	0.000964182394345342	0.477442188347624	2.46089633173277	0.634552217974733
917	2:3.8e+08	2	3.8e+08	0	0.976341637789052	0.0016498825264507	0	0.0817808612645587	0.000964182394345342	0.477442188347624	2.46089633173277	0.634552217974733
917	2:3.52e+08	2	3.52e+08	0	0.976341637789052	0.0016498825264507	0	0.0817808612645587	0.000964182394345342	0.477442188347624	2.46089633173277	0.634552217974733
95	2:165500000	2	165500000	1	1	1	0	0	0	0	0	0
95	2:1.69e+08	2	1.69e+08	1	1	1	0	0	0	0	0	0
95	2:157500000	2	157500000	1	1	1	0	0	0	0	0	0
95	2:164500000	2	164500000	1	1	1	0	0	0	0	0	0
95	2:1.66e+08	2	1.66e+08	1	1	1	0	0	0	0	0	0
95	2:168500000	2	168500000	1	1	1	0	0	0	0	0	0
95	2:169500000	2	169500000	1	1	1	0	0	0	0	0	0
95	2:1.7e+08	2	1.7e+08	1	1	1	0	0	0	0	0	0
95	2:1.65e+08	2	1.65e+08	1	1	1	0	0	0	0	0	0
95	2:166500000	2	166500000	1	1	1	0	0	0	0	0	0
96	2:1.8e+08	2	1.8e+08	0.962962450629038	0.975307984112311	0.997648941496653	0.0396833860676894	0.029167764712931	0.000869949999295459	-2.39601183237562	-0.43075078725108	0.668090655838364
96	2:1.81e+08	2	1.81e+08	0.962962450629038	0.975307984112311	0.997648941496653	0.0396833860676894	0.029167764712931	0.000869949999295459	-2.39601183237562	-0.43075078725108	0.668090655838364
96	2:1.79e+08	2	1.79e+08	0.962962450629038	0.975307984112311	0.997648941496653	0.0396833860676894	0.029167764712931	0.000869949999295459	-2.39601183237562	-0.43075078725108	0.668090655838364
96	2:178500000	2	178500000	0.962962450629038	0.975307984112311	0.997648941496653	0.0396833860676894	0.029167764712931	0.000869949999295459	-2.39601183237562	-0.43075078725108	0.668090655838364
96	2:180500000	2	180500000	0.962962450629038	0.975307984112311	0.997648941496653	0.0396833860676894	0.029167764712931	0.000869949999295459	-2.39601183237562	-0.43075078725108	0.668090655838364
96	2:179500000	2	179500000	0.962962450629038	0.975307984112311	0.997648941496653	0.0396833860676894	0.029167764712931	0.000869949999295459	-2.39601183237562	-0.43075078725108	0.668090655838364
